fk_order_date,order_item_id,fk_product_id,fk_order_id,ordered_quantity,order_quantity_accepted,rate
1-Jul-21,62661,10520,119958,1,0,4057.63
1-Jul-21,62698,11907,120036,1,1,3932.25
1-Jul-21,62742,10236,120147,1,1,1380
1-Jul-21,62778,8425,120225,1,1,3619.5
1-Jul-21,62781,8664,120234,5,0,2288.2
1-Jul-21,62815,9916,120318,1,0,2904.41
1-Jul-21,62817,11169,120318,1,0,5145
1-Jul-21,62825,1041,120336,1,0,4455
1-Jul-21,62890,7243,120450,1,0,3165
1-Jul-21,62912,8210,120495,1,0,12758
1-Jul-21,62919,12677,120504,2,2,2142.86
1-Jul-21,62941,1548,120543,1,1,10763
1-Jul-21,63106,11161,120882,1,0,6783
1-Jul-21,63107,11104,120885,1,0,11225
1-Jul-21,63119,11160,120912,1,0,6357
1-Jul-21,63133,12749,120933,1,0,4027.25
1-Jul-21,63143,7806,120951,1,1,3116
1-Jul-21,63177,10235,120999,1,0,1325
1-Jul-21,63217,7640,121065,3,0,12883.8
1-Jul-21,63266,3610,121152,3,0,12364
1-Jul-21,63296,7607,121212,1,0,6408
1-Jul-21,63297,12757,121215,3,3,3203.39
1-Jul-21,63318,3284,121257,3,0,3306
1-Jul-21,63331,7213,121284,2,0,2940
1-Jul-21,63376,8684,121389,1,0,2714
1-Jul-21,63418,9925,121467,1,0,3038
1-Jul-21,63457,11163,121539,1,0,4746
1-Jul-21,63520,1040,121611,1,0,3640
1-Jul-21,63552,7890,121647,4,4,2512
1-Jul-21,63574,9915,121674,1,0,2881
1-Jul-21,63587,8438,121695,2,0,3393
1-Jul-21,63597,3610,121707,1,1,7894
1-Jul-21,63598,11118,121710,2,0,2142
1-Jul-21,63605,8428,121716,2,0,1587
1-Jul-21,63651,8428,121809,25,0,1540
1-Jul-21,63658,7596,121827,10,0,137.61
1-Jul-21,63705,10235,121926,10,0,1325
1-Jul-21,63721,9925,121962,2,0,3038
1-Jul-21,63722,7666,121965,1,1,10678
1-Jul-21,63749,8219,122031,27,27,13288.2
1-Jul-21,63775,10236,122085,1,0,1380
1-Jul-21,63796,11140,122115,1,0,4137
1-Jul-21,63811,7504,122145,2,2,3856
1-Jul-21,63844,1038,122202,1,0,8030
1-Jul-21,63854,8219,122223,2,2,13488.3
1-Jul-21,63866,9925,122235,4,0,3038
1-Jul-21,63891,1041,122274,2,0,5738
1-Jul-21,63938,8210,122373,1,0,6694
1-Jul-21,63940,1039,122379,3,0,2478
1-Jul-21,63941,1041,122382,1,0,5004
1-Jul-21,63948,8210,122400,1,0,15106
1-Jul-21,63975,3615,122433,2,2,4353
1-Jul-21,64004,7556,122490,1,0,7852.89
1-Jul-21,64058,11156,122577,1,0,4460
1-Jul-21,64075,12407,122601,1,1,11271
1-Jul-21,64098,11107,122646,3,3,3213
1-Jul-21,64203,3624,122841,1,0,5062
1-Jul-21,64304,8425,123021,1,0,3619.5
1-Jul-21,64320,11154,123045,5,0,10594
1-Jul-21,64322,7772,123051,1,1,3578
1-Jul-21,64361,8444,123102,1,0,5872
1-Jul-21,64371,8425,123123,1,1,3522.2
1-Jul-21,64373,2862,123126,1,1,4200
1-Jul-21,64381,1805,123144,13,13,18732.9
1-Jul-21,64481,11105,123315,1,0,23015
1-Jul-21,64506,2862,123354,3,3,4200
1-Jul-21,64513,7607,123369,1,0,7047.46
1-Jul-21,64572,12652,123492,1,1,7203.4
1-Jul-21,64591,8210,123525,1,0,6694
1-Jul-21,64597,7666,123540,1,0,10678
1-Jul-21,64662,1040,123663,1,0,6705
1-Jul-21,64665,1040,123669,1,0,5208
1-Jul-21,64682,8425,123699,5,0,3468
1-Jul-21,64732,8209,123789,2,0,12935
1-Jul-21,64754,10235,123837,2,2,1324.5
1-Jul-21,64802,8425,123924,1,0,3522.2
1-Jul-21,64810,1043,123936,1,1,20309.7
1-Jul-21,64878,9919,124053,1,0,3844
1-Jul-21,64879,9919,124053,1,0,3666
1-Jul-21,64905,10546,124095,1,0,3752
1-Jul-21,64908,8425,124101,4,0,3468
1-Jul-21,64911,9916,124104,1,1,2619
1-Jul-21,64923,12678,124125,6,0,1761.9
1-Jul-21,64941,8428,124176,50,50,1734
1-Jul-21,64950,1041,124197,2,0,5279
1-Jul-21,64992,8444,124266,1,0,5741
1-Jul-21,65006,11240,124284,1,0,10240.7
1-Jul-21,65020,8428,124308,1,0,1587
1-Jul-21,65039,8325,124347,1,1,8983.05
1-Jul-21,65056,10975,124374,1,1,13542.7
1-Jul-21,65068,11731,124398,1,0,5229.63
1-Jul-21,65159,8444,124587,1,0,6858
1-Jul-21,65172,8322,124602,1,0,927
1-Jul-21,65246,10235,124734,2,0,1324.5
1-Jul-21,65269,10235,124794,3,3,1368.99
1-Jul-21,65340,2282,124944,1,1,4000
1-Jul-21,65344,11658,124956,1,0,1365
1-Jul-21,65379,7776,125028,1,1,2510
1-Jul-21,65389,12700,125046,3,0,7924
1-Jul-21,65393,8210,125052,8,8,14679
1-Jul-21,65475,10235,125208,5,5,1369.9
1-Jul-21,65488,10236,125235,4,4,1302.5
1-Jul-21,65582,7890,125433,1,0,2321
1-Jul-21,65629,11118,125514,1,0,2478
1-Jul-21,65639,3603,125529,1,0,5738
1-Jul-21,65640,3606,125529,1,0,4977
1-Jul-21,65684,11899,125598,1,0,11928.8
1-Jul-21,65685,12700,125601,1,0,7924
1-Jul-21,65708,1041,125640,1,0,5004
1-Jul-21,65718,12689,125661,1,1,2666.67
1-Jul-21,65747,9895,125721,2,0,1393
1-Jul-21,65818,1041,125853,1,0,4725
1-Jul-21,65860,1041,125922,2,0,5738
1-Jul-21,65911,1038,126021,1,0,6855
1-Jul-21,65917,7804,126030,1,0,1855
1-Jul-21,65948,12682,126102,1,0,2904.76
1-Jul-21,65995,7640,126222,1,0,13642.3
1-Jul-21,66002,3624,126234,5,0,4746
1-Jul-21,66005,10224,126240,1,0,4311.9
1-Jul-21,66024,1041,126279,1,0,4423
1-Jul-21,66055,10975,126342,1,0,12779.7
1-Jul-21,66063,10235,126360,2,2,1325
1-Jul-21,66129,3620,126483,1,0,5185
1-Jul-21,66141,7750,126504,3,3,169
1-Jul-21,66145,10236,126507,1,0,1302.5
1-Jul-21,66150,11178,126519,1,0,8547
1-Jul-21,66181,9919,126585,2,0,3055
1-Jul-21,66254,8210,126714,1,1,13007
1-Jul-21,66256,12713,126717,5,5,2400
1-Jul-21,66265,10235,126735,5,5,1325
1-Jul-21,66275,11731,126759,2,2,5229.63
1-Jul-21,66310,10235,126819,2,0,1369.9
1-Jul-21,66313,8425,126825,2,1,3884
1-Jul-21,66359,10235,126918,5,5,1369.9
1-Jul-21,66368,11152,126936,1,0,6038
1-Jul-21,66371,11152,126942,1,1,6955
1-Jul-21,66380,1038,126960,3,3,6985
1-Jul-21,66396,8219,126987,11,11,13601.7
1-Jul-21,66436,12700,127077,1,0,7924
1-Jul-21,66440,1548,127083,3,3,10509
1-Jul-21,66485,9925,127173,4,4,3038
1-Jul-21,66535,7666,127254,2,1,5636
1-Jul-21,66561,1043,127323,1,0,20310
1-Jul-21,66606,7530,127419,1,0,2733
1-Jul-21,66618,8434,127437,1,0,11251
1-Jul-21,66650,9919,127497,1,0,2907
1-Jul-21,66657,9919,127509,1,1,3666
1-Jul-21,66672,12678,127542,2,0,1761.9
1-Jul-21,66673,12682,127545,2,0,2904.76
1-Jul-21,66743,11118,127650,2,1,2734
1-Jul-21,66748,9925,127656,2,2,3038
1-Jul-21,66774,8457,127713,2,2,8316
1-Jul-21,66780,10235,127716,4,0,1368.99
1-Jul-21,66831,11146,127788,1,0,6979
1-Jul-21,66873,2282,127848,5,0,4000
1-Jul-21,66916,12480,127938,1,0,22560
1-Jul-21,66993,10225,128100,3,3,3997.5
1-Jul-21,67009,8210,128145,1,1,13007
1-Jul-21,67088,1038,128304,1,1,6855
1-Jul-21,67129,8425,128382,1,1,4406.78
1-Jul-21,67167,12652,128463,1,1,7203.4
1-Jul-21,67168,1039,128466,1,1,2236
1-Jul-21,67184,7802,128493,10,9,4904
1-Jul-21,67244,8432,128625,2,0,4244
1-Jul-21,67276,11106,128688,2,2,3560
1-Jul-21,67288,1038,128706,4,0,6854
1-Jul-21,67293,10235,128721,3,3,1368.99
1-Jul-21,67326,8424,128775,1,0,8250
1-Jul-21,67351,8425,128823,2,2,3983.05
1-Jul-21,67356,1040,128832,2,0,3551
1-Jul-21,67372,8389,128862,1,0,2620
1-Jul-21,67373,8354,128865,1,0,7765
1-Jul-21,67396,11155,128922,1,0,6725
1-Jul-21,67424,8684,128973,1,0,2482
1-Jul-21,67449,11146,129009,1,1,3669
1-Jul-21,67461,11172,129036,1,1,2342
1-Jul-21,67560,8444,129225,1,0,6293
1-Jul-21,67565,7640,129237,3,3,14695
1-Jul-21,67626,7533,129360,481,0,4882
1-Jul-21,67628,10235,129363,1,0,1325
1-Jul-21,67671,10235,129456,3,3,1324.5
1-Jul-21,67672,10236,129459,14,14,1257.76
1-Jul-21,67715,1041,129537,3,0,4066
1-Jul-21,67725,8420,129558,1,1,5756
1-Jul-21,67734,10235,129570,4,4,1369.9
1-Jul-21,67848,1043,129783,1,1,5320
1-Jul-21,67857,3568,129807,1,0,7206
1-Jul-21,67883,11155,129870,1,0,12506
1-Jul-21,67907,11131,129924,1,0,9913
1-Jul-21,67913,10248,129942,1,0,4830.5
1-Jul-21,67964,11143,130041,1,1,2810
1-Jul-21,67975,1548,130065,1,0,5127.12
1-Jul-21,67979,8444,130077,2,0,7120
1-Jul-21,67989,3266,130089,1,0,18857
1-Jul-21,68002,7802,130107,1,1,5114
1-Jul-21,68020,11107,130134,1,1,3213
1-Jul-21,68028,11143,130149,1,1,2507
1-Jul-21,68039,8411,130176,2,0,1450
1-Jul-21,68067,8444,130233,5,5,6108
1-Jul-21,68180,11146,130452,1,0,3648
1-Jul-21,68199,1548,130482,3,3,10509
1-Jul-21,68212,1038,130512,1,0,6855
1-Jul-21,68295,11658,130695,1,0,1365
1-Jul-21,68319,10975,130752,1,0,22008.5
1-Jul-21,68341,1548,130797,1,1,10509
1-Jul-21,68365,1038,130830,10,1,6724
1-Jul-21,68374,12800,130851,20,2,8
1-Jul-21,68429,1038,130938,1,0,8030
1-Jul-21,68456,8444,130980,1,1,6108
1-Jul-21,68458,8210,130980,1,1,6720
1-Jul-21,68484,7640,131034,1,0,14695
1-Jul-21,68511,9925,131085,5,0,3038
1-Jul-21,68540,7872,131139,1,1,1985
1-Jul-21,68612,9920,131259,1,0,3060
1-Jul-21,68637,3610,131313,1,0,12484
1-Jul-21,68649,9915,131331,4,4,2881
1-Jul-21,68729,9898,131487,1,0,3011
1-Jul-21,68753,9901,131538,1,0,2422
1-Jul-21,68771,10235,131577,5,5,1368.99
1-Jul-21,68794,7243,131607,1,0,3165
1-Jul-21,68796,10235,131613,2,2,1369.9
1-Jul-21,68801,3613,131619,1,1,12679
1-Jul-21,68843,8086,131661,1,1,1473
1-Jul-21,68876,9915,131706,3,0,2881
1-Jul-21,68885,9879,131730,1,0,9766
1-Jul-21,68915,8424,131799,1,0,9090
1-Jul-21,68935,1548,131832,1,1,10509
1-Jul-21,68981,8210,131931,1,1,12788
1-Jul-21,68988,9925,131940,2,2,3038
1-Jul-21,69043,8210,132030,1,1,14679
1-Jul-21,69069,12652,132084,1,1,7203.4
1-Jul-21,69126,12700,132189,1,0,11580
1-Jul-21,69128,11264,132195,1,0,3160
1-Jul-21,69166,11124,132279,1,0,1746
1-Jul-21,69197,8428,132330,100,0,1734
1-Jul-21,69251,1548,132429,2,2,10763
1-Jul-21,69262,8219,132450,7,7,13288.2
1-Jul-21,69357,7640,132600,1,1,13886
1-Jul-21,69360,8444,132609,1,0,7120
1-Jul-21,69393,11106,132687,1,1,3560
1-Jul-21,69409,10247,132723,1,0,6557.28
1-Jul-21,69415,10520,132729,1,1,3571.32
1-Jul-21,69426,11113,132744,1,0,3959
1-Jul-21,69454,8664,132783,1,0,2320
1-Jul-21,69480,12652,132828,2,2,7203.4
1-Jul-21,69566,8210,133002,10,10,12443
1-Jul-21,69689,8664,133215,5,5,2320
1-Jul-21,69711,8427,133266,1,0,6856
1-Jul-21,69729,9916,133302,1,0,2797
1-Jul-21,69730,9916,133302,2,0,2619
1-Jul-21,69760,11169,133353,1,1,5145
1-Jul-21,69778,10975,133395,1,1,23805.1
1-Jul-21,69789,11899,133422,1,1,12396.5
1-Jul-21,69830,529,133503,1,1,1650
1-Jul-21,69846,3613,133518,1,0,10434
1-Jul-21,69874,7637,133587,1,1,31566
1-Jul-21,69893,2862,133635,1,0,4200
1-Jul-21,69922,3284,133692,1,0,7211
1-Jul-21,69930,8325,133701,2,0,8983.05
1-Jul-21,69932,8325,133701,1,0,10635.6
1-Jul-21,69934,8384,133704,1,1,4658
1-Jul-21,69995,11172,133809,1,1,2657
1-Jul-21,70000,11163,133821,1,0,5701
1-Jul-21,70043,10224,133911,1,0,4311.9
1-Jul-21,70068,11134,133956,1,1,7875
1-Jul-21,70077,9925,133971,2,2,3038
1-Jul-21,70080,7640,133977,1,0,13886
1-Jul-21,70122,1043,134061,2,2,20796
1-Jul-21,70139,8374,134097,1,0,10171
1-Jul-21,70184,8437,134199,5,0,2053
1-Jul-21,70194,8423,134214,2,0,7600
1-Jul-21,70233,8219,134292,15,15,13488.3
1-Jul-21,70289,3603,134397,1,0,9798
1-Jul-21,70292,9915,134400,1,1,2881
1-Jul-21,70397,12800,134580,4,4,8
1-Jul-21,70429,11240,134631,2,0,10240.7
1-Jul-21,70452,1039,134676,3,0,2478
1-Jul-21,70515,11899,134814,1,0,12373
1-Jul-21,70528,9925,134853,5,0,4783
1-Jul-21,70530,10235,134859,1,1,1369.9
1-Jul-21,70534,7775,134865,2,0,5345
1-Jul-21,70570,3284,134955,1,1,3690
1-Jul-21,70605,11107,135027,1,0,3213
1-Jul-21,70616,9919,135051,2,0,3666
1-Jul-21,70617,11130,135054,1,0,9387
1-Jul-21,70635,3605,135087,1,0,3531
1-Jul-21,70638,11162,135093,1,0,2762
1-Jul-21,70661,3610,135132,1,1,7817
1-Jul-21,70691,3284,135180,5,5,3690
1-Jul-21,70718,8219,135237,1,1,13597
1-Jul-21,70719,8219,135240,2,2,13288.2
1-Jul-21,70725,10245,135249,1,0,5210.5
1-Jul-21,70743,9919,135279,2,2,3702
1-Jul-21,70759,10520,135318,1,1,3571.32
1-Jul-21,70777,8219,135357,1,0,7415.25
1-Jul-21,70814,9174,135417,1,1,5526
1-Jul-21,70891,1041,135555,1,1,4455
1-Jul-21,70898,9925,135567,2,0,2435
1-Jul-21,70929,1548,135633,2,2,10509
1-Jul-21,70939,11107,135654,2,2,3166
1-Jul-21,70966,3611,135696,1,0,3149
1-Jul-21,70970,12701,135702,1,1,5013.56
1-Jul-21,71021,9913,135807,1,0,4761
1-Jul-21,71226,10975,136182,1,0,22008.5
1-Jul-21,71288,12921,136275,2,2,7711.86
1-Jul-21,71312,8219,136323,1,1,13288.2
1-Jul-21,71333,10236,136368,2,0,1257.6
1-Jul-21,71357,12762,136419,8,0,850
1-Jul-21,71383,11118,136467,5,2,2722
1-Jul-21,71401,10235,136506,1,1,1369.9
1-Jul-21,71428,11186,136557,3,0,3499
1-Jul-21,71463,10235,136626,3,0,1398
1-Jul-21,71487,12686,136671,1,0,1619.05
1-Jul-21,71518,9901,136725,1,0,4002
1-Jul-21,71559,11107,136794,1,1,3166
1-Jul-21,71573,11118,136833,5,5,2142
1-Jul-21,71575,9925,136839,30,30,3152.54
1-Jul-21,71576,9925,136842,30,0,3152.54
1-Jul-21,71614,11960,136923,3,3,3393.22
1-Jul-21,71641,11118,136968,5,0,2722
1-Jul-21,71693,11264,137076,2,0,3160
1-Jul-21,71744,3284,137184,1,1,3634
1-Jul-21,71803,8444,137283,1,0,6345
1-Jul-21,71805,8255,137289,2,2,1903
1-Jul-21,71821,8131,137325,1,0,8379
1-Jul-21,71830,8444,137337,3,3,6207
1-Jul-21,71900,11143,137469,1,1,3295
1-Jul-21,71961,11241,137598,10,0,4093
1-Jul-21,71975,1038,137625,1,0,6985
1-Jul-21,71978,8444,137628,1,0,6166
1-Jul-21,72004,1038,137673,1,1,6988
1-Jul-21,72054,11118,137775,1,0,2142
1-Jul-21,72063,7640,137802,2,2,13886
1-Jul-21,72090,3611,137847,1,1,3484
1-Jul-21,72131,7271,137916,1,0,2239
1-Jul-21,72148,8420,137949,1,1,5756
1-Jul-21,72219,1040,138075,5,0,3483
1-Jul-21,72236,11156,138102,2,0,4460
1-Jul-21,72241,9174,138111,10,0,5526
1-Jul-21,72299,1043,138240,2,2,20310
1-Jul-21,72332,11140,138297,1,0,4137
1-Jul-21,72382,7640,138408,1,1,13886
1-Jul-21,72414,11143,138474,1,0,2507
1-Jul-21,146934,9901,296751,1,0,3900
1-Jul-21,146944,7271,296763,1,1,2591
1-Jul-21,146978,7547,296829,1,0,14961
1-Jul-21,146997,9171,296865,1,1,6808
1-Jul-21,147008,14349,296883,2,2,32992
1-Jul-21,147061,8221,296985,1,1,6182
1-Jul-21,147069,8428,297000,1,0,1689
1-Jul-21,147113,10248,297087,20,20,5671.5
1-Jul-21,147214,10204,297312,1,1,4024
1-Jul-21,147220,3615,297327,1,1,6041
1-Jul-21,147255,10235,297393,2,0,1446
1-Jul-21,147301,1041,297477,1,0,5616
1-Jul-21,147315,1041,297504,1,0,5090
1-Jul-21,147328,11138,297531,1,0,73379
1-Jul-21,147332,13750,297540,1,1,3878
2-Jul-21,62616,8221,119889,1,0,2726.15
2-Jul-21,62620,1548,119895,2,0,5551
2-Jul-21,62625,1548,119901,2,0,10763
2-Jul-21,62642,11958,119922,1,0,3737
2-Jul-21,62645,11143,119928,2,0,2810
2-Jul-21,62696,1039,120030,3,3,2478
2-Jul-21,62707,3603,120057,5,0,5629
2-Jul-21,62750,1548,120162,5,0,10509
2-Jul-21,62797,12710,120267,5,0,9600
2-Jul-21,62858,11138,120399,1,1,6496
2-Jul-21,62904,10235,120483,2,0,1368.99
2-Jul-21,62907,8449,120489,1,0,6414
2-Jul-21,62910,1039,120492,2,2,2280
2-Jul-21,62940,10235,120540,3,0,1324.5
2-Jul-21,63015,8438,120708,1,0,3393
2-Jul-21,63045,8210,120765,1,0,13584.9
2-Jul-21,63051,10529,120765,1,0,14065
2-Jul-21,63054,11139,120765,2,0,3995.73
2-Jul-21,63059,8325,120771,2,2,12235.2
2-Jul-21,63077,11146,120810,1,0,4367
2-Jul-21,63090,10235,120843,2,2,1350
2-Jul-21,63097,7586,120858,3,0,10027.1
2-Jul-21,63144,11907,120951,1,1,3932.25
2-Jul-21,63147,11146,120957,1,1,3674.88
2-Jul-21,63171,8425,120996,3,3,3374
2-Jul-21,63212,10236,121050,7,0,1257.76
2-Jul-21,63226,11125,121086,2,0,1892
2-Jul-21,63254,9915,121128,2,2,3043.22
2-Jul-21,63334,11120,121293,1,0,17016.8
2-Jul-21,63355,3620,121335,2,2,4857
2-Jul-21,63407,7575,121458,1,0,5745.25
2-Jul-21,63459,8428,121539,3,0,1635
2-Jul-21,63579,8438,121677,3,0,3511
2-Jul-21,63724,7528,121971,1,0,8097.5
2-Jul-21,63725,7640,121974,1,0,12883.8
2-Jul-21,63762,8457,122055,1,0,15222
2-Jul-21,63816,11139,122154,1,0,3738
2-Jul-21,63859,1041,122226,1,0,4455
2-Jul-21,63862,1041,122229,1,0,4455
2-Jul-21,63875,7640,122247,13,13,12883.8
2-Jul-21,63897,10235,122289,5,5,1368.99
2-Jul-21,63899,12652,122292,1,0,7203.4
2-Jul-21,63924,8219,122343,1,0,13597
2-Jul-21,63976,3615,122433,1,1,4236
2-Jul-21,63996,11147,122472,2,2,1470
2-Jul-21,64001,10235,122484,2,2,1368.99
2-Jul-21,64028,8439,122535,3,3,2010
2-Jul-21,64034,10235,122544,1,0,1325
2-Jul-21,64040,10236,122547,1,1,1293
2-Jul-21,64149,11156,122730,11,9,4474
2-Jul-21,64153,8425,122736,1,1,4106
2-Jul-21,64154,11107,122736,2,2,3213
2-Jul-21,64191,8221,122820,4,0,2726.15
2-Jul-21,64209,8444,122853,2,2,3271.8
2-Jul-21,64212,9925,122862,4,0,3038
2-Jul-21,64254,12482,122928,1,0,3009.34
2-Jul-21,64291,3610,122994,4,0,12364
2-Jul-21,64293,11156,122997,17,0,4474
2-Jul-21,64315,10235,123033,1,1,1368.99
2-Jul-21,64388,2862,123159,1,1,4200
2-Jul-21,64402,11899,123186,1,0,11410
2-Jul-21,64419,12683,123201,1,0,2500
2-Jul-21,64437,9792,123228,1,0,1485
2-Jul-21,64443,12700,123243,2,0,6940.7
2-Jul-21,64448,7472,123252,1,0,4800
2-Jul-21,64562,12762,123471,2,0,798.02
2-Jul-21,64586,8438,123516,1,0,3629
2-Jul-21,64626,7533,123597,1,0,4882
2-Jul-21,64653,10225,123651,2,0,3971.75
2-Jul-21,64655,10236,123651,2,0,1257.76
2-Jul-21,64664,3620,123669,1,0,5536
2-Jul-21,64674,1041,123684,1,0,4423.22
2-Jul-21,64691,8425,123714,10,0,3468
2-Jul-21,64707,8751,123750,1,1,4200
2-Jul-21,64735,10235,123798,4,0,1350
2-Jul-21,64758,7858,123846,1,1,2688
2-Jul-21,64768,1040,123861,1,0,3435.81
2-Jul-21,64786,12749,123885,2,0,4027.25
2-Jul-21,64829,8325,123975,5,0,9576.27
2-Jul-21,64937,9796,124167,1,0,2656.8
2-Jul-21,64939,10235,124173,1,0,1369.9
2-Jul-21,64989,8444,124263,1,0,5872
2-Jul-21,64997,10236,124275,2,2,1302.5
2-Jul-21,65018,1043,124305,1,1,5320
2-Jul-21,65027,12482,124326,1,0,3009.34
2-Jul-21,65036,8435,124344,1,0,11888
2-Jul-21,65042,8664,124350,4,0,2288.2
2-Jul-21,65053,10235,124368,2,2,1325
2-Jul-21,65064,8425,124389,1,0,3468
2-Jul-21,65069,10236,124401,1,1,1302.5
2-Jul-21,65123,12404,124503,3,0,4115.82
2-Jul-21,65150,11146,124569,5,0,8384
2-Jul-21,65165,12800,124596,5,5,8
2-Jul-21,65178,11173,124602,1,0,8678
2-Jul-21,65185,9915,124608,2,0,2881
2-Jul-21,65204,3635,124632,1,0,3937
2-Jul-21,65255,9925,124761,8,8,3038
2-Jul-21,65319,12795,124896,21,20,685
2-Jul-21,65374,12700,125019,1,1,7924
2-Jul-21,65446,3284,125157,1,0,3437
2-Jul-21,65451,7666,125169,999,0,10182
2-Jul-21,65473,9916,125205,2,0,2797
2-Jul-21,65514,7666,125292,1,0,10678
2-Jul-21,65547,9925,125358,22,0,3038
2-Jul-21,65553,7890,125367,2,0,2321
2-Jul-21,65565,8432,125391,2,0,3899
2-Jul-21,65617,10210,125502,4,0,2506
2-Jul-21,65633,12697,125523,25,25,833.333
2-Jul-21,65680,1041,125595,1,1,4252
2-Jul-21,65759,12487,125745,1,0,3423
2-Jul-21,65785,11168,125796,1,0,6006
2-Jul-21,65811,8210,125847,1,0,13007
2-Jul-21,65885,1043,125961,1,1,10533
2-Jul-21,65894,12487,125982,1,0,3423
2-Jul-21,65916,9900,126030,1,0,2995
2-Jul-21,65920,8444,126039,1,0,5940
2-Jul-21,66008,3603,126249,1,1,6197
2-Jul-21,66027,9895,126282,10,0,1295
2-Jul-21,66098,3284,126426,5,0,3306
2-Jul-21,66117,8425,126459,2,0,3978.5
2-Jul-21,66160,7541,126543,1,1,1523
2-Jul-21,66164,12700,126555,1,0,7924
2-Jul-21,66225,1040,126666,1,0,3618
2-Jul-21,66386,8413,126963,4,0,2037
2-Jul-21,66397,8219,126987,7,7,14238
2-Jul-21,66401,8444,126999,1,0,3252
2-Jul-21,66409,10235,127017,5,0,1325
2-Jul-21,66423,1038,127053,1,1,6985
2-Jul-21,66434,3279,127074,1,1,5461
2-Jul-21,66448,1040,127098,1,1,3551
2-Jul-21,66534,7666,127254,1,1,10678
2-Jul-21,66548,11172,127287,2,0,2625
2-Jul-21,66563,11265,127329,1,0,13334
2-Jul-21,66567,9925,127341,1,1,3038
2-Jul-21,66610,1041,127425,1,1,4528
2-Jul-21,66621,1038,127446,1,0,8030
2-Jul-21,66680,9789,127563,5,5,2966.1
2-Jul-21,66709,10204,127608,1,0,3711
2-Jul-21,66730,7827,127632,1,0,6575.59
2-Jul-21,66750,8210,127662,1,1,13393
2-Jul-21,66830,11146,127788,1,0,8474
2-Jul-21,66857,11932,127821,1,0,6979.83
2-Jul-21,66862,11152,127827,1,0,6955
2-Jul-21,66958,10225,128043,1,1,4177.1
2-Jul-21,67041,9925,128208,1,1,3038
2-Jul-21,67048,11121,128223,2,0,2532
2-Jul-21,67154,1040,128430,1,0,3823
2-Jul-21,67171,2282,128472,1,0,4000
2-Jul-21,67221,7858,128586,1,0,3213
2-Jul-21,67231,8452,128601,1,0,6149
2-Jul-21,67275,11106,128688,4,4,4120
2-Jul-21,67316,8219,128757,1,1,13601.7
2-Jul-21,67321,8335,128769,3,3,2597
2-Jul-21,67395,11155,128922,1,0,12758
2-Jul-21,67417,11118,128961,1,1,2478
2-Jul-21,67438,1038,128997,5,0,6985
2-Jul-21,67442,1041,129000,5,5,4240
2-Jul-21,67462,8386,129039,1,0,7329
2-Jul-21,67467,8462,129054,1,0,3721
2-Jul-21,67473,1043,129066,1,0,5320
2-Jul-21,67491,9919,129096,1,1,3666
2-Jul-21,67493,1805,129102,10,10,18733
2-Jul-21,67501,10235,129114,4,4,1368.99
2-Jul-21,67516,1040,129135,91,0,3483
2-Jul-21,67622,11143,129348,1,0,3295
2-Jul-21,67646,10236,129408,2,0,1302.5
2-Jul-21,67663,8444,129444,2,0,6203
2-Jul-21,67702,11140,129513,2,0,8253
2-Jul-21,67751,11907,129606,1,1,3932.25
2-Jul-21,67768,8210,129639,1,1,6720
2-Jul-21,67891,8210,129882,1,0,12788
2-Jul-21,67898,12420,129903,4,0,1776.64
2-Jul-21,67921,9899,129957,1,0,1711
2-Jul-21,67978,3279,130074,2,0,5837
2-Jul-21,67990,8425,130092,1,0,4310
2-Jul-21,68008,12802,130113,1,0,2210.8
2-Jul-21,68024,9919,130143,2,2,3702
2-Jul-21,68071,10235,130242,5,0,1369.9
2-Jul-21,68078,1548,130263,5,5,10509
2-Jul-21,68162,9915,130413,2,0,2881
2-Jul-21,68224,11118,130533,1,0,2898
2-Jul-21,68230,8807,130548,1,0,6904
2-Jul-21,68259,12502,130608,1,0,22000
2-Jul-21,68443,8219,130959,18,0,13288.2
2-Jul-21,68466,9916,130992,1,1,2619
2-Jul-21,68475,10226,131010,2,2,3593.2
2-Jul-21,68496,9925,131058,4,4,3038
2-Jul-21,68510,9174,131082,1,1,5297
2-Jul-21,68521,8219,131100,1,1,13597
2-Jul-21,68525,8684,131106,1,0,2578
2-Jul-21,68558,8219,131172,4,0,13288.2
2-Jul-21,68578,1043,131208,1,0,5320
2-Jul-21,68602,9920,131244,1,0,2894
2-Jul-21,68721,12762,131466,2,0,798.02
2-Jul-21,68737,9916,131508,1,0,2797
2-Jul-21,68740,9916,131511,1,0,2619
2-Jul-21,68741,11246,131514,2,0,3047
2-Jul-21,68788,10235,131601,2,2,1344.5
2-Jul-21,68810,8219,131637,4,4,13288.2
2-Jul-21,68817,1038,131646,1,0,6724
2-Jul-21,68845,9174,131661,1,1,5297
2-Jul-21,68866,7704,131691,1,0,2959
2-Jul-21,68924,1548,131814,7,7,5127.12
2-Jul-21,68933,11123,131826,3,2,3352
2-Jul-21,68938,8131,131835,1,1,8379
2-Jul-21,68955,8219,131877,27,0,13288.2
2-Jul-21,68966,8221,131901,2,0,2789
2-Jul-21,69048,8444,132045,1,0,5940
2-Jul-21,69107,11735,132156,1,1,6699
2-Jul-21,69120,11106,132180,1,0,3350
2-Jul-21,69124,10520,132183,1,0,3701.69
2-Jul-21,69190,8158,132321,1,0,1445
2-Jul-21,69253,10204,132432,5,0,3490
2-Jul-21,69297,3610,132489,2,2,11939
2-Jul-21,69309,7810,132516,1,0,3353
2-Jul-21,69349,8219,132582,40,35,13288.2
2-Jul-21,69358,3610,132603,1,1,7607
2-Jul-21,69390,1043,132678,1,0,23043
2-Jul-21,69411,11156,132723,1,0,4460
2-Jul-21,69421,11146,132735,1,0,4358
2-Jul-21,69457,7271,132786,1,1,2177
2-Jul-21,69458,7271,132786,1,1,2153
2-Jul-21,69461,10520,132789,1,0,3571.32
2-Jul-21,69505,8428,132885,1,0,844
2-Jul-21,69520,8354,132918,1,0,8288
2-Jul-21,69539,10975,132945,1,0,12779.7
2-Jul-21,69591,1548,133038,3,2,5127.11
2-Jul-21,69617,8322,133080,1,1,2031
2-Jul-21,69684,8751,133203,1,0,2216
2-Jul-21,69742,11169,133320,1,0,5145
2-Jul-21,69754,12710,133338,2,0,9600
2-Jul-21,69775,1548,133389,1,0,10509
2-Jul-21,69907,9895,133671,1,0,1295
2-Jul-21,69991,8444,133806,2,2,3252
2-Jul-21,70093,12781,134004,5,0,2393
2-Jul-21,70119,10204,134055,2,0,3242
2-Jul-21,70126,1548,134064,2,0,10509
2-Jul-21,70132,10235,134079,2,0,1420
2-Jul-21,70158,10204,134133,2,2,3711
2-Jul-21,70181,7640,134190,1,1,13886
2-Jul-21,70209,11907,134241,2,0,3932.25
2-Jul-21,70213,7581,134250,1,1,11187
2-Jul-21,70225,11147,134280,1,0,1444
2-Jul-21,70227,11107,134286,1,1,3166
2-Jul-21,70255,7704,134331,25,0,3174
2-Jul-21,70275,8361,134373,1,0,4951
2-Jul-21,70284,10245,134388,1,0,5210.5
2-Jul-21,70303,3610,134418,1,1,11939
2-Jul-21,70451,1548,134673,1,0,10763
2-Jul-21,70466,1548,134709,1,1,10763
2-Jul-21,70506,3613,134787,1,1,11025
2-Jul-21,70508,9915,134793,4,0,2881
2-Jul-21,70531,10235,134859,1,1,1325
2-Jul-21,70546,11110,134889,2,0,2415
2-Jul-21,70624,7804,135066,1,0,3074
2-Jul-21,70666,8664,135141,5,0,2320
2-Jul-21,70707,11108,135222,1,0,4045
2-Jul-21,70726,11157,135249,1,0,26434
2-Jul-21,70744,12652,135282,3,3,7203.4
2-Jul-21,70766,10237,135336,2,0,3323.7
2-Jul-21,70827,12701,135441,1,1,5013.56
2-Jul-21,70930,1039,135636,3,3,2478
2-Jul-21,70942,12920,135657,3,3,5250
2-Jul-21,71010,10224,135783,1,0,4311.9
2-Jul-21,71029,10236,135828,1,0,1302.5
2-Jul-21,71087,12800,135936,40,0,8
2-Jul-21,71092,7541,135948,7,0,1523
2-Jul-21,71102,11146,135966,1,1,3669
2-Jul-21,71145,8428,136029,3,0,1734
2-Jul-21,71256,9934,136230,1,0,4970
2-Jul-21,71272,1548,136245,1,1,10763
2-Jul-21,71289,1548,136278,1,1,10509
2-Jul-21,71332,2862,136365,1,0,4200
2-Jul-21,71338,11134,136383,1,0,7875
2-Jul-21,71469,10235,136635,3,3,1398
2-Jul-21,71489,8210,136677,2,0,12674
2-Jul-21,71551,7271,136779,9,9,2239
2-Jul-21,71572,9925,136830,4,0,3152.54
2-Jul-21,71578,10236,136848,1,0,1302.5
2-Jul-21,71584,3284,136863,1,1,3634
2-Jul-21,71608,11899,136908,1,0,12373
2-Jul-21,71672,10975,137028,1,1,11864.4
2-Jul-21,71681,1548,137049,1,0,5127.12
2-Jul-21,71727,12701,137145,1,1,5013.56
2-Jul-21,71743,10248,137181,2,0,4830.5
2-Jul-21,71809,10235,137298,5,0,1369.9
2-Jul-21,71896,11146,137466,2,2,8384
2-Jul-21,71946,9174,137559,1,0,5297
2-Jul-21,71964,10235,137601,3,0,1420
2-Jul-21,71970,11186,137616,2,2,3499
2-Jul-21,71994,9174,137658,1,0,5297.03
2-Jul-21,72036,8444,137727,1,0,6034
2-Jul-21,72046,11258,137751,1,0,6855.86
2-Jul-21,72075,9925,137823,1,0,3038
2-Jul-21,72091,3611,137847,1,1,3230
2-Jul-21,72105,10421,137877,2,0,4261
2-Jul-21,72112,12677,137886,1,1,2142.86
2-Jul-21,72177,8131,137985,1,1,8694
2-Jul-21,72186,11146,138000,8,8,8384
2-Jul-21,72220,11118,138078,1,1,2722
2-Jul-21,72221,11118,138078,1,1,2478
2-Jul-21,72252,12759,138135,1,1,60500
2-Jul-21,72272,12784,138180,1,0,2813
2-Jul-21,72324,11899,138282,1,1,12373
2-Jul-21,72369,8352,138378,1,0,2545
2-Jul-21,72375,12677,138393,1,0,2142.86
2-Jul-21,72377,1038,138399,2,2,6724
2-Jul-21,146957,12547,296790,1,0,5726
2-Jul-21,146984,3615,296838,2,2,6041
2-Jul-21,147039,3279,296934,1,0,9724
2-Jul-21,147046,12487,296952,2,2,4217
2-Jul-21,147047,14264,296955,1,0,8454
2-Jul-21,147081,7651,297027,1,1,31528.5
2-Jul-21,147127,8428,297114,15,15,1618
2-Jul-21,147157,13592,297174,5,5,1540
2-Jul-21,147159,11161,297180,1,0,8239
2-Jul-21,147192,1041,297255,1,0,5616
2-Jul-21,147227,8335,297339,1,1,3881
2-Jul-21,147274,10227,297429,3,3,1411
3-Jul-21,62662,11958,119958,1,0,2028.81
3-Jul-21,62675,7867,119985,7,7,2056
3-Jul-21,62685,9919,120003,2,0,4078.98
3-Jul-21,62693,9925,120021,1,1,3730
3-Jul-21,62714,7607,120072,2,0,6203.4
3-Jul-21,62721,10975,120090,1,0,11254.5
3-Jul-21,62729,7774,120114,5,0,2947
3-Jul-21,62764,1038,120195,2,2,6988
3-Jul-21,62788,8326,120249,1,0,3470.33
3-Jul-21,62812,2105,120309,10,0,89.78
3-Jul-21,62845,11123,120378,1,0,6142
3-Jul-21,62916,11899,120498,1,0,11410
3-Jul-21,62932,8438,120519,4,0,3324
3-Jul-21,62951,7541,120570,1,0,1624
3-Jul-21,62968,1041,120591,1,0,5738
3-Jul-21,63042,7804,120762,1,1,2531
3-Jul-21,63112,12762,120900,2,0,798.02
3-Jul-21,63161,8444,120981,1,0,6255
3-Jul-21,63183,8438,121005,1,0,3629
3-Jul-21,63218,3610,121068,1,1,7931
3-Jul-21,63295,11143,121209,1,0,2699
3-Jul-21,63345,1041,121311,1,0,5129
3-Jul-21,63383,8438,121398,2,0,3511
3-Jul-21,63422,11143,121470,1,0,2478
3-Jul-21,63443,1040,121518,1,0,3586.56
3-Jul-21,63501,11161,121587,1,0,6647
3-Jul-21,63544,7777,121626,1,0,2173
3-Jul-21,63563,11133,121662,1,0,1691
3-Jul-21,63565,11731,121662,1,0,4402
3-Jul-21,63589,1039,121698,1,1,2236
3-Jul-21,63636,11118,121779,1,1,2478
3-Jul-21,63694,8444,121899,2,0,3271.8
3-Jul-21,63697,9796,121908,1,0,2656.8
3-Jul-21,63701,8441,121917,1,0,3001
3-Jul-21,63717,9916,121950,2,0,2797
3-Jul-21,63779,7271,122094,5,0,2371
3-Jul-21,63837,11178,122187,1,0,15519
3-Jul-21,63846,1040,122208,360,0,3570.85
3-Jul-21,63890,8457,122271,1,0,15538
3-Jul-21,63893,10235,122280,1,0,1368.99
3-Jul-21,63894,10235,122280,1,0,1324.5
3-Jul-21,63928,8299,122355,1,0,3106
3-Jul-21,63947,11899,122397,2,0,11410
3-Jul-21,63973,8420,122430,1,0,5824
3-Jul-21,63974,1041,122433,2,2,4520
3-Jul-21,64020,12749,122523,1,0,4027.25
3-Jul-21,64188,1548,122814,1,0,10509
3-Jul-21,64252,11118,122928,2,0,2722
3-Jul-21,64275,9925,122961,5,4,3038
3-Jul-21,64280,7271,122973,5,5,2371
3-Jul-21,64297,11123,123006,1,0,4729
3-Jul-21,64318,12713,123039,1,0,2400
3-Jul-21,64335,11658,123072,1,1,1365
3-Jul-21,64337,12713,123072,1,1,2400
3-Jul-21,64375,1805,123129,2,0,18732.9
3-Jul-21,64377,11152,123132,1,0,3581
3-Jul-21,64382,1548,123147,1,1,10509
3-Jul-21,64385,10529,123153,1,0,7207
3-Jul-21,64440,12700,123237,1,0,6940.7
3-Jul-21,64457,8437,123276,1,0,2053
3-Jul-21,64468,1039,123297,1,1,2236
3-Jul-21,64493,8437,123336,1,0,2053
3-Jul-21,64539,11137,123414,1,0,3528
3-Jul-21,64588,8438,123516,1,0,3511
3-Jul-21,64604,8623,123555,1,0,23136.6
3-Jul-21,64611,8444,123570,3,3,5946
3-Jul-21,64616,8425,123579,3,3,3374
3-Jul-21,64645,8660,123633,2,0,5618.47
3-Jul-21,64678,8425,123693,1,0,3619.5
3-Jul-21,64681,8425,123699,2,0,3561
3-Jul-21,64694,10236,123723,2,0,1302.25
3-Jul-21,64778,1548,123876,20,20,10509
3-Jul-21,64790,11907,123897,1,0,3932.25
3-Jul-21,64826,3606,123972,3,0,5054
3-Jul-21,64832,10235,123978,1,1,1350
3-Jul-21,64838,2119,123993,2,0,441
3-Jul-21,64862,8425,124023,4,4,3522.2
3-Jul-21,64895,11133,124077,1,0,1691
3-Jul-21,64909,10236,124101,4,0,1302.25
3-Jul-21,64933,3606,124155,1,1,5054
3-Jul-21,64987,10975,124260,1,0,8453.39
3-Jul-21,65001,1041,124284,2,2,4520
3-Jul-21,65004,12701,124284,2,2,5210.17
3-Jul-21,65019,1043,124305,1,1,10533
3-Jul-21,65112,11120,124485,1,0,22823
3-Jul-21,65126,1038,124512,5,5,6985.33
3-Jul-21,65179,8482,124602,1,0,10284
3-Jul-21,65183,3284,124605,1,1,3306
3-Jul-21,65197,8219,124626,35,0,13288.2
3-Jul-21,65218,8425,124674,5,0,3550
3-Jul-21,65233,10235,124713,3,0,1368.99
3-Jul-21,65262,1040,124776,1,0,3586.56
3-Jul-21,65300,10529,124857,1,0,7207
3-Jul-21,65304,9925,124866,3,0,3038
3-Jul-21,65313,7640,124884,5,5,12883.8
3-Jul-21,65321,11156,124899,1,1,5303
3-Jul-21,65334,9925,124926,1,0,4783
3-Jul-21,65360,8427,124992,3,0,5590
3-Jul-21,65362,10204,124998,1,0,3092
3-Jul-21,65435,11658,125133,1,1,1365
3-Jul-21,65453,9916,125172,2,2,2619
3-Jul-21,65471,9916,125199,1,0,2619
3-Jul-21,65491,9925,125238,2,2,3038
3-Jul-21,65517,2282,125298,1,1,4000
3-Jul-21,65531,9925,125331,20,0,3038
3-Jul-21,65591,8425,125454,4,0,3468
3-Jul-21,65597,10529,125463,1,1,7731
3-Jul-21,65666,10235,125571,6,6,1325
3-Jul-21,65764,10975,125754,1,1,12779.7
3-Jul-21,65832,11162,125865,2,0,3100
3-Jul-21,65853,8075,125907,1,0,219
3-Jul-21,65973,9915,126168,2,0,2881
3-Jul-21,66003,11136,126237,5,5,2481
3-Jul-21,66009,10224,126252,1,1,4132.2
3-Jul-21,66015,8330,126264,1,0,2079
3-Jul-21,66033,10235,126294,1,0,1324.5
3-Jul-21,66069,1548,126372,3,0,10509
3-Jul-21,66075,8453,126378,1,0,17095
3-Jul-21,66158,8458,126540,5,0,2497
3-Jul-21,66245,9925,126687,1,1,3038
3-Jul-21,66260,3610,126726,1,0,12484
3-Jul-21,66273,10975,126753,1,0,22008.5
3-Jul-21,66277,10204,126762,2,0,3490
3-Jul-21,66284,8219,126771,6,0,13597
3-Jul-21,66293,8424,126783,1,0,8972
3-Jul-21,66373,11106,126945,3,3,4120
3-Jul-21,66420,11146,127047,1,0,3648
3-Jul-21,66427,8444,127059,2,0,6082
3-Jul-21,66488,8461,127179,1,1,2468
3-Jul-21,66497,8429,127188,1,0,2862
3-Jul-21,66508,10235,127200,6,0,1324.5
3-Jul-21,66591,8219,127392,1,0,13597
3-Jul-21,66592,11152,127395,1,0,6038
3-Jul-21,66604,8664,127416,5,2,2288.2
3-Jul-21,66624,1038,127455,1,0,6988
3-Jul-21,66668,7867,127530,1,0,2321
3-Jul-21,66670,9925,127536,4,0,3038
3-Jul-21,66697,9174,127596,6,6,5297
3-Jul-21,66744,11140,127650,3,2,7329
3-Jul-21,66749,7666,127659,1,1,10182
3-Jul-21,66794,7637,127740,2,0,31566
3-Jul-21,66835,11146,127794,1,0,6979
3-Jul-21,66837,1040,127797,1,0,3551
3-Jul-21,66882,8219,127872,1,0,13597
3-Jul-21,66884,7872,127875,1,0,1670
3-Jul-21,66908,11658,127917,1,1,1365
3-Jul-21,66943,1040,128007,1,0,3483
3-Jul-21,66947,3603,128016,1,0,6197
3-Jul-21,66976,11136,128070,1,0,2653
3-Jul-21,66981,1038,128082,2,2,6854
3-Jul-21,67002,11146,128124,1,0,3667
3-Jul-21,67005,11146,128133,1,1,3667
3-Jul-21,67026,8221,128184,3,0,2789
3-Jul-21,67039,11156,128205,1,0,4460
3-Jul-21,67051,12700,128229,1,0,11580
3-Jul-21,67079,9895,128295,1,0,1295
3-Jul-21,67095,10236,128316,4,0,1302.5
3-Jul-21,67118,11133,128364,1,0,5691
3-Jul-21,67188,11105,128505,1,1,7382
3-Jul-21,67217,1039,128577,1,0,2236
3-Jul-21,67254,8428,128643,2,2,1540
3-Jul-21,67271,9895,128679,2,2,1295
3-Jul-21,67284,7575,128697,1,0,10822
3-Jul-21,67343,1548,128805,1,0,5550.9
3-Jul-21,67357,1040,128832,2,0,3688
3-Jul-21,67362,11139,128844,1,0,3686
3-Jul-21,67366,8219,128850,18,0,13288.2
3-Jul-21,67375,8389,128871,1,0,2620
3-Jul-21,67465,3613,129048,1,0,8911
3-Jul-21,67509,10204,129126,1,1,3066
3-Jul-21,67518,11140,129138,1,1,7481
3-Jul-21,67529,10236,129162,1,0,1302.5
3-Jul-21,67655,11123,129429,1,0,3352
3-Jul-21,67660,11172,129438,1,1,2583
3-Jul-21,67669,8664,129456,1,1,2288.2
3-Jul-21,67675,3269,129465,1,1,9877
3-Jul-21,67721,9174,129552,2,2,5526.01
3-Jul-21,67793,8444,129678,1,0,6750
3-Jul-21,67841,8787,129771,2,0,1874
3-Jul-21,67852,8428,129792,21,0,1540
3-Jul-21,67871,10520,129837,1,0,3701.69
3-Jul-21,67917,11118,129951,4,4,2722
3-Jul-21,67943,7802,129996,1,0,5114
3-Jul-21,67947,7802,130005,1,0,5114
3-Jul-21,67961,3615,130035,1,0,4181
3-Jul-21,67980,10248,130077,1,0,4830.5
3-Jul-21,68033,12678,130164,6,6,1761.9
3-Jul-21,68037,12652,130170,15,15,7203.4
3-Jul-21,68105,9902,130311,2,0,1916
3-Jul-21,68114,10235,130326,4,0,1369.9
3-Jul-21,68148,11118,130395,1,0,2722
3-Jul-21,68154,11156,130404,1,0,3885
3-Jul-21,68198,8428,130479,3,0,1614
3-Jul-21,68208,10227,130506,3,0,1420
3-Jul-21,68209,10227,130506,10,0,1421
3-Jul-21,68246,8210,130581,20,0,12788
3-Jul-21,68268,3613,130629,1,0,9600
3-Jul-21,68324,10235,130758,2,2,1325
3-Jul-21,68334,12749,130779,30,0,4025.42
3-Jul-21,68349,8361,130809,1,0,4871
3-Jul-21,68383,8425,130863,1,1,4110
3-Jul-21,68451,8444,130974,2,0,6166
3-Jul-21,68485,7640,131034,4,0,13886
3-Jul-21,68524,11958,131103,1,0,3737
3-Jul-21,68526,1548,131109,3,3,5127.12
3-Jul-21,68539,7872,131139,2,2,1827
3-Jul-21,68597,11138,131235,2,0,6142
3-Jul-21,68618,10975,131274,2,0,12779.7
3-Jul-21,68628,8428,131295,2,0,1614
3-Jul-21,68632,11110,131304,1,1,2468
3-Jul-21,68641,9916,131316,1,0,2619
3-Jul-21,68645,8210,131328,2,2,14679
3-Jul-21,68650,8210,131334,2,0,12443
3-Jul-21,68675,8358,131379,1,0,1760
3-Jul-21,68694,9932,131415,1,0,5465
3-Jul-21,68695,8420,131418,1,0,5860
3-Jul-21,68697,1041,131424,1,1,4725
3-Jul-21,68704,12762,131430,2,0,798.02
3-Jul-21,68747,12749,131523,1,0,4052
3-Jul-21,68754,10235,131541,3,0,1369.9
3-Jul-21,68757,8439,131544,2,0,1000
3-Jul-21,68769,10235,131574,1,1,1325
3-Jul-21,68779,10235,131592,1,0,1368.99
3-Jul-21,68803,1040,131625,1,0,3551
3-Jul-21,69026,1548,132003,1,0,10763
3-Jul-21,69060,1548,132069,2,2,10509
3-Jul-21,69088,1041,132120,1,1,4272
3-Jul-21,69116,1548,132171,1,1,10509
3-Jul-21,69144,9142,132228,2,0,262.5
3-Jul-21,69178,9916,132294,1,1,2619
3-Jul-21,69233,8428,132396,1,0,1540
3-Jul-21,69247,9919,132423,1,0,3844
3-Jul-21,69283,8420,132462,1,0,5580
3-Jul-21,69289,8210,132468,1,1,13007
3-Jul-21,69304,12749,132501,3,0,4178
3-Jul-21,69337,9925,132561,4,0,3038
3-Jul-21,69348,12749,132579,1,0,4186.44
3-Jul-21,69363,10235,132618,6,6,1420
3-Jul-21,69398,8447,132696,2,0,2487
3-Jul-21,69403,7775,132711,1,1,6791
3-Jul-21,69530,9900,132927,1,0,5815
3-Jul-21,69540,7858,132948,1,0,2688
3-Jul-21,69548,10975,132966,1,0,12779.7
3-Jul-21,69565,8210,133002,26,26,14679
3-Jul-21,69572,8444,133008,1,0,6293
3-Jul-21,69585,8358,133029,1,0,695
3-Jul-21,69618,11146,133080,1,1,3833
3-Jul-21,69660,3610,133164,1,0,11939
3-Jul-21,69685,1038,133206,1,1,6985
3-Jul-21,69695,8751,133224,1,1,2216
3-Jul-21,69728,12802,133299,3,3,2210.8
3-Jul-21,69733,8316,133311,1,1,589
3-Jul-21,69761,10235,133356,9,9,1420
3-Jul-21,69782,10235,133407,2,2,1420
3-Jul-21,69790,1039,133425,5,5,2478
3-Jul-21,69903,10529,133665,1,0,13666
3-Jul-21,69914,3284,133680,1,0,7211
3-Jul-21,70040,11899,133902,2,2,12210.5
3-Jul-21,70065,8210,133950,1,1,14616
3-Jul-21,70083,10238,133986,1,1,6329.8
3-Jul-21,70131,12699,134076,4,4,3170
3-Jul-21,70154,12652,134124,6,6,7203.4
3-Jul-21,70155,12652,134127,6,0,7203.4
3-Jul-21,70159,3610,134136,5,0,11939
3-Jul-21,70228,8210,134289,20,0,14679
3-Jul-21,70276,8361,134373,1,0,4819
3-Jul-21,70312,9915,134433,24,0,2447
3-Jul-21,70324,8444,134451,2,0,3252
3-Jul-21,70454,10975,134679,1,0,11254.5
3-Jul-21,70504,11899,134781,1,1,12373
3-Jul-21,70517,7692,134820,6,0,383.25
3-Jul-21,70519,11118,134826,1,0,2722
3-Jul-21,70568,12762,134949,2,0,798.02
3-Jul-21,70587,7540,134994,1,0,16324
3-Jul-21,70634,11189,135084,1,0,5145
3-Jul-21,70684,11143,135168,1,0,2810
3-Jul-21,70695,12750,135192,25,25,2847.46
3-Jul-21,70701,11140,135204,1,0,8253
3-Jul-21,70740,3269,135276,1,1,9877
3-Jul-21,70762,8425,135327,3,0,4110
3-Jul-21,70789,3610,135372,2,0,11939
3-Jul-21,70795,10225,135384,2,2,3997.5
3-Jul-21,70834,11118,135453,1,0,2478
3-Jul-21,70836,7640,135459,1,0,13886
3-Jul-21,70902,11146,135570,1,0,3648
3-Jul-21,70917,11106,135606,1,1,4120
3-Jul-21,70965,3012,135693,2,0,950
3-Jul-21,70982,8331,135726,1,0,3214
3-Jul-21,70997,12701,135759,1,1,5013.56
3-Jul-21,71001,8210,135768,1,1,13007
3-Jul-21,71022,8444,135810,1,1,6108
3-Jul-21,71042,1548,135858,1,0,10509
3-Jul-21,71052,8210,135879,1,0,12621
3-Jul-21,71064,9915,135900,1,0,2881
3-Jul-21,71083,9142,135930,1,0,262.5
3-Jul-21,71086,8219,135933,1,1,13597
3-Jul-21,71116,8444,135987,1,0,6207
3-Jul-21,71173,11960,136083,3,3,3525.42
3-Jul-21,71175,10235,136086,1,1,1398
3-Jul-21,71196,3603,136116,7,5,6197
3-Jul-21,71208,8420,136140,1,1,5756
3-Jul-21,71231,12677,136194,1,1,2142.86
3-Jul-21,71261,8459,136230,1,0,2500
3-Jul-21,71266,3284,136239,3,0,3634
3-Jul-21,71308,8219,136311,1,1,13288.2
3-Jul-21,71321,12701,136344,1,0,5013.56
3-Jul-21,71424,10235,136548,3,3,1398
3-Jul-21,71451,9915,136599,1,0,2881
3-Jul-21,71511,9901,136713,8,0,3818
3-Jul-21,71515,9901,136722,7,0,3818
3-Jul-21,71522,9901,136731,7,7,3818
3-Jul-21,71529,9934,136743,1,0,9490
3-Jul-21,71611,11136,136914,5,5,2533
3-Jul-21,71624,1548,136935,1,0,10763
3-Jul-21,71642,11118,136968,3,0,2478
3-Jul-21,71647,8213,136983,1,0,10300
3-Jul-21,71650,11960,136989,1,1,3393.22
3-Jul-21,71658,9897,137001,1,1,2079
3-Jul-21,71669,7640,137022,1,0,13886
3-Jul-21,71671,10975,137028,1,1,11254.5
3-Jul-21,71732,11117,137154,1,0,3108
3-Jul-21,71754,11110,137202,1,0,2468
3-Jul-21,71835,11125,137349,1,0,1891
3-Jul-21,71842,11162,137358,1,1,3074
3-Jul-21,71874,11143,137421,1,0,2810
3-Jul-21,71884,11106,137439,1,1,3560
3-Jul-21,71885,7271,137442,5,0,2239
3-Jul-21,71913,11122,137499,1,1,10127
3-Jul-21,71928,11932,137523,1,1,7509.83
3-Jul-21,72081,8439,137832,1,1,2120
3-Jul-21,72111,8331,137886,1,1,4070
3-Jul-21,72184,1041,137997,1,0,4240
3-Jul-21,72197,12677,138024,2,2,2142.86
3-Jul-21,72206,11147,138039,2,0,1470
3-Jul-21,72230,11118,138087,1,1,2898
3-Jul-21,72361,1040,138366,1,0,3483
3-Jul-21,146952,8425,296778,1,1,4862
3-Jul-21,146964,8221,296811,3,0,3545
3-Jul-21,146968,8221,296820,1,0,3499
3-Jul-21,146977,1041,296829,1,0,5334
3-Jul-21,146980,8210,296832,1,0,14612
3-Jul-21,147076,3615,297015,1,1,6041
3-Jul-21,147092,12652,297051,1,1,7956
3-Jul-21,147106,10204,297081,1,1,3429
3-Jul-21,147109,10204,297084,1,0,4033
3-Jul-21,147130,8221,297123,1,0,3770
3-Jul-21,147133,8428,297132,5,0,1618
3-Jul-21,147145,8425,297150,120,0,5394
3-Jul-21,147181,12748,297231,5,5,2810
3-Jul-21,147232,11133,297342,1,0,3259
3-Jul-21,147238,8444,297354,1,0,6034
3-Jul-21,147241,12701,297360,10,10,9542
3-Jul-21,147242,1041,297363,1,0,5431
3-Jul-21,147256,13720,297396,8,8,9613
3-Jul-21,147263,3610,297417,1,0,13268
3-Jul-21,147266,13752,297420,1,0,10475
3-Jul-21,147306,8425,297486,1,1,5110
4-Jul-21,62717,12688,120081,1,0,1023.81
4-Jul-21,62740,7607,120144,1,0,6408
4-Jul-21,62754,8425,120171,2,0,4007
4-Jul-21,62822,8462,120330,1,0,7304
4-Jul-21,62860,12702,120402,2,0,2200.85
4-Jul-21,62942,12652,120546,2,2,7203.4
4-Jul-21,62987,11125,120642,20,20,2030
4-Jul-21,63003,8452,120681,1,0,6702
4-Jul-21,63025,11111,120717,1,0,27710
4-Jul-21,63028,8664,120726,5,0,2288.2
4-Jul-21,63047,8435,120765,1,0,11971
4-Jul-21,63079,3620,120813,1,0,5536
4-Jul-21,63082,8428,120822,2,0,1635
4-Jul-21,63164,8425,120987,4,4,3522.2
4-Jul-21,63267,10204,121155,1,1,3074
4-Jul-21,63277,3603,121176,2,2,5629
4-Jul-21,63284,8444,121191,1,0,5946
4-Jul-21,63286,11899,121194,1,0,11410
4-Jul-21,63300,12701,121224,1,1,5317.97
4-Jul-21,63313,3284,121248,2,0,3306
4-Jul-21,63317,3603,121254,3,0,5629
4-Jul-21,63328,10975,121275,1,0,12779.7
4-Jul-21,63361,11146,121353,1,1,6963.29
4-Jul-21,63406,11125,121455,2,0,1891
4-Jul-21,63430,8428,121488,5,0,724
4-Jul-21,63498,11156,121587,1,0,4460
4-Jul-21,63510,8443,121596,1,0,5620
4-Jul-21,63522,1040,121614,1,0,3435
4-Jul-21,63615,11133,121740,1,0,1691
4-Jul-21,63735,9916,122004,2,0,2797
4-Jul-21,63750,8219,122031,5,5,13488.3
4-Jul-21,63751,7526,122034,5,5,6050.85
4-Jul-21,63839,8219,122190,4,4,13288.2
4-Jul-21,63887,10235,122265,10,10,1368.99
4-Jul-21,63901,1041,122295,2,0,5738
4-Jul-21,63907,3624,122310,1,0,5062
4-Jul-21,63965,8425,122421,3,0,3468
4-Jul-21,63997,10235,122475,1,0,1350
4-Jul-21,63999,8438,122478,1,0,3511
4-Jul-21,64023,8428,122529,1,0,789
4-Jul-21,64049,9796,122568,1,0,2656.8
4-Jul-21,64054,10235,122574,3,3,1350
4-Jul-21,64056,11163,122574,1,1,3339
4-Jul-21,64069,11141,122592,1,0,4998
4-Jul-21,64118,10235,122685,10,0,1324.5
4-Jul-21,64130,7775,122703,1,0,6144
4-Jul-21,64160,9915,122748,3,3,2881
4-Jul-21,64178,9925,122787,10,10,3038
4-Jul-21,64185,9925,122805,2,2,3038
4-Jul-21,64471,11169,123300,1,0,2919
4-Jul-21,64484,8422,123321,1,0,6753
4-Jul-21,64503,10235,123351,2,2,1368.99
4-Jul-21,64530,11146,123393,1,1,3648
4-Jul-21,64546,3603,123432,1,0,5738
4-Jul-21,64592,12480,123528,1,1,22080
4-Jul-21,64624,9925,123591,1,1,3038
4-Jul-21,64647,11143,123639,1,0,2699
4-Jul-21,64721,8438,123768,1,0,3511
4-Jul-21,64781,9912,123885,1,0,3480
4-Jul-21,64873,8443,124044,1,0,5620
4-Jul-21,64891,7867,124071,1,1,2014
4-Jul-21,64904,8425,124092,4,4,4007
4-Jul-21,64930,11163,124146,1,0,5701
4-Jul-21,64931,7271,124149,1,0,2371
4-Jul-21,64934,1043,124158,1,0,5895
4-Jul-21,64972,11907,124236,1,1,3932.25
4-Jul-21,64988,8444,124263,1,0,5648
4-Jul-21,65040,8325,124347,1,1,9576.27
4-Jul-21,65220,10236,124680,1,0,1302.5
4-Jul-21,65311,10235,124881,1,1,1369.9
4-Jul-21,65333,7576,124923,1,0,18333.4
4-Jul-21,65339,8221,124941,1,0,2779.67
4-Jul-21,65351,1805,124971,2,2,18732.9
4-Jul-21,65383,12700,125037,1,0,11128.3
4-Jul-21,65413,10213,125088,1,0,3385
4-Jul-21,65425,11899,125118,1,1,11928.8
4-Jul-21,65477,8664,125214,1,0,2288.2
4-Jul-21,65498,8219,125247,10,0,13488.3
4-Jul-21,65503,10235,125262,2,0,1369.9
4-Jul-21,65741,9925,125703,4,4,3038
4-Jul-21,65767,12700,125757,1,1,7924
4-Jul-21,65781,7666,125790,1,1,5636
4-Jul-21,65799,12700,125826,1,1,11128.3
4-Jul-21,65812,10204,125847,1,0,3092
4-Jul-21,65815,11105,125850,1,0,22189
4-Jul-21,65817,3279,125853,1,1,5461
4-Jul-21,65978,9932,126183,2,0,5142
4-Jul-21,66006,2119,126243,1,0,441
4-Jul-21,66029,10235,126288,5,0,1368.99
4-Jul-21,66051,10235,126336,10,0,1369.9
4-Jul-21,66053,11899,126336,4,0,11928.8
4-Jul-21,66115,7756,126456,15,0,25.698
4-Jul-21,66130,11658,126486,1,0,1365
4-Jul-21,66172,3284,126570,3,3,2892
4-Jul-21,66188,10235,126597,8,0,1369.9
4-Jul-21,66192,7271,126609,1,0,2347
4-Jul-21,66209,10235,126645,6,6,1368.99
4-Jul-21,66228,10235,126672,1,0,1324.5
4-Jul-21,66279,8219,126765,24,0,13488.3
4-Jul-21,66344,11899,126885,1,0,12396.5
4-Jul-21,66350,3603,126900,2,0,6197
4-Jul-21,66363,10235,126930,5,5,1368.99
4-Jul-21,66421,10235,127050,3,3,1368.99
4-Jul-21,66433,7666,127071,2,0,5636
4-Jul-21,66525,8420,127230,2,2,5580
4-Jul-21,66530,7818,127242,2,2,5103
4-Jul-21,66542,9803,127272,1,0,354
4-Jul-21,66555,7640,127305,1,1,13642.3
4-Jul-21,66587,9895,127380,2,0,1393
4-Jul-21,66693,8316,127590,5,0,1136
4-Jul-21,66720,10236,127623,1,1,1302.25
4-Jul-21,66734,11143,127638,1,1,2489
4-Jul-21,66766,8437,127698,1,0,2053
4-Jul-21,66930,10235,127974,1,0,1325
4-Jul-21,66972,11143,128064,1,1,2810
4-Jul-21,66984,10248,128085,1,1,4830.5
4-Jul-21,67006,9925,128136,4,4,3038
4-Jul-21,67007,10235,128139,6,6,1325
4-Jul-21,67014,2282,128154,1,0,4000
4-Jul-21,67031,9882,128196,1,0,11311
4-Jul-21,67077,11110,128289,5,2,2468
4-Jul-21,67127,11125,128376,4,0,1891
4-Jul-21,67135,10235,128394,1,1,1368.99
4-Jul-21,67203,11107,128541,1,1,3213
4-Jul-21,67215,8429,128571,3,0,3257
4-Jul-21,67227,9912,128595,1,0,1895
4-Jul-21,67265,10235,128670,4,4,1368.99
4-Jul-21,67270,11125,128676,5,2,1891
4-Jul-21,67379,11246,128880,2,0,3047
4-Jul-21,67399,12487,128931,2,0,3322
4-Jul-21,67401,10235,128937,3,3,1369.9
4-Jul-21,67416,8425,128961,1,1,3979
4-Jul-21,67427,9174,128979,2,2,5297
4-Jul-21,67445,1038,129006,4,4,6855
4-Jul-21,67453,1041,129021,1,0,4725
4-Jul-21,67472,1038,129066,1,0,6985
4-Jul-21,67604,10975,129312,1,1,21225
4-Jul-21,67648,9174,129411,2,0,5297
4-Jul-21,67690,12856,129495,1,0,9540
4-Jul-21,67735,8210,129573,3,0,12443
4-Jul-21,67781,12800,129657,3,0,4
4-Jul-21,67795,8444,129678,1,0,3350
4-Jul-21,67815,12802,129717,1,0,2210.8
4-Jul-21,67842,10248,129774,2,2,5342.03
4-Jul-21,67886,8443,129873,1,0,6940
4-Jul-21,67888,10236,129876,2,0,1257.6
4-Jul-21,67926,11731,129966,1,1,4947.59
4-Jul-21,67965,11143,130041,1,1,2478
4-Jul-21,68016,10530,130131,1,0,2473.73
4-Jul-21,68079,11583,130266,4,4,2268
4-Jul-21,68124,10235,130344,1,1,1325
4-Jul-21,68272,3615,130641,1,0,4067
4-Jul-21,68278,11168,130650,1,1,5912
4-Jul-21,68352,8359,130815,1,0,923
4-Jul-21,68357,3591,130821,1,0,3195
4-Jul-21,68361,11124,130824,2,2,886
4-Jul-21,68388,8421,130872,1,0,4070
4-Jul-21,68446,9919,130962,1,0,3844
4-Jul-21,68450,3613,130971,1,0,8386
4-Jul-21,68483,9174,131031,1,0,5297
4-Jul-21,68490,9919,131043,1,0,3702
4-Jul-21,68501,11143,131067,1,1,3266
4-Jul-21,68505,9915,131073,5,5,2881
4-Jul-21,68515,11162,131088,2,1,3100
4-Jul-21,68518,10975,131094,2,0,12779.7
4-Jul-21,68574,9919,131199,2,1,3666
4-Jul-21,68577,3603,131208,2,2,6197
4-Jul-21,68584,12749,131211,1,0,4025.42
4-Jul-21,68625,8352,131292,1,0,2545
4-Jul-21,68635,8444,131310,5,5,6108
4-Jul-21,68656,10236,131340,2,2,1257.76
4-Jul-21,68682,11147,131391,2,0,1470
4-Jul-21,68735,9916,131505,1,0,2797
4-Jul-21,68774,11731,131580,1,0,5229.63
4-Jul-21,68795,2862,131610,1,0,4200
4-Jul-21,68832,9916,131652,1,1,2797
4-Jul-21,68840,1038,131661,1,1,6724
4-Jul-21,68910,8073,131787,1,0,5345
4-Jul-21,68934,11121,131829,3,3,2532
4-Jul-21,68983,7775,131934,1,0,6791
4-Jul-21,69025,11583,132000,1,0,2268
4-Jul-21,69029,9150,132006,1,0,210.08
4-Jul-21,69054,1548,132054,1,0,10763
4-Jul-21,69072,10530,132093,1,1,2473.73
4-Jul-21,69110,1041,132159,2,2,4272
4-Jul-21,69186,10224,132315,1,1,4132.2
4-Jul-21,69209,12690,132357,2,2,2238.1
4-Jul-21,69257,7823,132441,1,1,6023
4-Jul-21,69293,11155,132477,1,0,12758
4-Jul-21,69301,8219,132495,1,1,13597
4-Jul-21,69323,10236,132537,1,1,1257.6
4-Jul-21,69332,8444,132549,4,0,3350
4-Jul-21,69338,1041,132564,2,2,5429
4-Jul-21,69340,8219,132570,4,4,13288.2
4-Jul-21,69397,8337,132693,1,0,1569
4-Jul-21,69422,11113,132738,1,0,4561
4-Jul-21,69440,8444,132756,1,1,6345
4-Jul-21,69449,1548,132771,2,2,5127.12
4-Jul-21,69559,8390,132987,1,0,607
4-Jul-21,69567,8210,133002,8,8,12674
4-Jul-21,69633,10204,133110,1,1,3242
4-Jul-21,69634,10235,133113,3,3,1369.9
4-Jul-21,69637,8428,133116,10,0,1734
4-Jul-21,69718,10225,133275,1,0,4177.1
4-Jul-21,69739,11133,133314,1,0,7358
4-Jul-21,69826,8425,133491,1,0,4110
4-Jul-21,69839,8428,133509,10,10,1734
4-Jul-21,69864,11155,133563,1,0,6725
4-Jul-21,69871,11731,133578,1,0,4947.59
4-Jul-21,69900,11143,133656,1,0,2478
4-Jul-21,69952,8664,133740,1,1,2320
4-Jul-21,70084,11143,133986,1,1,2688
4-Jul-21,70123,1043,134061,2,2,20579
4-Jul-21,70265,7640,134352,3,3,13886
4-Jul-21,70294,10204,134406,1,1,3242
4-Jul-21,70299,8444,134409,1,0,6108
4-Jul-21,70372,8444,134550,2,0,3252
4-Jul-21,70376,10224,134556,2,2,4132.2
4-Jul-21,70386,1038,134565,1,1,6724
4-Jul-21,70484,7802,134745,1,0,4956
4-Jul-21,70697,12701,135195,2,2,5013.56
4-Jul-21,70704,10235,135213,8,8,1325
4-Jul-21,70705,1038,135216,1,1,7450
4-Jul-21,70708,11108,135222,1,0,3549
4-Jul-21,70729,7553,135255,1,0,5966.1
4-Jul-21,70731,7553,135261,1,0,5966.1
4-Jul-21,70802,1038,135396,10,10,6985
4-Jul-21,70822,8425,135435,6,5,4110
4-Jul-21,70835,1038,135456,1,0,6855
4-Jul-21,70840,11118,135468,3,0,2142
4-Jul-21,70861,8210,135501,1,1,12390
4-Jul-21,70875,11118,135525,1,0,2722
4-Jul-21,70987,1041,135741,1,0,4693
4-Jul-21,71076,9174,135924,2,2,5297
4-Jul-21,71091,10227,135945,5,0,1421
4-Jul-21,71105,10529,135972,1,1,13965
4-Jul-21,71119,11107,135996,1,1,3166
4-Jul-21,71180,1041,136092,4,4,4240
4-Jul-21,71189,3615,136107,3,0,4339
4-Jul-21,71220,7640,136170,4,4,13886
4-Jul-21,71221,8219,136170,2,1,13288.2
4-Jul-21,71247,7547,136212,1,0,13380
4-Jul-21,71248,1548,136215,1,0,10509
4-Jul-21,71298,11123,136299,1,1,5162
4-Jul-21,71304,11143,136302,1,0,2688
4-Jul-21,71349,8639,136404,1,0,2500
4-Jul-21,71362,11123,136431,1,0,5915
4-Jul-21,71366,10225,136440,4,4,3997.5
4-Jul-21,71370,11118,136449,3,0,2722
4-Jul-21,71398,10975,136503,1,1,14372
4-Jul-21,71403,9877,136509,1,0,11282
4-Jul-21,71417,9916,136533,2,2,2619
4-Jul-21,71478,11118,136653,1,0,2478
4-Jul-21,71495,8335,136692,2,2,2597
4-Jul-21,71503,7990,136701,1,1,3056
4-Jul-21,71506,1038,136704,1,1,6988
4-Jul-21,71526,1038,136740,1,1,7121
4-Jul-21,71586,9916,136863,1,1,2619
4-Jul-21,71655,9925,136995,4,4,3152.54
4-Jul-21,71684,1548,137055,2,0,10509
4-Jul-21,71712,8386,137112,1,0,7329
4-Jul-21,71737,11118,137166,1,0,2734
4-Jul-21,71740,9925,137175,1,0,3152.54
4-Jul-21,71806,9174,137289,2,1,5297
4-Jul-21,71816,8422,137316,2,2,3218
4-Jul-21,71823,8131,137325,1,0,8537
4-Jul-21,71929,9171,137526,1,0,4630
4-Jul-21,71959,3269,137595,1,1,10677
4-Jul-21,71993,12688,137655,6,6,1047.62
4-Jul-21,72025,8428,137703,15,15,1666.1
4-Jul-21,72040,7271,137736,1,0,2239
4-Jul-21,72051,1041,137766,1,0,5004
4-Jul-21,72087,11160,137838,1,1,5439
4-Jul-21,72107,11106,137877,1,0,3560
4-Jul-21,72163,4439,137961,1,0,157.714
4-Jul-21,72224,11147,138078,2,2,1470
4-Jul-21,72304,11123,138249,1,1,5757
4-Jul-21,72313,3284,138264,5,5,3634
4-Jul-21,72345,9915,138327,1,1,2881
4-Jul-21,72379,1548,138402,1,0,5551
4-Jul-21,72407,7776,138462,1,0,2510
4-Jul-21,146928,10204,296736,1,1,4024
4-Jul-21,146950,10235,296772,15,15,1446
4-Jul-21,147053,1043,296970,1,1,5854
4-Jul-21,147084,12502,297036,1,1,7526
4-Jul-21,147091,1041,297048,2,0,5334
4-Jul-21,147100,1038,297063,15,15,8042
4-Jul-21,147182,12472,297234,1,1,25920
4-Jul-21,147202,8444,297279,1,0,6034
4-Jul-21,147222,13524,297330,1,0,4476
4-Jul-21,147249,10235,297378,3,0,1446
4-Jul-21,147311,10204,297495,1,1,4024
4-Jul-21,147338,8428,297555,10,0,1618
5-Jul-21,62621,1548,119898,1,0,10509
5-Jul-21,62643,11958,119922,1,0,2028.81
5-Jul-21,62646,1805,119931,1,0,18732.9
5-Jul-21,62652,3615,119946,1,0,4252
5-Jul-21,62727,12407,120108,1,1,11271
5-Jul-21,62803,9916,120285,5,0,2269.07
5-Jul-21,62807,7767,120294,1,0,735
5-Jul-21,62810,11155,120303,1,0,6725
5-Jul-21,62848,1043,120381,6,0,20704
5-Jul-21,62879,8444,120429,1,0,5741
5-Jul-21,62902,2282,120477,6,6,3960
5-Jul-21,62906,3603,120486,2,2,5629
5-Jul-21,62918,2862,120504,1,0,4200
5-Jul-21,63041,2862,120759,1,0,4200
5-Jul-21,63066,1041,120786,5,0,4532
5-Jul-21,63091,10235,120843,2,2,1325
5-Jul-21,63103,2282,120873,80,0,4000
5-Jul-21,63124,8425,120918,1,0,3619.5
5-Jul-21,63180,8444,121002,1,0,6156
5-Jul-21,63241,10975,121104,1,0,21225
5-Jul-21,63281,11107,121185,1,1,3112.09
5-Jul-21,63315,1548,121251,2,2,10509
5-Jul-21,63356,12678,121338,1,0,1761.9
5-Jul-21,63357,3610,121341,5,5,12605
5-Jul-21,63428,8444,121482,1,0,3271.8
5-Jul-21,63453,8422,121539,1,0,2942
5-Jul-21,63464,11121,121554,1,0,2926
5-Jul-21,63484,11119,121587,1,0,10055
5-Jul-21,63542,11106,121623,1,1,3560
5-Jul-21,63549,12661,121638,1,0,7027.8
5-Jul-21,63582,3284,121680,20,20,3306
5-Jul-21,63612,1040,121734,20,0,3503
5-Jul-21,63614,11118,121740,1,0,2142
5-Jul-21,63685,11118,121881,2,2,2142
5-Jul-21,63708,9915,121935,3,0,2447
5-Jul-21,63742,11658,122019,1,1,1365
5-Jul-21,63744,1548,122022,1,0,10509
5-Jul-21,63760,12700,122049,1,1,6940.7
5-Jul-21,63824,8219,122163,5,5,13288.2
5-Jul-21,63825,8219,122163,5,5,13488.3
5-Jul-21,63831,11907,122175,2,2,3932.25
5-Jul-21,63873,3610,122247,5,5,8085
5-Jul-21,63876,12652,122247,20,20,7203.4
5-Jul-21,63898,10235,122289,5,5,1324.5
5-Jul-21,63905,8444,122304,3,0,3271.8
5-Jul-21,63939,1039,122376,3,0,2478
5-Jul-21,63942,12700,122385,1,1,11370
5-Jul-21,63963,11125,122418,1,0,1891
5-Jul-21,63998,11147,122475,2,0,1470
5-Jul-21,64013,8425,122508,2,0,3522.2
5-Jul-21,64046,8425,122559,2,2,3468
5-Jul-21,64052,11146,122571,1,1,3833
5-Jul-21,64088,11161,122619,1,1,6594
5-Jul-21,64143,8425,122718,2,2,3374
5-Jul-21,64148,11169,122727,1,1,2772
5-Jul-21,64195,1041,122826,2,2,4240.14
5-Jul-21,64208,9925,122850,13,13,3038
5-Jul-21,64247,8428,122928,1,0,1960
5-Jul-21,64248,8428,122928,1,0,789
5-Jul-21,64253,11118,122928,1,0,2478
5-Jul-21,64299,11154,123009,5,5,10594
5-Jul-21,64311,10224,123033,1,1,4283.19
5-Jul-21,64455,10235,123270,1,0,1350
5-Jul-21,64456,11146,123273,1,0,4358
5-Jul-21,64460,7890,123285,1,0,2194
5-Jul-21,64534,10235,123402,1,0,1368.99
5-Jul-21,64535,7890,123405,1,1,2184
5-Jul-21,64593,3279,123531,1,0,5461
5-Jul-21,64609,11147,123567,4,0,1391
5-Jul-21,64625,7666,123594,4,0,10678
5-Jul-21,64628,11267,123603,5,5,2656.07
5-Jul-21,64667,8435,123669,1,0,5734
5-Jul-21,64751,8425,123834,3,0,4106
5-Jul-21,64809,1043,123936,1,1,20579.4
5-Jul-21,64837,2105,123993,5,0,88.8
5-Jul-21,64872,8443,124044,1,0,5526
5-Jul-21,64876,3645,124050,4,0,1951
5-Jul-21,64889,7867,124068,1,0,2014
5-Jul-21,64920,11189,124119,2,0,5145
5-Jul-21,64938,8457,124170,2,0,15834
5-Jul-21,64946,9925,124188,4,0,4783
5-Jul-21,64963,1040,124221,1,0,3435.81
5-Jul-21,64973,9174,124239,1,0,5297
5-Jul-21,65052,10235,124368,4,4,1369.9
5-Jul-21,65090,12460,124443,1,1,13135.5
5-Jul-21,65141,11118,124545,1,0,2722
5-Jul-21,65156,11146,124581,1,0,8384
5-Jul-21,65193,8210,124620,4,4,6720
5-Jul-21,65297,11140,124848,5,0,4066
5-Jul-21,65326,11156,124908,1,1,3885
5-Jul-21,65332,11907,124920,1,1,3932.25
5-Jul-21,65411,7666,125085,1,1,10933
5-Jul-21,65422,10975,125112,1,1,19029
5-Jul-21,65442,7802,125148,1,1,5114
5-Jul-21,65468,10529,125193,1,1,7207
5-Jul-21,65502,11658,125259,1,0,1365
5-Jul-21,65627,8444,125511,1,0,5741
5-Jul-21,65642,11118,125532,1,0,2478
5-Jul-21,65679,1041,125595,1,1,4528
5-Jul-21,65698,3610,125622,1,0,12674
5-Jul-21,65717,10237,125658,1,0,3323.7
5-Jul-21,65734,10975,125694,2,0,11254.5
5-Jul-21,65758,8462,125742,2,1,7403
5-Jul-21,65774,3279,125775,1,0,5300
5-Jul-21,66018,8444,126270,1,0,5872
5-Jul-21,66025,1041,126279,1,0,4240
5-Jul-21,66052,10235,126336,5,0,1325
5-Jul-21,66074,8447,126378,1,0,2487
5-Jul-21,66104,11907,126441,1,1,3932.25
5-Jul-21,66138,11658,126501,1,0,1365
5-Jul-21,66177,12680,126579,2,2,2000
5-Jul-21,66182,9919,126585,1,1,3844
5-Jul-21,66189,9915,126600,3,3,2881
5-Jul-21,66202,10235,126627,4,0,1368.99
5-Jul-21,66229,8413,126675,1,1,2037
5-Jul-21,66248,9919,126696,2,0,3702
5-Jul-21,66311,10235,126822,2,2,1369.9
5-Jul-21,66351,12749,126903,1,0,4025.42
5-Jul-21,66381,1038,126960,4,4,6855
5-Jul-21,66405,10235,127005,5,5,1324.5
5-Jul-21,66425,11146,127053,1,1,3648
5-Jul-21,66459,8210,127116,1,1,12674
5-Jul-21,66540,11106,127269,2,0,4120
5-Jul-21,66579,10975,127362,5,0,12127
5-Jul-21,66580,10975,127365,1,0,22008.5
5-Jul-21,66589,9895,127386,2,0,1393
5-Jul-21,66626,9894,127458,1,0,4521
5-Jul-21,66635,7640,127473,1,1,13642.3
5-Jul-21,66641,11152,127479,2,2,6955
5-Jul-21,66648,8425,127494,4,0,3983.05
5-Jul-21,66681,7785,127566,4,0,2730
5-Jul-21,66710,10236,127611,1,0,1302.5
5-Jul-21,66753,1041,127668,2,2,4272
5-Jul-21,66814,11143,127758,1,0,3266
5-Jul-21,66829,11583,127785,1,0,2961
5-Jul-21,66842,9919,127803,1,0,3666
5-Jul-21,66847,7827,127812,1,1,6198.31
5-Jul-21,66881,12502,127869,1,0,22000
5-Jul-21,66885,8762,127878,1,0,5637
5-Jul-21,66945,8425,128010,2,2,4406.78
5-Jul-21,66983,8424,128085,1,0,8590
5-Jul-21,66986,11123,128088,2,0,3352
5-Jul-21,67008,3610,128142,1,1,7607
5-Jul-21,67044,12710,128214,3,3,9600
5-Jul-21,67076,7666,128286,1,1,10933
5-Jul-21,67115,11137,128355,2,2,3364
5-Jul-21,67192,11189,128517,1,0,5084
5-Jul-21,67210,8349,128559,2,0,2701
5-Jul-21,67214,8429,128568,3,0,3257
5-Jul-21,67220,7858,128586,1,0,6153
5-Jul-21,67259,9901,128652,1,0,3549
5-Jul-21,67278,11118,128688,2,2,2478
5-Jul-21,67317,8219,128757,1,1,14238
5-Jul-21,67390,11118,128907,1,0,2478
5-Jul-21,67411,7666,128952,1,1,10933
5-Jul-21,67418,8195,128964,1,0,18829
5-Jul-21,67437,11152,128994,1,0,6955
5-Jul-21,67503,8444,129117,1,1,5977
5-Jul-21,67526,10236,129156,1,0,1302.5
5-Jul-21,67531,9910,129165,4,4,1637
5-Jul-21,67558,8420,129222,1,0,5756
5-Jul-21,67578,11152,129255,1,0,6038
5-Jul-21,67629,8432,129366,1,0,3899
5-Jul-21,67661,10235,129441,1,0,1368.99
5-Jul-21,67682,1039,129477,2,2,2280
5-Jul-21,67711,1041,129534,1,0,4252
5-Jul-21,67759,8684,129624,1,0,2578
5-Jul-21,67823,12682,129732,1,1,2904.76
5-Jul-21,67829,11143,129738,1,0,2810
5-Jul-21,67855,11899,129801,2,2,13056.6
5-Jul-21,67882,11123,129867,1,0,5162
5-Jul-21,67895,12500,129894,1,0,2119
5-Jul-21,67918,11118,129951,1,1,2478
5-Jul-21,67960,12652,130032,15,15,7203.4
5-Jul-21,67996,1038,130095,1,1,6855
5-Jul-21,68004,8325,130110,1,1,8983.05
5-Jul-21,68036,8444,130167,1,0,3252
5-Jul-21,68086,11146,130275,1,1,3833
5-Jul-21,68220,3279,130527,1,0,5753
5-Jul-21,68244,9891,130575,1,0,10769
5-Jul-21,68253,10235,130596,3,0,1325
5-Jul-21,68267,1548,130626,1,1,10509
5-Jul-21,68389,8421,130872,2,0,3882
5-Jul-21,68442,11907,130956,5,0,4204
5-Jul-21,68472,10235,131004,1,0,1369.9
5-Jul-21,68523,10224,131103,1,1,4132.2
5-Jul-21,68588,8444,131223,10,10,6108
5-Jul-21,68636,8444,131310,5,5,6207
5-Jul-21,68663,3610,131349,1,0,11939
5-Jul-21,68681,11123,131391,1,0,7062
5-Jul-21,68684,11123,131394,1,1,7062
5-Jul-21,68699,8444,131427,1,0,6108
5-Jul-21,68712,8131,131454,1,0,8537
5-Jul-21,68715,10531,131454,1,0,2204
5-Jul-21,68734,10235,131502,1,0,1369.9
5-Jul-21,68775,8751,131583,1,0,4116
5-Jul-21,68809,7640,131637,4,4,13886
5-Jul-21,68833,10245,131652,1,1,5210.5
5-Jul-21,68837,8753,131658,1,0,7161.05
5-Jul-21,68851,8444,131661,2,2,6207
5-Jul-21,68872,8361,131697,1,0,4819
5-Jul-21,68882,3615,131721,2,2,4353
5-Jul-21,68892,10235,131745,2,2,1344.5
5-Jul-21,68904,11107,131772,6,6,3166
5-Jul-21,68941,1548,131841,2,2,5127.11
5-Jul-21,68974,11187,131916,2,2,9975
5-Jul-21,69035,10975,132018,1,1,7563.56
5-Jul-21,69057,12420,132060,1,0,1776.64
5-Jul-21,69061,1548,132069,1,1,10763
5-Jul-21,69091,1041,132123,5,0,4455
5-Jul-21,69176,8664,132294,5,5,2288.2
5-Jul-21,69200,9916,132339,5,0,2619
5-Jul-21,69202,9915,132345,9,8,2447
5-Jul-21,69217,3592,132369,1,1,8987
5-Jul-21,69218,7271,132372,3,0,2177
5-Jul-21,69219,10236,132372,2,0,1302.25
5-Jul-21,69235,8424,132402,1,0,3854
5-Jul-21,69258,7823,132441,1,1,6182
5-Jul-21,69268,10975,132450,1,0,11254.5
5-Jul-21,69282,7271,132462,1,0,2239
5-Jul-21,69288,10235,132465,4,4,1325
5-Jul-21,69295,8444,132483,1,0,6880
5-Jul-21,69298,8425,132492,1,0,4210
5-Jul-21,69302,8428,132498,20,16,1540
5-Jul-21,69316,1039,132531,1,0,2478
5-Jul-21,69339,7545,132567,1,0,6498
5-Jul-21,69371,8210,132639,1,1,6694
5-Jul-21,69381,7504,132651,1,1,3992
5-Jul-21,69383,8221,132657,3,3,2789
5-Jul-21,69406,1041,132717,1,1,4725
5-Jul-21,69407,1041,132720,1,0,4693
5-Jul-21,69455,10520,132783,1,0,3571.32
5-Jul-21,69469,8444,132804,1,1,6345
5-Jul-21,69493,12487,132861,2,2,3423
5-Jul-21,69499,7583,132873,1,1,15593
5-Jul-21,69500,8361,132876,1,0,5247
5-Jul-21,69509,1039,132894,10,10,2478
5-Jul-21,69511,3568,132900,8,8,6931
5-Jul-21,69513,1039,132903,3,2,2478
5-Jul-21,69522,8354,132918,3,0,15289
5-Jul-21,69595,10235,133044,4,4,1420
5-Jul-21,69624,8444,133092,3,0,3252
5-Jul-21,69639,8443,133122,1,0,5989
5-Jul-21,69675,8337,133188,1,1,1569
5-Jul-21,69707,8444,133257,2,2,6166
5-Jul-21,69723,1548,133284,1,0,5127.12
5-Jul-21,69741,3610,133317,1,0,7817
5-Jul-21,69763,11138,133359,1,1,6496
5-Jul-21,69772,10236,133380,1,0,1257.6
5-Jul-21,69883,3611,133611,2,0,3149
5-Jul-21,69898,2862,133650,1,0,4200
5-Jul-21,69911,8425,133674,1,1,4110
5-Jul-21,69954,9916,133740,3,3,2619
5-Jul-21,69975,10204,133773,1,1,3711
5-Jul-21,69984,8210,133794,1,1,13007
5-Jul-21,69985,12911,133797,200,200,720
5-Jul-21,70033,11162,133884,1,0,2762
5-Jul-21,70037,8131,133893,2,0,8379
5-Jul-21,70038,8221,133896,2,0,2789
5-Jul-21,70058,8444,133938,1,1,6108
5-Jul-21,70060,8444,133944,1,1,6345
5-Jul-21,70096,3611,134013,1,0,3149
5-Jul-21,70113,10235,134046,1,0,1420
5-Jul-21,70179,11107,134184,1,0,3166
5-Jul-21,70203,8437,134226,5,5,2053
5-Jul-21,70211,11186,134247,2,2,3499
5-Jul-21,70278,12749,134376,2,1,4186.44
5-Jul-21,70286,11146,134391,1,0,9923
5-Jul-21,70311,8664,134430,10,10,2320
5-Jul-21,70383,9925,134562,2,0,3038
5-Jul-21,70388,10975,134571,1,0,22008.5
5-Jul-21,70409,7640,134607,10,0,13886
5-Jul-21,70432,1548,134640,1,0,10509
5-Jul-21,70434,8444,134643,1,0,5940
5-Jul-21,70445,8444,134661,3,0,6108
5-Jul-21,70502,11189,134775,5,0,5084
5-Jul-21,70509,1043,134796,1,1,10533
5-Jul-21,70543,11121,134880,1,0,2532
5-Jul-21,70569,12762,134952,2,0,798.02
5-Jul-21,70582,10204,134982,1,0,3490
5-Jul-21,70631,1038,135075,1,0,7450
5-Jul-21,70644,9171,135105,1,0,4630
5-Jul-21,70645,9171,135105,1,0,4799
5-Jul-21,70663,11731,135135,1,0,4402
5-Jul-21,70702,11246,135207,2,2,3047
5-Jul-21,70775,8219,135357,2,2,13288.2
5-Jul-21,70796,10225,135384,1,1,4177.1
5-Jul-21,70811,9174,135414,1,0,5297
5-Jul-21,70830,12799,135450,1,0,15726.9
5-Jul-21,70849,10235,135486,4,4,1369.9
5-Jul-21,70870,11118,135519,3,3,2722
5-Jul-21,70944,3610,135660,2,0,11939
5-Jul-21,70983,12678,135729,2,2,1761.9
5-Jul-21,70992,8444,135750,1,1,6166
5-Jul-21,71000,10226,135765,1,0,3772.9
5-Jul-21,71053,8210,135879,1,0,6694
5-Jul-21,71055,8210,135882,1,1,6694
5-Jul-21,71058,7640,135888,2,2,13886
5-Jul-21,71094,12762,135954,2,2,798.02
5-Jul-21,71126,9915,136008,1,0,2447
5-Jul-21,71128,8444,136008,1,0,6166
5-Jul-21,71148,10224,136038,1,1,4311
5-Jul-21,71163,7271,136065,5,5,2216
5-Jul-21,71200,7640,136122,20,0,13886
5-Jul-21,71207,8420,136140,1,1,5860
5-Jul-21,71213,11168,136155,1,0,5912
5-Jul-21,71229,8444,136188,1,0,6166
5-Jul-21,71244,7858,136209,1,0,3213
5-Jul-21,71270,3284,136242,4,0,3690
5-Jul-21,71296,1041,136296,1,0,4725
5-Jul-21,71310,3611,136317,1,0,3149
5-Jul-21,71318,2862,136338,1,0,4200
5-Jul-21,71320,12701,136344,1,0,7253.9
5-Jul-21,71345,12800,136398,1,0,4
5-Jul-21,71346,9880,136401,1,0,12204
5-Jul-21,71378,12701,136461,1,0,5013.56
5-Jul-21,71438,8425,136575,2,2,4110
5-Jul-21,71528,9934,136743,1,0,4970
5-Jul-21,71545,1548,136770,1,1,10509
5-Jul-21,71571,1805,136827,3,3,18733
5-Jul-21,71602,8443,136896,1,1,6800
5-Jul-21,71621,1548,136932,2,0,5127.12
5-Jul-21,71640,11118,136968,1,0,2142
5-Jul-21,71644,11960,136974,5,5,3393.22
5-Jul-21,71656,11162,136995,1,0,3100
5-Jul-21,71668,8131,137019,1,1,4828
5-Jul-21,71697,1548,137082,1,1,5127.11
5-Jul-21,71710,1548,137106,1,1,5551
5-Jul-21,71832,1548,137343,1,1,10763
5-Jul-21,71856,8210,137388,1,1,12788
5-Jul-21,71987,12882,137646,2,0,4884
5-Jul-21,71988,9915,137649,1,1,2881
5-Jul-21,71995,9174,137658,1,0,5526.01
5-Jul-21,72039,8444,137733,10,0,3252
5-Jul-21,72049,8335,137760,1,1,2597
5-Jul-21,72072,11152,137817,1,1,6038
5-Jul-21,72077,11125,137829,2,0,1891
5-Jul-21,72082,8439,137832,1,1,2200
5-Jul-21,72114,11140,137889,3,3,2445
5-Jul-21,72165,12681,137967,1,1,3333.33
5-Jul-21,72390,1548,138429,2,2,5127.12
5-Jul-21,72422,11106,138492,1,1,3560
5-Jul-21,146927,11154,296733,1,0,13904
5-Jul-21,146942,8457,296757,1,1,7755
5-Jul-21,146969,8221,296820,1,0,6182
5-Jul-21,146975,12697,296826,1,1,1052
5-Jul-21,146994,7553,296865,1,1,6167
5-Jul-21,146996,9171,296865,1,1,6634
5-Jul-21,147079,12506,297021,1,1,32990
5-Jul-21,147089,10235,297045,1,0,1446
5-Jul-21,147122,10236,297102,1,1,1341
5-Jul-21,147144,8425,297150,30,0,4930
5-Jul-21,147208,8428,297297,3,0,1618
5-Jul-21,147247,8444,297372,1,0,3658
5-Jul-21,147277,10236,297429,1,1,1341
6-Jul-21,62610,7607,119877,1,0,6203.4
6-Jul-21,62633,9924,119907,1,1,5021
6-Jul-21,62651,11143,119943,1,1,2688
6-Jul-21,62680,8219,119988,2,2,13597
6-Jul-21,62695,11907,120027,2,0,3932.25
6-Jul-21,62761,2862,120189,1,0,4200
6-Jul-21,62765,1038,120195,2,2,6854
6-Jul-21,62842,12404,120372,1,0,4115.82
6-Jul-21,62857,11124,120399,1,1,886
6-Jul-21,62869,11146,120426,1,1,4358
6-Jul-21,62929,11124,120513,1,0,682
6-Jul-21,62943,8622,120549,1,0,30450
6-Jul-21,62949,7640,120567,10,0,14617
6-Jul-21,62986,7640,120639,23,23,12883.8
6-Jul-21,62990,3234,120651,4,3,10700
6-Jul-21,63016,8438,120708,1,0,3629
6-Jul-21,63023,10235,120714,5,0,1350
6-Jul-21,63122,1038,120915,10,0,7246.87
6-Jul-21,63123,8425,120918,2,0,3522.2
6-Jul-21,63248,10975,121116,1,0,21225
6-Jul-21,63370,3611,121374,2,0,3149.44
6-Jul-21,63375,3611,121386,2,0,3149.44
6-Jul-21,63379,8420,121392,1,0,5824
6-Jul-21,63414,11731,121458,1,0,4402
6-Jul-21,63448,3279,121530,1,0,5461
6-Jul-21,63489,11140,121587,1,0,2445
6-Jul-21,63495,11152,121587,1,0,6279
6-Jul-21,63535,8411,121617,1,0,1417
6-Jul-21,63553,11138,121650,1,0,61444
6-Jul-21,63588,8438,121695,2,0,3511
6-Jul-21,63590,9915,121698,1,1,2447
6-Jul-21,63591,8425,121701,1,0,3374
6-Jul-21,63631,8425,121770,1,0,3619.5
6-Jul-21,63662,1039,121833,1,0,2236
6-Jul-21,63666,8425,121842,1,1,3522.2
6-Jul-21,63677,8662,121863,1,0,2680
6-Jul-21,63689,7526,121893,2,0,5932.2
6-Jul-21,63739,9925,122010,2,2,3038
6-Jul-21,63747,10227,122028,1,1,1369.92
6-Jul-21,63799,12407,122124,1,1,11271
6-Jul-21,63802,7504,122133,1,1,4025.43
6-Jul-21,63850,8219,122217,1,1,13288.2
6-Jul-21,63915,11107,122325,5,0,3213
6-Jul-21,63945,12749,122391,2,0,4027.25
6-Jul-21,63970,11173,122424,1,0,8588
6-Jul-21,63985,11146,122454,9,0,8384
6-Jul-21,64006,11731,122496,1,0,5229.63
6-Jul-21,64051,12749,122568,1,0,4027.25
6-Jul-21,64101,8420,122655,1,0,6221
6-Jul-21,64112,1040,122676,1,1,3503
6-Jul-21,64138,1041,122712,1,1,4719
6-Jul-21,64182,9925,122799,9,9,3038
6-Jul-21,64263,3603,122943,2,2,8850
6-Jul-21,64294,11154,123000,6,0,10594
6-Jul-21,64301,11154,123015,5,0,10594
6-Jul-21,64323,7809,123051,1,1,3948
6-Jul-21,64340,10235,123078,1,0,1368.99
6-Jul-21,64342,12099,123081,9,0,5700
6-Jul-21,64363,8425,123105,2,0,3522.2
6-Jul-21,64396,11124,123174,1,0,802
6-Jul-21,64480,8425,123312,5,0,3468
6-Jul-21,64517,9925,123375,4,0,3038
6-Jul-21,64559,11245,123468,2,2,5232
6-Jul-21,64565,12677,123477,1,1,2142.86
6-Jul-21,64602,12701,123549,1,0,5317.97
6-Jul-21,64610,11147,123567,3,0,1470
6-Jul-21,64612,8444,123570,3,3,3166.8
6-Jul-21,64635,11118,123615,3,0,2722
6-Jul-21,64639,8664,123627,2,2,2288.2
6-Jul-21,64680,8425,123696,5,0,3468
6-Jul-21,64695,11147,123726,1,1,1471
6-Jul-21,64711,11109,123756,1,0,5590
6-Jul-21,64743,7607,123819,1,0,7220
6-Jul-21,64780,7921,123882,1,0,1056.8
6-Jul-21,64795,8482,123906,1,1,9700
6-Jul-21,64811,10227,123939,11,11,1369.92
6-Jul-21,64887,8425,124065,1,0,3374
6-Jul-21,64932,11163,124152,1,0,5701
6-Jul-21,64951,1039,124200,5,0,2251
6-Jul-21,64954,1041,124206,1,0,4532
6-Jul-21,64958,8425,124215,2,2,3619.5
6-Jul-21,65059,3603,124380,2,2,8850
6-Jul-21,65060,3603,124380,3,3,5629
6-Jul-21,65072,7640,124407,2,0,13642.3
6-Jul-21,65105,10975,124473,1,1,13542.7
6-Jul-21,65139,10975,124539,1,0,19029
6-Jul-21,65157,11146,124581,1,0,6917
6-Jul-21,65221,11118,124683,5,4,2722
6-Jul-21,65242,11731,124728,1,0,4947.59
6-Jul-21,65272,7607,124797,1,0,7220
6-Jul-21,65314,11152,124887,1,0,6955
6-Jul-21,65423,10520,125115,4,0,3876
6-Jul-21,65434,10204,125130,1,0,3490
6-Jul-21,65437,10204,125136,1,0,3490
6-Jul-21,65466,3603,125190,2,1,5629
6-Jul-21,65474,9916,125205,2,2,2619
6-Jul-21,65594,11162,125460,1,0,3074
6-Jul-21,65608,11146,125487,1,0,8384
6-Jul-21,65614,11169,125499,1,1,2919
6-Jul-21,65721,3284,125667,5,0,3306
6-Jul-21,65737,1040,125697,1,0,3447
6-Jul-21,65794,9915,125814,1,1,2881
6-Jul-21,65803,12680,125835,1,0,2000
6-Jul-21,65828,11143,125865,1,0,2478
6-Jul-21,65831,11161,125865,1,0,5969
6-Jul-21,65888,12700,125970,1,0,11128
6-Jul-21,65957,11140,126129,1,0,6977
6-Jul-21,65992,11124,126213,1,0,655
6-Jul-21,66071,1548,126375,3,0,10509
6-Jul-21,66094,8428,126414,5,0,1960
6-Jul-21,66103,7554,126438,1,0,12127.1
6-Jul-21,66121,10235,126465,8,0,1325
6-Jul-21,66144,9897,126507,1,0,2062
6-Jul-21,66168,10204,126564,1,0,3242
6-Jul-21,66249,3610,126699,5,5,11939
6-Jul-21,66274,1548,126756,3,0,10509
6-Jul-21,66334,12700,126861,1,1,7924
6-Jul-21,66336,12784,126864,1,1,2850
6-Jul-21,66362,12749,126927,1,0,4025.42
6-Jul-21,66383,1038,126963,10,0,6985
6-Jul-21,66408,9925,127014,5,0,3038
6-Jul-21,66506,7666,127197,1,0,5636
6-Jul-21,66558,9881,127314,1,0,9067
6-Jul-21,66617,8434,127437,1,0,11536
6-Jul-21,66623,11899,127452,1,1,12396.5
6-Jul-21,66637,12652,127473,3,3,7203.4
6-Jul-21,66700,8210,127602,10,0,12788
6-Jul-21,66701,8210,127602,10,0,13007
6-Jul-21,66741,9915,127647,2,2,2881
6-Jul-21,66791,10236,127737,2,2,1302.5
6-Jul-21,66817,8443,127761,1,0,5901
6-Jul-21,66868,8425,127839,2,0,3983.05
6-Jul-21,66871,8425,127842,1,1,4406.78
6-Jul-21,66966,11133,128052,1,1,3065
6-Jul-21,67038,11141,128202,1,0,4578
6-Jul-21,67068,9942,128265,1,0,3368
6-Jul-21,67086,1040,128301,1,1,3483
6-Jul-21,67119,12686,128364,1,0,1595.24
6-Jul-21,67140,7666,128403,1,1,10933
6-Jul-21,67272,8425,128682,2,0,3983.05
6-Jul-21,67277,11106,128688,1,1,3770
6-Jul-21,67279,11141,128688,1,1,4578
6-Jul-21,67291,3610,128715,4,4,11939
6-Jul-21,67298,11106,128727,1,0,3770
6-Jul-21,67311,10235,128748,4,4,1369.9
6-Jul-21,67334,11124,128790,1,0,682
6-Jul-21,67364,9919,128847,2,2,3844
6-Jul-21,67365,9919,128847,1,1,3666
6-Jul-21,67402,10235,128937,7,7,1325
6-Jul-21,67408,1548,128952,1,1,10763
6-Jul-21,67430,11152,128982,1,0,6955
6-Jul-21,67460,7666,129036,1,1,10182
6-Jul-21,67468,10204,129057,1,0,3066
6-Jul-21,67469,11169,129060,1,0,5208
6-Jul-21,67520,10204,129141,2,2,3490
6-Jul-21,67705,3610,129522,1,1,12605
6-Jul-21,67750,12800,129603,50,0,4
6-Jul-21,67794,8444,129678,1,0,6345
6-Jul-21,67798,1548,129684,1,1,10509
6-Jul-21,67844,10225,129777,1,1,3997.5
6-Jul-21,67864,8443,129816,1,0,6800
6-Jul-21,67954,10235,130017,9,9,1344.5
6-Jul-21,67955,11123,130020,1,0,5162
6-Jul-21,68042,8439,130182,1,0,1010
6-Jul-21,68087,11143,130278,1,0,2822
6-Jul-21,68093,11147,130284,1,0,1470
6-Jul-21,68115,8221,130329,2,2,2789
6-Jul-21,68135,9919,130368,5,5,3666
6-Jul-21,68277,9855,130650,1,0,2506
6-Jul-21,68291,10235,130686,2,2,1369.9
6-Jul-21,68328,3279,130764,1,0,5837
6-Jul-21,68348,1041,130806,1,1,5004
6-Jul-21,68395,8422,130887,1,0,3218
6-Jul-21,68396,8422,130887,1,0,5942
6-Jul-21,68402,9897,130896,1,0,9712
6-Jul-21,68422,8221,130923,2,0,2789
6-Jul-21,68438,9919,130947,1,0,3666
6-Jul-21,68491,12713,131046,2,2,2400
6-Jul-21,68509,11136,131079,1,1,2533
6-Jul-21,68527,1038,131112,3,3,6855
6-Jul-21,68547,1548,131154,20,0,10509
6-Jul-21,68581,8420,131208,1,0,5661
6-Jul-21,68667,7775,131358,4,4,6791
6-Jul-21,68692,7705,131412,1,0,2732
6-Jul-21,68736,9916,131505,1,0,2619
6-Jul-21,68767,7243,131571,1,0,3165
6-Jul-21,68776,8751,131586,1,0,4116
6-Jul-21,68894,12487,131748,2,2,3423
6-Jul-21,68899,11123,131763,1,0,5757
6-Jul-21,68939,8131,131835,1,1,8537
6-Jul-21,68978,1038,131922,1,1,6724
6-Jul-21,69024,10204,132000,1,0,3066
6-Jul-21,69146,8424,132234,1,0,3854
6-Jul-21,69203,9880,132348,1,0,12234
6-Jul-21,69238,2282,132411,1,0,4000
6-Jul-21,69280,12682,132456,3,0,2904.76
6-Jul-21,69395,11118,132687,1,0,2722
6-Jul-21,69494,9915,132864,1,1,2447
6-Jul-21,69516,11138,132912,1,0,6142
6-Jul-21,69597,9891,133047,1,0,8974
6-Jul-21,69605,8680,133065,1,0,6467.8
6-Jul-21,69679,8221,133197,15,12,2789
6-Jul-21,69694,8751,133224,2,0,4116
6-Jul-21,69787,11189,133416,2,2,4998
6-Jul-21,69828,8424,133497,1,0,3854
6-Jul-21,69844,8210,133515,5,0,6720
6-Jul-21,69845,3613,133518,1,0,11183
6-Jul-21,69878,9895,133599,3,0,1295
6-Jul-21,69905,1043,133668,1,0,20796
6-Jul-21,69920,10204,133689,1,0,3066
6-Jul-21,69961,8219,133755,1,1,13488.3
6-Jul-21,69970,11107,133767,20,2,3166
6-Jul-21,69977,12460,133779,1,1,13135.5
6-Jul-21,70031,11160,133884,1,0,5439
6-Jul-21,70050,11106,133920,1,1,3770
6-Jul-21,70134,11899,134082,1,0,12210.5
6-Jul-21,70157,10204,134133,1,1,3242
6-Jul-21,70175,1038,134178,1,0,6985
6-Jul-21,70188,12652,134208,6,0,7203.4
6-Jul-21,70224,11107,134277,1,0,3169
6-Jul-21,70229,8210,134289,8,0,12443
6-Jul-21,70247,8210,134322,25,25,14679
6-Jul-21,70309,8352,134427,5,0,2545
6-Jul-21,70315,8219,134436,1,1,13488.3
6-Jul-21,70340,7858,134481,5,5,6153
6-Jul-21,70396,10975,134580,1,1,14806.8
6-Jul-21,70399,12701,134583,2,0,7253.9
6-Jul-21,70408,12799,134604,2,2,15184
6-Jul-21,70467,11169,134709,1,1,4956
6-Jul-21,70470,8335,134718,1,0,1987
6-Jul-21,70482,1548,134739,1,1,10509
6-Jul-21,70611,7504,135042,2,0,3992
6-Jul-21,70623,1041,135063,1,0,4240
6-Jul-21,70627,9925,135066,1,0,3038
6-Jul-21,70678,7271,135159,3,3,2153
6-Jul-21,70682,10248,135168,1,0,4830.5
6-Jul-21,70758,10520,135318,2,1,3876
6-Jul-21,70771,7640,135348,5,5,13886
6-Jul-21,70773,8420,135354,1,1,5860
6-Jul-21,70790,8219,135372,1,0,13288.2
6-Jul-21,70904,8428,135573,5,5,1540
6-Jul-21,70906,12800,135576,5,4,8
6-Jul-21,70910,11133,135585,1,0,5691
6-Jul-21,70935,8219,135648,3,2,13488.3
6-Jul-21,70998,12699,135762,4,4,3170
6-Jul-21,71014,9915,135789,1,1,2881
6-Jul-21,71026,398,135819,1,0,33750
6-Jul-21,71028,3624,135825,5,2,4746
6-Jul-21,71034,1041,135843,1,0,4066
6-Jul-21,71054,8210,135882,1,1,12621
6-Jul-21,71123,10235,136002,4,4,1420
6-Jul-21,71139,8428,136023,2,0,1734
6-Jul-21,71159,3610,136053,1,1,12605
6-Jul-21,71181,8210,136095,1,1,13393
6-Jul-21,71233,3610,136200,1,1,7817
6-Jul-21,71283,3284,136266,4,4,3690
6-Jul-21,71290,3615,136281,1,0,3998
6-Jul-21,71297,11121,136299,1,1,2926
6-Jul-21,71316,11172,136332,1,0,2625
6-Jul-21,71328,9901,136353,1,0,3715
6-Jul-21,71347,8639,136404,1,0,3599.4
6-Jul-21,71372,11118,136449,1,0,2898
6-Jul-21,71389,8664,136479,2,0,2320
6-Jul-21,71400,10227,136506,4,4,1369.9
6-Jul-21,71408,11143,136521,1,1,2478
6-Jul-21,71456,12912,136611,5,5,3259.73
6-Jul-21,71504,7781,136701,1,1,7497
6-Jul-21,71524,11172,136734,4,4,2237
6-Jul-21,71532,9174,136752,10,10,5297
6-Jul-21,71553,10235,136785,1,1,1369.9
6-Jul-21,71597,8762,136887,1,1,6519
6-Jul-21,71617,1548,136929,1,1,10763
6-Jul-21,71627,1041,136941,2,2,4423
6-Jul-21,71651,11960,136989,1,1,3525.42
6-Jul-21,71699,12681,137088,3,3,3333.33
6-Jul-21,71736,10236,137163,3,3,1302
6-Jul-21,71768,11189,137229,1,0,5145
6-Jul-21,71787,10235,137259,2,2,1369.9
6-Jul-21,71814,8428,137310,23,23,1586.3
6-Jul-21,71824,11107,137325,1,0,3166
6-Jul-21,71825,8386,137328,1,1,2879
6-Jul-21,71866,9925,137409,4,4,3152.54
6-Jul-21,71882,2862,137436,1,0,4200
6-Jul-21,71898,11146,137466,10,10,3648
6-Jul-21,71918,8484,137502,2,0,7923.72
6-Jul-21,71922,8444,137508,3,3,6207
6-Jul-21,71971,10224,137619,1,1,4311.9
6-Jul-21,71983,8210,137637,2,2,14679
6-Jul-21,72005,1038,137673,1,1,6854
6-Jul-21,72079,10235,137832,1,1,1398
6-Jul-21,72139,1548,137928,1,0,10509
6-Jul-21,72161,10235,137958,1,1,1325
6-Jul-21,72166,12685,137967,1,1,1880.95
6-Jul-21,72167,9912,137970,2,0,2034
6-Jul-21,72181,1041,137991,1,1,4725
6-Jul-21,72211,11107,138054,1,1,3166
6-Jul-21,72256,1041,138144,1,1,4725
6-Jul-21,72291,12912,138225,10,0,3259.73
6-Jul-21,72297,1043,138240,2,2,20796
6-Jul-21,72344,11189,138327,1,1,5103
6-Jul-21,72410,8219,138468,6,6,13288.2
6-Jul-21,146939,12697,296754,4,4,1052
6-Jul-21,146958,12701,296793,2,0,9542
6-Jul-21,147009,13901,296886,1,0,2000
6-Jul-21,147010,13902,296886,1,0,2455
6-Jul-21,147022,9901,296898,1,1,3831
6-Jul-21,147072,8221,297003,1,1,6398
6-Jul-21,147093,11658,297054,2,2,1804
6-Jul-21,147095,8219,297057,6,6,14586
6-Jul-21,147101,9882,297066,1,1,13751
6-Jul-21,147128,10975,297117,1,0,11269
6-Jul-21,147167,14351,297195,2,0,4998
6-Jul-21,147169,7596,297201,1,1,4596
6-Jul-21,147209,8428,297300,4,0,1618
6-Jul-21,147261,13209,297411,1,0,4288
6-Jul-21,147280,14352,297438,3,0,3318
6-Jul-21,147281,8221,297441,3,3,3770
6-Jul-21,147285,11121,297444,1,1,3031
6-Jul-21,147337,10975,297552,1,1,5893
7-Jul-21,62638,9897,119913,1,0,2062
7-Jul-21,62679,8219,119988,5,5,13488.3
7-Jul-21,62686,1041,120003,1,0,5738
7-Jul-21,62731,11907,120120,3,0,3932.25
7-Jul-21,62734,11907,120129,3,0,3932.25
7-Jul-21,62772,9915,120213,1,0,3183
7-Jul-21,62779,1039,120228,10,0,2478
7-Jul-21,62802,8422,120282,2,0,5006
7-Jul-21,62913,8210,120495,1,0,6762
7-Jul-21,62954,8335,120570,3,2,2597
7-Jul-21,63008,8751,120690,1,0,4130
7-Jul-21,63039,11899,120753,6,0,11857
7-Jul-21,63044,7896,120762,1,1,4166
7-Jul-21,63095,10235,120852,4,0,1350
7-Jul-21,63121,1040,120915,100,100,3435
7-Jul-21,63146,10236,120957,1,1,1302.25
7-Jul-21,63188,11107,121008,4,4,3112.09
7-Jul-21,63192,9919,121017,1,0,4078.98
7-Jul-21,63196,1548,121026,1,1,10763
7-Jul-21,63205,10235,121041,1,0,1350
7-Jul-21,63214,11146,121056,1,0,3833
7-Jul-21,63235,8326,121098,1,0,3470.33
7-Jul-21,63263,11143,121143,1,0,2507
7-Jul-21,63311,8444,121245,1,1,5814
7-Jul-21,63337,7213,121296,2,2,2820
7-Jul-21,63343,3624,121308,1,0,5062
7-Jul-21,63359,2862,121347,4,0,4200
7-Jul-21,63385,7704,121404,1,0,3081
7-Jul-21,63595,3610,121707,1,1,12605
7-Jul-21,63596,3610,121707,2,2,12054
7-Jul-21,63613,7640,121737,2,0,12883.8
7-Jul-21,63772,2862,122076,1,1,4200
7-Jul-21,63793,12487,122112,16,0,3322
7-Jul-21,63800,7528,122127,12,3,8097.5
7-Jul-21,63834,8482,122181,1,0,10205
7-Jul-21,63849,1041,122214,2,0,5738
7-Jul-21,63852,8428,122220,25,25,1540
7-Jul-21,63902,9925,122298,4,0,3038
7-Jul-21,63906,7596,122307,96,0,125
7-Jul-21,63917,10235,122328,1,0,1324.5
7-Jul-21,63991,8438,122466,2,0,3393
7-Jul-21,64012,9915,122505,4,0,2881
7-Jul-21,64022,8428,122529,1,0,1960
7-Jul-21,64071,8425,122598,1,0,3374
7-Jul-21,64173,9925,122775,16,16,3038
7-Jul-21,64211,10529,122859,1,0,7207
7-Jul-21,64283,11658,122976,2,0,1365
7-Jul-21,64285,7788,122982,1,0,2584
7-Jul-21,64290,3610,122991,2,0,12054
7-Jul-21,64327,1041,123057,2,0,5738
7-Jul-21,64331,10235,123063,10,0,1368.99
7-Jul-21,64374,2282,123126,1,1,4000
7-Jul-21,64399,1043,123183,1,0,20796
7-Jul-21,64439,12700,123234,1,0,6940.7
7-Jul-21,64461,7890,123285,1,0,2353
7-Jul-21,64470,11140,123300,1,0,2445
7-Jul-21,64514,7526,123372,4,0,6050.85
7-Jul-21,64522,7607,123384,1,0,7047.46
7-Jul-21,64531,12700,123396,2,2,11370
7-Jul-21,64557,12762,123462,4,0,798.02
7-Jul-21,64582,8210,123510,1,0,13393
7-Jul-21,64596,12727,123537,1,0,3500
7-Jul-21,64640,8438,123627,1,0,3629
7-Jul-21,64677,8425,123693,2,0,3522.2
7-Jul-21,64720,8438,123768,1,0,3393
7-Jul-21,64733,10975,123792,1,0,12779.7
7-Jul-21,64841,2862,123993,1,0,4200
7-Jul-21,64882,3645,124056,3,3,1951
7-Jul-21,64883,11125,124056,4,4,1891
7-Jul-21,64985,2358,124257,2,0,1200
7-Jul-21,65038,8325,124347,1,1,10169.5
7-Jul-21,65057,3279,124377,1,0,5300
7-Jul-21,65061,9925,124383,5,0,3038
7-Jul-21,65066,9925,124395,10,0,3038
7-Jul-21,65096,10975,124455,1,0,12779.7
7-Jul-21,65117,11120,124491,1,1,22823
7-Jul-21,65132,8425,124521,1,1,4106
7-Jul-21,65135,3610,124530,1,1,12364
7-Jul-21,65330,11141,124914,1,0,4998
7-Jul-21,65371,12700,125010,2,2,7924
7-Jul-21,65385,7776,125040,1,0,2510
7-Jul-21,65448,1040,125160,1,0,3921
7-Jul-21,65532,9925,125334,20,20,3038
7-Jul-21,65571,1039,125406,1,0,2478
7-Jul-21,65593,10975,125457,1,0,14806.8
7-Jul-21,65677,1041,125592,1,0,4725
7-Jul-21,65699,8782,125625,1,0,3703
7-Jul-21,65720,3279,125667,1,0,5461
7-Jul-21,65749,10975,125727,1,0,14806.8
7-Jul-21,65827,11143,125865,2,0,2810
7-Jul-21,65842,11169,125886,1,1,2772
7-Jul-21,65845,12700,125892,1,1,11128
7-Jul-21,65855,9912,125913,2,0,3977
7-Jul-21,65865,10236,125928,2,2,1257.6
7-Jul-21,65879,11188,125949,1,0,2457
7-Jul-21,65915,9900,126030,1,0,5709
7-Jul-21,65926,9916,126051,1,0,2182
7-Jul-21,65956,8444,126126,1,0,5872
7-Jul-21,65960,10236,126132,2,2,1302.25
7-Jul-21,65966,9912,126150,1,0,1988
7-Jul-21,65991,8444,126210,1,0,3252
7-Jul-21,66010,10224,126252,1,1,4311.9
7-Jul-21,66021,9913,126273,1,0,5416
7-Jul-21,66080,1040,126384,1,0,3807
7-Jul-21,66084,8453,126387,1,0,14608
7-Jul-21,66096,11907,126420,1,0,3932.25
7-Jul-21,66149,11118,126519,1,0,2722
7-Jul-21,66152,11907,126525,2,0,3932.25
7-Jul-21,66154,10227,126531,5,5,1369.9
7-Jul-21,66186,8219,126591,1,1,13488.3
7-Jul-21,66208,9919,126642,2,0,3702
7-Jul-21,66240,2862,126678,1,1,4200
7-Jul-21,66304,11140,126804,1,0,4137
7-Jul-21,66345,11264,126888,1,0,3160
7-Jul-21,66370,8444,126939,1,0,3252
7-Jul-21,66392,3613,126978,1,0,8911
7-Jul-21,66410,9925,127020,6,0,3038
7-Jul-21,66498,8429,127188,1,0,2764
7-Jul-21,66520,11139,127221,1,0,4284
7-Jul-21,66551,7640,127296,1,0,12883.8
7-Jul-21,66553,8462,127302,1,0,3721
7-Jul-21,66761,8422,127692,1,0,7201
7-Jul-21,66767,8437,127698,1,0,2152
7-Jul-21,66797,8684,127746,25,0,2501
7-Jul-21,66895,11123,127899,1,0,5748
7-Jul-21,66939,3302,127998,1,0,2572
7-Jul-21,66954,11147,128037,2,0,1471
7-Jul-21,66968,12699,128058,4,4,3170
7-Jul-21,66998,7599,128112,1,0,2865
7-Jul-21,67004,8443,128130,2,2,5901
7-Jul-21,67027,7640,128187,1,0,12883.8
7-Jul-21,67091,11118,128307,1,1,2898
7-Jul-21,67143,12700,128406,1,1,7924
7-Jul-21,67175,3605,128481,1,0,3249
7-Jul-21,67224,11169,128589,1,0,2741
7-Jul-21,67255,8210,128646,1,1,12788
7-Jul-21,67300,8425,128730,1,0,3979
7-Jul-21,67325,8424,128775,1,0,8590
7-Jul-21,67413,11169,128955,1,1,2741
7-Jul-21,67463,8386,129042,1,0,7329
7-Jul-21,67532,11118,129168,3,3,2722
7-Jul-21,67580,3269,129261,5,0,9038
7-Jul-21,67633,8762,129378,1,0,5637
7-Jul-21,67662,8444,129444,2,0,6591
7-Jul-21,67716,1039,129540,1,0,2280
7-Jul-21,67733,10235,129567,2,2,1368.99
7-Jul-21,67772,9915,129645,2,0,2881
7-Jul-21,67775,9925,129648,2,1,3038
7-Jul-21,67789,1041,129672,1,0,4693
7-Jul-21,67792,1041,129675,1,0,4972
7-Jul-21,67830,1548,129741,2,2,10509
7-Jul-21,67838,8335,129762,1,0,2597
7-Jul-21,67870,8210,129834,1,1,12443
7-Jul-21,67938,11104,129987,1,1,11277
7-Jul-21,67999,7546,130101,1,0,11609
7-Jul-21,68013,8221,130122,2,2,2789
7-Jul-21,68025,10975,130146,1,0,7563.56
7-Jul-21,68057,9900,130218,1,0,5709
7-Jul-21,68073,8428,130248,25,25,1540
7-Jul-21,68090,11106,130281,1,0,4120
7-Jul-21,68102,8444,130305,7,7,6108
7-Jul-21,68106,8421,130311,1,0,3751
7-Jul-21,68174,12677,130437,1,1,2142.86
7-Jul-21,68183,11118,130461,1,0,2142
7-Jul-21,68192,9915,130470,1,1,2881
7-Jul-21,68252,10235,130596,3,0,1369.9
7-Jul-21,68293,2282,130689,1,1,4000
7-Jul-21,68301,7547,130710,1,0,13030
7-Jul-21,68302,11189,130713,1,0,4998
7-Jul-21,68340,1548,130794,1,0,10763
7-Jul-21,68342,1548,130797,1,1,5550.9
7-Jul-21,68384,11118,130863,1,1,2722
7-Jul-21,68386,10235,130866,3,3,1344.5
7-Jul-21,68423,9174,130926,5,5,5297
7-Jul-21,68440,10529,130953,1,1,6920
7-Jul-21,68500,10236,131067,2,2,1257.76
7-Jul-21,68528,1038,131112,3,3,6724
7-Jul-21,68572,9916,131199,1,1,2619
7-Jul-21,68731,8622,131493,1,0,30450
7-Jul-21,68819,8086,131646,1,0,1473
7-Jul-21,68831,7570,131652,1,1,20296.6
7-Jul-21,68984,8664,131937,2,2,2288.2
7-Jul-21,68999,8623,131955,6,0,26439
7-Jul-21,69016,8428,131982,10,10,1540
7-Jul-21,69037,1548,132021,1,1,5127.12
7-Jul-21,69067,11146,132081,1,0,8846
7-Jul-21,69073,11107,132093,1,1,3213
7-Jul-21,69094,8428,132123,8,0,1734
7-Jul-21,69109,1041,132159,5,5,4455
7-Jul-21,69145,7878,132231,1,0,36432
7-Jul-21,69159,10235,132270,1,0,1368.99
7-Jul-21,69188,10975,132315,1,1,23805.1
7-Jul-21,69199,3641,132336,1,0,9112
7-Jul-21,69201,3641,132342,1,0,9112
7-Jul-21,69215,12749,132366,3,3,4098.31
7-Jul-21,69221,12802,132378,10,0,2210.8
7-Jul-21,69256,9919,132438,1,1,3844
7-Jul-21,69387,8086,132669,1,0,1473
7-Jul-21,69404,1041,132714,1,0,4693
7-Jul-21,69412,8424,132723,1,0,3854
7-Jul-21,69451,12682,132774,3,2,2904.76
7-Jul-21,69508,8444,132891,2,0,3252
7-Jul-21,69533,11731,132930,1,0,4947.59
7-Jul-21,69543,10237,132957,1,0,3683.1
7-Jul-21,69553,11123,132969,1,1,6703
7-Jul-21,69571,8435,133005,1,0,5809
7-Jul-21,69598,9891,133047,1,0,9229
7-Jul-21,69599,10247,133050,1,0,6557.28
7-Jul-21,69676,8325,133191,3,0,10900.4
7-Jul-21,69681,8751,133203,1,0,3696
7-Jul-21,69700,8425,133236,3,3,4110
7-Jul-21,69721,10204,133281,1,0,3074
7-Jul-21,69749,11133,133329,1,1,5691
7-Jul-21,69755,1038,133341,3,0,6855
7-Jul-21,69915,10204,133680,1,0,3066
7-Jul-21,70003,8210,133827,2,2,14679
7-Jul-21,70046,10224,133914,1,1,4311.9
7-Jul-21,70056,11107,133932,1,0,3213
7-Jul-21,70067,7805,133953,1,0,7140
7-Jul-21,70089,10204,133995,1,0,3242
7-Jul-21,70097,11106,134016,1,0,3852
7-Jul-21,70110,11121,134040,1,0,2532
7-Jul-21,70138,8374,134094,1,0,10171
7-Jul-21,70146,9174,134112,1,1,5526
7-Jul-21,70151,10975,134115,6,6,10529.7
7-Jul-21,70177,7640,134181,1,1,14695
7-Jul-21,70178,7640,134181,3,3,13886
7-Jul-21,70204,7640,134229,1,0,14695
7-Jul-21,70208,7775,134238,1,1,5345
7-Jul-21,70217,8443,134259,4,0,6800
7-Jul-21,70258,8428,134340,8,8,1540
7-Jul-21,70331,12799,134466,5,0,15184
7-Jul-21,70373,7607,134553,1,0,7016.95
7-Jul-21,70378,10237,134556,2,0,3323.7
7-Jul-21,70385,1038,134565,2,2,6855
7-Jul-21,70391,11953,134577,10,0,3800.34
7-Jul-21,70460,8330,134691,1,1,2553
7-Jul-21,70526,11152,134847,1,0,6955
7-Jul-21,70594,9174,135006,1,0,5297.03
7-Jul-21,70600,11130,135018,1,0,8610
7-Jul-21,70601,8482,135021,1,0,5496
7-Jul-21,70652,9823,135120,1,0,3685
7-Jul-21,70660,11162,135129,1,1,2982
7-Jul-21,70683,10248,135168,1,0,5342.03
7-Jul-21,70712,9919,135228,2,0,3702
7-Jul-21,70750,3279,135297,2,2,5837
7-Jul-21,70768,10245,135342,1,1,5210.5
7-Jul-21,70787,9174,135369,1,0,5297
7-Jul-21,70798,9916,135387,1,0,2619
7-Jul-21,70810,9171,135411,3,0,4799
7-Jul-21,70890,11117,135552,1,0,3528
7-Jul-21,70920,7810,135609,1,1,1581.26
7-Jul-21,70948,3610,135666,2,2,11939
7-Jul-21,71107,3284,135978,1,1,3634
7-Jul-21,71138,11147,136023,2,0,1444
7-Jul-21,71171,9774,136080,1,0,3035
7-Jul-21,71186,3284,136101,2,2,3634
7-Jul-21,71187,3284,136101,2,2,3690
7-Jul-21,71262,8219,136233,1,1,13488.3
7-Jul-21,71278,11172,136254,1,0,2583
7-Jul-21,71287,12921,136275,3,3,7457.63
7-Jul-21,71299,8751,136299,1,1,2216
7-Jul-21,71329,9901,136356,1,0,3715
7-Jul-21,71387,10236,136476,5,5,1360
7-Jul-21,71407,10529,136521,1,1,13666
7-Jul-21,71418,3613,136536,1,0,12679
7-Jul-21,71421,12800,136542,4,0,4
7-Jul-21,71431,9925,136563,3,3,3038
7-Jul-21,71502,10204,136698,1,1,3490
7-Jul-21,71512,7547,136716,1,0,13380
7-Jul-21,71547,1548,136770,1,1,5550.9
7-Jul-21,71554,12701,136785,1,1,7253.9
7-Jul-21,71555,12701,136785,1,1,5013.56
7-Jul-21,71595,11123,136884,1,0,6703
7-Jul-21,71661,10235,137010,3,0,1325
7-Jul-21,71663,10236,137016,3,3,1257.6
7-Jul-21,71783,8325,137250,1,0,12235.2
7-Jul-21,71840,11143,137358,1,0,2339
7-Jul-21,71862,11960,137403,1,0,3525.42
7-Jul-21,71950,9925,137568,1,0,3216
7-Jul-21,71972,10237,137619,2,2,3323.7
7-Jul-21,71980,8444,137628,2,0,3252
7-Jul-21,71998,9915,137664,1,0,2881
7-Jul-21,72010,7545,137685,2,1,6352
7-Jul-21,72032,2282,137721,1,0,4000
7-Jul-21,72035,8444,137727,2,0,6166
7-Jul-21,72121,9925,137901,2,2,3038
7-Jul-21,72137,10235,137925,2,0,1369.9
7-Jul-21,72138,10235,137925,2,0,1325
7-Jul-21,72160,10235,137958,1,1,1369.9
7-Jul-21,72193,7271,138015,4,0,2216
7-Jul-21,72258,1040,138147,1,0,3842
7-Jul-21,72277,8444,138192,2,2,3252
7-Jul-21,72288,1039,138219,1,0,2478
7-Jul-21,72405,7776,138459,2,0,2510
7-Jul-21,72419,9915,138486,1,0,2881
7-Jul-21,147021,3605,296898,1,1,3762
7-Jul-21,147027,8444,296910,30,30,5813
7-Jul-21,147043,9901,296946,1,1,3651
7-Jul-21,147049,3606,296961,4,0,6166
7-Jul-21,147054,8444,296970,1,1,6343
7-Jul-21,147075,3606,297012,3,0,6166
7-Jul-21,147096,12802,297060,1,0,2275
7-Jul-21,147164,8425,297189,3,0,5394
7-Jul-21,147199,8425,297276,4,0,4862
7-Jul-21,147245,7860,297372,1,0,2748
7-Jul-21,147294,3610,297465,12,12,13268
7-Jul-21,147297,11233,297465,6,6,11996
7-Jul-21,147336,10975,297549,1,1,5893
7-Jul-21,147343,3610,297570,5,5,12768
8-Jul-21,62627,8424,119904,1,0,8127
8-Jul-21,62654,12784,119949,1,0,3100
8-Jul-21,62660,9916,119958,1,0,2269.07
8-Jul-21,62706,3610,120057,1,0,12674
8-Jul-21,62725,7243,120102,1,0,3179.91
8-Jul-21,62769,9915,120207,1,1,2579.8
8-Jul-21,62780,8664,120231,5,0,2288.2
8-Jul-21,62821,1046,120327,5,0,2303
8-Jul-21,62849,1043,120384,6,0,20704
8-Jul-21,62880,8457,120429,1,0,15242
8-Jul-21,62900,2282,120471,1,0,4000
8-Jul-21,62914,11154,120498,1,1,9870
8-Jul-21,62921,12681,120504,1,1,3452.38
8-Jul-21,62931,11107,120516,2,2,3112.09
8-Jul-21,62993,10224,120654,1,0,4461.15
8-Jul-21,63002,10209,120678,1,0,2754.24
8-Jul-21,63062,2282,120774,1,0,4000
8-Jul-21,63101,8428,120867,3,0,798
8-Jul-21,63130,12806,120930,1,0,25423.7
8-Jul-21,63156,11899,120975,1,0,11410
8-Jul-21,63207,11731,121041,1,0,4402
8-Jul-21,63246,10235,121113,2,2,1368.99
8-Jul-21,63259,7547,121134,1,0,6442
8-Jul-21,63291,1041,121209,1,0,4725
8-Jul-21,63499,11156,121587,1,0,3885
8-Jul-21,63515,11121,121608,1,0,2926
8-Jul-21,63556,11118,121656,2,0,2722
8-Jul-21,63577,8438,121677,1,0,3629
8-Jul-21,63607,11104,121722,1,1,11099
8-Jul-21,63627,10227,121767,1,0,1369.92
8-Jul-21,63657,7586,121824,1,0,10027.1
8-Jul-21,63704,10235,121926,10,0,1350
8-Jul-21,63809,12487,122142,5,0,3526
8-Jul-21,63813,3610,122148,1,1,8085
8-Jul-21,63884,2105,122259,59,59,88.8
8-Jul-21,63888,9910,122268,120,112,1637
8-Jul-21,63903,9916,122301,1,0,2797
8-Jul-21,63913,11189,122322,1,1,5084
8-Jul-21,63934,12678,122364,2,2,1761.9
8-Jul-21,63992,8438,122466,1,0,3511
8-Jul-21,64014,10235,122511,2,0,1350
8-Jul-21,64021,8428,122526,1,0,1960
8-Jul-21,64039,10236,122547,1,1,1380
8-Jul-21,64062,3615,122583,2,1,4532
8-Jul-21,64072,8425,122598,1,0,3468
8-Jul-21,64140,9915,122715,1,0,2447
8-Jul-21,64167,11146,122763,1,1,6979
8-Jul-21,64225,10208,122886,1,0,369
8-Jul-21,64230,8425,122895,1,0,3522.2
8-Jul-21,64265,11118,122949,1,0,2142
8-Jul-21,64268,10235,122952,2,0,1368.99
8-Jul-21,64279,1039,122973,1,1,2478
8-Jul-21,64300,3610,123012,3,3,12054
8-Jul-21,64352,9915,123090,1,1,2447
8-Jul-21,64355,11156,123093,38,0,4474
8-Jul-21,64368,8325,123117,1,1,12235.2
8-Jul-21,64387,2862,123156,1,0,4200
8-Jul-21,64395,1040,123171,1,0,3775.6
8-Jul-21,64414,8751,123198,3,0,2216
8-Jul-21,64416,12678,123201,3,0,1761.9
8-Jul-21,64422,12689,123201,2,0,2666.67
8-Jul-21,64482,11141,123318,1,0,4998
8-Jul-21,64486,10235,123321,1,0,1368.99
8-Jul-21,64491,10235,123330,1,1,1325
8-Jul-21,64650,3279,123648,1,1,5461
8-Jul-21,64654,10225,123651,1,0,4149.71
8-Jul-21,64683,11154,123702,4,4,10594
8-Jul-21,64690,8425,123714,2,0,3561
8-Jul-21,64699,7570,123732,1,0,20296.6
8-Jul-21,64752,8684,123837,2,0,2877
8-Jul-21,64756,8210,123840,1,1,12443
8-Jul-21,64759,3610,123849,1,0,12364
8-Jul-21,64791,11907,123900,1,0,3932.25
8-Jul-21,64819,8425,123957,1,0,3374
8-Jul-21,64823,3645,123963,2,0,1687
8-Jul-21,64880,11118,124053,1,0,2142
8-Jul-21,64936,10235,124164,5,5,1368.99
8-Jul-21,64976,9919,124242,1,1,3666
8-Jul-21,65016,8425,124302,1,1,3374
8-Jul-21,65026,10975,124323,1,1,11888.1
8-Jul-21,65044,8425,124350,1,0,3561
8-Jul-21,65062,11186,124386,10,10,3499
8-Jul-21,65115,10236,124488,1,1,1302.5
8-Jul-21,65133,3603,124524,2,0,5629
8-Jul-21,65149,11899,124566,2,2,11928.8
8-Jul-21,65152,1043,124572,1,0,20796.2
8-Jul-21,65153,1043,124572,1,0,10532.9
8-Jul-21,65186,9925,124611,5,0,3038
8-Jul-21,65200,8210,124629,25,25,14679
8-Jul-21,65205,10204,124635,4,3,3490
8-Jul-21,65222,7813,124686,1,0,8475
8-Jul-21,65237,8443,124719,1,0,5620
8-Jul-21,65247,8214,124737,1,0,3772.88
8-Jul-21,65291,9897,124842,4,0,9712
8-Jul-21,65294,9925,124842,1,0,3038
8-Jul-21,65342,12423,124950,1,0,2017.41
8-Jul-21,65361,7528,124995,4,0,8097.5
8-Jul-21,65368,10975,125004,2,2,11254.5
8-Jul-21,65424,10520,125115,3,3,3571.32
8-Jul-21,65459,7675,125181,1,0,1275
8-Jul-21,65464,10235,125187,8,8,1325
8-Jul-21,65524,10235,125313,5,5,1325
8-Jul-21,65566,8432,125391,2,0,4244
8-Jul-21,65578,3610,125424,2,0,12129
8-Jul-21,65599,8462,125466,1,0,7403
8-Jul-21,65615,11731,125499,1,1,5229.63
8-Jul-21,65681,10236,125598,1,0,1302.5
8-Jul-21,65706,3576,125640,1,0,7449
8-Jul-21,65715,9925,125655,2,0,3038
8-Jul-21,65782,1548,125793,1,1,10509
8-Jul-21,65791,8439,125808,2,0,935
8-Jul-21,65823,11118,125865,2,0,2142
8-Jul-21,65851,2336,125904,3,0,158
8-Jul-21,65877,10204,125949,1,0,3074
8-Jul-21,65882,3603,125952,2,2,6197
8-Jul-21,65883,12502,125955,1,0,22000
8-Jul-21,65908,11121,126015,1,0,2532
8-Jul-21,65977,8423,126180,2,0,7600
8-Jul-21,66086,7666,126390,1,0,5636
8-Jul-21,66097,9897,126423,1,0,2062
8-Jul-21,66107,11899,126444,2,0,11928.8
8-Jul-21,66120,10235,126465,5,5,1369.9
8-Jul-21,66184,9895,126588,20,20,1393
8-Jul-21,66185,9895,126588,11,11,1295
8-Jul-21,66187,3615,126594,2,0,4850
8-Jul-21,66195,9900,126615,1,0,2995
8-Jul-21,66271,9925,126747,8,8,3038
8-Jul-21,66309,8420,126816,2,2,5580
8-Jul-21,66398,10975,126990,2,0,23805.1
8-Jul-21,66412,7666,127026,1,1,10678
8-Jul-21,66419,1040,127044,1,0,3618
8-Jul-21,66428,10529,127059,1,0,13466
8-Jul-21,66543,3284,127275,3,0,3306
8-Jul-21,66550,11146,127293,1,0,3833
8-Jul-21,66660,8751,127515,2,0,9161
8-Jul-21,66663,11155,127521,1,1,12506
8-Jul-21,66708,10975,127605,2,0,11796.6
8-Jul-21,66719,7271,127623,1,0,2153
8-Jul-21,66742,11118,127650,5,2,2153
8-Jul-21,66790,2282,127734,5,5,4000
8-Jul-21,66793,10235,127737,4,4,1325
8-Jul-21,66859,11118,127824,1,1,2478
8-Jul-21,66866,1039,127833,4,0,2478
8-Jul-21,66893,8443,127899,1,0,6519
8-Jul-21,66896,11124,127899,3,3,802
8-Jul-21,66932,7550,127980,1,0,2450
8-Jul-21,66953,11147,128034,1,0,1471
8-Jul-21,66961,8664,128049,5,3,2288.2
8-Jul-21,66967,11136,128055,41,0,2481
8-Jul-21,66970,11143,128061,1,0,2478
8-Jul-21,66973,11143,128064,1,1,2478
8-Jul-21,66995,8221,128103,7,0,2789
8-Jul-21,67015,8425,128157,3,3,3884
8-Jul-21,67045,7607,128217,1,0,7220
8-Jul-21,67047,11121,128223,1,0,1637
8-Jul-21,67093,10236,128313,4,0,1302.5
8-Jul-21,67094,10235,128313,4,0,1325
8-Jul-21,67104,10529,128337,1,1,13965
8-Jul-21,67113,12843,128352,2,2,11822
8-Jul-21,67136,10236,128394,2,2,1302.25
8-Jul-21,67145,8210,128412,1,1,15830
8-Jul-21,67201,8428,128538,5,5,1540
8-Jul-21,67206,8354,128547,1,1,8288
8-Jul-21,67216,3648,128574,2,0,10619
8-Jul-21,67240,10236,128619,3,3,1302.5
8-Jul-21,67241,11136,128619,1,0,2533
8-Jul-21,67338,9925,128796,8,8,4783
8-Jul-21,67455,10224,129027,1,0,4311.9
8-Jul-21,67456,10235,129027,2,0,1369.9
8-Jul-21,67464,11953,129045,1,1,3950
8-Jul-21,67507,1548,129123,1,1,10763
8-Jul-21,67555,8420,129222,1,0,5661
8-Jul-21,67595,10235,129288,3,0,1368.99
8-Jul-21,67607,7607,129318,50,0,6408
8-Jul-21,67618,10224,129339,1,0,4132
8-Jul-21,67627,10235,129363,1,0,1369.9
8-Jul-21,67718,3641,129546,1,0,9112
8-Jul-21,67720,9174,129552,1,1,5297.03
8-Jul-21,67728,3610,129561,1,0,7607
8-Jul-21,67742,9925,129588,3,0,3038
8-Jul-21,67761,7271,129630,2,2,2177
8-Jul-21,67810,9925,129705,4,4,3038
8-Jul-21,67811,12802,129708,10,10,2210.8
8-Jul-21,67835,7637,129753,1,0,29661
8-Jul-21,67859,7810,129810,1,0,3088
8-Jul-21,67877,2862,129855,1,0,4200
8-Jul-21,67890,7607,129879,1,0,7016.95
8-Jul-21,67935,8425,129981,2,2,4110
8-Jul-21,67983,10248,130080,1,0,4830.5
8-Jul-21,68000,8664,130104,3,0,2288.2
8-Jul-21,68023,11264,130140,1,0,3160
8-Jul-21,68085,11143,130275,1,1,2489
8-Jul-21,68120,1043,130338,1,1,5320
8-Jul-21,68127,9915,130350,1,1,2447
8-Jul-21,68284,10207,130668,1,0,5160
8-Jul-21,68316,9916,130743,2,0,2182
8-Jul-21,68318,10975,130749,1,0,22008.5
8-Jul-21,68329,3279,130767,1,1,5837
8-Jul-21,68353,3591,130818,1,0,7015
8-Jul-21,68371,3611,130845,1,0,3607
8-Jul-21,68404,8422,130902,1,1,3218
8-Jul-21,68445,9919,130962,1,0,3343
8-Jul-21,68448,8664,130965,5,5,2288.2
8-Jul-21,68512,8425,131088,1,1,4110
8-Jul-21,68529,9925,131115,5,5,3038
8-Jul-21,68530,11123,131118,1,0,5866
8-Jul-21,68551,10237,131160,1,0,3304.37
8-Jul-21,68591,10235,131232,9,9,1368.99
8-Jul-21,68798,11147,131613,3,2,1391
8-Jul-21,68834,8753,131652,1,1,7161.05
8-Jul-21,68836,1041,131655,3,0,4066
8-Jul-21,68839,1038,131661,1,1,6855
8-Jul-21,68850,8444,131661,2,2,6108
8-Jul-21,68856,11130,131670,2,0,5029
8-Jul-21,68870,7666,131694,1,0,5636
8-Jul-21,68881,3615,131718,2,0,4353
8-Jul-21,68888,11658,131739,1,0,1365
8-Jul-21,68900,11123,131763,1,0,3352
8-Jul-21,68980,1041,131928,1,0,4423
8-Jul-21,68989,3611,131943,1,0,3149
8-Jul-21,69004,8623,131964,10,0,26439
8-Jul-21,69005,8623,131964,10,0,25546.5
8-Jul-21,69010,11139,131970,1,0,4568
8-Jul-21,69034,1548,132015,1,0,5127.12
8-Jul-21,69051,1548,132048,2,0,5127.12
8-Jul-21,69055,1548,132054,2,0,5127.12
8-Jul-21,69103,3603,132147,2,0,6197
8-Jul-21,69143,1038,132225,1,0,6855
8-Jul-21,69160,10235,132270,4,0,1344.5
8-Jul-21,69169,10520,132282,1,1,3571.32
8-Jul-21,69281,12680,132459,3,0,2000
8-Jul-21,69308,7775,132513,1,0,5345
8-Jul-21,69347,10531,132579,1,0,2460
8-Jul-21,69356,9174,132597,1,0,5297
8-Jul-21,69423,8664,132741,2,2,2320
8-Jul-21,69529,9789,132927,1,0,2332.8
8-Jul-21,69610,7599,133071,1,1,2829.66
8-Jul-21,69632,3603,133107,10,10,6197
8-Jul-21,69672,10532,133182,1,1,10340
8-Jul-21,69788,1039,133419,4,0,2478
8-Jul-21,69795,11146,133437,1,1,7287
8-Jul-21,69861,3610,133560,2,0,11939
8-Jul-21,69873,8221,133584,2,0,2789
8-Jul-21,69888,11110,133626,1,0,2468
8-Jul-21,70042,11133,133908,1,0,1709
8-Jul-21,70052,8420,133926,3,0,6620
8-Jul-21,70061,11133,133944,1,1,1709
8-Jul-21,70075,8210,133968,1,1,13007
8-Jul-21,70140,1038,134100,1,0,8030
8-Jul-21,70142,1038,134103,1,1,6985
8-Jul-21,70174,11899,134175,1,1,12210.5
8-Jul-21,70199,3615,134226,7,7,4155
8-Jul-21,70202,9925,134226,1,0,2435
8-Jul-21,70267,12482,134355,1,1,3180
8-Jul-21,70280,8210,134379,1,0,6868
8-Jul-21,70313,9915,134433,10,0,2881
8-Jul-21,70323,8751,134451,1,1,3161
8-Jul-21,70357,9915,134514,2,2,2881
8-Jul-21,70380,11731,134556,1,0,4402
8-Jul-21,70392,12701,134577,2,0,7253.9
8-Jul-21,70402,12912,134589,10,10,3259.73
8-Jul-21,70458,8331,134691,1,1,4070
8-Jul-21,70459,11186,134691,1,1,3499
8-Jul-21,70474,8444,134721,1,1,6345
8-Jul-21,70500,8444,134769,2,0,3252
8-Jul-21,70523,9915,134838,1,0,2447
8-Jul-21,70555,10237,134913,1,0,3683.1
8-Jul-21,70669,11106,135144,2,0,3560
8-Jul-21,70749,8438,135294,1,0,3603
8-Jul-21,70781,7271,135363,1,1,2216
8-Jul-21,70793,8210,135378,1,0,12621
8-Jul-21,70801,9174,135393,1,1,5297
8-Jul-21,70804,7640,135402,2,2,14695
8-Jul-21,70824,8444,135438,1,1,3252
8-Jul-21,70847,11118,135480,2,2,2478
8-Jul-21,70880,1041,135537,1,0,4693
8-Jul-21,70926,11140,135624,1,0,7481
8-Jul-21,70949,3610,135666,1,1,7817
8-Jul-21,70975,12757,135717,10,10,3203.39
8-Jul-21,71057,11264,135885,1,0,3160
8-Jul-21,71082,7692,135930,1,0,383.25
8-Jul-21,71108,3284,135978,1,1,3690
8-Jul-21,71176,7890,136089,3,3,2163
8-Jul-21,71188,8444,136104,1,1,3350
8-Jul-21,71214,9922,136158,1,0,3326
8-Jul-21,71228,1805,136185,5,5,18733
8-Jul-21,71238,10235,136206,1,0,1369.9
8-Jul-21,71258,8459,136230,1,0,2400
8-Jul-21,71327,11138,136350,2,1,16100
8-Jul-21,71336,8428,136377,20,0,1734
8-Jul-21,71340,11118,136386,2,0,2478
8-Jul-21,71361,11123,136431,1,0,6703
8-Jul-21,71427,9925,136554,4,0,3038
8-Jul-21,71442,12888,136584,1,0,2273.08
8-Jul-21,71445,9174,136587,1,1,5297
8-Jul-21,71546,1548,136770,1,1,10763
8-Jul-21,71581,3269,136857,1,0,12120
8-Jul-21,71625,10975,136938,5,5,11254.5
8-Jul-21,71626,10975,136938,2,0,11796.6
8-Jul-21,71654,9915,136995,1,1,2447
8-Jul-21,71686,9174,137058,10,0,5297
8-Jul-21,71706,8219,137103,10,10,13488.3
8-Jul-21,71713,1043,137115,1,0,20704
8-Jul-21,71723,1041,137136,1,0,4693
8-Jul-21,71767,7640,137226,10,10,13886
8-Jul-21,71772,9925,137238,1,0,3152.54
8-Jul-21,71811,12701,137304,1,1,7253.9
8-Jul-21,71906,7271,137484,5,0,2239
8-Jul-21,71947,1548,137562,2,0,5127.12
8-Jul-21,71958,10235,137592,3,3,1420
8-Jul-21,71996,9174,137661,1,0,5297.03
8-Jul-21,72055,7774,137778,5,3,3266
8-Jul-21,72070,1548,137814,1,0,5127.12
8-Jul-21,72073,8444,137820,1,0,6166
8-Jul-21,72095,10235,137853,3,3,1398
8-Jul-21,72119,9916,137898,4,4,2619
8-Jul-21,72140,12781,137931,5,5,3091
8-Jul-21,72142,9883,137937,1,0,7180
8-Jul-21,72155,1043,137955,1,1,10533
8-Jul-21,72169,11106,137970,1,1,3560
8-Jul-21,72195,11138,138018,1,1,60732
8-Jul-21,72273,8425,138183,1,0,4110
8-Jul-21,72280,12710,138201,1,1,9600
8-Jul-21,72284,12487,138210,4,1,3423
8-Jul-21,72352,1041,138345,1,0,5129
8-Jul-21,72381,1548,138405,1,1,5551
8-Jul-21,72392,7583,138435,1,1,15593
8-Jul-21,72420,3621,138489,1,0,2070
8-Jul-21,147003,10236,296880,2,2,1341
8-Jul-21,147115,8444,297090,2,2,6343
8-Jul-21,147131,10235,297126,2,2,1432
8-Jul-21,147161,7596,297183,1,0,4596
8-Jul-21,147217,13524,297321,10,0,4362
8-Jul-21,147219,3279,297324,1,1,9724
8-Jul-21,147234,3615,297348,1,0,6125
8-Jul-21,147246,8428,297372,1,0,1618
8-Jul-21,147284,10235,297444,2,2,1432
8-Jul-21,147314,10235,297501,6,0,1399
8-Jul-21,147316,1041,297504,1,0,4954
9-Jul-21,62659,8649,119958,1,0,3593.22
9-Jul-21,62678,8219,119988,13,13,13288.2
9-Jul-21,62682,3610,119994,2,2,12364
9-Jul-21,62701,10529,120045,1,0,7257
9-Jul-21,62736,3284,120135,1,1,3306
9-Jul-21,62767,7607,120201,5,0,6203.4
9-Jul-21,62783,8438,120240,1,0,3324
9-Jul-21,62839,8422,120363,2,0,5006
9-Jul-21,62873,8422,120429,1,0,5725
9-Jul-21,62887,3615,120441,5,5,4328
9-Jul-21,62946,3279,120558,1,1,5461
9-Jul-21,62977,7504,120618,1,1,4025.43
9-Jul-21,63049,10236,120765,1,0,1302.25
9-Jul-21,63088,10235,120837,2,0,1325
9-Jul-21,63094,8428,120849,2,0,1635
9-Jul-21,63096,9796,120855,1,0,2656.8
9-Jul-21,63153,3603,120966,1,0,5738
9-Jul-21,63154,7776,120969,2,2,2215
9-Jul-21,63185,10235,121005,1,0,1325
9-Jul-21,63193,8210,121020,3,3,12205.5
9-Jul-21,63195,1548,121026,1,1,10509
9-Jul-21,63221,8365,121074,1,0,4932.6
9-Jul-21,63223,10975,121080,3,0,11254.5
9-Jul-21,63252,3615,121122,5,0,4353
9-Jul-21,63310,8444,121245,1,1,5719
9-Jul-21,63336,7208,121296,8,8,800
9-Jul-21,63358,8457,121344,1,1,7751
9-Jul-21,63373,8417,121380,1,0,9116
9-Jul-21,63386,7774,121407,5,0,5597
9-Jul-21,63400,11118,121446,1,0,2489
9-Jul-21,63471,10235,121569,2,0,1368.99
9-Jul-21,63575,9796,121677,1,0,2656.8
9-Jul-21,63599,11118,121710,1,0,2722
9-Jul-21,63680,3603,121869,1,1,5629
9-Jul-21,63690,10235,121896,2,2,1350
9-Jul-21,63713,10975,121944,1,1,12779.7
9-Jul-21,63714,10975,121944,1,1,11796.6
9-Jul-21,63743,11907,122019,1,1,3932.25
9-Jul-21,63764,8422,122058,2,0,5006
9-Jul-21,63805,1038,122139,1,1,6854
9-Jul-21,63845,9925,122205,3,3,3038
9-Jul-21,63896,9796,122286,5,4,2656.8
9-Jul-21,63946,9796,122394,2,0,2656.8
9-Jul-21,64045,8425,122559,2,2,3561
9-Jul-21,64047,11118,122562,1,0,2142
9-Jul-21,64064,10236,122586,1,1,1302.25
9-Jul-21,64067,8425,122589,5,0,3468
9-Jul-21,64073,10227,122598,1,0,1413.48
9-Jul-21,64108,8435,122670,1,0,4789
9-Jul-21,64125,7271,122700,1,0,2347
9-Jul-21,64158,11155,122745,1,0,6725
9-Jul-21,64226,8428,122889,1,0,1540
9-Jul-21,64231,8425,122895,1,0,3619.5
9-Jul-21,64276,2358,122964,1,0,1200
9-Jul-21,64351,3284,123090,1,1,3306
9-Jul-21,64354,9916,123090,1,1,2619
9-Jul-21,64357,2282,123099,1,0,3900
9-Jul-21,64358,8664,123102,1,0,2288.2
9-Jul-21,64398,1039,123180,1,0,2251
9-Jul-21,64407,8751,123195,2,0,9765
9-Jul-21,64417,12680,123201,2,0,2000
9-Jul-21,64420,12684,123201,2,0,2095.24
9-Jul-21,64432,8438,123222,1,0,3324
9-Jul-21,64467,8425,123294,1,1,3619.5
9-Jul-21,64556,12720,123459,1,0,31514.4
9-Jul-21,64569,7717,123486,1,0,4994
9-Jul-21,64631,10235,123609,5,0,1324.5
9-Jul-21,64657,10235,123657,1,0,1350
9-Jul-21,64676,8425,123690,5,0,3374
9-Jul-21,64762,1548,123852,2,2,5551
9-Jul-21,64799,3603,123918,1,0,8850
9-Jul-21,64861,8444,124020,1,0,3166.8
9-Jul-21,64875,8425,124047,1,0,3468
9-Jul-21,64977,8425,124242,1,1,3374
9-Jul-21,64993,1041,124269,1,0,4725
9-Jul-21,65085,9925,124431,4,4,3038
9-Jul-21,65088,10975,124440,1,0,12779.7
9-Jul-21,65095,9925,124455,4,0,3038
9-Jul-21,65108,8439,124482,1,0,944
9-Jul-21,65279,10240,124815,1,0,3927.25
9-Jul-21,65292,9915,124842,1,0,2447
9-Jul-21,65316,10235,124890,5,5,1369.9
9-Jul-21,65318,9916,124893,2,0,2619
9-Jul-21,65346,3617,124962,1,0,6908
9-Jul-21,65380,7776,125028,1,1,2352
9-Jul-21,65458,7675,125181,1,0,590
9-Jul-21,65476,9925,125211,4,4,3038
9-Jul-21,65481,10975,125220,1,0,12127
9-Jul-21,65482,8425,125223,4,0,3550
9-Jul-21,65550,8438,125364,1,0,3839
9-Jul-21,65563,8471,125388,1,0,20551
9-Jul-21,65744,12700,125712,1,0,7924
9-Jul-21,65826,11143,125865,2,0,2310
9-Jul-21,65909,11121,126018,2,0,2532
9-Jul-21,65933,11899,126069,2,0,11928.8
9-Jul-21,65955,12726,126123,2,2,3559.32
9-Jul-21,65974,3591,126171,3,0,6721
9-Jul-21,66011,9925,126255,3,3,3038
9-Jul-21,66013,529,126258,1,0,1650
9-Jul-21,66112,529,126456,1,0,1650
9-Jul-21,66159,10245,126540,1,0,4672
9-Jul-21,66175,8428,126576,20,0,1971
9-Jul-21,66176,12679,126579,1,1,2380.95
9-Jul-21,66217,8684,126657,1,0,2714
9-Jul-21,66227,1043,126669,2,0,5320
9-Jul-21,66243,1043,126687,1,1,5423
9-Jul-21,66251,3613,126705,1,0,6134
9-Jul-21,66342,3610,126879,1,0,7607
9-Jul-21,66435,9925,127074,4,4,3038
9-Jul-21,66438,8444,127080,1,1,6034
9-Jul-21,66466,8428,127134,100,0,1540
9-Jul-21,66470,11189,127140,1,0,4998
9-Jul-21,66505,7666,127197,1,0,10933
9-Jul-21,66518,10224,127218,1,0,4502
9-Jul-21,66523,9899,127224,10,0,1711
9-Jul-21,66531,12700,127245,1,0,11580
9-Jul-21,66576,10235,127359,2,0,1368.99
9-Jul-21,66578,10975,127362,5,0,16169
9-Jul-21,66630,8444,127464,2,0,3252
9-Jul-21,66655,10235,127506,2,2,1324.5
9-Jul-21,66727,7827,127626,1,0,6198.31
9-Jul-21,66739,9925,127647,2,2,3038
9-Jul-21,66806,11124,127755,2,0,886
9-Jul-21,66848,7550,127812,1,1,2450
9-Jul-21,66852,11118,127818,1,0,2142
9-Jul-21,66872,2282,127845,5,5,4000
9-Jul-21,66883,12487,127872,2,0,3322
9-Jul-21,66920,10235,127947,1,0,1325
9-Jul-21,66937,10975,127992,1,0,11796.6
9-Jul-21,66989,11155,128091,1,1,6725
9-Jul-21,67011,10975,128151,1,0,16169
9-Jul-21,67060,10975,128253,3,0,23805.1
9-Jul-21,67066,8221,128262,10,0,2789
9-Jul-21,67069,7666,128268,1,0,10933
9-Jul-21,67083,8421,128295,1,0,3751
9-Jul-21,67107,11140,128343,1,0,4460
9-Jul-21,67120,12688,128364,1,0,1023.81
9-Jul-21,67121,11899,128367,1,0,12162.7
9-Jul-21,67137,10236,128394,2,2,1257.76
9-Jul-21,67236,12762,128613,4,0,798.02
9-Jul-21,67243,12444,128622,1,0,4346
9-Jul-21,67268,11123,128676,1,1,5138
9-Jul-21,67286,8444,128703,2,0,6203
9-Jul-21,67380,8389,128883,1,1,2620
9-Jul-21,67384,10236,128889,1,0,1302.5
9-Jul-21,67392,8444,128913,1,0,5940
9-Jul-21,67434,8424,128991,3,3,3854
9-Jul-21,67496,12697,129105,1,1,1761.9
9-Jul-21,67500,8083,129111,1,0,4373
9-Jul-21,67505,11907,129120,1,1,3932.25
9-Jul-21,67514,1040,129132,91,91,3483
9-Jul-21,67543,11137,129189,2,0,3364
9-Jul-21,67559,8444,129225,1,0,6683
9-Jul-21,67564,1041,129234,1,0,4725
9-Jul-21,67568,10235,129240,4,0,1324.5
9-Jul-21,67581,11189,129264,1,0,5145
9-Jul-21,67666,10236,129453,2,0,1302.5
9-Jul-21,67673,10236,129462,10,10,1257.6
9-Jul-21,67685,10235,129480,5,0,1324.5
9-Jul-21,67719,8629,129549,2,2,11466
9-Jul-21,67778,11169,129654,1,1,2741
9-Jul-21,67812,10975,129711,1,0,22008.5
9-Jul-21,67866,12487,129822,1,1,3423
9-Jul-21,67911,8765,129936,3,0,1307
9-Jul-21,67933,8425,129978,1,1,4210
9-Jul-21,67936,8425,129981,1,1,4210
9-Jul-21,67941,10975,129990,1,0,12779.7
9-Jul-21,67972,10204,130059,3,3,3490
9-Jul-21,67974,1548,130065,3,3,10509
9-Jul-21,67981,11731,130077,1,0,5229.63
9-Jul-21,68011,10236,130119,1,0,1302.25
9-Jul-21,68014,2862,130125,1,1,4200
9-Jul-21,68026,1548,130149,1,1,10509
9-Jul-21,68066,8386,130230,1,0,7329
9-Jul-21,68089,11146,130278,1,0,3833
9-Jul-21,68100,11583,130299,1,1,2268
9-Jul-21,68112,11106,130323,1,0,4120
9-Jul-21,68182,9925,130458,3,3,3038
9-Jul-21,68370,1041,130842,1,0,4725
9-Jul-21,68391,3610,130878,1,1,12605
9-Jul-21,68457,8444,130980,1,1,6207
9-Jul-21,68493,8457,131049,1,0,16700
9-Jul-21,68536,10975,131133,2,2,12779.7
9-Jul-21,68623,7271,131289,1,1,2239
9-Jul-21,68673,10975,131373,3,0,12779.7
9-Jul-21,68691,8422,131409,1,1,3218
9-Jul-21,68733,12487,131499,1,1,3423
9-Jul-21,68738,9916,131508,1,0,2619
9-Jul-21,68744,1038,131520,17,0,6985
9-Jul-21,68814,1548,131643,2,2,5127.12
9-Jul-21,68824,9900,131646,1,0,5815
9-Jul-21,68861,11140,131679,1,0,4066
9-Jul-21,68868,8444,131691,1,0,6683
9-Jul-21,68886,1548,131733,1,1,10509
9-Jul-21,68926,1041,131817,5,0,4455
9-Jul-21,69085,10204,132117,3,3,3066
9-Jul-21,69108,1041,132159,5,5,4725
9-Jul-21,69158,10235,132267,4,0,1344.5
9-Jul-21,69161,10235,132273,1,0,1368.99
9-Jul-21,69220,12749,132375,3,3,4098.31
9-Jul-21,69274,11159,132453,1,0,5670
9-Jul-21,69335,12713,132555,1,1,2400
9-Jul-21,69382,12749,132654,1,0,4178
9-Jul-21,69507,8444,132891,1,0,6166
9-Jul-21,69542,12700,132954,1,0,7924
9-Jul-21,69563,9919,132996,2,0,3666
9-Jul-21,69577,8219,133017,5,5,13597
9-Jul-21,69579,10235,133020,1,1,1369.9
9-Jul-21,69600,12699,133053,3,0,3170
9-Jul-21,69657,10209,133161,5,5,2711.86
9-Jul-21,69665,1041,133167,1,1,4725
9-Jul-21,69667,12749,133170,3,3,4202
9-Jul-21,69678,8210,133194,1,1,14679
9-Jul-21,69706,7438,133254,1,0,31741
9-Jul-21,69712,8427,133266,1,0,6656
9-Jul-21,69716,11140,133272,1,0,2445
9-Jul-21,69738,11133,133314,1,0,5691
9-Jul-21,69740,11133,133314,1,0,3407
9-Jul-21,69746,8361,133329,1,0,4871
9-Jul-21,69768,3613,133374,1,1,11139
9-Jul-21,69770,10235,133380,1,0,1369.9
9-Jul-21,69793,8086,133434,1,0,8076
9-Jul-21,69808,3610,133458,5,5,11939
9-Jul-21,69816,8439,133473,3,0,1000
9-Jul-21,69879,8219,133602,1,0,13288.2
9-Jul-21,69901,7566,133659,1,0,13655
9-Jul-21,69939,8219,133710,1,1,13488.3
9-Jul-21,70041,8425,133905,1,1,4110
9-Jul-21,70049,8444,133920,1,1,6980
9-Jul-21,70064,1041,133950,1,1,4455
9-Jul-21,70086,1038,133989,5,5,6724
9-Jul-21,70167,8210,134154,1,1,12443
9-Jul-21,70223,335,134274,350,0,220
9-Jul-21,70260,11121,134343,1,0,2532
9-Jul-21,70268,8664,134358,1,1,2320
9-Jul-21,70370,1039,134550,1,0,2478
9-Jul-21,70371,11169,134550,1,0,5019
9-Jul-21,70395,10245,134580,1,1,5210.5
9-Jul-21,70412,8336,134610,1,1,2749
9-Jul-21,70450,3613,134670,1,1,10143
9-Jul-21,70481,8335,134736,2,0,1987
9-Jul-21,70541,1548,134874,1,0,10763
9-Jul-21,70542,11121,134877,1,0,2532
9-Jul-21,70619,11159,135054,1,0,6552
9-Jul-21,70706,11731,135219,1,0,4947.59
9-Jul-21,70752,11137,135300,2,0,3364
9-Jul-21,70778,8425,135360,3,3,4110
9-Jul-21,70808,8428,135408,9,9,1540
9-Jul-21,70816,8482,135420,1,1,11680
9-Jul-21,70862,11143,135501,1,1,2489
9-Jul-21,70893,11105,135558,1,1,23015
9-Jul-21,70905,10975,135576,1,1,22008.5
9-Jul-21,70947,1041,135663,1,1,4240
9-Jul-21,70955,7504,135672,2,0,3992
9-Jul-21,70962,1548,135684,2,2,5127.12
9-Jul-21,71024,8482,135813,1,0,5496
9-Jul-21,71059,1043,135891,1,0,5320
9-Jul-21,71084,8219,135933,1,1,13288.2
9-Jul-21,71125,3603,136008,1,0,6867
9-Jul-21,71160,7911,136056,1,0,1312.5
9-Jul-21,71170,11123,136077,1,1,5915
9-Jul-21,71178,7990,136089,1,1,3056
9-Jul-21,71195,3615,136113,25,25,4036
9-Jul-21,71206,8384,136137,1,1,4658
9-Jul-21,71224,8429,136176,1,0,2900
9-Jul-21,71260,8459,136230,1,0,2600
9-Jul-21,71302,11143,136302,1,0,2810
9-Jul-21,71356,7754,136416,1,0,1325
9-Jul-21,71377,12701,136461,1,0,7253.9
9-Jul-21,71448,10975,136590,1,1,11796.6
9-Jul-21,71484,11140,136668,1,0,7481
9-Jul-21,71500,9915,136698,2,2,2447
9-Jul-21,71539,11133,136761,1,0,1709
9-Jul-21,71564,12677,136806,1,1,2142.86
9-Jul-21,71580,8420,136854,1,1,5860
9-Jul-21,71587,11186,136866,1,1,3499
9-Jul-21,71590,1038,136875,1,0,6985
9-Jul-21,71619,1548,136929,1,0,5550.9
9-Jul-21,71659,12700,137004,10,10,10425
9-Jul-21,71692,9925,137073,2,2,3216
9-Jul-21,71716,11169,137121,1,0,5145
9-Jul-21,71728,9919,137148,2,0,3844
9-Jul-21,71773,8425,137241,2,2,4110
9-Jul-21,71808,9901,137295,1,0,2422
9-Jul-21,71817,8751,137319,2,2,9240
9-Jul-21,71819,11107,137322,2,2,3166
9-Jul-21,71934,1043,137538,1,0,20796
9-Jul-21,72008,3641,137682,1,0,9112
9-Jul-21,72017,8210,137691,1,0,12674
9-Jul-21,72021,11151,137694,1,0,26835
9-Jul-21,72060,9925,137793,1,0,3152.54
9-Jul-21,72067,9938,137811,1,1,2591
9-Jul-21,72076,11899,137826,1,1,13381
9-Jul-21,72078,10235,137832,1,1,1420
9-Jul-21,72207,1041,138042,1,0,4693
9-Jul-21,72237,12701,138102,1,0,7667.8
9-Jul-21,72239,8428,138105,25,25,1586.3
9-Jul-21,72248,8444,138123,10,10,6108
9-Jul-21,72354,9912,138351,1,0,4068
9-Jul-21,146940,10235,296757,1,1,1432
9-Jul-21,146945,7271,296763,1,1,2566
9-Jul-21,146948,8444,296766,1,1,6061
9-Jul-21,147034,14110,296922,1,0,670
9-Jul-21,147051,10236,296967,1,0,1341
9-Jul-21,147074,12505,297009,1,0,32992
9-Jul-21,147105,12652,297078,10,10,7956
9-Jul-21,147120,8457,297099,1,0,7755
9-Jul-21,147135,8210,297135,3,0,12452
9-Jul-21,147188,1805,297249,1,0,9996
9-Jul-21,147248,11110,297375,1,0,4004
9-Jul-21,147304,11107,297483,1,0,6158
9-Jul-21,147317,9789,297507,1,1,3636
10-Jul-21,62634,9924,119907,1,1,4833
10-Jul-21,62665,3615,119964,1,0,4252
10-Jul-21,62694,9796,120024,3,0,2656.8
10-Jul-21,62749,7640,120159,10,10,12883.8
10-Jul-21,62763,11106,120192,2,0,4116
10-Jul-21,62794,7666,120261,1,0,10933
10-Jul-21,62866,12702,120420,1,1,2200.85
10-Jul-21,62870,11905,120426,1,1,4404.66
10-Jul-21,62962,2367,120576,10,10,450
10-Jul-21,62981,11110,120630,1,0,2552
10-Jul-21,62983,9916,120633,5,5,2722.88
10-Jul-21,63256,10235,121131,4,0,1325
10-Jul-21,63258,10236,121131,4,0,1293
10-Jul-21,63264,11899,121146,1,1,11857
10-Jul-21,63316,3284,121254,3,0,3306
10-Jul-21,63326,11907,121272,1,0,3932.25
10-Jul-21,63333,1548,121290,1,0,5550.9
10-Jul-21,63367,11141,121365,1,0,4610
10-Jul-21,63408,8422,121458,1,0,2942
10-Jul-21,63425,12700,121476,1,0,6940.7
10-Jul-21,63456,10235,121539,2,0,1325
10-Jul-21,63479,8751,121587,1,0,3875
10-Jul-21,63480,11105,121587,1,0,23015
10-Jul-21,63692,11106,121899,1,0,3833
10-Jul-21,63761,7640,122052,1,0,12883.8
10-Jul-21,63782,10226,122100,1,1,3749.29
10-Jul-21,63812,3610,122148,1,1,12364
10-Jul-21,63853,8219,122223,1,1,13288.2
10-Jul-21,63861,11169,122226,1,0,2772
10-Jul-21,64050,10235,122568,2,0,1368.99
10-Jul-21,64059,11156,122577,1,0,3885
10-Jul-21,64093,8664,122631,3,0,2288.2
10-Jul-21,64094,1040,122634,1,0,3435
10-Jul-21,64096,8444,122640,1,0,5872
10-Jul-21,64141,9915,122715,10,0,2881
10-Jul-21,64176,11899,122781,2,0,11410
10-Jul-21,64192,11907,122823,1,0,4264
10-Jul-21,64242,10975,122919,1,1,11254.5
10-Jul-21,64260,9915,122934,2,0,2881
10-Jul-21,64329,8444,123057,3,0,3271.8
10-Jul-21,64344,8444,123084,1,1,6156
10-Jul-21,64379,9915,123138,2,2,2447
10-Jul-21,64429,7596,123216,1,0,1
10-Jul-21,64463,8425,123288,1,1,3619.5
10-Jul-21,64527,3624,123390,1,0,4657
10-Jul-21,64552,8210,123447,1,0,13615
10-Jul-21,64566,8425,123480,1,0,3561
10-Jul-21,64658,10235,123657,1,0,1325
10-Jul-21,64660,11118,123660,2,0,2722
10-Jul-21,64712,11109,123756,1,0,5899
10-Jul-21,64718,8462,123762,1,0,7193
10-Jul-21,64722,8325,123771,3,0,10169.5
10-Jul-21,64775,10239,123873,1,0,5884.88
10-Jul-21,64793,10975,123903,1,0,14372
10-Jul-21,64803,1039,123927,1,1,2280
10-Jul-21,64821,9916,123957,1,0,2619
10-Jul-21,64825,360,123969,1,0,2490
10-Jul-21,64843,7767,123993,5,0,735
10-Jul-21,64916,8425,124113,7,7,3374
10-Jul-21,64947,1043,124191,1,0,21474
10-Jul-21,64978,8425,124242,1,1,3468
10-Jul-21,65000,8662,124281,4,0,2680
10-Jul-21,65034,10204,124338,1,1,3074
10-Jul-21,65041,8326,124347,3,0,3470.33
10-Jul-21,65114,10235,124488,4,4,1325
10-Jul-21,65176,8373,124602,1,0,5300
10-Jul-21,65195,8219,124623,15,0,13488.3
10-Jul-21,65201,8210,124629,5,5,12443
10-Jul-21,65276,8444,124806,1,0,6453
10-Jul-21,65277,12749,124809,1,0,4027.25
10-Jul-21,65369,10975,125004,2,2,11796.6
10-Jul-21,65407,11140,125073,1,0,2445
10-Jul-21,65440,9915,125142,3,3,2881
10-Jul-21,65519,9796,125304,5,0,2656.8
10-Jul-21,65549,8428,125364,1,0,1982
10-Jul-21,65606,12749,125481,1,0,4025.42
10-Jul-21,65621,8452,125502,1,0,6149
10-Jul-21,65651,10226,125550,1,1,3772.9
10-Jul-21,65669,10235,125580,4,4,1368.99
10-Jul-21,65682,10236,125598,1,0,1257.6
10-Jul-21,65725,11118,125676,1,0,3069
10-Jul-21,65807,11168,125844,1,1,6006
10-Jul-21,65810,8210,125847,1,0,12788
10-Jul-21,65934,7599,126072,1,0,2865
10-Jul-21,65942,9925,126087,1,0,3038
10-Jul-21,66023,1041,126279,1,0,4693
10-Jul-21,66067,1548,126369,3,0,10509
10-Jul-21,66087,2282,126393,3,3,4000
10-Jul-21,66135,7208,126498,1,0,850
10-Jul-21,66307,11899,126810,1,0,11928.8
10-Jul-21,66337,2282,126867,1,0,4000
10-Jul-21,66372,11152,126942,1,0,6038
10-Jul-21,66395,8219,126987,17,17,13288.2
10-Jul-21,66404,10235,127005,5,5,1368.99
10-Jul-21,66439,8444,127080,2,2,3252
10-Jul-21,66443,9919,127089,1,0,3203
10-Jul-21,66444,9919,127089,1,0,3343
10-Jul-21,66490,11169,127179,1,1,5145
10-Jul-21,66557,10235,127311,3,0,1368.99
10-Jul-21,66560,11143,127320,2,0,2810
10-Jul-21,66625,1038,127455,1,0,6854
10-Jul-21,66638,12700,127473,1,1,11580
10-Jul-21,66639,12700,127473,3,3,7924
10-Jul-21,66661,8751,127515,2,0,9686
10-Jul-21,66665,8428,127527,5,5,1604.6
10-Jul-21,66706,10975,127605,2,0,12779.7
10-Jul-21,66723,11133,127623,1,1,3575
10-Jul-21,66760,10235,127689,1,0,1368.99
10-Jul-21,66798,8684,127746,1,0,2482
10-Jul-21,66827,11146,127782,2,0,3669
10-Jul-21,66856,11143,127818,1,0,2688
10-Jul-21,66886,10235,127881,10,0,1325
10-Jul-21,66890,12760,127893,1,1,49000
10-Jul-21,66919,8335,127944,1,0,2597
10-Jul-21,66928,10236,127971,2,0,1302.5
10-Jul-21,66940,8210,128001,1,1,12788
10-Jul-21,66985,11123,128088,2,0,5757
10-Jul-21,66994,10225,128100,1,1,4177.1
10-Jul-21,66999,2282,128115,1,0,4000
10-Jul-21,67063,10235,128256,1,0,1325
10-Jul-21,67082,8420,128295,1,0,5580
10-Jul-21,67128,8424,128379,1,0,8590
10-Jul-21,67164,12677,128454,2,2,2142.86
10-Jul-21,67176,8424,128484,1,0,8590
10-Jul-21,67180,10235,128487,1,1,1325
10-Jul-21,67196,11138,128529,1,1,6642
10-Jul-21,67199,8444,128532,1,0,5940
10-Jul-21,67248,10224,128631,1,0,4132
10-Jul-21,67257,11111,128646,1,0,27710
10-Jul-21,67258,10235,128649,10,0,1325
10-Jul-21,67292,8648,128718,2,0,2446.5
10-Jul-21,67322,1548,128772,1,1,10509
10-Jul-21,67341,1548,128805,1,0,10509
10-Jul-21,67344,11899,128808,1,0,12396.5
10-Jul-21,67502,10235,129114,4,4,1324.5
10-Jul-21,67521,11140,129144,1,1,4066
10-Jul-21,67535,1038,129174,1,0,6985
10-Jul-21,67553,8425,129216,1,1,4406.78
10-Jul-21,67590,9915,129279,1,0,2447
10-Jul-21,67613,10235,129330,1,1,1324.5
10-Jul-21,67647,1548,129411,1,0,5550.9
10-Jul-21,67649,1805,129414,1,0,18969
10-Jul-21,67656,3635,129432,1,0,3937
10-Jul-21,67667,10975,129453,1,0,7563.56
10-Jul-21,67701,1038,129510,2,0,6724
10-Jul-21,67703,3610,129516,1,1,7607
10-Jul-21,67730,1038,129564,1,1,6855
10-Jul-21,67741,11155,129585,1,0,7460
10-Jul-21,67754,12487,129609,6,6,3322
10-Jul-21,67790,12677,129672,1,0,2142.86
10-Jul-21,67822,12680,129732,1,0,2000
10-Jul-21,67826,12691,129732,1,0,1023.81
10-Jul-21,67846,8444,129780,2,0,6203
10-Jul-21,67897,8141,129900,1,0,1726
10-Jul-21,67939,9915,129987,1,1,2881
10-Jul-21,67977,12682,130071,2,0,2904.76
10-Jul-21,68003,8325,130110,2,2,10169.5
10-Jul-21,68111,10235,130320,5,5,1369.9
10-Jul-21,68188,3279,130470,1,1,5837
10-Jul-21,68219,11143,130524,1,0,2718
10-Jul-21,68222,3615,130530,1,0,3833
10-Jul-21,68257,3603,130605,1,1,6197
10-Jul-21,68260,3615,130611,2,0,4353
10-Jul-21,68281,12800,130659,100,0,4
10-Jul-21,68307,11133,130728,1,0,3623
10-Jul-21,68320,12800,130752,5,0,8
10-Jul-21,68338,11118,130791,1,0,2722
10-Jul-21,68346,3279,130806,1,1,5837
10-Jul-21,68350,8438,130812,1,0,3650
10-Jul-21,68378,8422,130857,1,0,5942
10-Jul-21,68430,11130,130938,5,0,8747
10-Jul-21,68452,8444,130974,2,0,6034
10-Jul-21,68471,8210,131001,1,0,6720
10-Jul-21,68480,3610,131022,1,0,11939
10-Jul-21,68503,3279,131073,2,2,5837
10-Jul-21,68549,1548,131157,19,0,10509
10-Jul-21,68561,3611,131175,1,0,3230
10-Jul-21,68562,9925,131178,1,0,3038
10-Jul-21,68598,9902,131238,2,0,1916
10-Jul-21,68617,7640,131271,1,0,13886
10-Jul-21,68683,8751,131394,1,1,3665
10-Jul-21,68710,1038,131448,1,0,7121
10-Jul-21,68742,1041,131517,1,1,4725
10-Jul-21,68755,10235,131541,3,0,1325
10-Jul-21,68759,7243,131550,1,0,3165
10-Jul-21,68764,10227,131562,5,0,1369.9
10-Jul-21,68805,7243,131628,1,0,3165
10-Jul-21,68822,9174,131646,1,0,5526
10-Jul-21,68873,3615,131700,4,3,4353
10-Jul-21,68895,3610,131751,1,0,12605
10-Jul-21,68929,3279,131820,1,1,5837
10-Jul-21,68932,11265,131823,1,0,18200
10-Jul-21,68961,9915,131889,1,0,2881
10-Jul-21,68965,10204,131898,20,0,3490
10-Jul-21,68979,11121,131925,2,2,2532
10-Jul-21,69028,1548,132003,1,0,5550.9
10-Jul-21,69039,9915,132027,1,1,2447
10-Jul-21,69059,9915,132066,3,3,2881
10-Jul-21,69177,9916,132294,1,1,2797
10-Jul-21,69205,2282,132351,1,0,4000
10-Jul-21,69222,3279,132381,1,0,5837
10-Jul-21,69243,12713,132417,1,1,2400
10-Jul-21,69271,8436,132453,1,0,2361
10-Jul-21,69325,7810,132540,1,1,3353
10-Jul-21,69366,11899,132627,1,0,13056.6
10-Jul-21,69405,1041,132714,1,1,4240
10-Jul-21,69408,1041,132720,1,0,4240
10-Jul-21,69420,11146,132735,1,0,3833
10-Jul-21,69473,3610,132810,1,0,11939
10-Jul-21,69490,7809,132858,2,2,3948
10-Jul-21,69518,11138,132915,1,0,6142
10-Jul-21,69552,11122,132969,1,1,10127
10-Jul-21,69604,8418,133062,1,0,3770
10-Jul-21,69662,12799,133164,1,0,15726.9
10-Jul-21,69705,8444,133251,1,0,3252
10-Jul-21,69735,8361,133314,1,0,4871
10-Jul-21,69759,8751,133353,1,1,3665
10-Jul-21,69798,11123,133440,2,2,5162
10-Jul-21,69806,12809,133452,4,4,2618.64
10-Jul-21,69840,12701,133512,2,2,5013.56
10-Jul-21,69848,8325,133524,1,1,10169.5
10-Jul-21,69860,8169,133557,1,0,5975
10-Jul-21,69862,11155,133563,1,0,14629
10-Jul-21,69885,3611,133617,1,0,3149
10-Jul-21,69946,3279,133725,1,1,5837
10-Jul-21,69966,8444,133761,1,0,6034
10-Jul-21,69989,1548,133803,1,0,10763
10-Jul-21,69997,12799,133815,1,0,15184
10-Jul-21,70045,10224,133914,1,1,4132.2
10-Jul-21,70055,8444,133929,1,0,6108
10-Jul-21,70092,3611,134001,1,0,3149
10-Jul-21,70103,10529,134028,1,0,7207
10-Jul-21,70117,10529,134052,1,1,7207
10-Jul-21,70190,3615,134214,10,0,4155
10-Jul-21,70200,8470,134226,4,4,2183
10-Jul-21,70241,11899,134310,1,1,12396.5
10-Jul-21,70253,11189,134328,1,1,5103
10-Jul-21,70266,11137,134355,2,1,3364
10-Jul-21,70404,1548,134595,10,0,10509
10-Jul-21,70407,8219,134601,1,0,14238
10-Jul-21,70418,10235,134616,5,5,1325
10-Jul-21,70529,9174,134856,1,1,5297
10-Jul-21,70539,7872,134871,1,0,1985
10-Jul-21,70564,11165,134937,1,0,18454
10-Jul-21,70603,9943,135027,1,0,5680
10-Jul-21,70613,10226,135045,1,0,3571.32
10-Jul-21,70615,9919,135051,1,0,3844
10-Jul-21,70651,8413,135117,1,0,2037
10-Jul-21,70658,11162,135129,1,1,3100
10-Jul-21,70668,11106,135144,2,0,4120
10-Jul-21,70807,11118,135405,1,0,2722
10-Jul-21,70873,11118,135522,1,0,2722
10-Jul-21,70973,9174,135711,1,0,5526
10-Jul-21,70986,1039,135738,1,0,2280
10-Jul-21,71004,10226,135774,2,2,3593.2
10-Jul-21,71037,9916,135849,2,0,2619
10-Jul-21,71066,1038,135906,1,1,6988
10-Jul-21,71109,9915,135978,1,1,2447
10-Jul-21,71144,11147,136029,2,0,1444
10-Jul-21,71155,1041,136047,1,1,4725
10-Jul-21,71157,9915,136047,5,5,2881
10-Jul-21,71246,8760,136209,1,0,972
10-Jul-21,71252,8219,136224,1,0,13288.2
10-Jul-21,71279,11121,136257,1,0,2926
10-Jul-21,71348,8639,136404,1,0,2945
10-Jul-21,71375,11136,136455,1,1,2533
10-Jul-21,71376,11169,136458,5,0,5019
10-Jul-21,71388,10236,136476,4,4,1302
10-Jul-21,71425,1043,136551,1,1,20796
10-Jul-21,71434,8664,136569,6,6,2320
10-Jul-21,71437,11899,136572,1,0,12396.5
10-Jul-21,71440,3279,136578,2,0,5594
10-Jul-21,71452,8360,136602,1,0,4074
10-Jul-21,71465,11172,136629,5,0,2583
10-Jul-21,71474,9888,136644,1,0,13999
10-Jul-21,71476,12912,136650,10,10,3259.73
10-Jul-21,71496,8131,136695,1,0,8379
10-Jul-21,71519,10235,136728,1,0,1369.9
10-Jul-21,71521,12701,136728,1,0,5013.56
10-Jul-21,71585,3284,136863,1,1,3690
10-Jul-21,71591,1038,136878,1,0,6985
10-Jul-21,71600,11123,136893,1,0,6703
10-Jul-21,71609,10520,136911,2,0,3876
10-Jul-21,71620,1548,136932,1,0,10763
10-Jul-21,71652,12701,136989,1,1,5013.56
10-Jul-21,71660,11118,137007,6,6,2142
10-Jul-21,71685,1548,137055,1,0,5127.12
10-Jul-21,71720,8105,137130,4,0,10500
10-Jul-21,71729,9919,137148,4,4,3666
10-Jul-21,71746,3613,137187,1,0,8911
10-Jul-21,71760,10421,137217,2,0,4261
10-Jul-21,71784,10531,137250,1,0,2203.5
10-Jul-21,71800,8210,137280,450,0,12674
10-Jul-21,71807,7805,137292,1,0,7140
10-Jul-21,71820,7785,137325,2,0,2730
10-Jul-21,71845,10225,137367,3,3,3997.5
10-Jul-21,71855,3279,137385,1,0,5594
10-Jul-21,71876,8444,137424,2,2,3252
10-Jul-21,71901,3610,137472,1,1,11939
10-Jul-21,71973,1038,137622,1,0,6985
10-Jul-21,71997,9174,137661,1,1,5526.01
10-Jul-21,72019,12920,137691,1,1,5440
10-Jul-21,72045,8219,137748,1,1,13488.3
10-Jul-21,72047,11120,137754,1,0,19384.8
10-Jul-21,72064,11146,137805,1,0,5664
10-Jul-21,72086,11160,137838,1,1,6275
10-Jul-21,72156,11169,137955,1,0,5208
10-Jul-21,72175,8428,137979,10,10,1586.3
10-Jul-21,72196,1041,138021,1,1,4725
10-Jul-21,72205,11147,138039,3,0,1391
10-Jul-21,72233,7920,138096,1,0,4714
10-Jul-21,72240,11107,138108,2,2,3166
10-Jul-21,72245,1040,138120,5,5,3483
10-Jul-21,72253,1548,138138,1,1,10763
10-Jul-21,72269,10235,138171,2,0,1325
10-Jul-21,72387,8444,138420,1,1,3252
10-Jul-21,72396,8361,138438,1,0,4752
10-Jul-21,146947,8444,296766,2,0,5861
10-Jul-21,146965,8221,296811,2,0,3499
10-Jul-21,146986,3610,296844,1,1,13177
10-Jul-21,147118,11233,297096,1,0,11996
10-Jul-21,147151,12748,297159,5,5,2810
10-Jul-21,147303,8457,297480,1,1,8174
10-Jul-21,147305,8425,297486,1,1,4930
11-Jul-21,62628,8424,119904,1,0,7791
11-Jul-21,62635,11267,119907,2,0,2656.07
11-Jul-21,62640,11143,119919,1,1,2718
11-Jul-21,62653,11189,119946,2,0,5178
11-Jul-21,62732,9916,120123,1,1,2722.88
11-Jul-21,62796,1043,120264,1,1,5319.99
11-Jul-21,62818,11658,120321,1,0,1365
11-Jul-21,62895,3611,120462,1,0,3149.44
11-Jul-21,62911,8210,120495,1,0,12527
11-Jul-21,62917,7754,120501,1,0,1325
11-Jul-21,62964,11117,120582,1,0,3528
11-Jul-21,62982,10235,120633,2,2,1350
11-Jul-21,62984,8623,120636,1,0,23136.6
11-Jul-21,62992,10224,120654,1,0,4283.19
11-Jul-21,63063,11156,120777,1,0,3896
11-Jul-21,63116,7538,120912,1,0,4328
11-Jul-21,63142,10235,120948,10,10,1325
11-Jul-21,63187,8428,121005,2,0,1635
11-Jul-21,63189,8751,121008,1,1,3147
11-Jul-21,63197,1548,121026,2,2,5551
11-Jul-21,63279,10235,121182,2,0,1350
11-Jul-21,63308,1041,121242,1,0,4719
11-Jul-21,63330,2853,121281,4,0,605
11-Jul-21,63369,10235,121371,5,5,1350
11-Jul-21,63372,8417,121380,1,0,9412
11-Jul-21,63402,11156,121449,1,1,4148
11-Jul-21,63455,10235,121539,2,0,1350
11-Jul-21,63492,11143,121587,1,0,2688
11-Jul-21,63513,11162,121602,1,0,2961
11-Jul-21,63514,8214,121605,1,0,4022.03
11-Jul-21,63518,1038,121611,1,0,6988
11-Jul-21,63530,8367,121617,1,0,1616
11-Jul-21,63601,10235,121713,6,6,1350
11-Jul-21,63604,10236,121713,4,4,1293
11-Jul-21,63671,8425,121848,1,0,3318
11-Jul-21,63686,8428,121884,1,0,1587
11-Jul-21,63691,10235,121896,1,1,1325
11-Jul-21,63788,3603,122109,1,1,5629
11-Jul-21,63815,10236,122154,5,0,1302.25
11-Jul-21,63877,7666,122250,4,0,10678
11-Jul-21,63885,7271,122262,2,0,2721
11-Jul-21,63895,11147,122283,2,2,1470
11-Jul-21,63981,9796,122448,5,0,2656.8
11-Jul-21,64085,8664,122616,5,5,2288.2
11-Jul-21,64103,8444,122658,12,12,5814
11-Jul-21,64134,11899,122706,1,1,11857
11-Jul-21,64156,3284,122739,5,5,3306
11-Jul-21,64169,9925,122766,10,0,3038
11-Jul-21,64175,10235,122778,3,3,1324.5
11-Jul-21,64197,2282,122829,1,0,4000
11-Jul-21,64201,3624,122838,1,0,5062
11-Jul-21,64205,1040,122844,1,0,3570.85
11-Jul-21,64206,1040,122844,1,0,4597
11-Jul-21,64232,11107,122898,4,0,3213
11-Jul-21,64233,10207,122901,2,0,4612
11-Jul-21,64236,2282,122907,2,0,4000
11-Jul-21,64262,8425,122940,2,0,3522.2
11-Jul-21,64274,2862,122958,3,0,4200
11-Jul-21,64284,8444,122979,1,1,3271.8
11-Jul-21,64442,12700,123243,1,0,11370
11-Jul-21,64462,8425,123288,2,2,3522.2
11-Jul-21,64466,8425,123294,2,2,3522.2
11-Jul-21,64499,8425,123342,1,0,3468
11-Jul-21,64512,7607,123366,1,0,7047.46
11-Jul-21,64532,10235,123399,3,3,1350
11-Jul-21,64537,11899,123408,1,1,11857
11-Jul-21,64581,8210,123510,1,0,15830
11-Jul-21,64594,1043,123534,1,1,10533
11-Jul-21,64641,10235,123627,2,2,1368.99
11-Jul-21,64643,7776,123630,1,0,2215
11-Jul-21,64725,8325,123771,2,0,14014.8
11-Jul-21,64738,10235,123804,4,4,1350
11-Jul-21,64753,10235,123837,2,2,1368.99
11-Jul-21,64794,1043,123906,1,1,5319.99
11-Jul-21,64850,8210,124005,1,0,12788
11-Jul-21,64857,8438,124017,1,1,3511
11-Jul-21,64863,8425,124023,1,1,3619.5
11-Jul-21,64864,8438,124026,1,0,3629
11-Jul-21,64899,9919,124083,1,1,3844
11-Jul-21,64953,1041,124206,1,0,4719
11-Jul-21,65013,11133,124296,1,1,1691
11-Jul-21,65086,12652,124434,20,20,7203.4
11-Jul-21,65119,10975,124494,25,0,11254.5
11-Jul-21,65137,10531,124536,1,0,2204
11-Jul-21,65192,8210,124620,10,10,12674
11-Jul-21,65229,8428,124701,7,0,1540
11-Jul-21,65290,3284,124842,1,0,2892
11-Jul-21,65323,10236,124902,1,1,1302.25
11-Jul-21,65328,10235,124911,3,0,1368.99
11-Jul-21,65343,11151,124953,1,1,19919
11-Jul-21,65349,8751,124968,1,1,3161
11-Jul-21,65391,10236,125049,2,0,1302.25
11-Jul-21,65408,9925,125076,8,0,4783
11-Jul-21,65412,8429,125088,1,0,2999
11-Jul-21,65415,8221,125091,15,15,2779.67
11-Jul-21,65469,3635,125196,1,0,3937
11-Jul-21,65509,7640,125277,10,10,12883.8
11-Jul-21,65521,9874,125310,1,0,11829
11-Jul-21,65543,1041,125355,1,0,4693.47
11-Jul-21,65569,9917,125400,15,0,708
11-Jul-21,65586,12404,125442,3,0,4115.82
11-Jul-21,65610,11107,125490,1,1,3166
11-Jul-21,65616,10210,125502,2,0,1875
11-Jul-21,65618,10210,125502,3,0,2190
11-Jul-21,65635,11136,125526,1,1,2533
11-Jul-21,65641,11118,125532,3,0,2722
11-Jul-21,65693,9925,125613,2,2,3038
11-Jul-21,65711,10236,125646,1,0,1302.5
11-Jul-21,65726,8312,125679,6,6,3536
11-Jul-21,65762,12487,125748,2,0,3423
11-Jul-21,65786,10227,125799,2,0,1413.48
11-Jul-21,65874,12682,125940,1,0,2904.76
11-Jul-21,65878,11188,125949,3,0,2696
11-Jul-21,65896,8210,125985,40,0,12443
11-Jul-21,65958,11140,126129,1,0,7187
11-Jul-21,65987,11146,126207,1,0,4358
11-Jul-21,65994,11107,126219,1,0,3213
11-Jul-21,66077,9773,126381,1,0,4006.8
11-Jul-21,66081,1040,126384,1,0,3618
11-Jul-21,66165,12486,126558,1,0,2119
11-Jul-21,66199,1040,126621,1,1,3483
11-Jul-21,66211,8219,126648,2,2,13488.3
11-Jul-21,66212,8219,126648,1,1,13597
11-Jul-21,66232,12677,126675,1,1,2142.86
11-Jul-21,66233,12678,126675,1,1,1761.9
11-Jul-21,66257,7817,126720,2,2,4421
11-Jul-21,66290,8444,126777,1,1,3252
11-Jul-21,66308,10235,126813,1,0,1369.9
11-Jul-21,66315,2282,126828,1,0,4000
11-Jul-21,66325,11152,126846,1,0,6038
11-Jul-21,66326,7882,126849,1,0,2468
11-Jul-21,66360,10975,126921,1,0,22008.5
11-Jul-21,66462,11140,127125,1,0,4066
11-Jul-21,66467,9925,127137,2,2,3038
11-Jul-21,66515,8420,127212,1,0,5580
11-Jul-21,66584,10235,127374,1,1,1368.99
11-Jul-21,66585,10236,127374,1,1,1302.25
11-Jul-21,66619,11172,127440,2,2,2625
11-Jul-21,66698,9174,127596,4,0,5820
11-Jul-21,66733,11143,127638,7,7,2822
11-Jul-21,66782,12713,127722,2,2,2400
11-Jul-21,66808,9916,127758,1,0,2182
11-Jul-21,66819,12699,127767,1,0,3486
11-Jul-21,66824,10225,127776,1,1,3997.5
11-Jul-21,66833,10210,127791,1,0,4638
11-Jul-21,66836,11146,127794,1,0,3669
11-Jul-21,66935,10236,127986,1,0,1257.6
11-Jul-21,66936,11133,127989,1,0,3065
11-Jul-21,66948,1038,128019,1,0,6724
11-Jul-21,66963,10236,128052,2,2,1302.5
11-Jul-21,67016,11105,128160,1,0,7382
11-Jul-21,67017,11124,128160,1,0,790
11-Jul-21,67025,8440,128181,1,0,9409
11-Jul-21,67029,8328,128193,1,0,481
11-Jul-21,67046,1040,128220,1,0,3483
11-Jul-21,67053,3279,128235,1,1,5837
11-Jul-21,67152,11172,128427,3,3,2342
11-Jul-21,67158,11932,128436,1,0,7509.83
11-Jul-21,67186,8424,128499,1,0,8590
11-Jul-21,67219,8384,128583,1,1,4746
11-Jul-21,67249,8438,128634,1,0,3603
11-Jul-21,67250,10235,128637,4,0,1368.99
11-Jul-21,67260,9895,128655,1,0,1295
11-Jul-21,67285,8464,128700,1,0,28423
11-Jul-21,67314,3610,128754,2,2,12605
11-Jul-21,67377,1548,128877,4,4,10509
11-Jul-21,67410,1548,128952,1,1,5550.9
11-Jul-21,67497,1040,129108,2,0,3483
11-Jul-21,67525,10235,129153,1,0,1325
11-Jul-21,67548,2862,129204,1,0,4200
11-Jul-21,67605,10975,129312,1,1,12779.7
11-Jul-21,67614,3615,129333,1,0,4339
11-Jul-21,67624,10210,129354,1,0,2190
11-Jul-21,67687,12680,129486,5,2,2000
11-Jul-21,67760,7804,129627,1,1,2554
11-Jul-21,67763,8354,129633,1,0,8288
11-Jul-21,67767,12713,129636,1,1,2400
11-Jul-21,67769,9919,129642,1,0,3844
11-Jul-21,67785,12800,129666,300,0,4
11-Jul-21,67825,12688,129732,1,1,1023.81
11-Jul-21,67851,8444,129789,2,0,6203
11-Jul-21,67875,1039,129849,1,0,2280
11-Jul-21,67887,8443,129873,1,1,6800
11-Jul-21,67889,10235,129876,2,0,1325
11-Jul-21,67937,12800,129984,200,0,4
11-Jul-21,67945,7802,130002,1,0,5114
11-Jul-21,67994,12800,130092,106,0,8
11-Jul-21,68038,8411,130173,1,0,1450
11-Jul-21,68053,11143,130212,1,0,2810
11-Jul-21,68097,9174,130293,1,1,5297
11-Jul-21,68108,9916,130311,1,0,2619
11-Jul-21,68109,1548,130314,1,1,10509
11-Jul-21,68159,9925,130413,2,0,3038
11-Jul-21,68196,8210,130479,1,0,6694
11-Jul-21,68285,11177,130671,2,0,3982
11-Jul-21,68300,8425,130707,4,4,4110
11-Jul-21,68336,3610,130785,3,3,12054
11-Jul-21,68343,1041,130800,1,0,4725
11-Jul-21,68345,3279,130803,1,0,5837
11-Jul-21,68377,8422,130857,1,0,3218
11-Jul-21,68437,9919,130947,1,0,3844
11-Jul-21,68439,8664,130950,6,6,2288.2
11-Jul-21,68468,10235,130995,3,3,1369.9
11-Jul-21,68473,12677,131007,2,2,2142.86
11-Jul-21,68479,12713,131019,2,2,2400
11-Jul-21,68506,9925,131073,4,4,3038
11-Jul-21,68507,9174,131076,1,1,5297
11-Jul-21,68508,7271,131079,1,1,2177
11-Jul-21,68590,1548,131229,2,0,5127.12
11-Jul-21,68599,9916,131238,1,0,2797
11-Jul-21,68606,8210,131256,2,0,14679
11-Jul-21,68631,12749,131301,6,0,4052
11-Jul-21,68648,8210,131328,5,5,6720
11-Jul-21,68676,8422,131382,1,0,3218
11-Jul-21,68678,11143,131385,1,1,2507
11-Jul-21,68680,8751,131391,1,0,3665
11-Jul-21,68690,8086,131409,2,2,1473
11-Jul-21,68696,8444,131421,1,0,6293
11-Jul-21,68706,12757,131436,1,0,3203.39
11-Jul-21,68711,3269,131451,1,0,12120
11-Jul-21,68720,9901,131463,1,0,2422
11-Jul-21,68726,12762,131481,4,0,798.02
11-Jul-21,68732,3610,131496,1,1,11939
11-Jul-21,68743,9925,131517,2,2,3038
11-Jul-21,68762,10235,131556,4,4,1325
11-Jul-21,68782,10236,131592,3,0,1257.76
11-Jul-21,68785,1041,131595,1,0,4240
11-Jul-21,68806,8439,131631,12,0,1000
11-Jul-21,68858,9916,131673,1,0,2619
11-Jul-21,68859,7802,131676,3,3,4956
11-Jul-21,68875,3603,131706,1,0,9798
11-Jul-21,68902,9174,131769,2,2,5297
11-Jul-21,68912,10235,131793,2,2,1369.9
11-Jul-21,68946,7533,131853,1,1,4882
11-Jul-21,68994,9915,131949,1,0,2881
11-Jul-21,69023,9915,132000,1,0,2881
11-Jul-21,69036,1548,132021,1,1,10763
11-Jul-21,69047,8444,132042,1,0,5940
11-Jul-21,69062,1548,132069,2,2,5127.12
11-Jul-21,69071,3603,132090,1,0,6197
11-Jul-21,69087,1041,132120,1,1,4455
11-Jul-21,69089,11140,132120,1,1,7623
11-Jul-21,69099,8444,132135,1,0,3318
11-Jul-21,69118,1038,132174,3,0,6724
11-Jul-21,69119,12784,132177,24,24,2813
11-Jul-21,69148,3279,132240,1,1,5837
11-Jul-21,69198,9915,132333,9,0,2447
11-Jul-21,69210,10204,132360,1,1,3242
11-Jul-21,69241,2282,132417,1,1,4000
11-Jul-21,69318,7553,132537,1,1,6414.98
11-Jul-21,69319,10224,132537,1,1,4132.2
11-Jul-21,69378,12487,132645,1,1,3423
11-Jul-21,69384,11899,132660,1,0,12396.5
11-Jul-21,69401,10235,132705,1,0,1369.9
11-Jul-21,69402,8210,132708,1,1,14679
11-Jul-21,69437,12700,132753,1,1,11580
11-Jul-21,69481,8210,132831,1,1,12390
11-Jul-21,69541,3604,132951,1,0,13662
11-Jul-21,69607,9919,133068,2,2,3666
11-Jul-21,69611,8418,133071,1,0,3770
11-Jul-21,69658,8428,133161,2,2,1734
11-Jul-21,69680,8462,133200,1,1,3721
11-Jul-21,69701,8335,133239,1,1,2597
11-Jul-21,69724,1548,133287,4,0,5127.12
11-Jul-21,69757,11169,133347,2,0,5208
11-Jul-21,69814,10975,133467,1,1,11864.4
11-Jul-21,69842,8210,133515,10,10,12443
11-Jul-21,69854,3610,133539,2,2,11939
11-Jul-21,69859,7540,133554,1,1,16324
11-Jul-21,69869,10227,133578,4,0,1421
11-Jul-21,69875,7651,133590,1,1,29830.6
11-Jul-21,69891,8219,133629,2,2,13597
11-Jul-21,69925,10236,133695,2,2,1302
11-Jul-21,69957,11106,133746,1,1,4120
11-Jul-21,69987,1548,133800,2,0,10763
11-Jul-21,70009,8444,133836,2,2,3252
11-Jul-21,70079,7640,133977,1,0,14695
11-Jul-21,70082,1041,133983,1,0,4725
11-Jul-21,70095,8425,134010,2,0,4110
11-Jul-21,70102,10236,134028,2,0,1360
11-Jul-21,70147,1805,134115,1,1,18733
11-Jul-21,70149,10975,134115,5,5,11254.5
11-Jul-21,70235,1041,134295,1,0,4423
11-Jul-21,70245,8210,134319,1,0,14679
11-Jul-21,70277,11163,134376,1,0,3339
11-Jul-21,70288,8210,134394,1,1,6868
11-Jul-21,70295,10204,134406,1,1,3711
11-Jul-21,70333,9915,134469,1,0,2881
11-Jul-21,70347,1039,134490,3,0,2280
11-Jul-21,70362,8221,134526,2,0,2789
11-Jul-21,70364,9925,134532,3,3,3038
11-Jul-21,70369,1548,134547,1,0,10763
11-Jul-21,70398,11953,134583,10,0,3800.34
11-Jul-21,70439,10204,134655,3,3,3711
11-Jul-21,70448,8219,134664,2,2,13288.2
11-Jul-21,70462,12677,134697,1,0,2291
11-Jul-21,70498,12677,134766,2,2,2291
11-Jul-21,70516,7691,134817,10,0,84
11-Jul-21,70630,11120,135072,1,0,24024
11-Jul-21,70647,9171,135111,1,0,4630
11-Jul-21,70685,9823,135171,1,0,3685
11-Jul-21,70698,11139,135198,1,1,3948
11-Jul-21,70748,3610,135291,2,2,12605
11-Jul-21,70797,9916,135387,1,0,2797
11-Jul-21,70805,7640,135402,3,3,13886
11-Jul-21,70812,9174,135414,1,0,5526
11-Jul-21,70874,11118,135525,2,0,2142
11-Jul-21,70911,7810,135588,1,0,3088
11-Jul-21,70943,12920,135657,1,1,5440
11-Jul-21,70959,8214,135681,1,0,3703.81
11-Jul-21,70969,12701,135702,1,1,7253.9
11-Jul-21,70991,3603,135750,1,1,6867
11-Jul-21,71046,11107,135864,1,0,4809
11-Jul-21,71089,11658,135942,1,0,1365
11-Jul-21,71103,11169,135966,1,1,2919
11-Jul-21,71143,11147,136029,3,0,1365
11-Jul-21,71158,11146,136050,1,0,8384
11-Jul-21,71183,11124,136098,20,20,655
11-Jul-21,71202,8221,136128,2,2,2789
11-Jul-21,71219,10235,136167,8,8,1325
11-Jul-21,71227,10975,136182,1,0,14806.8
11-Jul-21,71267,3284,136239,4,0,3690
11-Jul-21,71314,12800,136326,15,0,4
11-Jul-21,71337,11172,136380,1,0,2621
11-Jul-21,71360,1041,136428,5,0,5129
11-Jul-21,71541,7583,136764,3,3,15593
11-Jul-21,71583,3610,136860,1,1,12054
11-Jul-21,71606,1805,136902,15,15,18733
11-Jul-21,71612,1038,136917,1,0,7740
11-Jul-21,71632,10975,136950,1,0,12127
11-Jul-21,71688,7488,137064,5,0,2506
11-Jul-21,71771,9895,137238,1,0,1295
11-Jul-21,71777,9916,137247,1,1,2619
11-Jul-21,71826,9925,137331,5,5,3038
11-Jul-21,71836,11125,137352,2,0,1891
11-Jul-21,71847,11241,137370,10,10,4093
11-Jul-21,71949,9925,137568,4,4,3038
11-Jul-21,71956,3269,137586,1,0,10677
11-Jul-21,71984,9174,137640,1,0,5297.03
11-Jul-21,71986,12679,137643,1,1,2428.57
11-Jul-21,72015,7553,137691,1,0,9343.22
11-Jul-21,72031,11160,137718,1,0,5439
11-Jul-21,72034,8444,137727,1,0,5940
11-Jul-21,72084,8420,137835,1,1,5756
11-Jul-21,72085,10224,137838,1,1,4132
11-Jul-21,72115,8425,137892,1,1,4110
11-Jul-21,72151,1043,137955,1,0,20796
11-Jul-21,72199,11118,138030,1,0,2722
11-Jul-21,72262,11107,138156,5,5,3166
11-Jul-21,72267,11107,138168,4,4,3166
11-Jul-21,72343,1041,138327,1,1,4725
11-Jul-21,72386,8444,138420,1,1,6166
11-Jul-21,72408,7776,138462,1,0,1465
11-Jul-21,146967,8428,296817,2,0,1725
11-Jul-21,147030,9915,296913,2,2,3599
11-Jul-21,147037,9901,296928,1,0,3831
11-Jul-21,147041,10236,296940,10,10,1341
11-Jul-21,147064,13924,296991,40,0,3420
11-Jul-21,147083,11125,297033,40,40,1858
11-Jul-21,147116,8444,297090,18,18,6034
11-Jul-21,147184,10235,297237,2,2,1399
11-Jul-21,147235,3284,297351,1,1,5271
11-Jul-21,147236,8210,297351,1,1,13860
11-Jul-21,147253,9171,297387,3,0,6470
11-Jul-21,147272,8444,297426,2,0,3535
12-Jul-21,62612,11118,119880,2,2,2205
12-Jul-21,62636,1041,119910,1,0,5129
12-Jul-21,62655,9916,119952,2,2,2904.41
12-Jul-21,62657,3615,119955,1,1,4252
12-Jul-21,62704,11147,120054,1,0,1365
12-Jul-21,62713,7504,120069,2,2,4025.43
12-Jul-21,62792,8210,120258,1,0,12758
12-Jul-21,62829,8214,120342,1,0,3703.81
12-Jul-21,62847,11138,120378,1,0,6496
12-Jul-21,62894,2282,120459,6,0,4000
12-Jul-21,62924,1548,120507,1,1,10763
12-Jul-21,62948,11104,120564,1,0,11277
12-Jul-21,62953,7869,120570,2,0,3540
12-Jul-21,62974,7504,120609,1,0,4025.43
12-Jul-21,62999,10204,120669,3,3,3479
12-Jul-21,63011,8326,120699,2,2,3470.33
12-Jul-21,63029,12700,120729,3,0,6940.7
12-Jul-21,63040,12691,120756,2,2,1023.81
12-Jul-21,63075,11147,120807,3,3,1444
12-Jul-21,63110,8664,120894,1,0,2288.2
12-Jul-21,63118,11106,120912,1,0,4183
12-Jul-21,63132,11143,120933,1,0,3266
12-Jul-21,63181,8444,121002,1,0,3166.8
12-Jul-21,63186,11731,121005,1,0,4402
12-Jul-21,63240,8444,121101,1,1,5814
12-Jul-21,63260,7539,121137,12,12,2964
12-Jul-21,63294,11143,121209,1,0,2489
12-Jul-21,63319,3603,121257,3,0,5629
12-Jul-21,63329,11907,121278,4,4,3932.25
12-Jul-21,63332,1043,121287,1,0,5320
12-Jul-21,63368,9916,121368,3,0,2619
12-Jul-21,63378,8420,121392,1,0,6221
12-Jul-21,63431,10204,121491,1,0,2916
12-Jul-21,63505,3284,121590,1,0,2892
12-Jul-21,63555,11118,121656,1,0,2142
12-Jul-21,63594,8803,121704,1,0,2652
12-Jul-21,63616,7448,121743,1,0,4214
12-Jul-21,63629,8661,121767,1,0,700
12-Jul-21,63669,7271,121845,2,2,2371
12-Jul-21,63712,10975,121944,1,1,21225
12-Jul-21,63732,8782,121995,1,0,3703
12-Jul-21,63734,9916,122001,2,0,2797
12-Jul-21,63763,8664,122058,5,5,2288.2
12-Jul-21,63780,7271,122094,5,0,2347
12-Jul-21,63828,10236,122169,1,1,1302.25
12-Jul-21,63857,12487,122223,5,5,3526
12-Jul-21,63912,11143,122319,1,1,3266
12-Jul-21,63932,11172,122358,1,1,2342
12-Jul-21,63956,11139,122409,1,1,4001
12-Jul-21,63990,9796,122466,3,3,2656.8
12-Jul-21,64043,8428,122553,2,0,1587
12-Jul-21,64076,3615,122604,1,0,4236
12-Jul-21,64113,8422,122679,1,0,5725
12-Jul-21,64115,10235,122679,1,0,1368.99
12-Jul-21,64120,10235,122691,4,0,1350
12-Jul-21,64190,1040,122817,1,0,3435
12-Jul-21,64215,8438,122868,1,0,3511
12-Jul-21,64219,1040,122874,1,0,3570.85
12-Jul-21,64251,11118,122928,2,0,2142
12-Jul-21,64288,10209,122988,3,0,2754.24
12-Jul-21,64313,10227,123033,1,1,1413.48
12-Jul-21,64321,11155,123048,1,0,6725
12-Jul-21,64324,8420,123054,1,0,6221
12-Jul-21,64347,11141,123084,1,0,6079
12-Jul-21,64359,9919,123102,2,2,3844
12-Jul-21,64400,1043,123183,1,0,5320
12-Jul-21,64405,8751,123195,4,0,4116
12-Jul-21,64421,12686,123201,4,0,1595.24
12-Jul-21,64427,8312,123213,1,1,3530.44
12-Jul-21,64474,8422,123303,2,0,5006
12-Jul-21,64521,7526,123384,1,0,6050.85
12-Jul-21,64525,10553,123387,9,9,4671.61
12-Jul-21,64538,8438,123411,3,0,3324
12-Jul-21,64545,1043,123429,1,1,10533
12-Jul-21,64570,10235,123489,4,0,1368.99
12-Jul-21,64576,8438,123495,2,1,3511
12-Jul-21,64577,2282,123498,2,2,4000
12-Jul-21,64617,9919,123582,1,0,3844
12-Jul-21,64703,8420,123741,2,0,5719
12-Jul-21,64749,11731,123831,1,1,5229.63
12-Jul-21,64755,8210,123840,1,1,14679
12-Jul-21,64765,8325,123858,3,2,8983.05
12-Jul-21,64812,8437,123942,1,0,2053
12-Jul-21,64854,10529,124014,1,0,13666
12-Jul-21,64959,10235,124218,5,5,1369.9
12-Jul-21,64964,1040,124221,1,0,3570.85
12-Jul-21,65045,8425,124350,2,0,3468
12-Jul-21,65055,10975,124374,1,1,18906.8
12-Jul-21,65070,10236,124401,1,1,1257.6
12-Jul-21,65106,12677,124476,2,2,2142.86
12-Jul-21,65154,11141,124575,1,0,6048
12-Jul-21,65169,1040,124602,1,0,4612.81
12-Jul-21,65210,10248,124650,1,0,5342.03
12-Jul-21,65257,8210,124767,1,1,12621
12-Jul-21,65278,12749,124812,1,0,4027.25
12-Jul-21,65285,11123,124827,1,0,3352
12-Jul-21,65293,9915,124842,2,0,2881
12-Jul-21,65312,10235,124881,1,1,1325
12-Jul-21,65327,11156,124908,1,1,4085
12-Jul-21,65363,10204,124998,1,0,3242
12-Jul-21,65513,8335,125289,1,0,2597
12-Jul-21,65551,11136,125364,1,0,2533
12-Jul-21,65559,7271,125379,1,0,2371
12-Jul-21,65568,12712,125397,1,0,22100
12-Jul-21,65667,11143,125574,2,0,4578
12-Jul-21,65674,7890,125589,1,1,2163
12-Jul-21,65688,9925,125604,1,0,3216
12-Jul-21,65692,8664,125610,5,0,2288.2
12-Jul-21,65732,10975,125691,1,0,11796.6
12-Jul-21,65752,1039,125733,1,0,2236
12-Jul-21,65798,11899,125823,1,1,12396.5
12-Jul-21,65813,10204,125847,1,0,3242
12-Jul-21,65829,11161,125865,2,0,6647
12-Jul-21,65839,11240,125883,1,1,10240.7
12-Jul-21,65856,8425,125916,3,3,4057
12-Jul-21,65858,1041,125922,2,2,5429
12-Jul-21,65922,11165,126042,1,0,18454
12-Jul-21,65944,8330,126093,1,0,2012
12-Jul-21,65972,3603,126168,1,0,9798
12-Jul-21,65990,11146,126210,1,0,3667
12-Jul-21,66078,8417,126381,1,0,11617
12-Jul-21,66090,10235,126402,4,0,1369.9
12-Jul-21,66091,10235,126405,4,4,1369.9
12-Jul-21,66122,11899,126465,3,2,11928.8
12-Jul-21,66151,7640,126522,1,0,13642.3
12-Jul-21,66166,8444,126561,1,1,6166
12-Jul-21,66250,7640,126702,2,2,13642.3
12-Jul-21,66323,11107,126843,1,0,3166
12-Jul-21,66324,11152,126846,1,0,6955
12-Jul-21,66341,1548,126876,1,1,10509
12-Jul-21,66384,1038,126963,30,0,6855
12-Jul-21,66387,3606,126966,2,2,5054
12-Jul-21,66390,10238,126975,1,0,6329.8
12-Jul-21,66402,10224,127002,2,2,4311.9
12-Jul-21,66417,10204,127038,2,0,3490
12-Jul-21,66424,1040,127053,1,1,3618
12-Jul-21,66426,7785,127056,1,0,2730
12-Jul-21,66447,1038,127098,1,1,6988
12-Jul-21,66509,3645,127203,16,0,1719
12-Jul-21,66514,11139,127209,1,0,4001
12-Jul-21,66528,12700,127239,1,0,11580
12-Jul-21,66568,9925,127344,1,0,3038
12-Jul-21,66634,7867,127470,1,0,2163
12-Jul-21,66664,8219,127524,1,0,13288.2
12-Jul-21,66669,7806,127533,1,1,3087
12-Jul-21,66789,8422,127731,1,1,3600.5
12-Jul-21,66840,10235,127803,2,0,1368.99
12-Jul-21,66841,10236,127803,2,0,1302.25
12-Jul-21,66855,11143,127818,1,0,2478
12-Jul-21,66874,12407,127851,1,0,11271
12-Jul-21,66879,12700,127863,1,1,11580
12-Jul-21,66897,11133,127899,1,1,3086
12-Jul-21,66909,1038,127920,2,2,6988
12-Jul-21,66982,8664,128085,3,3,2288.2
12-Jul-21,67049,11123,128223,2,0,5162
12-Jul-21,67056,11147,128244,3,0,1471
12-Jul-21,67059,12763,128250,2,0,2142
12-Jul-21,67080,9902,128295,2,0,1916
12-Jul-21,67090,11118,128307,4,4,2478
12-Jul-21,67141,11907,128403,1,0,4204
12-Jul-21,67147,7583,128418,1,1,15593
12-Jul-21,67165,10975,128457,1,1,11254.5
12-Jul-21,67174,9912,128478,5,0,1895
12-Jul-21,67183,10235,128490,6,6,1324.5
12-Jul-21,67211,10975,128562,1,1,13564.1
12-Jul-21,67297,10520,128727,1,0,3571.32
12-Jul-21,67304,11138,128736,1,0,60436
12-Jul-21,67315,3610,128754,2,2,12054
12-Jul-21,67331,12806,128787,1,0,25423.7
12-Jul-21,67378,1548,128877,3,3,10763
12-Jul-21,67388,8425,128901,1,0,3979
12-Jul-21,67398,11186,128928,1,1,3499
12-Jul-21,67403,10204,128940,1,1,3074
12-Jul-21,67428,11133,128982,1,0,1691
12-Jul-21,67450,8384,129012,1,1,4658
12-Jul-21,67454,10224,129024,1,0,4132.2
12-Jul-21,67551,1039,129213,5,0,2280
12-Jul-21,67562,8425,129231,1,0,3906
12-Jul-21,67569,10236,129240,2,0,1302.25
12-Jul-21,67573,1548,129246,1,1,10509
12-Jul-21,67596,10235,129288,3,0,1324.5
12-Jul-21,67630,8765,129369,1,0,1307
12-Jul-21,67668,8210,129456,1,1,13007
12-Jul-21,67724,1041,129558,1,1,5004
12-Jul-21,67739,12652,129579,1,1,7203.4
12-Jul-21,67813,10975,129711,1,0,16169
12-Jul-21,67819,9925,129723,4,4,3038
12-Jul-21,67843,8460,129777,1,1,3356
12-Jul-21,67853,11131,129795,1,0,9913
12-Jul-21,67900,3276,129906,1,0,2763
12-Jul-21,67919,11118,129954,2,2,2722
12-Jul-21,67957,1041,130026,1,0,4066
12-Jul-21,67962,3615,130035,19,0,3998
12-Jul-21,68006,10975,130110,3,3,11254.5
12-Jul-21,68017,11123,130131,1,0,3352
12-Jul-21,68050,11147,130206,2,0,1444
12-Jul-21,68077,9925,130260,1,0,3038
12-Jul-21,68164,10235,130416,7,7,1325
12-Jul-21,68201,9891,130488,1,0,10582
12-Jul-21,68204,9899,130497,4,0,1711
12-Jul-21,68287,11124,130674,1,0,790
12-Jul-21,68315,1039,130740,1,0,2478
12-Jul-21,68333,9916,130776,2,2,2619
12-Jul-21,68354,3591,130818,1,0,3195
12-Jul-21,68362,11133,130824,1,1,3065
12-Jul-21,68420,11108,130917,1,0,3864
12-Jul-21,68431,11151,130938,2,0,19919
12-Jul-21,68449,8428,130968,10,9,1540
12-Jul-21,68465,9916,130992,1,1,2797
12-Jul-21,68488,1548,131040,2,2,10509
12-Jul-21,68497,2862,131061,3,3,4200
12-Jul-21,68567,1548,131190,2,2,5550.9
12-Jul-21,68595,11123,131235,1,0,7062
12-Jul-21,68651,8210,131334,2,0,12674
12-Jul-21,68688,12749,131403,10,0,4025.42
12-Jul-21,68718,10442,131460,1,0,6572
12-Jul-21,68835,1041,131655,3,0,4528
12-Jul-21,68863,8787,131685,1,0,925
12-Jul-21,68887,3610,131736,3,3,11939
12-Jul-21,68906,1548,131778,1,1,10763
12-Jul-21,68927,1041,131817,2,0,4272
12-Jul-21,68952,8622,131868,1,0,27315.2
12-Jul-21,68996,9915,131952,1,0,2447
12-Jul-21,69065,8425,132075,1,0,4110
12-Jul-21,69076,3269,132099,1,0,8456
12-Jul-21,69135,9895,132207,100,0,1393
12-Jul-21,69189,3613,132318,1,0,10288
12-Jul-21,69240,8425,132414,1,0,4310
12-Jul-21,69244,9925,132420,2,2,3038
12-Jul-21,69334,1041,132552,1,0,4927
12-Jul-21,69364,1548,132621,1,0,10509
12-Jul-21,69425,11113,132744,2,0,4561
12-Jul-21,69428,11113,132747,1,0,3959
12-Jul-21,69528,8354,132924,1,1,7765
12-Jul-21,69555,8444,132975,1,0,6160
12-Jul-21,69626,10237,133098,1,1,3927.25
12-Jul-21,69647,11136,133134,2,2,2533
12-Jul-21,69663,12799,133164,1,0,15184
12-Jul-21,69762,11137,133359,2,2,3364
12-Jul-21,69771,10235,133380,1,0,1325
12-Jul-21,69823,1041,133488,1,0,4528
12-Jul-21,69863,11155,133563,1,0,12506
12-Jul-21,69882,8447,133608,10,0,2487
12-Jul-21,69890,8219,133629,4,4,13488.3
12-Jul-21,69906,9881,133671,1,0,14773
12-Jul-21,69923,10204,133692,1,0,3066
12-Jul-21,69976,9925,133776,1,1,3038
12-Jul-21,69980,10204,133782,1,1,3711
12-Jul-21,69999,1041,133821,1,0,5738
12-Jul-21,70059,7542,133941,2,0,23589
12-Jul-21,70070,8438,133962,1,1,3650
12-Jul-21,70120,10204,134055,4,0,3711
12-Jul-21,70130,2282,134073,1,0,4000
12-Jul-21,70186,9925,134202,1,0,2435
12-Jul-21,70187,3615,134205,5,0,4067
12-Jul-21,70264,7640,134352,1,1,14695
12-Jul-21,70282,11146,134385,2,2,3669
12-Jul-21,70283,10225,134388,1,0,4505.64
12-Jul-21,70293,8444,134403,1,0,3252
12-Jul-21,70341,7858,134481,5,5,3213
12-Jul-21,70359,11138,134517,1,0,16100
12-Jul-21,70366,3610,134538,3,3,11939
12-Jul-21,70424,12701,134625,2,2,7253.9
12-Jul-21,70435,8444,134643,1,0,6166
12-Jul-21,70463,1548,134700,2,0,10763
12-Jul-21,70479,8219,134730,1,0,13288.2
12-Jul-21,70494,1043,134754,1,1,10533
12-Jul-21,70560,8770,134928,1,0,6648
12-Jul-21,70574,12652,134964,2,0,7203.4
12-Jul-21,70591,12487,135000,1,0,3526
12-Jul-21,70622,1041,135060,1,0,4240
12-Jul-21,70649,11146,135114,1,0,9923
12-Jul-21,70657,10225,135129,1,1,4177.1
12-Jul-21,70676,7504,135156,2,0,3992
12-Jul-21,70686,9823,135174,1,0,3685
12-Jul-21,70693,11133,135186,1,0,3623
12-Jul-21,70714,8443,135234,1,0,6800
12-Jul-21,70732,7553,135264,1,1,5966.1
12-Jul-21,70760,1548,135321,1,0,10509
12-Jul-21,70845,10236,135480,2,2,1257.6
12-Jul-21,70881,7750,135540,20,0,169
12-Jul-21,71117,8384,135990,1,0,4658
12-Jul-21,71191,3615,136107,26,0,4036
12-Jul-21,71243,11143,136206,1,0,3266
12-Jul-21,71292,8751,136284,1,0,2216
12-Jul-21,71301,11140,136302,1,0,4066
12-Jul-21,71339,11118,136386,3,0,2722
12-Jul-21,71368,11143,136443,1,0,2478
12-Jul-21,71386,12800,136473,10,0,4
12-Jul-21,71396,8422,136497,4,0,3260
12-Jul-21,71466,11172,136629,3,0,2342
12-Jul-21,71479,1041,136656,1,1,4455
12-Jul-21,71483,10235,136665,1,0,1369.9
12-Jul-21,71525,7504,136737,1,1,3992
12-Jul-21,71530,8425,136746,1,0,4110
12-Jul-21,71566,7640,136812,10,10,13886
12-Jul-21,71570,12912,136824,4,4,3259.73
12-Jul-21,71759,11169,137214,2,2,5145
12-Jul-21,71781,11143,137247,1,1,2478
12-Jul-21,71788,10236,137259,3,3,1302.5
12-Jul-21,71857,8221,137391,5,5,2789
12-Jul-21,71919,8484,137502,2,0,8177.97
12-Jul-21,71921,8444,137508,3,3,6108
12-Jul-21,71923,11189,137511,1,1,5084
12-Jul-21,71979,8444,137628,1,0,6034
12-Jul-21,72018,12920,137691,1,1,5250
12-Jul-21,72023,9174,137697,1,0,5297
12-Jul-21,72071,11152,137817,1,1,6955
12-Jul-21,72092,11125,137850,2,2,1891
12-Jul-21,72098,8760,137859,1,0,2335
12-Jul-21,72102,9915,137868,3,3,2881
12-Jul-21,72129,10235,137913,2,0,1369.9
12-Jul-21,72409,7640,138465,6,6,13886
12-Jul-21,146974,3605,296823,1,1,3762
12-Jul-21,146988,12547,296850,12,0,5726
12-Jul-21,147000,14352,296871,5,0,3318
12-Jul-21,147016,8425,296895,2,2,4930
12-Jul-21,147020,10236,296895,2,2,1258
12-Jul-21,147031,12460,296913,1,1,14130
12-Jul-21,147057,3615,296973,1,0,6041
12-Jul-21,147119,8457,297099,1,0,8039
12-Jul-21,147165,8425,297189,3,0,5110
12-Jul-21,147170,10975,297204,1,0,5089
12-Jul-21,147175,8221,297216,5,0,6182
12-Jul-21,147176,7540,297219,1,0,13740
12-Jul-21,147228,11146,297339,1,1,6880
12-Jul-21,147262,14338,297414,11,11,5089
12-Jul-21,147291,11233,297456,1,0,11996
13-Jul-21,62609,7818,119874,1,0,4993
13-Jul-21,62617,8425,119892,2,2,3581
13-Jul-21,62639,2862,119916,1,0,4200
13-Jul-21,62658,11189,119955,2,1,5178
13-Jul-21,62669,7243,119973,5,0,3179.91
13-Jul-21,62689,10204,120012,3,0,3479
13-Jul-21,62724,7774,120099,5,0,2947
13-Jul-21,62773,8425,120216,2,0,3522.2
13-Jul-21,62836,11899,120357,1,0,11410
13-Jul-21,62841,8390,120369,1,0,1563
13-Jul-21,62864,11125,120414,5,5,1892
13-Jul-21,62881,8457,120429,1,0,16130
13-Jul-21,62928,7872,120513,1,0,1214
13-Jul-21,62959,8210,120570,1,1,6592
13-Jul-21,62965,11117,120582,1,0,3119
13-Jul-21,62969,8425,120594,1,0,4106
13-Jul-21,62975,1039,120612,5,5,2236
13-Jul-21,62989,7921,120648,1,0,1056.8
13-Jul-21,62996,11125,120663,2,0,1892
13-Jul-21,63018,8438,120708,1,0,3511
13-Jul-21,63032,7640,120738,4,4,12883.8
13-Jul-21,63131,8664,120933,1,0,2288.2
13-Jul-21,63134,12762,120933,2,0,798.02
13-Jul-21,63167,3610,120993,10,0,12364
13-Jul-21,63176,10235,120999,1,0,1350
13-Jul-21,63237,7666,121101,1,1,10933
13-Jul-21,63251,3615,121119,5,0,4017
13-Jul-21,63290,12677,121206,3,0,2142.86
13-Jul-21,63322,1041,121263,2,0,5429
13-Jul-21,63429,11146,121485,1,0,9923
13-Jul-21,63460,1041,121542,1,0,4240.14
13-Jul-21,63490,11143,121587,1,0,2810
13-Jul-21,63507,9898,121596,1,0,3187
13-Jul-21,63533,11147,121617,1,0,1471
13-Jul-21,63536,7675,121617,2,0,2281
13-Jul-21,63573,11731,121671,1,1,4947.59
13-Jul-21,63578,8438,121677,1,0,3324
13-Jul-21,63640,8425,121788,5,0,3374
13-Jul-21,63642,12680,121791,2,0,2000
13-Jul-21,63646,11146,121800,1,0,4168
13-Jul-21,63653,8444,121815,1,0,5872
13-Jul-21,63661,11731,121830,1,0,5232
13-Jul-21,63668,10235,121842,4,4,1350
13-Jul-21,63674,10235,121854,6,0,1324.5
13-Jul-21,63676,10227,121860,1,0,1368.99
13-Jul-21,63737,10235,122007,10,0,1325
13-Jul-21,63776,12699,122088,3,0,3170
13-Jul-21,63867,12700,122238,8,8,6940.7
13-Jul-21,63872,8362,122244,10,10,2300
13-Jul-21,63874,7640,122247,3,2,14617
13-Jul-21,63882,7666,122256,5,5,10678
13-Jul-21,64057,8428,122574,2,2,1635
13-Jul-21,64083,3603,122613,15,15,5629
13-Jul-21,64097,8422,122643,1,0,5725
13-Jul-21,64100,11189,122652,2,0,4998
13-Jul-21,64107,12700,122667,1,0,6940.7
13-Jul-21,64114,8444,122679,1,0,5872
13-Jul-21,64119,8441,122688,1,0,3001
13-Jul-21,64163,7607,122754,1,0,6408
13-Jul-21,64183,7890,122802,2,0,2194
13-Jul-21,64289,10209,122988,2,0,2711.86
13-Jul-21,64366,11899,123114,1,1,11410
13-Jul-21,64367,8325,123117,2,1,10900.4
13-Jul-21,64369,8326,123117,3,3,3470.33
13-Jul-21,64426,8444,123210,2,0,3271.8
13-Jul-21,64505,11143,123351,1,1,3266
13-Jul-21,64533,10235,123399,2,2,1325
13-Jul-21,64540,7666,123417,2,0,10678
13-Jul-21,64541,10235,123420,4,4,1368.99
13-Jul-21,64553,9925,123450,11,11,3038
13-Jul-21,64600,4435,123546,10,10,2075
13-Jul-21,64687,8425,123708,2,0,3468
13-Jul-21,64715,8438,123759,1,0,3511
13-Jul-21,64726,7806,123774,1,0,2883
13-Jul-21,64744,8425,123822,4,4,3522.2
13-Jul-21,64835,7530,123987,1,0,2733
13-Jul-21,64851,8447,124008,1,0,2487
13-Jul-21,64870,8444,124038,1,0,5872
13-Jul-21,64881,11118,124053,1,0,2722
13-Jul-21,64918,10236,124113,3,3,1302.25
13-Jul-21,64924,11118,124128,1,0,2734
13-Jul-21,64928,11123,124140,1,0,3352
13-Jul-21,64965,10235,124224,2,0,1369.9
13-Jul-21,64980,9925,124248,2,0,4783
13-Jul-21,64991,8444,124266,1,0,5648
13-Jul-21,65081,12482,124422,2,2,3009.34
13-Jul-21,65098,8435,124458,1,1,11192
13-Jul-21,65131,7666,124518,10,0,10678
13-Jul-21,65158,11146,124584,1,0,8384
13-Jul-21,65167,1041,124602,1,0,4725
13-Jul-21,65209,7785,124647,1,0,2756
13-Jul-21,65350,8751,124968,5,5,2216
13-Jul-21,65354,8751,124977,1,0,3161
13-Jul-21,65366,10975,125004,2,2,21225
13-Jul-21,65405,10235,125073,8,0,1368.99
13-Jul-21,65409,12480,125079,1,1,22080
13-Jul-21,65454,1041,125175,1,0,4423.22
13-Jul-21,65483,1043,125226,1,0,5320
13-Jul-21,65506,9925,125268,10,10,3038
13-Jul-21,65510,2862,125280,1,1,4200
13-Jul-21,65558,9885,125376,1,0,7655
13-Jul-21,65561,8444,125382,1,0,6293
13-Jul-21,65622,10235,125505,2,0,1369.9
13-Jul-21,65683,10237,125598,1,0,3683.1
13-Jul-21,65736,1040,125697,1,0,3640
13-Jul-21,65740,10235,125700,2,0,1369.9
13-Jul-21,65746,9925,125718,4,4,3038
13-Jul-21,65757,8662,125739,5,4,2680
13-Jul-21,65772,7607,125769,1,1,7220
13-Jul-21,65776,11123,125781,1,0,5757
13-Jul-21,65790,8439,125808,1,0,944
13-Jul-21,65805,12684,125841,1,0,2095.24
13-Jul-21,65841,11143,125886,1,1,2699
13-Jul-21,65843,9915,125886,1,1,2881
13-Jul-21,65864,10236,125928,3,3,1302.5
13-Jul-21,65898,8422,125991,1,0,5689
13-Jul-21,65901,3611,126000,1,0,3149
13-Jul-21,65919,10224,126036,1,0,4502
13-Jul-21,65959,11140,126129,1,0,7481
13-Jul-21,65979,3592,126186,2,0,9209
13-Jul-21,65985,3624,126201,1,0,4746
13-Jul-21,65998,8131,126225,1,0,9125
13-Jul-21,66035,11178,126300,1,0,8547
13-Jul-21,66041,8422,126315,1,0,3218
13-Jul-21,66044,11169,126318,1,0,2772
13-Jul-21,66047,8210,126327,1,1,13007
13-Jul-21,66085,8428,126387,1,0,1614
13-Jul-21,66137,7756,126498,10,0,25.698
13-Jul-21,66180,11118,126582,1,0,2478
13-Jul-21,66239,12691,126675,1,1,1023.81
13-Jul-21,66244,1043,126687,1,1,10737
13-Jul-21,66320,3610,126837,2,0,11939
13-Jul-21,66354,9925,126909,4,4,3038
13-Jul-21,66394,9915,126984,4,4,2881
13-Jul-21,66399,10975,126993,2,1,23805.1
13-Jul-21,66406,8335,127008,1,1,2597
13-Jul-21,66483,9915,127167,4,4,2881
13-Jul-21,66489,11138,127179,1,1,61444
13-Jul-21,66552,7640,127299,1,0,12883.8
13-Jul-21,66562,3635,127326,1,0,3937
13-Jul-21,66571,9916,127353,1,0,2182
13-Jul-21,66613,8425,127431,2,2,3884
13-Jul-21,66678,3269,127557,1,0,8733
13-Jul-21,66702,7640,127605,2,2,13642.3
13-Jul-21,66807,9916,127758,1,0,2095
13-Jul-21,66820,7827,127770,1,0,6198.31
13-Jul-21,66853,11118,127818,1,0,2722
13-Jul-21,66867,8444,127836,1,0,6108
13-Jul-21,66875,10237,127854,1,1,3683.1
13-Jul-21,66913,11118,127929,2,2,2722
13-Jul-21,66944,8425,128010,1,1,3983.05
13-Jul-21,66969,11143,128061,1,0,2810
13-Jul-21,67000,11123,128118,1,0,3352
13-Jul-21,67018,7640,128163,1,0,12883.8
13-Jul-21,67023,8413,128175,3,3,1880
13-Jul-21,67040,11156,128205,1,0,3885
13-Jul-21,67072,10236,128274,2,0,1302.5
13-Jul-21,67096,10235,128316,4,0,1325
13-Jul-21,67097,7271,128319,1,0,2721
13-Jul-21,67134,8443,128394,1,1,5807
13-Jul-21,67148,9174,128421,1,1,5526
13-Jul-21,67222,7858,128586,1,0,2688
13-Jul-21,67228,9912,128595,1,0,1988
13-Jul-21,67245,8428,128628,3,0,1982
13-Jul-21,67253,11125,128643,2,0,1891
13-Jul-21,67266,12762,128670,8,0,798.02
13-Jul-21,67267,10235,128673,3,0,1325
13-Jul-21,67345,11118,128811,1,1,2722
13-Jul-21,67391,10975,128910,2,2,11254.5
13-Jul-21,67422,10235,128970,4,4,1325
13-Jul-21,67452,8444,129018,1,0,6166
13-Jul-21,67457,1548,129030,1,1,10509
13-Jul-21,67533,11118,129168,1,1,2478
13-Jul-21,67566,7640,129237,2,2,13886
13-Jul-21,67584,12686,129270,1,1,1595.24
13-Jul-21,67615,3615,129333,2,0,4155
13-Jul-21,67641,9902,129396,1,0,1916
13-Jul-21,67654,3606,129426,1,0,5199
13-Jul-21,67657,10236,129435,2,0,1302.25
13-Jul-21,67679,11140,129471,1,1,4460
13-Jul-21,67738,1043,129576,1,1,10533
13-Jul-21,67765,8354,129633,3,0,15289
13-Jul-21,67797,10236,129681,4,0,1257.76
13-Jul-21,67804,7881,129693,1,1,1470
13-Jul-21,67805,11169,129693,1,1,2741
13-Jul-21,67874,12677,129846,1,0,2142.86
13-Jul-21,67878,7754,129858,4,0,1325
13-Jul-21,67953,7872,130014,2,2,1985
13-Jul-21,67993,10975,130092,1,0,14806.8
13-Jul-21,68012,10236,130119,1,0,1257.76
13-Jul-21,68046,1548,130194,5,5,10509
13-Jul-21,68054,9897,130215,1,1,9712
13-Jul-21,68072,9925,130245,1,0,3038
13-Jul-21,68117,10236,130332,5,5,1257.76
13-Jul-21,68194,8444,130476,1,0,3252
13-Jul-21,68197,8428,130479,1,0,1734
13-Jul-21,68205,8210,130500,1,0,13007
13-Jul-21,68211,9174,130509,3,0,5297
13-Jul-21,68214,11143,130518,1,0,2699
13-Jul-21,68241,10210,130572,2,0,1899
13-Jul-21,68245,8664,130578,5,0,2288.2
13-Jul-21,68249,10975,130587,1,0,14372
13-Jul-21,68264,1548,130620,1,0,10509
13-Jul-21,68298,9924,130701,1,0,4028
13-Jul-21,68337,1038,130788,3,3,6854
13-Jul-21,68339,11118,130791,1,0,2898
13-Jul-21,68387,10761,130869,1,0,3463
13-Jul-21,68425,12677,130932,5,3,2142.86
13-Jul-21,68481,9174,131025,1,0,5297
13-Jul-21,68498,12795,131064,12,0,685
13-Jul-21,68504,9915,131073,3,3,2447
13-Jul-21,68552,10237,131160,1,0,3660.31
13-Jul-21,68570,1548,131196,1,1,5550.9
13-Jul-21,68585,12749,131214,2,2,4025.42
13-Jul-21,68621,7271,131283,2,0,2239
13-Jul-21,68638,9902,131316,2,2,1916
13-Jul-21,68670,9916,131364,1,0,2619
13-Jul-21,68709,10235,131445,2,0,1369.9
13-Jul-21,68713,9925,131454,1,0,3038
13-Jul-21,68723,12762,131472,4,0,798.02
13-Jul-21,68750,7566,131532,1,0,13655
13-Jul-21,68792,11143,131601,1,1,2810
13-Jul-21,68828,8444,131646,2,0,6207
13-Jul-21,68879,10975,131715,1,1,18093.2
13-Jul-21,68967,7827,131904,1,1,6575.59
13-Jul-21,69000,1548,131958,2,2,10509
13-Jul-21,69052,8444,132051,1,0,5940
13-Jul-21,69070,8210,132087,1,1,13007
13-Jul-21,69077,11146,132102,1,1,9923
13-Jul-21,69096,1548,132129,1,0,10763
13-Jul-21,69105,3603,132153,2,2,6197
13-Jul-21,69165,9902,132279,1,0,1916
13-Jul-21,69193,7271,132327,2,0,2153
13-Jul-21,69216,3279,132369,1,1,5837
13-Jul-21,69273,11159,132453,1,0,6552
13-Jul-21,69305,3279,132504,1,0,5837
13-Jul-21,69311,7775,132519,1,0,5345
13-Jul-21,69314,11159,132525,1,0,5670
13-Jul-21,69326,10204,132540,3,3,3500
13-Jul-21,69345,8131,132576,1,1,4828
13-Jul-21,69377,12487,132645,3,3,3322
13-Jul-21,69427,11113,132747,2,0,4561
13-Jul-21,69430,10235,132750,2,2,1369.9
13-Jul-21,69443,11113,132759,1,1,3959
13-Jul-21,69502,8219,132879,1,1,13488.3
13-Jul-21,69512,3568,132900,42,42,6655
13-Jul-21,69568,8210,133002,2,0,6720
13-Jul-21,69570,10248,133005,1,1,4830.5
13-Jul-21,69590,1548,133038,2,2,10763
13-Jul-21,69613,10247,133071,1,0,6663.07
13-Jul-21,69625,11136,133095,2,0,2481
13-Jul-21,69631,10235,133104,2,0,1325
13-Jul-21,69659,12750,133161,2,2,2847.46
13-Jul-21,69671,7586,133182,1,0,6849.51
13-Jul-21,69720,3610,133278,5,5,12605
13-Jul-21,69853,9915,133536,1,1,2881
13-Jul-21,69889,8219,133629,5,5,13288.2
13-Jul-21,69895,2862,133641,1,0,4200
13-Jul-21,69913,9895,133677,8,8,1295
13-Jul-21,69936,10204,133707,1,1,3066
13-Jul-21,69937,10204,133707,1,1,3490
13-Jul-21,69944,8386,133719,1,0,7008
13-Jul-21,69949,11186,133734,1,0,3499
13-Jul-21,69959,12710,133749,1,1,9600
13-Jul-21,69968,8444,133764,1,0,6166
13-Jul-21,69982,8219,133788,1,0,13288.2
13-Jul-21,69994,9915,133809,1,1,2447
13-Jul-21,70088,8386,133992,1,0,2879
13-Jul-21,70101,8425,134025,3,0,4110
13-Jul-21,70152,8444,134118,3,0,3252
13-Jul-21,70165,8210,134148,1,0,12443
13-Jul-21,70183,8470,134196,4,0,2183
13-Jul-21,70305,8210,134418,1,1,14679
13-Jul-21,70354,8219,134511,1,1,7415.25
13-Jul-21,70455,8664,134682,4,4,2320
13-Jul-21,70480,1041,134733,1,0,4927
13-Jul-21,70485,7802,134745,1,1,5114
13-Jul-21,70537,9174,134865,1,0,5526
13-Jul-21,70557,11169,134919,2,2,5208
13-Jul-21,70563,1041,134934,1,0,4972
13-Jul-21,70579,9900,134973,1,0,5815
13-Jul-21,70599,10529,135015,1,0,7207
13-Jul-21,70620,1041,135057,1,0,4240
13-Jul-21,70626,9915,135066,1,0,2447
13-Jul-21,70628,11189,135066,1,0,5103
13-Jul-21,70640,10975,135096,2,0,11254.5
13-Jul-21,70653,8210,135123,1,0,14616
13-Jul-21,70677,7271,135159,3,3,2177
13-Jul-21,70699,11139,135198,1,1,4568
13-Jul-21,70720,8219,135240,1,1,13488.3
13-Jul-21,70723,3269,135249,1,0,9038
13-Jul-21,70736,12917,135270,1,1,39406.8
13-Jul-21,70739,3269,135276,1,1,9038
13-Jul-21,70755,1548,135309,1,0,10509
13-Jul-21,70806,9925,135402,2,0,3038
13-Jul-21,70829,8664,135447,4,4,2320
13-Jul-21,70887,8444,135552,1,1,6166
13-Jul-21,70961,8214,135681,1,0,3772.88
13-Jul-21,70988,1041,135744,1,0,4693
13-Jul-21,71068,3279,135909,1,0,5837
13-Jul-21,71079,6925,135930,2,0,147.069
13-Jul-21,71118,3568,135993,10,0,6655
13-Jul-21,71137,11147,136023,2,0,1365
13-Jul-21,71146,8086,136032,1,0,1473
13-Jul-21,71147,9174,136035,2,0,5297
13-Jul-21,71182,8219,136098,1,0,14238
13-Jul-21,71245,7990,136209,1,0,3056
13-Jul-21,71255,9901,136230,1,0,2677
13-Jul-21,71273,8428,136248,10,0,1540
13-Jul-21,71274,8751,136251,1,0,4116
13-Jul-21,71412,8443,136530,1,0,6800
13-Jul-21,71432,9925,136563,1,1,2435
13-Jul-21,71457,9910,136614,7,7,1637
13-Jul-21,71520,12701,136728,1,0,7253.9
13-Jul-21,71533,7818,136755,1,1,5103
13-Jul-21,71562,1548,136800,1,0,10509
13-Jul-21,71589,11186,136872,1,1,3499
13-Jul-21,71607,11107,136905,1,1,3166
13-Jul-21,71628,1041,136941,5,5,4240
13-Jul-21,71700,8444,137091,1,1,3350
13-Jul-21,71739,11107,137172,1,1,3166
13-Jul-21,71757,1041,137208,2,0,5129
13-Jul-21,71774,10225,137241,1,1,4177.1
13-Jul-21,71827,8444,137334,7,0,6108
13-Jul-21,71878,1043,137430,1,1,5320
13-Jul-21,71886,1805,137445,1,0,10724
13-Jul-21,71912,7553,137496,1,0,5966.1
13-Jul-21,71944,1548,137556,1,0,5127.12
13-Jul-21,71989,8444,137652,1,1,6166
13-Jul-21,72038,11899,137730,5,5,12373
13-Jul-21,72058,11186,137787,2,2,3499
13-Jul-21,72066,9925,137811,1,1,3152.54
13-Jul-21,72128,8424,137910,2,2,4085
13-Jul-21,72153,1043,137955,2,0,20310
13-Jul-21,72200,11118,138030,1,0,2478
13-Jul-21,72285,7704,138213,1,0,3097
13-Jul-21,72317,11120,138276,1,1,19384.8
13-Jul-21,72330,11140,138294,1,0,4137
13-Jul-21,72348,8428,138336,10,10,1586.3
13-Jul-21,72372,1548,138384,1,0,5551
13-Jul-21,72424,9901,138495,1,0,3549
13-Jul-21,72426,10224,138501,1,1,4132.2
13-Jul-21,146931,8425,296742,1,0,4498
13-Jul-21,146949,10204,296769,1,1,3429
13-Jul-21,146959,8221,296796,2,2,6182
13-Jul-21,146962,12701,296805,1,0,6470
13-Jul-21,146963,14294,296808,1,0,3143
13-Jul-21,147065,12697,296994,10,10,2124
13-Jul-21,147066,8221,296997,1,1,6182
13-Jul-21,147071,8221,297003,5,5,6182
13-Jul-21,147097,13548,297060,1,0,4544
13-Jul-21,147132,8221,297129,4,4,3770
13-Jul-21,147134,8210,297135,3,0,14612
13-Jul-21,147149,8425,297153,4,4,5110
13-Jul-21,147185,13524,297240,1,1,4476
13-Jul-21,147216,3603,297318,1,1,7466
13-Jul-21,147251,8428,297381,1,0,1618
13-Jul-21,147269,12547,297423,1,1,5635
13-Jul-21,147312,9789,297498,1,1,3636
13-Jul-21,147319,10235,297510,6,6,1399
14-Jul-21,62613,12702,119880,2,2,2200.85
14-Jul-21,62708,1548,120060,1,0,10509
14-Jul-21,62798,8760,120270,1,0,2335
14-Jul-21,62863,8712,120411,5,0,5456
14-Jul-21,62898,1548,120465,2,0,5551
14-Jul-21,62908,8425,120489,2,0,3561
14-Jul-21,62923,1548,120507,4,4,10509
14-Jul-21,62961,7640,120573,20,0,12883.8
14-Jul-21,62978,8444,120621,1,0,6156
14-Jul-21,63007,10553,120687,5,0,4372
14-Jul-21,63027,8664,120723,5,0,2288.2
14-Jul-21,63043,7872,120762,2,2,2003
14-Jul-21,63070,7271,120798,1,1,2371
14-Jul-21,63087,10235,120837,2,0,1350
14-Jul-21,63168,8219,120993,5,0,13288.2
14-Jul-21,63203,8422,121041,1,0,2942
14-Jul-21,63204,8438,121041,1,0,3629
14-Jul-21,63220,10235,121071,5,5,1324.5
14-Jul-21,63242,10975,121104,1,0,12779.7
14-Jul-21,63292,1041,121209,1,0,4455
14-Jul-21,63312,8444,121245,2,2,3166.8
14-Jul-21,63415,8428,121458,3,0,1635
14-Jul-21,63451,11146,121536,1,0,8846
14-Jul-21,63465,11121,121554,5,0,2532
14-Jul-21,63487,11140,121587,1,0,4066
14-Jul-21,63560,8440,121662,1,0,6957
14-Jul-21,63583,3284,121683,5,5,3306
14-Jul-21,63756,12487,122043,5,0,3423
14-Jul-21,63785,11172,122103,2,0,2342
14-Jul-21,63819,10235,122157,4,0,1350
14-Jul-21,63832,10235,122178,5,5,1368.99
14-Jul-21,63865,3284,122232,10,5,3306
14-Jul-21,63955,10529,122409,1,0,13965
14-Jul-21,63959,11147,122412,1,0,1470
14-Jul-21,63982,1041,122451,1,0,5738
14-Jul-21,64003,12762,122487,1,0,798.02
14-Jul-21,64032,8438,122544,1,0,3629
14-Jul-21,64092,3605,122628,1,0,3111
14-Jul-21,64102,8444,122658,4,4,5719
14-Jul-21,64127,3279,122703,1,0,5619
14-Jul-21,64133,12487,122703,1,0,3322
14-Jul-21,64214,8438,122868,1,0,3629
14-Jul-21,64246,8444,122925,1,0,3271.8
14-Jul-21,64292,2282,122994,1,0,4000
14-Jul-21,64349,10235,123087,10,10,1325
14-Jul-21,64370,10235,123120,5,0,1324.5
14-Jul-21,64389,8664,123162,2,0,2288.2
14-Jul-21,64390,1038,123165,1,0,6985
14-Jul-21,64410,8751,123198,3,0,4116
14-Jul-21,64415,12677,123201,1,0,2142.86
14-Jul-21,64435,1548,123225,1,1,5550.9
14-Jul-21,64458,11107,123279,1,0,3213
14-Jul-21,64475,1043,123306,1,0,5895
14-Jul-21,64496,10224,123339,1,0,4461.15
14-Jul-21,64501,8420,123348,1,0,6221
14-Jul-21,64504,11108,123351,1,1,3549
14-Jul-21,64542,10235,123420,11,11,1324.5
14-Jul-21,64633,12701,123609,1,0,5317.97
14-Jul-21,64652,11143,123648,1,1,2699
14-Jul-21,64663,7664,123666,1,1,24000
14-Jul-21,64739,11899,123807,2,0,11410
14-Jul-21,64742,11899,123816,1,0,11410
14-Jul-21,64761,1548,123852,2,0,10509
14-Jul-21,64816,11133,123951,1,0,3407
14-Jul-21,64836,12762,123990,1,0,798.02
14-Jul-21,64896,8422,124080,1,0,6753
14-Jul-21,65007,7539,124287,1,1,2964
14-Jul-21,65049,2282,124359,3,3,4000
14-Jul-21,65063,8425,124389,1,0,3374
14-Jul-21,65071,11106,124404,1,0,3770
14-Jul-21,65073,7640,124407,1,0,12883.8
14-Jul-21,65074,8435,124410,1,0,11626
14-Jul-21,65082,8219,124425,100,0,13288.2
14-Jul-21,65113,10235,124488,1,1,1369.9
14-Jul-21,65145,7271,124554,4,0,2371
14-Jul-21,65177,11165,124602,1,0,11022
14-Jul-21,65181,11588,124602,1,0,5725
14-Jul-21,65263,1040,124776,1,0,3397.51
14-Jul-21,65302,9925,124860,1,0,3038
14-Jul-21,65337,8428,124935,9,9,1540
14-Jul-21,65402,11118,125070,2,2,2722
14-Jul-21,65439,9915,125142,2,2,2447
14-Jul-21,65450,3603,125166,2,0,5629
14-Jul-21,65455,1043,125175,2,0,5319.99
14-Jul-21,65542,3641,125352,1,0,8328
14-Jul-21,65589,8452,125451,1,0,6149
14-Jul-21,65632,3615,125520,1,0,3929.27
14-Jul-21,65634,12697,125523,5,5,1714.29
14-Jul-21,65672,3284,125586,5,0,3306
14-Jul-21,65686,1040,125604,1,0,3435.81
14-Jul-21,65705,1038,125640,1,0,6985
14-Jul-21,65713,3610,125649,4,0,12364
14-Jul-21,65739,3279,125697,1,0,5467
14-Jul-21,65750,11118,125730,1,1,2478
14-Jul-21,65771,9925,125766,2,0,3038
14-Jul-21,65821,11156,125859,2,2,4474
14-Jul-21,65834,11907,125868,1,1,3932.25
14-Jul-21,65840,9925,125886,1,1,3038
14-Jul-21,65892,10209,125979,5,5,2711.86
14-Jul-21,65904,7806,126003,1,0,3087
14-Jul-21,65952,12469,126114,1,0,1
14-Jul-21,65953,7703,126117,5,0,3448
14-Jul-21,65954,12749,126120,2,2,4025.42
14-Jul-21,65965,8457,126147,1,0,16349
14-Jul-21,65999,8326,126225,1,1,3470.33
14-Jul-21,66057,1040,126348,1,0,3411
14-Jul-21,66062,10235,126360,2,0,1369.9
14-Jul-21,66093,3613,126411,5,0,9686
14-Jul-21,66125,12795,126471,24,0,685
14-Jul-21,66136,7750,126498,3,0,169
14-Jul-21,66190,12652,126603,2,0,7203.4
14-Jul-21,66210,8219,126648,7,7,13288.2
14-Jul-21,66215,11140,126651,1,1,4066
14-Jul-21,66235,12682,126675,1,1,2904.76
14-Jul-21,66252,3603,126708,1,0,6197
14-Jul-21,66258,7817,126720,1,1,4578
14-Jul-21,66269,1040,126741,1,1,3618
14-Jul-21,66280,8219,126765,6,0,13597
14-Jul-21,66301,8219,126801,170,0,13288.2
14-Jul-21,66450,7607,127098,1,1,7220
14-Jul-21,66454,8437,127104,10,0,2053
14-Jul-21,66472,11899,127146,5,5,12162.7
14-Jul-21,66473,8429,127149,1,0,2665
14-Jul-21,66500,8429,127191,1,0,2665
14-Jul-21,66556,10236,127308,2,0,1302.25
14-Jul-21,66646,10235,127491,2,2,1369.9
14-Jul-21,66686,10975,127572,1,1,11254.5
14-Jul-21,66718,7271,127623,1,0,2177
14-Jul-21,66747,8210,127653,1,0,13007
14-Jul-21,66792,10236,127737,3,3,1257.6
14-Jul-21,66800,8664,127752,2,0,2288.2
14-Jul-21,66894,7776,127899,2,2,1465
14-Jul-21,66899,11146,127899,1,0,5748
14-Jul-21,66918,8444,127941,1,0,3272
14-Jul-21,66971,7271,128064,2,2,2177
14-Jul-21,66991,3568,128094,1,0,6655
14-Jul-21,67087,1038,128304,1,1,6985
14-Jul-21,67102,11186,128331,3,2,3499
14-Jul-21,67162,1039,128448,1,0,2236
14-Jul-21,67262,10235,128661,20,15,1368.99
14-Jul-21,67281,11156,128691,1,0,4460
14-Jul-21,67289,3610,128709,1,0,12674
14-Jul-21,67319,11125,128763,8,8,1891
14-Jul-21,67405,10975,128946,1,1,7563.56
14-Jul-21,67414,8335,128958,3,0,2597
14-Jul-21,67466,8444,129051,2,2,6203
14-Jul-21,67483,7666,129081,1,0,10933
14-Jul-21,67504,8444,129117,1,1,6071
14-Jul-21,67508,7666,129123,1,1,10933
14-Jul-21,67513,1548,129129,1,0,10509
14-Jul-21,67515,1040,129132,28,28,3618
14-Jul-21,67545,1548,129195,5,2,5127.12
14-Jul-21,67594,8210,129288,1,0,13007
14-Jul-21,67653,12800,129423,1,0,4
14-Jul-21,67689,11658,129492,1,0,1365
14-Jul-21,67691,8219,129498,1,1,13601.7
14-Jul-21,67699,1038,129510,2,0,6985
14-Jul-21,67727,3279,129561,1,0,5837
14-Jul-21,67745,1041,129591,3,3,4066
14-Jul-21,67762,7271,129630,4,4,2153
14-Jul-21,67809,3615,129702,2,1,4155
14-Jul-21,67816,8425,129720,4,3,3884
14-Jul-21,67818,11143,129720,1,0,2688
14-Jul-21,67854,1548,129798,1,1,5550.9
14-Jul-21,67881,2358,129864,3,3,1200
14-Jul-21,67894,9941,129891,1,0,5537
14-Jul-21,67948,1548,130008,1,1,10509
14-Jul-21,67950,8428,130011,25,25,1734
14-Jul-21,68049,8210,130203,1,0,6694
14-Jul-21,68082,8444,130272,10,10,6108
14-Jul-21,68083,8444,130272,2,2,6207
14-Jul-21,68091,11106,130281,1,0,3560
14-Jul-21,68101,8428,130302,25,25,1734
14-Jul-21,68125,2356,130347,1,1,2740
14-Jul-21,68128,1038,130353,1,1,6855
14-Jul-21,68146,11113,130395,1,0,3410
14-Jul-21,68151,10247,130401,1,1,6448
14-Jul-21,68158,3279,130413,1,0,5837
14-Jul-21,68178,11143,130446,1,0,2478
14-Jul-21,68231,3276,130548,1,0,2763
14-Jul-21,68235,9891,130560,1,0,10582
14-Jul-21,68279,11189,130653,2,2,5145
14-Jul-21,68296,1041,130698,1,0,4693
14-Jul-21,68326,10236,130761,1,0,1302.25
14-Jul-21,68347,1041,130806,1,1,4725
14-Jul-21,68359,11118,130824,1,1,2722
14-Jul-21,68363,7541,130827,1,0,1523
14-Jul-21,68447,9919,130962,1,0,3666
14-Jul-21,68453,8444,130974,2,0,3252
14-Jul-21,68556,7640,131172,1,0,14695
14-Jul-21,68571,9916,131199,1,1,2797
14-Jul-21,68633,11143,131304,1,1,2718
14-Jul-21,68661,8210,131346,1,0,12443
14-Jul-21,68665,11907,131355,1,0,3932.25
14-Jul-21,68666,7775,131358,10,10,5345
14-Jul-21,68672,10975,131370,3,0,12779.7
14-Jul-21,68677,3604,131385,1,0,13662
14-Jul-21,68689,12749,131406,1,0,4025.42
14-Jul-21,68708,10235,131442,5,0,1369.9
14-Jul-21,68730,8432,131490,1,0,4244
14-Jul-21,68751,12749,131532,2,0,4052
14-Jul-21,68760,8439,131553,3,0,1000
14-Jul-21,68787,10235,131601,1,1,1368.99
14-Jul-21,68821,9174,131646,1,0,5297
14-Jul-21,68826,9938,131646,1,0,2757
14-Jul-21,68846,9174,131661,1,1,5526
14-Jul-21,68883,10235,131724,5,5,1325
14-Jul-21,68919,1041,131808,5,0,4455
14-Jul-21,68920,1041,131808,2,0,4272
14-Jul-21,68943,1548,131847,2,2,5127.12
14-Jul-21,68991,1548,131946,1,0,5550.9
14-Jul-21,69020,3603,131994,1,0,6867
14-Jul-21,69106,9925,132153,2,2,3038
14-Jul-21,69117,1548,132171,1,1,5127.12
14-Jul-21,69137,9174,132213,1,0,5297
14-Jul-21,69174,10236,132288,1,1,1302.25
14-Jul-21,69213,12699,132363,4,4,3170
14-Jul-21,69230,12809,132393,5,0,2618.64
14-Jul-21,69236,10247,132405,1,0,6448
14-Jul-21,69267,10975,132450,2,2,12779.7
14-Jul-21,69312,1039,132522,2,2,2280
14-Jul-21,69336,7640,132558,1,0,14695
14-Jul-21,69361,8221,132612,1,1,2789
14-Jul-21,69376,8221,132645,4,4,2789
14-Jul-21,69432,11106,132750,1,1,3560
14-Jul-21,69503,8219,132879,2,2,13597
14-Jul-21,69532,11138,132930,1,0,6142
14-Jul-21,69534,11138,132933,1,0,6142
14-Jul-21,69573,1041,133011,1,0,4725
14-Jul-21,69620,11169,133080,1,1,2951
14-Jul-21,69656,8428,133158,9,5,1540
14-Jul-21,69666,1041,133167,1,1,4455
14-Jul-21,69688,3613,133212,4,4,10143
14-Jul-21,69713,8073,133269,1,0,5345
14-Jul-21,69722,10204,133281,1,0,3500
14-Jul-21,69743,8751,133323,1,0,3665
14-Jul-21,69745,8361,133329,1,1,5008
14-Jul-21,69758,8210,133350,1,1,14679
14-Jul-21,69786,9916,133413,1,0,2619
14-Jul-21,69799,8751,133440,1,1,2216
14-Jul-21,69800,10529,133443,1,1,7731
14-Jul-21,69802,11172,133446,3,3,2583
14-Jul-21,69810,12799,133461,1,1,15184
14-Jul-21,69820,12888,133482,10,10,2273.08
14-Jul-21,69902,1038,133662,1,0,6985
14-Jul-21,69935,3284,133707,1,1,3690
14-Jul-21,69941,11118,133713,1,0,2722
14-Jul-21,69956,11106,133743,1,0,3560
14-Jul-21,69969,8444,133764,1,0,3252
14-Jul-21,69996,11169,133812,1,0,2951
14-Jul-21,70013,11899,133848,6,6,12210.5
14-Jul-21,70029,10225,133884,1,0,4177.1
14-Jul-21,70072,10224,133962,1,1,4132
14-Jul-21,70127,1548,134064,1,1,10763
14-Jul-21,70136,8335,134088,1,0,2597
14-Jul-21,70172,10975,134169,1,1,23805.1
14-Jul-21,70207,11155,134235,2,0,14629
14-Jul-21,70232,8219,134292,20,20,13288.2
14-Jul-21,70237,11137,134301,2,0,3364
14-Jul-21,70318,10235,134439,15,0,1325
14-Jul-21,70344,12652,134481,10,0,7203.4
14-Jul-21,70355,9901,134514,1,1,2422
14-Jul-21,70374,8424,134556,1,0,8730
14-Jul-21,70377,10224,134556,2,0,4311.9
14-Jul-21,70472,9174,134721,2,2,5526
14-Jul-21,70499,8444,134769,1,1,6166
14-Jul-21,70556,11240,134916,1,0,10240.7
14-Jul-21,70581,10235,134979,5,5,1325
14-Jul-21,70679,12781,135162,5,5,2393
14-Jul-21,70727,3610,135252,1,0,11939
14-Jul-21,70776,8219,135357,2,2,13488.3
14-Jul-21,70839,8354,135465,1,1,7765
14-Jul-21,70851,7872,135489,1,1,1827
14-Jul-21,70941,11146,135654,2,2,8384
14-Jul-21,70950,12487,135666,1,1,3322
14-Jul-21,70958,1039,135678,1,0,2280
14-Jul-21,70976,9920,135720,2,0,3082
14-Jul-21,71032,11186,135837,1,1,3499
14-Jul-21,71062,1043,135897,1,1,5320
14-Jul-21,71130,11123,136008,1,0,5757
14-Jul-21,71179,1041,136092,1,1,4423
14-Jul-21,71185,12802,136098,10,10,2210.8
14-Jul-21,71216,1043,136161,1,0,10533
14-Jul-21,71239,10235,136206,1,0,1325
14-Jul-21,71253,8255,136227,1,0,2000
14-Jul-21,71265,11147,136236,1,0,1365
14-Jul-21,71381,12701,136464,1,0,5013.56
14-Jul-21,71491,3284,136680,5,0,3634
14-Jul-21,71508,1039,136707,2,2,2236
14-Jul-21,71534,11107,136755,1,1,3166
14-Jul-21,71557,11118,136788,1,0,2478
14-Jul-21,71567,8335,136815,2,0,2597
14-Jul-21,71579,3269,136851,1,0,12120
14-Jul-21,71645,12710,136977,2,2,9600
14-Jul-21,71653,7775,136992,1,1,6791
14-Jul-21,71673,1548,137031,2,2,10509
14-Jul-21,71704,7820,137100,1,0,2854
14-Jul-21,71747,7805,137190,1,0,7140
14-Jul-21,71748,7805,137193,1,1,7140
14-Jul-21,71761,11106,137220,2,0,4120
14-Jul-21,71762,11106,137220,1,0,3560
14-Jul-21,71770,9925,137235,1,0,3152.54
14-Jul-21,71778,10204,137247,1,1,3242
14-Jul-21,71813,11186,137307,2,2,3499
14-Jul-21,71860,8462,137397,1,1,3721
14-Jul-21,71863,3284,137406,2,2,3634
14-Jul-21,71868,11143,137415,1,0,2688
14-Jul-21,71869,11146,137415,1,1,3669
14-Jul-21,71879,11118,137433,2,2,2142
14-Jul-21,71935,1043,137538,1,0,20579
14-Jul-21,71948,1548,137565,2,2,5127.12
14-Jul-21,71991,8333,137655,6,6,2164
14-Jul-21,72002,1041,137670,2,2,4423
14-Jul-21,72088,8420,137841,1,0,5756
14-Jul-21,72132,8444,137916,1,0,6166
14-Jul-21,72170,12760,137973,1,0,49000
14-Jul-21,72189,1043,138003,1,1,20704
14-Jul-21,72204,11240,138036,1,0,10240.7
14-Jul-21,72300,3284,138243,2,2,3690
14-Jul-21,72329,11140,138294,1,1,7623
14-Jul-21,72350,7867,138342,1,1,1995
14-Jul-21,72368,8219,138378,1,1,13488.3
14-Jul-21,72425,11139,138498,1,0,3686
14-Jul-21,146953,9915,296781,6,6,3599
14-Jul-21,146972,12487,296820,1,0,4217
14-Jul-21,147018,8425,296895,1,1,5110
14-Jul-21,147062,8221,296988,2,0,6182
14-Jul-21,147067,10224,297000,3,0,4349
14-Jul-21,147080,11246,297024,1,0,4431
14-Jul-21,147082,8422,297030,2,0,6101
14-Jul-21,147104,1038,297075,1,1,8052
14-Jul-21,147162,12748,297186,2,2,2810
14-Jul-21,147194,11233,297261,1,0,11996
14-Jul-21,147279,3279,297435,1,0,9724
14-Jul-21,147289,11127,297453,2,0,2922
14-Jul-21,147299,11233,297471,1,0,11996
15-Jul-21,62672,1040,119982,1,0,3921
15-Jul-21,62718,12688,120084,2,0,1023.81
15-Jul-21,62786,8116,120249,1,1,6466
15-Jul-21,62816,8452,120318,1,0,6702
15-Jul-21,62820,1046,120327,5,0,4832
15-Jul-21,62824,1805,120333,1,0,18969
15-Jul-21,62835,10236,120354,2,0,1302.25
15-Jul-21,62892,11156,120456,5,5,4474
15-Jul-21,62915,11172,120498,1,1,2684
15-Jul-21,62935,11189,120528,1,1,4998
15-Jul-21,62947,1038,120561,1,0,6985.33
15-Jul-21,62966,7271,120585,1,0,2371
15-Jul-21,63010,8325,120696,2,0,10900.4
15-Jul-21,63020,8428,120708,1,0,1635
15-Jul-21,63064,1043,120780,3,3,41408
15-Jul-21,63065,1041,120783,5,5,4532
15-Jul-21,63158,3284,120978,8,8,3306
15-Jul-21,63163,8425,120984,3,0,3522.2
15-Jul-21,63165,8425,120987,1,1,3619.5
15-Jul-21,63178,11731,120999,1,0,4402
15-Jul-21,63200,12652,121035,4,4,7203.4
15-Jul-21,63210,8210,121047,1,0,6762
15-Jul-21,63232,1548,121095,1,0,5550.9
15-Jul-21,63253,1040,121125,1,0,3775.6
15-Jul-21,63275,8443,121170,1,0,5620
15-Jul-21,63305,1041,121236,2,0,5429
15-Jul-21,63351,9796,121326,5,0,2656.8
15-Jul-21,63363,3284,121356,3,3,3306
15-Jul-21,63380,8420,121392,1,0,5720
15-Jul-21,63389,11146,121416,1,0,3833
15-Jul-21,63395,8428,121434,25,0,1540
15-Jul-21,63398,10235,121443,3,0,1324.5
15-Jul-21,63413,11163,121458,1,0,4746
15-Jul-21,63421,11143,121470,1,0,2810
15-Jul-21,63432,11899,121494,1,0,11410
15-Jul-21,63439,8444,121512,2,0,6216
15-Jul-21,63482,11106,121587,2,0,3560
15-Jul-21,63526,8444,121614,1,0,5814
15-Jul-21,63527,7541,121617,2,0,1624
15-Jul-21,63534,8390,121617,1,0,1563
15-Jul-21,63547,12661,121632,1,0,7027.8
15-Jul-21,63561,10235,121662,2,0,1350
15-Jul-21,63628,10400,121767,1,0,1643
15-Jul-21,63633,9925,121776,5,0,3038
15-Jul-21,63654,10975,121818,3,3,5600
15-Jul-21,63656,7586,121824,2,0,6849.51
15-Jul-21,63682,11118,121875,2,0,2142
15-Jul-21,63684,8662,121881,1,1,2680
15-Jul-21,63731,9925,121992,5,4,3038
15-Jul-21,63789,9916,122109,1,1,2797
15-Jul-21,63864,11169,122229,1,0,2772
15-Jul-21,63880,7271,122253,2,0,2721
15-Jul-21,63900,3624,122295,1,0,5062
15-Jul-21,63919,1043,122331,1,0,20309.7
15-Jul-21,63943,12700,122385,3,3,6940.7
15-Jul-21,63949,1040,122403,1,0,3363.79
15-Jul-21,63977,7506,122436,1,0,19072
15-Jul-21,64010,11731,122502,1,1,5229.63
15-Jul-21,64077,8425,122604,1,0,3374
15-Jul-21,64177,9925,122784,5,5,3038
15-Jul-21,64193,1041,122826,1,1,4693.47
15-Jul-21,64202,11155,122838,1,0,7460
15-Jul-21,64271,11118,122955,1,1,2478
15-Jul-21,64272,11136,122955,1,1,2481
15-Jul-21,64286,2358,122985,1,1,1200
15-Jul-21,64326,3624,123057,1,0,5062
15-Jul-21,64334,8438,123069,4,0,3324
15-Jul-21,64353,9915,123090,1,1,2881
15-Jul-21,64391,1038,123165,1,0,6855
15-Jul-21,64411,8751,123198,1,0,9240
15-Jul-21,64446,1039,123252,2,0,2236
15-Jul-21,64465,8664,123291,3,3,2288.2
15-Jul-21,64476,9925,123306,1,0,3038
15-Jul-21,64507,11105,123357,1,1,23015
15-Jul-21,64579,12407,123504,2,0,11271
15-Jul-21,64598,10224,123543,1,0,4105.22
15-Jul-21,64668,8312,123672,16,0,3569
15-Jul-21,64696,8444,123726,1,1,3166.8
15-Jul-21,64705,10236,123747,5,0,1302.25
15-Jul-21,64714,8438,123759,1,0,3629
15-Jul-21,64724,8325,123771,3,0,12235.2
15-Jul-21,64796,7705,123909,1,0,2367
15-Jul-21,64849,8425,124002,1,1,3619.5
15-Jul-21,64853,10236,124011,2,0,1302.25
15-Jul-21,64865,9919,124029,1,0,3844
15-Jul-21,64897,9916,124080,2,2,2619
15-Jul-21,65012,8425,124296,1,1,3522.2
15-Jul-21,65109,8439,124482,2,0,935
15-Jul-21,65140,1039,124542,2,2,2478
15-Jul-21,65146,11907,124557,1,1,3932.25
15-Jul-21,65161,8428,124587,1,0,1605
15-Jul-21,65182,8428,124602,1,0,1605
15-Jul-21,65244,10235,124731,2,0,1324.5
15-Jul-21,65264,9925,124779,1,0,3038
15-Jul-21,65273,8219,124800,1,1,13288.2
15-Jul-21,65274,12487,124800,2,2,3322
15-Jul-21,65282,9919,124824,1,0,3844
15-Jul-21,65306,9925,124866,2,0,2435
15-Jul-21,65317,11899,124893,1,1,12396.5
15-Jul-21,65324,8221,124905,15,15,2779.67
15-Jul-21,65355,8751,124977,2,0,2216
15-Jul-21,65359,10975,124989,8,5,11254.5
15-Jul-21,65386,7776,125040,1,0,2352
15-Jul-21,65487,10235,125235,4,4,1369.9
15-Jul-21,65520,8785,125307,1,0,3780
15-Jul-21,65564,9925,125388,3,0,3038
15-Jul-21,65600,9925,125469,4,0,3038
15-Jul-21,65628,11118,125514,3,0,2722
15-Jul-21,65727,11735,125682,1,0,6972
15-Jul-21,65751,11735,125730,1,1,6972
15-Jul-21,65784,8444,125796,1,0,6551
15-Jul-21,65875,3610,125943,1,0,7607
15-Jul-21,65899,11107,125994,4,4,3213
15-Jul-21,65982,1038,126195,1,1,6855
15-Jul-21,65984,11899,126198,1,0,12396.5
15-Jul-21,65986,1041,126204,1,0,4725
15-Jul-21,66016,2282,126267,1,0,4000
15-Jul-21,66056,10975,126345,1,1,12779.7
15-Jul-21,66061,8417,126360,1,0,11617
15-Jul-21,66066,9925,126366,5,5,3038
15-Jul-21,66079,1040,126384,1,0,3483
15-Jul-21,66161,8427,126546,2,0,5590
15-Jul-21,66171,3615,126567,1,1,4232
15-Jul-21,66200,9925,126621,2,2,3038
15-Jul-21,66237,12686,126675,2,2,1595.24
15-Jul-21,66266,8444,126738,3,3,3252
15-Jul-21,66270,11146,126744,1,0,4358
15-Jul-21,66276,10204,126762,1,0,3066
15-Jul-21,66289,3613,126777,1,0,11183
15-Jul-21,66327,8447,126849,1,0,2951
15-Jul-21,66348,8221,126894,10,10,2741.53
15-Jul-21,66349,3610,126897,5,5,11939
15-Jul-21,66385,1041,126963,7,0,4240
15-Jul-21,66391,7556,126975,1,0,7852.89
15-Jul-21,66393,8326,126981,2,2,3470.33
15-Jul-21,66446,7666,127095,1,1,5636
15-Jul-21,66458,10235,127113,3,0,1325
15-Jul-21,66507,10235,127200,2,0,1368.99
15-Jul-21,66572,7666,127356,1,0,10182
15-Jul-21,66577,10975,127362,20,0,22008.5
15-Jul-21,66656,10236,127506,2,2,1302.25
15-Jul-21,66676,12700,127554,1,1,11580
15-Jul-21,66703,7640,127605,13,13,12883.8
15-Jul-21,66721,11133,127623,1,0,7245
15-Jul-21,66724,11133,127623,1,1,1691
15-Jul-21,66757,12700,127680,3,3,7924
15-Jul-21,66801,9916,127752,1,0,2095
15-Jul-21,66849,12699,127812,1,1,3486
15-Jul-21,66905,12487,127908,4,4,3322
15-Jul-21,66910,1038,127920,2,2,6854
15-Jul-21,66926,8444,127965,3,3,3252
15-Jul-21,67024,11107,128178,2,2,3213
15-Jul-21,67035,11106,128202,4,0,4120
15-Jul-21,67050,3603,128226,5,5,6197
15-Jul-21,67067,12652,128262,2,0,7203.4
15-Jul-21,67075,7666,128283,1,1,10933
15-Jul-21,67085,12652,128298,2,2,7203.4
15-Jul-21,67092,11118,128310,1,0,2722
15-Jul-21,67112,12843,128352,2,2,11610.2
15-Jul-21,67189,12652,128508,1,1,7203.4
15-Jul-21,67226,7541,128595,2,0,1523
15-Jul-21,67301,10235,128730,4,0,1324.5
15-Jul-21,67332,11124,128790,1,0,1771
15-Jul-21,67407,1548,128952,1,1,10509
15-Jul-21,67421,10235,128970,5,5,1369.9
15-Jul-21,67425,1548,128976,2,0,10509
15-Jul-21,67426,1548,128976,2,0,10763
15-Jul-21,67484,8424,129084,2,2,3854
15-Jul-21,67571,10227,129243,10,10,1421
15-Jul-21,67588,9896,129279,1,1,6345
15-Jul-21,67638,3610,129390,1,0,12484
15-Jul-21,67650,3606,129417,1,0,5199
15-Jul-21,67651,10975,129420,1,0,23805.1
15-Jul-21,67674,3269,129465,4,4,9038
15-Jul-21,67712,1041,129534,3,0,4066
15-Jul-21,67758,8221,129621,2,2,2789
15-Jul-21,67771,9915,129645,1,0,2447
15-Jul-21,67807,8444,129699,1,1,3350
15-Jul-21,67824,12686,129732,1,1,1595.24
15-Jul-21,67863,8443,129816,1,0,6940
15-Jul-21,67880,3648,129861,1,0,10619
15-Jul-21,67893,8429,129888,1,0,2900
15-Jul-21,68005,8325,130110,1,0,10635.6
15-Jul-21,68032,12678,130161,10,0,1761.9
15-Jul-21,68056,1041,130218,1,1,4455
15-Jul-21,68126,3279,130350,1,1,5837
15-Jul-21,68136,2366,130371,5,0,698.25
15-Jul-21,68147,11118,130395,1,0,2142
15-Jul-21,68150,10247,130401,1,0,6557.28
15-Jul-21,68166,11105,130422,6,0,23015
15-Jul-21,68167,11105,130422,11,0,14719
15-Jul-21,68171,11907,130431,1,0,4204
15-Jul-21,68215,1548,130521,1,0,10509
15-Jul-21,68242,10210,130572,2,0,2539
15-Jul-21,68266,8176,130623,1,1,4396
15-Jul-21,68355,3591,130818,1,0,2978
15-Jul-21,68380,10236,130860,1,1,1257.76
15-Jul-21,68394,3613,130884,1,0,11139
15-Jul-21,68398,8482,130890,1,1,10205
15-Jul-21,68478,11106,131016,1,0,4183
15-Jul-21,68519,1043,131097,1,1,5895
15-Jul-21,68582,11110,131208,1,0,2468
15-Jul-21,68586,10235,131217,2,0,1369.9
15-Jul-21,68594,11123,131235,1,0,6444
15-Jul-21,68654,10235,131340,1,1,1368.99
15-Jul-21,68658,10237,131340,1,1,3660.31
15-Jul-21,68686,9915,131397,5,5,2447
15-Jul-21,68701,10235,131430,2,0,1369.9
15-Jul-21,68707,10235,131439,1,0,1368.99
15-Jul-21,68773,10248,131580,1,1,4830.5
15-Jul-21,68789,10236,131601,2,2,1302.25
15-Jul-21,68811,8219,131637,1,1,13488.3
15-Jul-21,68815,1038,131646,1,0,6985
15-Jul-21,68852,8444,131661,1,0,3350
15-Jul-21,68908,8420,131781,1,0,5604
15-Jul-21,68913,10235,131793,3,3,1325
15-Jul-21,68957,7566,131880,1,0,13655
15-Jul-21,68977,1038,131922,1,1,6855
15-Jul-21,69095,1043,132126,1,0,20796
15-Jul-21,69147,12749,132237,1,1,4098.31
15-Jul-21,69228,10520,132390,2,2,3876
15-Jul-21,69310,10204,132516,3,0,2916
15-Jul-21,69322,10236,132537,1,1,1302.5
15-Jul-21,69324,10237,132537,1,1,3323.7
15-Jul-21,69373,10236,132642,1,1,1302.5
15-Jul-21,69450,12680,132774,3,0,2000
15-Jul-21,69452,10975,132777,1,1,12949.2
15-Jul-21,69523,8354,132918,1,0,7765
15-Jul-21,69602,8131,133056,2,2,4828
15-Jul-21,69648,9913,133137,2,0,5416
15-Jul-21,69649,11143,133140,1,1,2507
15-Jul-21,69736,8384,133314,1,0,4746
15-Jul-21,69752,8425,133332,2,2,4057
15-Jul-21,69766,10235,133368,2,0,1325
15-Jul-21,69805,8425,133452,1,1,4110
15-Jul-21,69811,8420,133464,1,0,5661
15-Jul-21,69851,11130,133530,1,1,8747
15-Jul-21,69877,12757,133596,1,0,3203.39
15-Jul-21,69950,11265,133737,1,0,13334
15-Jul-21,69979,10204,133782,1,1,3242
15-Jul-21,69983,7640,133791,1,1,13886
15-Jul-21,70063,11107,133947,1,1,3213
15-Jul-21,70071,8438,133962,1,1,3770
15-Jul-21,70104,9916,134028,1,0,2619
15-Jul-21,70198,8219,134223,1,1,13488.3
15-Jul-21,70271,8428,134361,25,25,1540
15-Jul-21,70336,1038,134475,2,2,6855
15-Jul-21,70368,11146,134544,1,1,3669
15-Jul-21,70389,12800,134571,5,0,8
15-Jul-21,70413,8330,134610,1,1,1835
15-Jul-21,70421,8219,134622,1,1,13288.2
15-Jul-21,70426,1038,134628,1,0,6985
15-Jul-21,70428,1038,134628,1,0,6724
15-Jul-21,70554,10237,134913,1,0,3323.7
15-Jul-21,70597,8386,135012,2,0,2780
15-Jul-21,70632,3611,135078,1,0,3149
15-Jul-21,70792,3610,135375,1,1,7817
15-Jul-21,70854,12803,135492,1,1,6428.3
15-Jul-21,70857,7546,135495,3,3,11197
15-Jul-21,70859,11118,135498,3,0,2722
15-Jul-21,70866,11189,135510,1,1,5084
15-Jul-21,70886,7504,135549,2,2,3992
15-Jul-21,70932,1548,135642,1,1,10509
15-Jul-21,71051,9916,135876,3,0,2619
15-Jul-21,71061,8219,135894,1,1,13597
15-Jul-21,71073,12920,135918,1,0,5250
15-Jul-21,71141,10227,136026,5,5,1480
15-Jul-21,71168,7890,136071,2,0,2321
15-Jul-21,71199,10236,136119,1,1,1302.5
15-Jul-21,71230,7271,136191,5,0,2153
15-Jul-21,71234,8438,136203,3,0,3770
15-Jul-21,71254,10531,136227,1,0,2203.5
15-Jul-21,71259,8459,136230,1,0,3000
15-Jul-21,71317,8664,136335,1,0,2320
15-Jul-21,71335,8219,136374,1,0,13597
15-Jul-21,71402,10235,136506,5,5,1325
15-Jul-21,71450,8439,136596,14,0,1000
15-Jul-21,71462,10235,136626,3,0,1420
15-Jul-21,71497,8131,136695,1,0,9125
15-Jul-21,71516,9901,136722,1,0,4002
15-Jul-21,71517,9901,136725,7,0,3818
15-Jul-21,71561,1548,136797,1,1,10763
15-Jul-21,71675,11146,137034,2,2,8384
15-Jul-21,71776,9916,137247,1,1,2797
15-Jul-21,71786,8428,137256,25,0,1586.3
15-Jul-21,71822,8131,137325,1,0,8694
15-Jul-21,71873,8462,137421,1,1,3770
15-Jul-21,71962,11245,137598,2,0,5232
15-Jul-21,72061,9938,137796,1,0,2591
15-Jul-21,72144,10235,137940,2,2,1398
15-Jul-21,72176,3610,137982,1,1,12605
15-Jul-21,72178,8221,137985,1,1,2789
15-Jul-21,72179,1043,137988,1,1,5895
15-Jul-21,72201,11147,138030,2,0,1391
15-Jul-21,72234,11162,138099,2,0,3074
15-Jul-21,72309,2862,138255,1,0,4200
15-Jul-21,72337,11107,138312,1,0,3169
15-Jul-21,72339,1041,138318,1,1,4240
15-Jul-21,72356,1805,138357,1,0,18733
15-Jul-21,72399,11146,138447,2,2,8384
15-Jul-21,72406,7776,138459,1,0,1465
15-Jul-21,72416,8751,138477,1,0,3906
15-Jul-21,146935,10235,296751,1,0,1432
15-Jul-21,146993,11658,296862,2,2,1804
15-Jul-21,146998,10204,296868,1,0,3429
15-Jul-21,147063,8221,296988,2,0,6398
15-Jul-21,147088,8428,297042,1,1,1618
15-Jul-21,147112,10248,297087,7,7,4680
15-Jul-21,147140,8425,297144,30,0,4930
15-Jul-21,147156,8428,297171,5,0,1618
15-Jul-21,147183,10235,297237,3,3,1446
15-Jul-21,147186,1041,297243,1,0,5616
15-Jul-21,147189,1041,297252,1,0,5620
15-Jul-21,147215,10235,297315,2,2,1432
15-Jul-21,147224,10224,297333,1,0,4538.14
15-Jul-21,147270,3610,297426,4,0,13284
15-Jul-21,147271,3610,297426,1,0,8500
15-Jul-21,147275,10235,297429,1,1,1446
15-Jul-21,147308,10235,297489,6,0,1399
15-Jul-21,147321,3610,297513,1,0,8299
16-Jul-21,62618,1548,119895,1,0,10509
16-Jul-21,62648,1041,119937,1,0,5429
16-Jul-21,62747,8219,120156,5,5,13488.3
16-Jul-21,62814,3615,120315,1,0,4094.45
16-Jul-21,62854,10235,120399,1,1,1368.99
16-Jul-21,62903,2282,120480,1,1,4000
16-Jul-21,62920,12679,120504,1,1,2380.95
16-Jul-21,62926,7541,120513,1,0,1624
16-Jul-21,63030,7640,120732,3,0,12883.8
16-Jul-21,63055,11187,120765,1,0,6121
16-Jul-21,63129,8425,120930,2,0,3619.5
16-Jul-21,63141,7767,120945,1,0,735
16-Jul-21,63162,8444,120981,1,0,5872
16-Jul-21,63174,8422,120999,1,0,2942
16-Jul-21,63191,8210,121014,10,0,12205.5
16-Jul-21,63230,8219,121092,3,0,13288.2
16-Jul-21,63274,8443,121170,1,0,5750
16-Jul-21,63352,8425,121329,1,0,3374
16-Jul-21,63364,3615,121356,1,1,4328
16-Jul-21,63393,8760,121428,10,0,2335
16-Jul-21,63396,8428,121437,26,0,1540
16-Jul-21,63419,11143,121470,1,0,4578
16-Jul-21,63446,10235,121524,2,0,1325
16-Jul-21,63450,8428,121533,1,0,729
16-Jul-21,63458,11731,121539,1,0,4402
16-Jul-21,63539,11106,121620,1,0,3560
16-Jul-21,63571,8760,121671,1,0,2335
16-Jul-21,63626,8439,121767,2,0,882
16-Jul-21,63634,10235,121779,1,1,1350
16-Jul-21,63639,9915,121785,1,1,2881
16-Jul-21,63643,3279,121794,1,0,5461
16-Jul-21,63647,12678,121803,2,2,1761.9
16-Jul-21,63655,1038,121821,1,0,6854.56
16-Jul-21,63660,11140,121830,1,1,6977
16-Jul-21,63667,8425,121842,1,1,3619.5
16-Jul-21,63753,10235,122040,6,6,1350
16-Jul-21,63773,3603,122079,1,1,5629
16-Jul-21,63807,12487,122142,16,0,3322
16-Jul-21,63810,12652,122142,2,0,7203.4
16-Jul-21,63958,11147,122412,1,0,1391
16-Jul-21,63979,9796,122442,3,0,2656.8
16-Jul-21,64015,10235,122511,1,0,1325
16-Jul-21,64080,7607,122610,1,0,6408
16-Jul-21,64124,7271,122700,5,0,2371
16-Jul-21,64128,3615,122703,1,0,3929.27
16-Jul-21,64129,1041,122703,1,0,4423.22
16-Jul-21,64139,1041,122712,2,2,4532
16-Jul-21,64142,3615,122718,1,1,4236
16-Jul-21,64171,8422,122769,1,0,6753
16-Jul-21,64207,12420,122847,4,0,1776.64
16-Jul-21,64240,8425,122913,1,1,3374
16-Jul-21,64269,11118,122955,1,1,2142
16-Jul-21,64303,8425,123021,2,0,3522.2
16-Jul-21,64314,10227,123033,2,2,1368.99
16-Jul-21,64380,10235,123141,1,0,1350
16-Jul-21,64392,1038,123165,1,0,7247
16-Jul-21,64393,1038,123165,1,0,6724
16-Jul-21,64423,12691,123201,5,0,1023.81
16-Jul-21,64428,11899,123216,1,1,11410
16-Jul-21,64464,10236,123288,4,4,1293
16-Jul-21,64469,3603,123297,1,1,5629
16-Jul-21,64519,1041,123381,3,3,4532
16-Jul-21,64536,7890,123405,1,1,2343
16-Jul-21,64614,8210,123573,1,1,12443
16-Jul-21,64623,3613,123591,1,1,11025
16-Jul-21,64638,8210,123624,1,1,6694
16-Jul-21,64689,8425,123714,6,0,3374
16-Jul-21,64777,11109,123873,1,0,5899
16-Jul-21,64820,8425,123957,1,0,3468
16-Jul-21,64839,3031,123993,3,0,725
16-Jul-21,64846,7666,123996,1,0,10678
16-Jul-21,64912,9919,124107,1,1,3844
16-Jul-21,64935,11123,124161,1,0,3352
16-Jul-21,65010,8219,124293,2,2,13288.2
16-Jul-21,65029,10975,124332,24,0,12779.7
16-Jul-21,65037,8457,124344,1,0,7751
16-Jul-21,65046,12702,124350,2,0,2200.85
16-Jul-21,65089,10975,124440,1,0,11796.6
16-Jul-21,65101,10235,124464,2,0,1369.9
16-Jul-21,65120,10975,124494,18,0,11796.6
16-Jul-21,65249,2862,124743,20,0,4200
16-Jul-21,65250,2862,124746,200,0,4200
16-Jul-21,65267,12749,124788,1,1,4027.25
16-Jul-21,65348,8751,124968,2,2,4116
16-Jul-21,65357,8444,124983,1,0,5648
16-Jul-21,65449,10204,125163,2,0,3490
16-Jul-21,65495,3610,125244,1,0,12364
16-Jul-21,65505,10226,125265,1,0,3772.9
16-Jul-21,65511,11658,125283,1,1,1365
16-Jul-21,65525,529,125316,1,0,1650
16-Jul-21,65537,8443,125346,1,0,5526
16-Jul-21,65538,8443,125346,1,0,5620
16-Jul-21,65540,3641,125352,1,0,8784
16-Jul-21,65548,11264,125361,1,0,3160
16-Jul-21,65576,9895,125418,2,0,1393
16-Jul-21,65598,11152,125463,1,1,3581
16-Jul-21,65647,10975,125544,1,1,11254.5
16-Jul-21,65649,11118,125547,1,1,2478
16-Jul-21,65678,3603,125592,3,0,5629
16-Jul-21,65777,11123,125781,2,0,3352
16-Jul-21,65825,11118,125865,1,0,2478
16-Jul-21,65850,3611,125901,3,0,2901
16-Jul-21,65935,8386,126075,1,0,7679
16-Jul-21,65976,11146,126177,1,0,11246
16-Jul-21,66101,11139,126432,1,0,4568
16-Jul-21,66105,10235,126444,5,0,1369.9
16-Jul-21,66142,7756,126504,14,14,25.698
16-Jul-21,66183,12702,126585,1,1,2200.85
16-Jul-21,66193,3610,126612,1,1,7607
16-Jul-21,66246,10975,126690,1,0,22008.5
16-Jul-21,66339,12487,126870,2,2,3423
16-Jul-21,66413,12700,127029,1,1,7924
16-Jul-21,66442,12652,127086,4,4,7203.4
16-Jul-21,66513,11139,127209,1,0,3738
16-Jul-21,66529,7818,127242,2,2,4946
16-Jul-21,66533,3610,127251,1,0,12605
16-Jul-21,66595,9925,127401,1,1,3038
16-Jul-21,66609,11147,127422,2,2,1444
16-Jul-21,66622,11137,127449,5,5,3364
16-Jul-21,66649,10235,127494,5,0,1325
16-Jul-21,66654,10235,127506,4,4,1368.99
16-Jul-21,66737,12713,127644,2,2,2400
16-Jul-21,66755,9830,127674,1,0,10324
16-Jul-21,66776,11143,127713,4,4,2810
16-Jul-21,66846,2862,127809,1,0,4200
16-Jul-21,66851,9916,127815,1,0,2331
16-Jul-21,66865,7271,127830,3,0,2153
16-Jul-21,66880,12700,127866,1,0,11580
16-Jul-21,66898,11139,127899,1,0,4568
16-Jul-21,66921,11186,127950,2,0,3499
16-Jul-21,66925,8482,127962,1,0,10284
16-Jul-21,66950,11907,128025,1,0,3932.25
16-Jul-21,66957,10225,128043,1,1,3997.5
16-Jul-21,66965,10235,128052,1,1,1325
16-Jul-21,67057,9925,128247,1,0,3038
16-Jul-21,67074,1043,128280,1,0,5895
16-Jul-21,67181,11118,128487,1,0,2478
16-Jul-21,67212,10975,128562,1,1,13830.5
16-Jul-21,67242,11155,128622,1,0,6725
16-Jul-21,67263,10235,128664,2,2,1325
16-Jul-21,67264,8428,128667,20,20,1540
16-Jul-21,67302,10235,128733,10,0,1369.9
16-Jul-21,67336,1548,128793,1,1,10763
16-Jul-21,67367,8219,128850,2,0,13488.3
16-Jul-21,67415,8760,128961,1,1,2335
16-Jul-21,67487,1548,129090,1,0,10763
16-Jul-21,67495,12697,129105,2,2,1714.29
16-Jul-21,67572,10236,129243,10,10,1257.76
16-Jul-21,67634,11731,129381,2,0,4402
16-Jul-21,67722,9925,129555,3,3,3038
16-Jul-21,67732,1043,129564,1,1,10533
16-Jul-21,67747,1548,129597,3,3,10509
16-Jul-21,67776,8210,129651,2,0,14679
16-Jul-21,67786,10975,129669,1,1,13564.1
16-Jul-21,67796,10236,129681,1,0,1302.25
16-Jul-21,67909,8785,129930,1,0,3875
16-Jul-21,67924,11119,129966,1,1,10055
16-Jul-21,67968,3610,130050,1,0,12605
16-Jul-21,67984,11731,130080,1,0,5229.63
16-Jul-21,68098,8662,130296,3,0,2966
16-Jul-21,68161,3276,130413,2,0,2168
16-Jul-21,68165,2356,130419,1,0,2740
16-Jul-21,68175,3635,130440,1,0,3937
16-Jul-21,68179,8444,130449,2,2,3350
16-Jul-21,68207,10235,130503,5,5,1325
16-Jul-21,68213,8765,130515,1,0,1549
16-Jul-21,68351,8438,130812,2,0,3770
16-Jul-21,68405,8422,130902,1,1,5942
16-Jul-21,68419,11108,130917,1,0,3549
16-Jul-21,68434,10235,130944,2,2,1325
16-Jul-21,68459,8210,130983,30,30,14679
16-Jul-21,68613,11172,131259,1,0,2373
16-Jul-21,68620,12688,131280,1,0,1023.81
16-Jul-21,68714,9927,131454,2,0,6130
16-Jul-21,68770,8664,131577,5,5,2288.2
16-Jul-21,68786,7243,131598,1,0,3165
16-Jul-21,68799,11147,131613,3,3,1470
16-Jul-21,68825,9900,131646,1,0,2995
16-Jul-21,68923,9895,131811,8,0,1295
16-Jul-21,68931,8753,131823,1,0,7161.05
16-Jul-21,68937,8073,131835,1,1,5345
16-Jul-21,68949,10235,131859,1,0,1344.5
16-Jul-21,68956,8219,131877,3,0,13488.3
16-Jul-21,68976,1038,131922,1,1,6985
16-Jul-21,69008,11899,131967,1,1,13056.6
16-Jul-21,69011,1548,131973,1,1,10509
16-Jul-21,69031,7785,132009,3,0,2730
16-Jul-21,69045,7785,132036,3,3,2730
16-Jul-21,69090,1041,132123,5,0,4725
16-Jul-21,69098,10204,132132,2,2,3490
16-Jul-21,69123,10520,132183,2,0,4057.63
16-Jul-21,69141,8198,132222,1,0,12678
16-Jul-21,69153,9916,132255,1,0,2182
16-Jul-21,69184,2862,132309,1,0,4200
16-Jul-21,69192,7271,132327,1,0,2177
16-Jul-21,69207,8751,132354,1,0,9765
16-Jul-21,69237,12652,132408,2,2,7203.4
16-Jul-21,69242,12652,132417,1,1,7203.4
16-Jul-21,69264,8219,132450,1,1,13597
16-Jul-21,69286,10227,132465,4,4,1369.9
16-Jul-21,69342,8219,132573,100,0,13488.3
16-Jul-21,69344,8131,132576,2,2,8537
16-Jul-21,69359,11143,132606,1,1,2845
16-Jul-21,69429,9894,132750,1,0,4521
16-Jul-21,69439,8444,132756,7,7,6108
16-Jul-21,69485,8384,132843,1,0,4685
16-Jul-21,69501,8219,132879,2,2,13288.2
16-Jul-21,69527,8354,132924,4,4,15289
16-Jul-21,69564,3568,132999,1,0,6655
16-Jul-21,69594,11121,133041,1,0,2532
16-Jul-21,69596,10235,133044,6,6,1398
16-Jul-21,69616,9900,133077,1,0,2995
16-Jul-21,69623,10204,133089,10,10,3490
16-Jul-21,69628,10235,133101,3,0,1369.9
16-Jul-21,69643,8428,133128,3,3,1698
16-Jul-21,69651,8210,133143,1,0,12443
16-Jul-21,69699,3279,133233,3,3,5837
16-Jul-21,69717,10225,133275,1,0,3997.5
16-Jul-21,69756,2862,133344,1,0,4200
16-Jul-21,69807,9919,133455,3,3,3666
16-Jul-21,69812,8420,133464,1,0,6259
16-Jul-21,69892,3641,133632,1,0,8639
16-Jul-21,69988,1548,133803,7,0,10509
16-Jul-21,70074,7640,133965,1,0,13886
16-Jul-21,70129,12487,134070,2,2,3423
16-Jul-21,70170,11146,134163,1,0,3669
16-Jul-21,70195,8437,134214,10,0,2053
16-Jul-21,70201,9925,134226,3,0,3038
16-Jul-21,70210,11186,134244,1,1,3499
16-Jul-21,70243,10235,134313,4,4,1398
16-Jul-21,70298,8221,134409,5,5,2789
16-Jul-21,70328,12799,134463,1,0,15726.9
16-Jul-21,70339,1041,134478,1,0,4240
16-Jul-21,70360,3279,134520,2,0,5837
16-Jul-21,70401,8420,134586,1,0,5860
16-Jul-21,70438,10975,134652,1,0,11254.5
16-Jul-21,70442,11118,134658,1,0,2478
16-Jul-21,70475,8444,134721,1,1,6207
16-Jul-21,70578,8361,134973,1,0,4871
16-Jul-21,70593,11141,135003,1,0,4578
16-Jul-21,70612,12652,135042,1,0,7203.4
16-Jul-21,70654,10235,135126,2,2,1369.9
16-Jul-21,70687,7640,135177,7,7,13886
16-Jul-21,70711,11118,135225,1,0,2478
16-Jul-21,70724,3269,135249,1,0,9877
16-Jul-21,70733,7554,135264,1,1,10589
16-Jul-21,70742,7818,135279,3,2,4946
16-Jul-21,70753,11240,135303,1,1,10240.7
16-Jul-21,70788,9174,135369,1,0,5526
16-Jul-21,70844,8219,135477,1,1,13488.3
16-Jul-21,70869,3284,135516,2,2,3690
16-Jul-21,70894,8444,135561,1,1,6166
16-Jul-21,71019,9913,135801,3,0,4761
16-Jul-21,71031,8210,135834,1,1,13007
16-Jul-21,71074,10235,135921,2,2,1420
16-Jul-21,71099,11156,135963,1,0,4460
16-Jul-21,71129,8444,136008,1,0,6034
16-Jul-21,71135,3568,136017,3,3,6655
16-Jul-21,71161,8386,136059,1,0,7329
16-Jul-21,71204,1039,136134,1,0,2478
16-Jul-21,71209,3610,136143,1,1,11939
16-Jul-21,71225,3610,136179,1,1,12605
16-Jul-21,71311,8219,136320,50,0,13288.2
16-Jul-21,71353,8438,136407,1,0,3770
16-Jul-21,71380,12701,136464,1,0,7253.9
16-Jul-21,71405,7807,136515,1,0,2226
16-Jul-21,71461,11899,136623,1,1,12373
16-Jul-21,71475,3302,136647,1,0,2572
16-Jul-21,71513,9901,136719,7,0,3818
16-Jul-21,71604,11123,136899,1,1,6703
16-Jul-21,71630,10235,136944,5,5,1398
16-Jul-21,71636,11960,136959,5,0,3393.22
16-Jul-21,71637,1548,136962,1,0,10509
16-Jul-21,71643,7872,136971,1,0,1827
16-Jul-21,71664,10235,137016,3,3,1325
16-Jul-21,71695,1548,137082,1,1,10509
16-Jul-21,71725,8425,137142,2,0,4110
16-Jul-21,71752,1548,137199,1,1,10763
16-Jul-21,71789,10236,137259,2,2,1257.6
16-Jul-21,71846,8751,137370,2,2,9240
16-Jul-21,71851,11118,137376,4,0,2142
16-Jul-21,71880,11136,137433,2,2,2481
16-Jul-21,71891,11243,137457,2,2,10593.2
16-Jul-21,71960,8751,137598,2,0,9240
16-Jul-21,71977,8444,137628,1,0,5940
16-Jul-21,72009,3641,137682,1,1,8639
16-Jul-21,72117,10235,137892,5,5,1325
16-Jul-21,72120,1038,137901,1,1,7121
16-Jul-21,72146,9883,137946,1,0,7180
16-Jul-21,72162,10236,137958,1,1,1302.5
16-Jul-21,72192,11133,138012,1,1,3623
16-Jul-21,72212,7872,138057,1,0,1670
16-Jul-21,72227,11960,138084,2,2,3393.22
16-Jul-21,72310,10975,138255,3,0,11254.5
16-Jul-21,72351,7867,138342,1,1,2163
16-Jul-21,72389,8444,138426,1,0,6108
16-Jul-21,72404,8444,138456,2,0,3252
16-Jul-21,72421,9912,138492,1,1,4068
16-Jul-21,146943,10225,296760,1,0,4298
16-Jul-21,146976,12697,296826,1,1,2124
16-Jul-21,147007,12487,296883,1,1,4362
16-Jul-21,147024,14352,296901,5,5,3318
16-Jul-21,147114,8444,297090,30,30,5813
16-Jul-21,147117,8210,297093,1,0,13860
16-Jul-21,147124,3284,297108,1,0,5271
16-Jul-21,147142,8425,297144,20,0,5110
16-Jul-21,147160,8444,297180,1,0,3635
16-Jul-21,147179,7860,297225,1,0,3315
16-Jul-21,147210,12701,297303,1,1,6470
16-Jul-21,147273,10227,297429,2,2,1456
16-Jul-21,147298,1041,297468,366,0,4954
16-Jul-21,147309,11110,297492,1,0,4128
16-Jul-21,147318,10235,297510,6,6,1446
16-Jul-21,147331,12400,297540,2,2,6683
17-Jul-21,62688,7526,120009,1,0,5672.67
17-Jul-21,62705,1039,120057,5,0,2236
17-Jul-21,62755,3610,120174,5,0,12364
17-Jul-21,62770,9915,120207,1,1,3043.22
17-Jul-21,62775,8147,120219,2,2,7360
17-Jul-21,62791,12713,120255,1,1,2400
17-Jul-21,62826,1041,120336,1,0,4272
17-Jul-21,62828,3615,120339,1,0,4209
17-Jul-21,62897,1548,120465,1,0,10763
17-Jul-21,62905,10235,120483,2,0,1324.5
17-Jul-21,63074,11147,120807,2,2,1365
17-Jul-21,63139,10235,120942,2,0,1350
17-Jul-21,63194,7586,121023,1,0,10027.1
17-Jul-21,63239,8444,121101,1,1,5719
17-Jul-21,63276,8438,121173,1,0,3393
17-Jul-21,63304,3615,121233,5,5,4017
17-Jul-21,63392,1041,121425,1,0,4423.22
17-Jul-21,63442,1040,121518,1,0,3451.52
17-Jul-21,63444,10235,121521,10,10,1350
17-Jul-21,63447,10975,121527,1,0,8453.39
17-Jul-21,63504,11161,121587,1,0,6589
17-Jul-21,63516,11121,121608,5,0,2532
17-Jul-21,63546,12700,121629,4,0,6940.7
17-Jul-21,63559,8438,121662,1,0,3629
17-Jul-21,63568,8441,121668,1,0,2882
17-Jul-21,63569,8441,121668,1,0,3001
17-Jul-21,63600,11118,121710,1,0,2478
17-Jul-21,63609,8803,121728,1,0,2566
17-Jul-21,63630,8425,121770,1,0,3522.2
17-Jul-21,63638,3610,121782,5,0,12364
17-Jul-21,63664,10975,121836,1,1,5600
17-Jul-21,63710,9925,121938,5,0,3038
17-Jul-21,63783,11167,122103,2,0,5562
17-Jul-21,63786,11172,122103,2,0,2625
17-Jul-21,63792,8219,122112,2,0,13488.3
17-Jul-21,63836,11118,122184,2,0,2722
17-Jul-21,63889,8457,122271,2,0,15834
17-Jul-21,63922,9916,122340,1,0,2797
17-Jul-21,63936,9915,122367,10,0,2881
17-Jul-21,63944,12700,122388,1,1,11370
17-Jul-21,64005,11731,122493,120,0,4947.59
17-Jul-21,64041,12699,122550,4,0,3170
17-Jul-21,64090,12699,122625,1,1,3170
17-Jul-21,64244,7596,122922,100,0,1
17-Jul-21,64309,11125,123027,2,2,1891
17-Jul-21,64330,12557,123060,2,0,1359
17-Jul-21,64346,11141,123084,1,0,5030
17-Jul-21,64356,2282,123096,1,1,3900
17-Jul-21,64418,12682,123201,3,0,2904.76
17-Jul-21,64518,1041,123378,3,0,4532
17-Jul-21,64564,1548,123477,1,1,10509
17-Jul-21,64583,8210,123513,1,0,15830
17-Jul-21,64589,12710,123519,15,0,9600
17-Jul-21,64595,2282,123537,1,0,4000
17-Jul-21,64608,8664,123564,2,0,2288.2
17-Jul-21,64648,11143,123642,1,0,2699
17-Jul-21,64666,7547,123669,1,0,5754
17-Jul-21,64685,12687,123705,1,0,1547.62
17-Jul-21,64701,11245,123735,1,0,5232
17-Jul-21,64728,12448,123777,1,0,10070
17-Jul-21,64770,1043,123861,1,0,20796
17-Jul-21,64774,8390,123870,1,1,1563
17-Jul-21,64785,12703,123885,1,0,2641.02
17-Jul-21,64808,8312,123933,18,18,3569
17-Jul-21,64840,2358,123993,1,0,1200
17-Jul-21,64868,8443,124032,1,0,5620
17-Jul-21,64869,8439,124035,5,0,935
17-Jul-21,64903,8425,124089,1,1,3619.5
17-Jul-21,64906,8425,124098,1,0,3522.2
17-Jul-21,64913,9919,124107,1,1,3666
17-Jul-21,64917,8425,124113,5,0,3561
17-Jul-21,64922,1041,124125,1,0,4693.47
17-Jul-21,64948,11907,124194,1,1,3932.25
17-Jul-21,64949,1041,124197,2,0,4995
17-Jul-21,64967,10975,124224,1,0,19029
17-Jul-21,65002,10235,124284,2,2,1368.99
17-Jul-21,65024,8629,124320,10,10,11466
17-Jul-21,65043,8425,124350,3,0,3374
17-Jul-21,65093,1038,124449,1,0,6854
17-Jul-21,65174,8376,124602,1,0,2540
17-Jul-21,65180,7807,124602,1,0,2226
17-Jul-21,65224,9925,124692,2,0,3038
17-Jul-21,65230,3624,124704,2,0,5062
17-Jul-21,65243,10235,124731,2,0,1368.99
17-Jul-21,65259,10224,124770,10,10,4283.19
17-Jul-21,65309,7146,124875,1,0,187.5
17-Jul-21,65320,9925,124899,2,2,3038
17-Jul-21,65375,8458,125022,1,0,2497
17-Jul-21,65378,11907,125025,4,0,3932.25
17-Jul-21,65396,8427,125058,2,0,5590
17-Jul-21,65403,11118,125070,2,2,2478
17-Jul-21,65404,8428,125070,1,1,1587
17-Jul-21,65410,10235,125082,5,5,1369.9
17-Jul-21,65427,10235,125121,1,1,1368.99
17-Jul-21,65493,11118,125241,1,0,2142
17-Jul-21,65504,10226,125265,1,0,3593.2
17-Jul-21,65585,1041,125439,1,1,5004
17-Jul-21,65663,3610,125565,3,0,7931
17-Jul-21,65665,10235,125571,4,0,1369.9
17-Jul-21,65675,7890,125589,1,1,2321
17-Jul-21,65690,12686,125607,2,0,1595.24
17-Jul-21,65714,12700,125652,1,1,7924
17-Jul-21,65743,9174,125709,1,1,5526
17-Jul-21,65748,12700,125724,1,1,7924
17-Jul-21,65830,11161,125865,2,0,5717
17-Jul-21,65844,12700,125889,1,0,7924
17-Jul-21,65902,3611,126000,1,0,2987
17-Jul-21,65949,8444,126105,4,4,3350
17-Jul-21,66046,10239,126324,1,0,5884.88
17-Jul-21,66058,1040,126351,1,0,3411
17-Jul-21,66064,8422,126363,1,1,3218
17-Jul-21,66092,12749,126408,2,2,4025.42
17-Jul-21,66106,10235,126444,8,0,1325
17-Jul-21,66127,11143,126477,1,0,2845
17-Jul-21,66128,12762,126480,1,0,798.02
17-Jul-21,66139,529,126504,1,1,1650
17-Jul-21,66201,12700,126624,1,1,11128
17-Jul-21,66247,10975,126693,1,0,22008.5
17-Jul-21,66285,10235,126774,2,2,1368.99
17-Jul-21,66292,10204,126780,2,0,3490
17-Jul-21,66295,12710,126789,3,0,9600
17-Jul-21,66303,8219,126801,70,0,14238
17-Jul-21,66317,11140,126831,1,0,7623
17-Jul-21,66357,1548,126915,3,0,10509
17-Jul-21,66503,9925,127194,1,1,3038
17-Jul-21,66526,9925,127233,1,0,3038
17-Jul-21,66559,10227,127317,2,0,1420
17-Jul-21,66603,11140,127413,1,1,4066
17-Jul-21,66632,11140,127467,1,0,4066
17-Jul-21,66636,8219,127473,1,1,13597
17-Jul-21,66645,8425,127491,2,2,3983.05
17-Jul-21,66704,9897,127605,2,0,9307
17-Jul-21,66758,8432,127683,1,0,4244
17-Jul-21,66762,9925,127695,2,2,3038
17-Jul-21,66772,8364,127710,2,2,2716
17-Jul-21,66810,11143,127758,1,0,2310
17-Jul-21,66816,8443,127761,1,0,5807
17-Jul-21,66828,3603,127785,2,0,6197
17-Jul-21,66876,10237,127854,1,1,3952.5
17-Jul-21,66877,11124,127857,2,0,1771
17-Jul-21,66929,10236,127971,2,0,1257.6
17-Jul-21,66934,10236,127986,2,0,1302.5
17-Jul-21,66975,1038,128067,1,1,6854
17-Jul-21,66992,8444,128097,1,0,3318
17-Jul-21,67055,8760,128241,3,0,972
17-Jul-21,67146,10235,128415,4,4,1369.9
17-Jul-21,67218,7827,128580,1,0,6575.59
17-Jul-21,67234,8458,128607,2,0,2497
17-Jul-21,67368,1040,128853,2,1,3551
17-Jul-21,67435,11140,128994,1,0,7481
17-Jul-21,67458,7666,129030,1,1,10933
17-Jul-21,67478,1038,129075,1,0,6855
17-Jul-21,67479,1043,129075,1,0,5320
17-Jul-21,67489,8420,129093,1,1,5661
17-Jul-21,67563,8425,129231,1,0,4001
17-Jul-21,67637,8664,129387,1,0,2288.2
17-Jul-21,67670,10235,129456,3,0,1368.99
17-Jul-21,67729,1038,129564,1,1,6985
17-Jul-21,67744,1041,129591,1,1,4528
17-Jul-21,67901,1041,129909,1,0,4972
17-Jul-21,67902,12692,129912,1,0,3333.33
17-Jul-21,67927,8425,129969,2,2,4110
17-Jul-21,67971,10204,130059,1,1,3066
17-Jul-21,67973,12682,130062,2,2,2904.76
17-Jul-21,68043,8664,130185,3,3,2288.2
17-Jul-21,68045,8083,130191,1,0,10542
17-Jul-21,68062,8428,130224,2,0,802
17-Jul-21,68096,11118,130290,1,0,2722
17-Jul-21,68155,11907,130407,1,0,4204
17-Jul-21,68185,8428,130464,1,0,1734
17-Jul-21,68248,3611,130584,1,0,3149
17-Jul-21,68255,11140,130599,1,1,4137
17-Jul-21,68294,2282,130692,1,0,4000
17-Jul-21,68303,1040,130716,1,0,3618
17-Jul-21,68313,8425,130737,1,0,4210
17-Jul-21,68327,10236,130761,1,0,1257.76
17-Jul-21,68382,11161,130860,1,1,5717
17-Jul-21,68432,8755,130941,5,0,2877
17-Jul-21,68486,9174,131037,4,4,5297
17-Jul-21,68487,9174,131037,1,1,5526
17-Jul-21,68542,7781,131142,2,2,7497
17-Jul-21,68575,10975,131202,2,0,12779.7
17-Jul-21,68604,9925,131250,4,0,3038
17-Jul-21,68609,8210,131256,5,0,6720
17-Jul-21,68727,9925,131484,4,0,3038
17-Jul-21,68763,8439,131559,3,0,1000
17-Jul-21,68867,7806,131691,1,0,3328
17-Jul-21,68871,8361,131697,1,0,4951
17-Jul-21,68909,9915,131784,5,0,2447
17-Jul-21,68969,1548,131907,1,1,10509
17-Jul-21,68997,9915,131952,1,0,2881
17-Jul-21,69019,12652,131991,4,4,7203.4
17-Jul-21,69049,1548,132048,2,0,10509
17-Jul-21,69102,9925,132144,2,0,3038
17-Jul-21,69112,8428,132159,10,10,1734
17-Jul-21,69134,9895,132204,100,0,1393
17-Jul-21,69149,1041,132243,1,0,4972
17-Jul-21,69191,1040,132324,1,0,3823
17-Jul-21,69196,8428,132327,5,0,844
17-Jul-21,69204,9895,132348,4,0,1393
17-Jul-21,69246,1038,132423,1,0,8030
17-Jul-21,69278,11172,132453,2,0,2583
17-Jul-21,69315,1038,132528,3,3,6724
17-Jul-21,69362,2862,132615,1,0,4200
17-Jul-21,69374,10236,132642,8,8,1257.6
17-Jul-21,69417,9919,132729,2,2,3666
17-Jul-21,69448,1548,132771,1,1,10509
17-Jul-21,69462,9919,132789,2,0,3666
17-Jul-21,69466,3648,132798,1,1,10619
17-Jul-21,69472,11124,132807,1,0,1746
17-Jul-21,69544,11123,132960,1,0,6703
17-Jul-21,69550,11123,132966,1,0,5915
17-Jul-21,69561,11169,132993,1,0,2772
17-Jul-21,69562,11118,132996,1,0,2722
17-Jul-21,69603,7599,133059,1,0,2829.66
17-Jul-21,69612,10235,133071,1,1,1369.9
17-Jul-21,69630,10235,133104,3,0,1369.9
17-Jul-21,69682,8751,133203,1,0,3906
17-Jul-21,69764,8444,133362,1,0,3350
17-Jul-21,69773,12799,133383,1,0,15184
17-Jul-21,69783,10235,133407,2,2,1398
17-Jul-21,69791,11186,133428,2,2,3499
17-Jul-21,69835,10227,133506,4,0,1421
17-Jul-21,69837,11731,133506,1,0,4947.59
17-Jul-21,69894,11911,133638,1,0,2782
17-Jul-21,69896,11911,133644,1,0,2782
17-Jul-21,69916,10204,133680,1,0,3490
17-Jul-21,69919,8440,133686,1,0,9533
17-Jul-21,69945,10235,133722,10,0,1420
17-Jul-21,69972,8664,133773,1,1,2320
17-Jul-21,69973,11143,133773,1,1,2688
17-Jul-21,70010,8210,133839,1,0,6694
17-Jul-21,70014,8413,133851,5,0,1879
17-Jul-21,70094,10236,134007,4,0,1302.5
17-Jul-21,70176,1038,134178,1,0,6855
17-Jul-21,70191,8470,134214,3,0,2183
17-Jul-21,70197,3613,134220,1,0,10434
17-Jul-21,70205,7640,134229,2,0,13886
17-Jul-21,70215,7640,134253,1,1,13886
17-Jul-21,70246,8210,134319,7,0,12443
17-Jul-21,70270,9919,134358,1,1,3666
17-Jul-21,70310,3269,134430,1,1,9038
17-Jul-21,70327,1041,134460,2,0,4240
17-Jul-21,70334,1041,134472,1,0,4693
17-Jul-21,70365,12652,134535,2,2,7203.4
17-Jul-21,70406,8444,134598,1,0,3252
17-Jul-21,70433,8765,134643,1,0,1307
17-Jul-21,70443,9174,134661,4,0,5297
17-Jul-21,70446,8444,134661,1,0,6345
17-Jul-21,70465,8335,134706,1,0,1987
17-Jul-21,70487,8664,134748,1,1,2320
17-Jul-21,70514,7692,134811,6,0,383.25
17-Jul-21,70549,10227,134898,3,0,1369.9
17-Jul-21,70552,8210,134907,1,0,15106
17-Jul-21,70562,9916,134931,2,0,2619
17-Jul-21,70573,12677,134961,1,0,2291
17-Jul-21,70656,10225,135129,1,1,3997.5
17-Jul-21,70664,8425,135138,2,0,4057
17-Jul-21,70670,11106,135144,1,0,3770
17-Jul-21,70672,8439,135147,3,3,2200
17-Jul-21,70716,11108,135234,1,0,3549
17-Jul-21,70730,7554,135258,1,0,10589
17-Jul-21,70747,1548,135288,1,0,10509
17-Jul-21,70751,7599,135300,2,0,2829.66
17-Jul-21,70853,10975,135492,1,1,11888.1
17-Jul-21,70858,7546,135495,2,2,11497
17-Jul-21,70908,10248,135582,1,1,4830.5
17-Jul-21,70952,3284,135669,3,0,3690
17-Jul-21,71008,8219,135780,1,0,13488.3
17-Jul-21,71011,12701,135783,1,0,7253.9
17-Jul-21,71027,8219,135822,5,0,13288.2
17-Jul-21,71085,8219,135933,1,1,13488.3
17-Jul-21,71120,11156,135999,1,0,4460
17-Jul-21,71132,9897,136011,1,0,2079
17-Jul-21,71134,3568,136017,1,1,6931
17-Jul-21,71210,2358,136146,5,0,1200
17-Jul-21,71217,10224,136164,2,2,4311.9
17-Jul-21,71291,11121,136284,1,0,2926
17-Jul-21,71313,10975,136326,3,3,23805.1
17-Jul-21,71315,8422,136329,2,0,3260
17-Jul-21,71325,11143,136350,1,0,2810
17-Jul-21,71326,11143,136350,1,0,2478
17-Jul-21,71365,11118,136437,2,0,2722
17-Jul-21,71411,8326,136527,1,0,3470.33
17-Jul-21,71429,11143,136560,2,0,2810
17-Jul-21,71436,11146,136572,1,0,3669
17-Jul-21,71458,11143,136617,3,3,2810
17-Jul-21,71470,1046,136638,1,0,2160
17-Jul-21,71514,9901,136719,1,0,4002
17-Jul-21,71563,8219,136803,3,0,13488.3
17-Jul-21,71588,8255,136869,1,0,2000
17-Jul-21,71615,12912,136923,2,2,3259.73
17-Jul-21,71662,10236,137013,3,0,1257.6
17-Jul-21,71677,11136,137040,10,0,2481
17-Jul-21,71705,8219,137103,40,40,13288.2
17-Jul-21,71707,1548,137106,17,17,10509
17-Jul-21,71848,11245,137370,2,2,5232
17-Jul-21,71853,11118,137379,5,5,2722
17-Jul-21,71854,8335,137382,5,0,1987
17-Jul-21,71865,3284,137406,2,2,3690
17-Jul-21,71909,8219,137487,1,1,13597
17-Jul-21,71953,9925,137577,4,4,3038
17-Jul-21,71965,7271,137604,10,0,2239
17-Jul-21,71969,1043,137613,1,0,20310
17-Jul-21,72012,3648,137688,1,1,10894
17-Jul-21,72024,9174,137700,1,0,5297
17-Jul-21,72041,11168,137739,1,0,13834
17-Jul-21,72094,10235,137853,2,2,1420
17-Jul-21,72101,12699,137865,4,4,3198.3
17-Jul-21,72123,1043,137904,1,0,20979
17-Jul-21,72171,11146,137976,3,3,9809
17-Jul-21,72213,8219,138060,1,0,13288.2
17-Jul-21,72226,8425,138084,2,2,4110
17-Jul-21,72266,8444,138165,3,3,3252
17-Jul-21,72295,8219,138237,10,10,13288.2
17-Jul-21,72298,1043,138240,2,2,20579
17-Jul-21,72328,12930,138291,1,0,4958
17-Jul-21,72336,8444,138309,2,2,6108
17-Jul-21,72366,1040,138375,5,5,3483
17-Jul-21,72412,11106,138471,1,0,3560
17-Jul-21,72418,11125,138483,2,2,1891
17-Jul-21,72427,10224,138501,1,1,4311.9
17-Jul-21,146954,13682,296784,5,5,3044
17-Jul-21,146960,12701,296799,2,0,9542
17-Jul-21,146970,8221,296820,1,0,6398
17-Jul-21,146987,13502,296847,2,2,12064
17-Jul-21,146989,12547,296850,17,0,21150
17-Jul-21,147013,8424,296892,1,1,3511
17-Jul-21,147038,12547,296931,1,0,11087
17-Jul-21,147040,14264,296937,1,0,8454
17-Jul-21,147123,8444,297105,2,0,3658
17-Jul-21,147141,8425,297144,40,0,5394
17-Jul-21,147147,8425,297153,3,3,4930
17-Jul-21,147187,8438,297246,1,0,4691
17-Jul-21,147198,11899,297273,1,0,13782
17-Jul-21,147237,8444,297354,1,0,5813
17-Jul-21,147258,8457,297402,1,1,8039
17-Jul-21,147292,13764,297459,2,0,7746
17-Jul-21,147344,10235,297573,5,5,1432
18-Jul-21,62615,3234,119886,1,0,10700
18-Jul-21,62676,7867,119985,2,2,2215
18-Jul-21,62700,7640,120042,1,0,12883.8
18-Jul-21,62710,1548,120060,2,0,5551
18-Jul-21,62711,8439,120063,1,0,892
18-Jul-21,62739,8455,120141,5,0,2665
18-Jul-21,62760,8664,120186,5,0,2288.2
18-Jul-21,62838,8425,120360,1,0,3468
18-Jul-21,62850,1043,120387,6,0,20704
18-Jul-21,62852,11107,120393,1,0,3112.09
18-Jul-21,62861,11899,120405,1,0,11410
18-Jul-21,62998,10204,120669,1,0,3055
18-Jul-21,63080,1805,120816,3,3,18732.9
18-Jul-21,63117,8807,120912,1,0,6023
18-Jul-21,63145,10235,120954,2,0,1350
18-Jul-21,63216,1039,121062,1,0,2236
18-Jul-21,63225,8444,121083,1,0,6156
18-Jul-21,63320,3284,121260,3,2,3306
18-Jul-21,63335,2853,121296,4,4,580
18-Jul-21,63340,8444,121305,1,0,6255
18-Jul-21,63388,10235,121413,2,0,1325
18-Jul-21,63440,8221,121515,10,0,2779.67
18-Jul-21,63467,12700,121560,4,0,6940.7
18-Jul-21,63488,11140,121587,1,0,4460
18-Jul-21,63519,1040,121611,1,0,3503
18-Jul-21,63580,10235,121677,1,0,1368.99
18-Jul-21,63702,3279,121920,1,0,5461
18-Jul-21,63730,11152,121989,1,0,3681
18-Jul-21,63759,10235,122046,3,0,1324.5
18-Jul-21,63768,7553,122067,1,0,6414.98
18-Jul-21,63803,1038,122136,1,0,6988
18-Jul-21,63841,1041,122196,1,0,5429
18-Jul-21,63851,8219,122217,1,1,13488.3
18-Jul-21,63916,10235,122328,1,0,1368.99
18-Jul-21,63983,7666,122454,20,0,10933
18-Jul-21,64008,11731,122499,10,0,5229.63
18-Jul-21,64027,10236,122535,1,1,1380
18-Jul-21,64068,11141,122592,1,0,4578
18-Jul-21,64081,1039,122613,5,5,2236
18-Jul-21,64155,11147,122736,1,1,1470
18-Jul-21,64159,9915,122748,1,1,2447
18-Jul-21,64164,8444,122757,1,0,3271.8
18-Jul-21,64234,9925,122904,5,5,3038
18-Jul-21,64249,8439,122928,2,0,944
18-Jul-21,64256,11118,122931,1,0,2722
18-Jul-21,64308,11123,123027,1,1,5771
18-Jul-21,64339,8422,123078,1,1,2863
18-Jul-21,64403,11899,123189,1,0,11410
18-Jul-21,64436,9792,123228,1,0,1566
18-Jul-21,64478,8763,123309,1,0,20350
18-Jul-21,64510,9916,123363,1,1,2797
18-Jul-21,64511,9916,123363,1,1,2619
18-Jul-21,64515,7607,123372,1,0,7047.46
18-Jul-21,64516,9916,123372,1,0,2619
18-Jul-21,64523,9925,123384,4,0,3038
18-Jul-21,64529,11146,123393,1,1,6917
18-Jul-21,64560,10235,123471,1,1,1368.99
18-Jul-21,64630,10235,123609,1,0,1368.99
18-Jul-21,64636,3610,123618,1,1,12605
18-Jul-21,64692,11140,123717,1,0,4137
18-Jul-21,64700,3645,123735,2,0,1795
18-Jul-21,64713,8438,123759,1,1,3393
18-Jul-21,64741,7596,123813,2,0,1
18-Jul-21,64764,8325,123858,3,3,10169.5
18-Jul-21,64867,8443,124032,2,0,5526
18-Jul-21,64907,8425,124101,8,0,3374
18-Jul-21,64974,9174,124239,1,0,5820
18-Jul-21,64994,12407,124272,2,2,11271
18-Jul-21,64996,10235,124275,5,5,1325
18-Jul-21,65009,11147,124290,2,2,1471
18-Jul-21,65092,1040,124449,1,0,3503
18-Jul-21,65116,10236,124488,3,3,1257.6
18-Jul-21,65130,10224,124515,50,0,4283.19
18-Jul-21,65151,11146,124569,2,0,6917
18-Jul-21,65166,10235,124599,2,2,1368.99
18-Jul-21,65194,8219,124623,30,0,13288.2
18-Jul-21,65212,8335,124656,2,0,2597
18-Jul-21,65225,8335,124695,2,0,2597
18-Jul-21,65254,12802,124758,1,0,1007.7
18-Jul-21,65284,12702,124824,1,0,2200.85
18-Jul-21,65364,11118,125001,1,0,2722
18-Jul-21,65372,8427,125013,3,0,5590
18-Jul-21,65390,10227,125049,2,0,1413.48
18-Jul-21,65399,7666,125061,4,4,10678
18-Jul-21,65400,12700,125064,3,3,7924
18-Jul-21,65436,10204,125136,1,0,3066
18-Jul-21,65444,11172,125154,1,1,2858
18-Jul-21,65457,7675,125181,1,0,565
18-Jul-21,65479,12800,125217,3,3,8
18-Jul-21,65485,12700,125229,1,1,7924
18-Jul-21,65490,9915,125238,1,1,2881
18-Jul-21,65522,9874,125310,1,0,12367
18-Jul-21,65557,9885,125376,1,0,7498
18-Jul-21,65623,10235,125505,2,0,1325
18-Jul-21,65643,11118,125535,3,0,2722
18-Jul-21,65662,10235,125562,3,3,1368.99
18-Jul-21,65689,12678,125607,4,0,1761.9
18-Jul-21,65695,8444,125619,1,0,5648
18-Jul-21,65722,3603,125667,3,0,5629
18-Jul-21,65753,3603,125733,2,2,5629
18-Jul-21,65756,11143,125736,3,2,2810
18-Jul-21,65787,8219,125802,1,1,13488.3
18-Jul-21,65796,8439,125817,2,0,935
18-Jul-21,65819,1041,125853,1,1,5004
18-Jul-21,65837,3568,125877,1,1,6655
18-Jul-21,65852,8075,125907,1,0,130
18-Jul-21,65859,1041,125922,1,1,5129
18-Jul-21,65872,3603,125937,1,0,6197
18-Jul-21,65927,1043,126054,1,0,5320
18-Jul-21,65968,9925,126156,1,1,3038
18-Jul-21,65971,8210,126165,1,1,12788
18-Jul-21,65989,11123,126210,1,0,3352
18-Jul-21,66012,9915,126255,2,1,2881
18-Jul-21,66030,10235,126288,2,0,1324.5
18-Jul-21,66050,11143,126333,1,0,2478
18-Jul-21,66088,7506,126396,1,0,20222
18-Jul-21,66162,10235,126549,7,7,1324.5
18-Jul-21,66167,8444,126561,2,2,3252
18-Jul-21,66204,9919,126633,2,0,3702
18-Jul-21,66226,1040,126666,1,0,6768
18-Jul-21,66238,12690,126675,1,1,2238.1
18-Jul-21,66267,1040,126741,1,1,3483
18-Jul-21,66298,11245,126795,2,2,5232
18-Jul-21,66340,7675,126873,5,5,590
18-Jul-21,66356,11143,126912,1,1,2489
18-Jul-21,66389,9895,126972,2,0,1393
18-Jul-21,66478,7816,127152,4,4,2352
18-Jul-21,66494,8219,127185,7,7,13597
18-Jul-21,66502,8429,127191,1,0,2764
18-Jul-21,66539,8210,127266,1,1,6694
18-Jul-21,66564,11189,127332,1,0,4998
18-Jul-21,66590,7586,127389,2,0,10642.4
18-Jul-21,66599,11118,127410,5,0,2153
18-Jul-21,66600,11118,127410,2,0,2734
18-Jul-21,66651,9919,127500,1,0,2907
18-Jul-21,66667,7867,127530,1,0,2163
18-Jul-21,66671,9925,127539,4,4,3038
18-Jul-21,66683,8444,127569,1,0,6683
18-Jul-21,66707,10975,127605,1,0,11254.5
18-Jul-21,66712,10235,127614,2,0,1325
18-Jul-21,66809,9916,127758,1,0,2331
18-Jul-21,66823,3266,127773,1,0,46643
18-Jul-21,66826,11146,127782,2,0,6979
18-Jul-21,66858,11118,127824,2,2,2722
18-Jul-21,66869,8425,127839,1,0,4406.78
18-Jul-21,66917,8444,127941,1,0,5977
18-Jul-21,66941,11155,128004,1,0,12758
18-Jul-21,67037,11106,128202,1,0,3770
18-Jul-21,67070,7504,128271,3,3,3992
18-Jul-21,67101,10235,128328,10,10,1325
18-Jul-21,67108,11124,128346,1,1,1771
18-Jul-21,67160,11155,128442,1,0,12506
18-Jul-21,67172,7640,128475,1,1,13642.3
18-Jul-21,67194,8422,128523,1,0,6196
18-Jul-21,67200,8422,128535,1,0,3218
18-Jul-21,67306,3610,128739,2,0,12054
18-Jul-21,67363,11139,128844,1,0,3948
18-Jul-21,67490,9910,129096,5,0,1994
18-Jul-21,67528,10235,129162,1,0,1369.9
18-Jul-21,67536,1043,129174,1,0,5320
18-Jul-21,67582,3610,129267,1,0,11939
18-Jul-21,67587,8335,129276,3,3,2597
18-Jul-21,67608,11143,129321,1,0,3295
18-Jul-21,67620,3611,129342,3,0,3149
18-Jul-21,67621,10235,129345,1,0,1368.99
18-Jul-21,67652,12800,129420,1,0,4
18-Jul-21,67677,10235,129471,2,2,1368.99
18-Jul-21,67680,9916,129471,1,1,2619
18-Jul-21,67753,8210,129609,3,3,12443
18-Jul-21,67801,9919,129690,2,2,3666
18-Jul-21,67831,7666,129741,1,1,10933
18-Jul-21,67834,8386,129750,1,0,2476
18-Jul-21,67910,8664,129933,3,0,2288.2
18-Jul-21,68022,11264,130137,1,0,3160
18-Jul-21,68048,3610,130200,1,1,11939
18-Jul-21,68094,7271,130287,1,0,2177
18-Jul-21,68103,8444,130305,3,3,6207
18-Jul-21,68116,10236,130332,5,5,1302.25
18-Jul-21,68203,7541,130494,1,0,1600
18-Jul-21,68218,11143,130524,1,0,2507
18-Jul-21,68239,8441,130569,1,0,3208
18-Jul-21,68251,1041,130593,1,0,4972
18-Jul-21,68258,2282,130608,1,1,4000
18-Jul-21,68263,9789,130617,30,30,2966.1
18-Jul-21,68274,12800,130647,27,0,4
18-Jul-21,68286,11107,130674,1,0,3213
18-Jul-21,68314,11106,130737,1,1,3770
18-Jul-21,68424,10235,130929,6,6,1325
18-Jul-21,68427,10235,130935,5,5,1344.5
18-Jul-21,68436,9919,130947,1,0,3343
18-Jul-21,68482,12713,131028,3,0,2400
18-Jul-21,68513,11118,131088,1,1,2478
18-Jul-21,68520,8444,131097,1,0,3252
18-Jul-21,68538,7872,131139,2,2,1670
18-Jul-21,68546,1548,131151,30,3,5127.12
18-Jul-21,68560,12652,131172,2,0,7203.4
18-Jul-21,68601,10975,131241,2,0,12779.7
18-Jul-21,68630,9925,131298,6,6,3038
18-Jul-21,68657,10237,131340,1,0,3304.37
18-Jul-21,68664,8325,131352,1,0,12235.2
18-Jul-21,68717,12500,131457,1,0,2119
18-Jul-21,68756,8439,131544,1,0,1010
18-Jul-21,68783,11143,131592,1,0,2810
18-Jul-21,68802,1038,131622,1,0,6854
18-Jul-21,68813,12749,131640,4,4,4025.42
18-Jul-21,68848,9900,131661,1,0,2995
18-Jul-21,68860,7802,131676,1,0,5271
18-Jul-21,68891,10235,131745,2,2,1368.99
18-Jul-21,68905,1548,131775,1,0,10763
18-Jul-21,68921,1041,131808,2,0,5004
18-Jul-21,68930,3610,131820,1,1,7607
18-Jul-21,68990,1548,131946,1,0,10509
18-Jul-21,69007,10235,131967,3,3,1325
18-Jul-21,69092,1041,132123,2,0,4272
18-Jul-21,69121,11106,132180,1,0,4120
18-Jul-21,69133,9880,132204,5,0,12234
18-Jul-21,69180,9925,132297,4,0,3038
18-Jul-21,69182,9925,132303,4,0,3038
18-Jul-21,69223,3592,132381,1,0,8987
18-Jul-21,69320,10235,132537,1,1,1369.9
18-Jul-21,69328,10235,132543,1,0,1325
18-Jul-21,69341,8219,132573,400,0,13288.2
18-Jul-21,69343,8219,132573,50,0,13597
18-Jul-21,69346,9894,132579,1,0,4521
18-Jul-21,69365,8444,132624,2,0,3350
18-Jul-21,69375,7504,132645,1,1,3992
18-Jul-21,69388,2282,132672,1,0,4000
18-Jul-21,69391,8210,132681,1,1,12788
18-Jul-21,69414,9915,132726,1,1,2881
18-Jul-21,69418,12800,132732,1,0,8
18-Jul-21,69460,8428,132786,4,4,1595.2
18-Jul-21,69491,8219,132858,1,1,13288.2
18-Jul-21,69535,11731,132933,1,0,4947.59
18-Jul-21,69557,8325,132981,1,0,10169.5
18-Jul-21,69574,11136,133014,2,0,2533
18-Jul-21,69646,11136,133134,2,2,2481
18-Jul-21,69677,12799,133191,5,5,15184
18-Jul-21,69698,10975,133230,1,0,22008.5
18-Jul-21,69815,9916,133470,1,0,2619
18-Jul-21,69817,8444,133476,1,0,3252
18-Jul-21,69818,7858,133479,1,1,3213
18-Jul-21,69858,10975,133551,1,1,23805.1
18-Jul-21,69897,3279,133647,1,1,5837
18-Jul-21,69927,8384,133698,1,0,4746
18-Jul-21,69978,8664,133782,1,1,2320
18-Jul-21,70019,11125,133863,2,2,1891
18-Jul-21,70044,10235,133911,2,0,1369.9
18-Jul-21,70048,11899,133917,2,2,12210.5
18-Jul-21,70107,8384,134034,10,0,4658
18-Jul-21,70121,12749,134058,3,0,4186.44
18-Jul-21,70124,1043,134061,1,1,5320
18-Jul-21,70182,3615,134193,7,0,4339
18-Jul-21,70273,11146,134367,2,0,3669
18-Jul-21,70317,10235,134439,1,0,1369.9
18-Jul-21,70335,1038,134475,2,2,6985
18-Jul-21,70345,1039,134484,3,0,2478
18-Jul-21,70351,1041,134502,2,0,4240
18-Jul-21,70352,1041,134505,2,2,4240
18-Jul-21,70353,7775,134508,2,2,6791
18-Jul-21,70375,8440,134556,1,0,9533
18-Jul-21,70393,12701,134577,2,0,5013.56
18-Jul-21,70405,11123,134598,2,0,5162
18-Jul-21,70416,8210,134613,2,2,12674
18-Jul-21,70422,8219,134622,3,3,7415.25
18-Jul-21,70436,12701,134646,2,0,5013.56
18-Jul-21,70453,11120,134676,1,0,24024
18-Jul-21,70473,8444,134721,2,2,6108
18-Jul-21,70476,12912,134724,10,0,3259.73
18-Jul-21,70513,11899,134808,1,1,12373
18-Jul-21,70521,9915,134832,1,0,2881
18-Jul-21,70524,8364,134841,1,0,3298.1
18-Jul-21,70538,3624,134868,1,0,4746
18-Jul-21,70540,1548,134874,1,1,10509
18-Jul-21,70598,8386,135012,3,0,2879
18-Jul-21,70607,12697,135030,1,0,1590
18-Jul-21,70674,11152,135150,2,0,6955
18-Jul-21,70765,11240,135333,1,0,10240.7
18-Jul-21,70770,10531,135345,2,2,2203.5
18-Jul-21,70772,8374,135351,1,0,3726
18-Jul-21,70779,10236,135360,1,1,1302.5
18-Jul-21,70782,1041,135363,1,1,5129
18-Jul-21,70786,10235,135366,5,5,1325
18-Jul-21,70872,11118,135522,2,0,2142
18-Jul-21,70946,12487,135660,1,0,3322
18-Jul-21,70957,8384,135675,7,7,4658
18-Jul-21,70964,7533,135690,1,1,4882
18-Jul-21,70977,9920,135720,3,0,3220
18-Jul-21,70979,12701,135723,1,0,7253.9
18-Jul-21,70995,10235,135756,2,2,1398
18-Jul-21,71033,8210,135840,1,1,14679
18-Jul-21,71050,1548,135873,2,1,10509
18-Jul-21,71090,10227,135945,5,0,1480
18-Jul-21,71122,11156,135999,1,0,4085
18-Jul-21,71269,3284,136242,2,0,3634
18-Jul-21,71277,11172,136254,1,0,2058
18-Jul-21,71307,11143,136308,1,0,2810
18-Jul-21,71323,11138,136347,1,1,16100
18-Jul-21,71324,11137,136350,1,0,3364
18-Jul-21,71364,10225,136437,2,0,3997.5
18-Jul-21,71433,11104,136566,1,0,11099
18-Jul-21,71464,11172,136629,2,0,2058
18-Jul-21,71480,7448,136656,1,1,7698
18-Jul-21,71505,12686,136701,1,1,1619.05
18-Jul-21,71538,11133,136761,1,1,3623
18-Jul-21,71543,1548,136767,1,0,10763
18-Jul-21,71568,8219,136818,5,3,13288.2
18-Jul-21,71596,8762,136887,1,1,6455
18-Jul-21,71646,1038,136980,1,1,6985
18-Jul-21,71670,7640,137025,1,0,13886
18-Jul-21,71679,9174,137046,3,0,5297
18-Jul-21,71682,1548,137049,1,0,5550.9
18-Jul-21,71734,11899,137160,1,1,12373
18-Jul-21,71775,8664,137244,6,6,2320
18-Jul-21,71859,3284,137397,2,2,3690
18-Jul-21,71875,8444,137424,1,1,6166
18-Jul-21,71883,11106,137439,2,1,4120
18-Jul-21,71954,11899,137580,1,1,12373
18-Jul-21,72027,11152,137709,1,0,5865
18-Jul-21,72069,1548,137814,1,0,10509
18-Jul-21,72080,11241,137832,1,1,5161
18-Jul-21,72157,10224,137958,1,1,4311.9
18-Jul-21,72168,11106,137970,2,2,4120
18-Jul-21,72183,8444,137994,1,0,3252
18-Jul-21,72203,11240,138033,1,1,10240.7
18-Jul-21,72260,10236,138153,2,0,1360
18-Jul-21,72261,10236,138153,5,0,1302
18-Jul-21,72263,11731,138159,1,1,4875.3
18-Jul-21,72293,1041,138231,1,1,4693
18-Jul-21,72341,7553,138324,1,1,5254
18-Jul-21,72367,8219,138378,2,2,13288.2
18-Jul-21,72371,1548,138384,1,0,10763
18-Jul-21,72388,12750,138423,1,0,2847.46
18-Jul-21,72393,7890,138438,1,0,2735
18-Jul-21,72395,8361,138438,1,0,5183
18-Jul-21,146929,9915,296736,1,1,3599
18-Jul-21,146951,8221,296775,6,0,3770
18-Jul-21,147023,10248,296898,1,1,4857
18-Jul-21,147056,8444,296970,1,1,3535
18-Jul-21,147108,8210,297084,1,0,13860
18-Jul-21,147110,10248,297087,3,3,5407
18-Jul-21,147137,8210,297135,1,0,7299
18-Jul-21,147139,14294,297141,1,0,3143
18-Jul-21,147150,13764,297156,1,1,7746
18-Jul-21,147196,10224,297267,1,0,4360.17
18-Jul-21,147213,8208,297309,5,0,8291
18-Jul-21,147252,2862,297384,1,0,4021
18-Jul-21,147290,3610,297456,1,0,12704
18-Jul-21,147302,13764,297477,1,0,7746
18-Jul-21,147323,12697,297519,20,20,1052
19-Jul-21,62630,8457,119904,2,0,15834
19-Jul-21,62668,11731,119970,1,0,4402
19-Jul-21,62720,8428,120087,10,10,1540
19-Jul-21,62743,10236,120147,2,2,1293
19-Jul-21,62759,12652,120183,1,1,7203.4
19-Jul-21,62762,8425,120192,1,0,4007
19-Jul-21,62806,11163,120291,1,0,3355
19-Jul-21,62811,10235,120306,1,0,1368.99
19-Jul-21,62833,8664,120351,5,0,2288.2
19-Jul-21,62909,8425,120489,2,2,3468
19-Jul-21,62956,11106,120570,2,2,3612
19-Jul-21,62973,3610,120606,10,0,12364
19-Jul-21,63000,11107,120672,4,0,3112.09
19-Jul-21,63076,11146,120810,1,0,3674.88
19-Jul-21,63113,12749,120903,1,0,4027.25
19-Jul-21,63135,3284,120936,4,0,3250
19-Jul-21,63155,3615,120972,5,0,4353
19-Jul-21,63215,8219,121059,10,10,13288.2
19-Jul-21,63321,3603,121260,4,4,5629
19-Jul-21,63366,8438,121362,1,0,3511
19-Jul-21,63420,11143,121470,1,0,2310
19-Jul-21,63449,7776,121533,1,0,2215
19-Jul-21,63463,8763,121551,1,0,20350
19-Jul-21,63468,8439,121563,5,0,892
19-Jul-21,63517,1038,121611,1,0,7121
19-Jul-21,63621,11169,121758,1,1,2741
19-Jul-21,63635,11118,121779,3,3,2722
19-Jul-21,63650,11143,121806,1,0,2688
19-Jul-21,63700,8441,121917,1,0,2882
19-Jul-21,63706,9916,121929,1,0,2797
19-Jul-21,63729,11143,121986,10,0,2718
19-Jul-21,63736,10235,122007,10,0,1350
19-Jul-21,63790,1041,122109,1,1,5004
19-Jul-21,63830,7640,122172,20,20,12883.8
19-Jul-21,63842,1041,122196,1,0,5738
19-Jul-21,63870,7990,122244,4,4,2597
19-Jul-21,63911,10235,122319,4,4,1368.99
19-Jul-21,63925,11154,122346,1,1,10594
19-Jul-21,63950,1040,122406,1,0,3363.79
19-Jul-21,63980,9796,122445,5,0,2656.8
19-Jul-21,64036,10227,122547,1,1,1369.92
19-Jul-21,64086,8365,122619,3,0,4932.6
19-Jul-21,64135,11907,122709,1,1,3932.25
19-Jul-21,64181,12652,122796,1,1,7203.4
19-Jul-21,64216,8425,122871,5,0,3561
19-Jul-21,64394,2367,123168,1,0,9000
19-Jul-21,64404,11899,123192,1,0,11410
19-Jul-21,64441,12700,123240,1,0,6940.7
19-Jul-21,64490,8425,123327,1,0,3561
19-Jul-21,64495,10224,123339,1,1,4283.19
19-Jul-21,64500,3302,123345,2,0,2487
19-Jul-21,64568,8210,123483,1,0,13007
19-Jul-21,64585,8438,123516,1,1,3393
19-Jul-21,64613,8210,123573,1,1,14679
19-Jul-21,64673,11907,123681,1,0,3932.25
19-Jul-21,64686,8425,123708,3,0,3374
19-Jul-21,64717,8462,123762,1,0,3616
19-Jul-21,64734,2356,123795,2,0,2740
19-Jul-21,64805,8440,123930,1,0,8049
19-Jul-21,64982,8462,124251,1,0,3616
19-Jul-21,64983,8462,124251,1,0,7193
19-Jul-21,65005,12701,124284,1,1,5317.97
19-Jul-21,65017,9916,124302,4,4,2619
19-Jul-21,65079,10975,124419,1,0,11796.6
19-Jul-21,65107,12678,124479,2,2,1761.9
19-Jul-21,65125,8221,124509,10,10,2779.67
19-Jul-21,65144,12680,124551,2,0,2000
19-Jul-21,65147,3610,124560,1,1,12364
19-Jul-21,65171,7879,124602,1,0,17319
19-Jul-21,65187,3615,124614,1,0,4328
19-Jul-21,65196,8219,124623,5,0,13597
19-Jul-21,65198,8219,124626,10,0,13488.3
19-Jul-21,65235,8444,124716,1,0,6334
19-Jul-21,65281,11123,124821,1,0,3352
19-Jul-21,65397,8439,125058,1,0,944
19-Jul-21,65414,8428,125088,2,2,1635
19-Jul-21,65494,11118,125241,3,0,2722
19-Jul-21,65545,1041,125355,1,0,4240.14
19-Jul-21,65583,11107,125436,5,0,4883
19-Jul-21,65590,8425,125454,2,0,3689
19-Jul-21,65602,1040,125475,1,0,3435.81
19-Jul-21,65644,11118,125535,1,0,2478
19-Jul-21,65645,1043,125538,1,0,5895
19-Jul-21,65655,10235,125556,1,1,1369.9
19-Jul-21,65657,12749,125556,1,1,4025.42
19-Jul-21,65668,10224,125577,1,0,4311.9
19-Jul-21,65694,2282,125616,1,0,4000
19-Jul-21,65703,10210,125634,1,0,1875
19-Jul-21,65723,9923,125670,1,0,4687
19-Jul-21,65761,12487,125748,2,0,3322
19-Jul-21,65766,10975,125754,1,1,11796.6
19-Jul-21,65801,11240,125829,1,0,10240.7
19-Jul-21,65847,12700,125895,1,0,7924
19-Jul-21,65887,12700,125967,1,0,7924
19-Jul-21,65900,8422,125997,1,0,7241
19-Jul-21,65913,1043,126024,1,0,10533
19-Jul-21,65931,11143,126063,1,0,2822
19-Jul-21,65983,1038,126195,1,0,6724
19-Jul-21,65993,1041,126216,1,0,4272
19-Jul-21,66039,8422,126309,1,0,3218
19-Jul-21,66070,1548,126372,1,0,5550.9
19-Jul-21,66131,3613,126489,1,1,11025
19-Jul-21,66132,9925,126492,1,0,3038
19-Jul-21,66156,10235,126534,1,0,1324.5
19-Jul-21,66198,11123,126618,1,1,5757
19-Jul-21,66242,2282,126684,1,0,4000
19-Jul-21,66297,9925,126792,2,0,3038
19-Jul-21,66319,3610,126837,1,0,12484
19-Jul-21,66407,9925,127011,2,2,3038
19-Jul-21,66437,8444,127080,1,1,6166
19-Jul-21,66445,3620,127092,1,0,4947
19-Jul-21,66452,10235,127101,5,0,1369.9
19-Jul-21,66457,8444,127110,1,0,6207
19-Jul-21,66463,10204,127128,1,0,3092
19-Jul-21,66474,11143,127149,1,0,2810
19-Jul-21,66486,1039,127176,2,2,2236
19-Jul-21,66487,11140,127176,1,1,7623
19-Jul-21,66501,8429,127191,1,0,2862
19-Jul-21,66516,10239,127215,1,0,5884.88
19-Jul-21,66583,12710,127371,5,5,9600
19-Jul-21,66612,3615,127428,1,1,4155
19-Jul-21,66662,7640,127518,1,1,12883.8
19-Jul-21,66684,7785,127572,4,3,2730
19-Jul-21,66751,7533,127665,1,0,4882
19-Jul-21,66764,9900,127698,1,0,5815
19-Jul-21,66768,12703,127701,2,0,2641.02
19-Jul-21,66777,11143,127713,3,3,2478
19-Jul-21,66778,8664,127716,5,0,2288.2
19-Jul-21,66785,1043,127728,2,0,10533
19-Jul-21,66822,3266,127773,1,0,47106
19-Jul-21,66839,3635,127803,1,0,3937
19-Jul-21,66863,11152,127827,1,0,6038
19-Jul-21,66915,8221,127935,4,0,2789
19-Jul-21,66951,11146,128028,1,0,3669
19-Jul-21,66952,10235,128031,5,0,1325
19-Jul-21,66978,12710,128076,2,2,9600
19-Jul-21,67064,11118,128256,1,0,2478
19-Jul-21,67078,10236,128292,3,3,1302.5
19-Jul-21,67089,11118,128307,4,4,2722
19-Jul-21,67178,10225,128487,1,1,4177.1
19-Jul-21,67208,10225,128553,1,0,3997.5
19-Jul-21,67209,1039,128556,1,0,2280
19-Jul-21,67237,10224,128616,1,0,4311.9
19-Jul-21,67239,8428,128619,3,0,1982
19-Jul-21,67283,7575,128697,1,0,11151.2
19-Jul-21,67299,8425,128730,1,0,3884
19-Jul-21,67349,11189,128817,1,1,5084
19-Jul-21,67382,1043,128886,1,1,10533
19-Jul-21,67389,9915,128904,2,0,2881
19-Jul-21,67406,2862,128949,1,1,4200
19-Jul-21,67409,1548,128952,1,1,5127.12
19-Jul-21,67431,8440,128985,1,0,10198
19-Jul-21,67448,11130,129009,1,0,8610
19-Jul-21,67477,1038,129075,1,0,6985
19-Jul-21,67523,1040,129147,1,0,3483
19-Jul-21,67541,8420,129183,1,0,6259
19-Jul-21,67547,12710,129201,3,3,9600
19-Jul-21,67593,2862,129285,2,2,4200
19-Jul-21,67600,8422,129300,1,0,6435
19-Jul-21,67664,3615,129447,2,0,3990
19-Jul-21,67678,10235,129471,2,2,1324.5
19-Jul-21,67688,7569,129489,1,0,31642.6
19-Jul-21,67706,7243,129525,2,0,3165
19-Jul-21,67740,1041,129582,1,0,4693
19-Jul-21,67748,1548,129597,2,2,5127.12
19-Jul-21,67783,10975,129663,1,1,14372
19-Jul-21,67836,8444,129756,1,0,3350
19-Jul-21,67840,1548,129768,1,0,10509
19-Jul-21,67849,9925,129783,1,1,3038
19-Jul-21,67906,11131,129921,1,0,9913
19-Jul-21,67929,8462,129972,1,0,3770
19-Jul-21,67985,3279,130083,2,2,5837
19-Jul-21,68031,3610,130158,4,4,11939
19-Jul-21,68034,11123,130167,1,0,3352
19-Jul-21,68080,3279,130269,1,1,5837
19-Jul-21,68152,11156,130401,1,1,4460
19-Jul-21,68181,10975,130455,1,1,12779.7
19-Jul-21,68236,10875,130560,1,0,2407
19-Jul-21,68275,7553,130650,1,1,6414.98
19-Jul-21,68282,11169,130662,1,0,2951
19-Jul-21,68309,3610,130731,1,0,12605
19-Jul-21,68322,10975,130755,1,1,11888.1
19-Jul-21,68332,8425,130773,3,3,4110
19-Jul-21,68403,12702,130899,3,0,2200.85
19-Jul-21,68444,8219,130959,2,0,13488.3
19-Jul-21,68461,8210,130983,5,5,12674
19-Jul-21,68499,10236,131067,3,3,1302.25
19-Jul-21,68534,1043,131127,1,0,5895
19-Jul-21,68563,9925,131178,1,0,3216
19-Jul-21,68608,8210,131256,5,0,12674
19-Jul-21,68611,9916,131259,1,0,2797
19-Jul-21,68626,11143,131292,1,0,2718
19-Jul-21,68671,8444,131367,2,0,3252
19-Jul-21,68766,2862,131568,1,0,4200
19-Jul-21,68844,1548,131661,1,0,5550.9
19-Jul-21,68847,9900,131661,1,0,5815
19-Jul-21,68849,9938,131661,1,0,2757
19-Jul-21,68962,7640,131892,1,1,14695
19-Jul-21,69003,1548,131961,1,0,10509
19-Jul-21,69013,7640,131976,1,0,14695
19-Jul-21,69041,10204,132027,1,1,3066
19-Jul-21,69075,11140,132096,1,0,7623
19-Jul-21,69100,11187,132138,1,0,5229
19-Jul-21,69162,10235,132273,4,0,1344.5
19-Jul-21,69234,1040,132399,1,0,4333
19-Jul-21,69239,12713,132411,1,0,2400
19-Jul-21,69249,8425,132426,1,1,4110
19-Jul-21,69269,10975,132450,1,1,11796.6
19-Jul-21,69369,8219,132636,1,1,13288.2
19-Jul-21,69379,8198,132648,1,1,12678
19-Jul-21,69545,11123,132960,1,0,5915
19-Jul-21,69547,3604,132966,1,0,13662
19-Jul-21,69601,9916,133053,2,0,2619
19-Jul-21,69629,10235,133101,2,0,1325
19-Jul-21,69726,8219,133293,1,1,14238
19-Jul-21,69765,10975,133365,1,0,23805.1
19-Jul-21,69785,8458,133413,1,0,2530
19-Jul-21,69792,1548,133431,2,0,10509
19-Jul-21,69819,7858,133479,1,1,2688
19-Jul-21,69834,12281,133503,3,3,230
19-Jul-21,69855,9915,133542,1,0,2881
19-Jul-21,69857,9925,133548,3,0,3038
19-Jul-21,69955,11106,133743,2,0,4120
19-Jul-21,69962,10235,133758,2,2,1398
19-Jul-21,69986,1548,133800,7,0,10509
19-Jul-21,70004,12677,133830,10,10,2142.86
19-Jul-21,70025,10204,133878,1,1,3242
19-Jul-21,70027,11899,133881,2,2,12210.5
19-Jul-21,70073,7640,133965,1,0,14695
19-Jul-21,70078,9925,133974,1,0,3038
19-Jul-21,70085,11731,133986,1,1,4947.59
19-Jul-21,70100,7640,134022,1,0,13886
19-Jul-21,70105,12678,134031,1,0,1937
19-Jul-21,70106,8384,134034,5,0,4746
19-Jul-21,70169,3610,134160,5,5,11939
19-Jul-21,70219,10235,134262,2,0,1398
19-Jul-21,70308,3279,134424,2,2,5837
19-Jul-21,70350,1041,134499,2,0,4240
19-Jul-21,70382,10235,134559,5,0,1325
19-Jul-21,70415,8210,134613,15,10,12443
19-Jul-21,70425,12701,134625,2,2,5013.56
19-Jul-21,70457,8428,134688,10,10,1540
19-Jul-21,70478,8219,134727,1,0,13488.3
19-Jul-21,70486,9925,134745,1,1,3038
19-Jul-21,70488,9916,134748,1,1,2797
19-Jul-21,70495,8444,134757,4,0,3252
19-Jul-21,70565,9915,134940,1,0,2881
19-Jul-21,70606,11117,135027,1,0,3528
19-Jul-21,70639,11162,135093,1,0,2982
19-Jul-21,70643,3615,135102,1,0,4181
19-Jul-21,70671,7271,135147,1,1,2153
19-Jul-21,70823,8444,135438,1,1,6166
19-Jul-21,70848,7471,135483,1,0,7203
19-Jul-21,70850,7872,135489,1,1,1670
19-Jul-21,70852,8219,135492,1,0,14238
19-Jul-21,70856,12803,135492,1,1,6753.1
19-Jul-21,70867,11118,135513,3,0,2142
19-Jul-21,70884,7529,135546,4,4,6000
19-Jul-21,70918,11106,135606,1,1,3560
19-Jul-21,70924,12710,135618,1,1,9600
19-Jul-21,70940,11146,135654,1,1,9809
19-Jul-21,70963,3568,135687,1,1,6655
19-Jul-21,70968,11106,135699,2,0,3560
19-Jul-21,70971,8219,135705,1,0,13288.2
19-Jul-21,70974,7541,135714,7,0,1523
19-Jul-21,70985,11146,135735,2,0,9809
19-Jul-21,70989,10226,135747,1,0,3593.2
19-Jul-21,71025,529,135816,1,0,1650
19-Jul-21,71030,11186,135831,2,0,3499
19-Jul-21,71036,11152,135849,2,0,6955
19-Jul-21,71070,10204,135912,3,3,3490
19-Jul-21,71223,3610,136173,1,0,7817
19-Jul-21,71251,8219,136221,1,1,13488.3
19-Jul-21,71284,11147,136266,1,1,1365
19-Jul-21,71447,10975,136590,2,2,11254.5
19-Jul-21,71460,7867,136620,1,0,2321
19-Jul-21,71550,12701,136776,1,0,5013.56
19-Jul-21,71560,1548,136797,1,0,10509
19-Jul-21,71683,9174,137052,3,0,5297
19-Jul-21,71698,7625,137085,1,0,12611.3
19-Jul-21,71711,11960,137109,2,0,3525.42
19-Jul-21,71719,10235,137127,7,0,1398
19-Jul-21,71751,1548,137199,1,0,10509
19-Jul-21,71779,8461,137247,1,1,2570
19-Jul-21,71792,1041,137265,1,0,5004
19-Jul-21,71796,8384,137274,1,0,4746
19-Jul-21,71799,8210,137280,1,0,12443
19-Jul-21,71829,8444,137337,7,4,6108
19-Jul-21,71902,10248,137475,1,0,4830.5
19-Jul-21,71952,8221,137574,1,1,2789
19-Jul-21,71966,11125,137607,2,2,1891
19-Jul-21,72104,12681,137874,1,0,3333.33
19-Jul-21,72214,8070,138060,1,1,10013
19-Jul-21,72231,8073,138090,1,1,5345
19-Jul-21,72250,11137,138129,10,0,3364
19-Jul-21,72306,9925,138252,5,0,3038
19-Jul-21,72322,11136,138279,5,5,2481
19-Jul-21,72335,10227,138306,10,0,1480
19-Jul-21,72415,11143,138474,1,0,2718
19-Jul-21,72423,9919,138492,1,1,3666
19-Jul-21,146966,12547,296814,1,1,11087
19-Jul-21,147001,13742,296874,1,1,2250
19-Jul-21,147017,8425,296895,1,1,5394
19-Jul-21,147019,10236,296895,2,0,1341
19-Jul-21,147025,12547,296904,5,5,11087
19-Jul-21,147042,8221,296943,1,0,6182
19-Jul-21,147102,14264,297069,1,1,8454
19-Jul-21,147126,13524,297111,1,0,4476
19-Jul-21,147143,8457,297147,1,1,8194
19-Jul-21,147158,1805,297177,1,0,18343
19-Jul-21,147193,12502,297258,1,0,7526
19-Jul-21,147195,7666,297264,1,0,11455
19-Jul-21,147221,13524,297330,10,10,4362
19-Jul-21,147310,10204,297495,1,1,3429
19-Jul-21,147335,8425,297546,1,0,5110
20-Jul-21,62624,1548,119901,1,0,10509
20-Jul-21,62670,7835,119976,3,3,4148
20-Jul-21,62683,12652,119997,2,2,7203.4
20-Jul-21,62699,3603,120039,5,2,5629
20-Jul-21,62709,1548,120060,2,0,10763
20-Jul-21,62723,7243,120096,1,0,3179.91
20-Jul-21,62744,11169,120150,2,0,5145
20-Jul-21,62793,7666,120261,1,0,10678
20-Jul-21,62876,8424,120429,1,0,7239
20-Jul-21,62886,11154,120438,1,0,10500
20-Jul-21,62934,8428,120525,2,0,802
20-Jul-21,62967,11136,120588,1,0,2498
20-Jul-21,62971,8299,120600,1,0,3183
20-Jul-21,62994,11156,120657,3,3,4096
20-Jul-21,62995,9925,120660,2,0,3096.61
20-Jul-21,63006,7607,120684,1,0,6408
20-Jul-21,63048,8435,120765,1,0,11626
20-Jul-21,63069,12749,120795,2,0,4027.25
20-Jul-21,63071,8444,120798,1,1,6156
20-Jul-21,63084,10975,120828,1,1,18687.5
20-Jul-21,63126,8221,120924,2,0,2726.15
20-Jul-21,63140,10235,120942,2,0,1325
20-Jul-21,63198,12652,121029,2,0,7203.4
20-Jul-21,63202,7575,121041,1,0,5745.25
20-Jul-21,63213,11899,121053,3,0,11410
20-Jul-21,63228,10235,121089,1,0,1324.5
20-Jul-21,63231,1548,121095,1,0,10763
20-Jul-21,63234,8221,121098,1,0,2779.67
20-Jul-21,63247,10235,121113,2,2,1324.5
20-Jul-21,63250,10975,121116,1,0,11796.6
20-Jul-21,63282,7666,121188,6,0,10678
20-Jul-21,63289,12453,121203,1,1,3305
20-Jul-21,63350,9796,121323,5,0,2656.8
20-Jul-21,63374,3611,121383,3,0,3149.44
20-Jul-21,63412,10235,121458,1,0,1325
20-Jul-21,63417,1041,121464,1,0,4423.22
20-Jul-21,63466,8763,121557,1,0,20350
20-Jul-21,63585,9915,121689,1,0,2881
20-Jul-21,63593,10240,121701,1,0,3927.25
20-Jul-21,63623,11658,121764,1,1,1365
20-Jul-21,63645,11146,121800,1,0,3669
20-Jul-21,63652,8428,121812,20,20,1540
20-Jul-21,63699,12700,121914,2,2,6940.7
20-Jul-21,63715,10235,121947,2,2,1368.99
20-Jul-21,63766,12713,122061,1,1,2400
20-Jul-21,63791,11588,122109,1,0,5725
20-Jul-21,63817,11139,122154,1,0,4001
20-Jul-21,63820,10236,122160,1,0,1380
20-Jul-21,63868,1040,122241,36,36,3570.85
20-Jul-21,63879,7666,122250,1,0,5170
20-Jul-21,63908,7596,122313,4,4,3000
20-Jul-21,63927,2862,122352,7,0,4200
20-Jul-21,63962,1040,122415,3,0,3640
20-Jul-21,64091,3605,122628,1,0,3249
20-Jul-21,64186,11104,122808,1,0,11225
20-Jul-21,64198,1039,122832,10,10,2478
20-Jul-21,64210,1040,122856,1,0,3435
20-Jul-21,64238,11156,122910,1,1,5303
20-Jul-21,64336,2282,123072,1,1,4000
20-Jul-21,64430,7596,123219,1,0,1
20-Jul-21,64433,8438,123222,1,0,3511
20-Jul-21,64555,7528,123456,1,0,8097.5
20-Jul-21,64606,10235,123558,5,0,1324.5
20-Jul-21,64637,8210,123621,1,0,6694
20-Jul-21,64646,10236,123636,2,0,1302.25
20-Jul-21,64747,10975,123831,1,1,22008.5
20-Jul-21,64766,8325,123858,3,3,9576.27
20-Jul-21,64782,9912,123885,1,0,1988
20-Jul-21,64815,2282,123948,3,3,4000
20-Jul-21,64855,8438,124017,1,0,3393
20-Jul-21,64858,11143,124017,1,1,2810
20-Jul-21,64885,7867,124062,1,0,2014
20-Jul-21,64886,7867,124062,1,0,2184
20-Jul-21,64942,3615,124179,7,7,4353
20-Jul-21,64943,11731,124179,4,4,4947.59
20-Jul-21,64962,10236,124218,2,2,1257.6
20-Jul-21,64995,10235,124275,1,1,1369.9
20-Jul-21,65003,10235,124284,5,5,1324.5
20-Jul-21,65015,10235,124299,5,0,1324.5
20-Jul-21,65058,7271,124377,4,0,2371
20-Jul-21,65075,9925,124413,3,3,4783
20-Jul-21,65110,11118,124482,1,1,2722
20-Jul-21,65206,3635,124638,1,0,3937
20-Jul-21,65216,2366,124668,10,0,698.25
20-Jul-21,65238,10235,124722,1,0,1368.99
20-Jul-21,65245,10235,124734,2,0,1368.99
20-Jul-21,65261,1040,124776,1,0,3451.52
20-Jul-21,65301,10529,124857,1,0,7731
20-Jul-21,65347,2282,124965,10,0,4000
20-Jul-21,65376,11140,125022,1,0,4066
20-Jul-21,65377,11154,125022,1,0,10500
20-Jul-21,65419,7867,125103,1,1,2321
20-Jul-21,65465,3284,125190,2,0,3306
20-Jul-21,65486,8422,125232,1,0,6753
20-Jul-21,65588,9925,125448,4,4,3038
20-Jul-21,65596,11162,125460,1,0,2961
20-Jul-21,65603,9925,125475,2,0,3038
20-Jul-21,65670,11136,125580,1,1,2533
20-Jul-21,65671,8334,125583,1,0,2721
20-Jul-21,65729,1548,125688,1,0,10509
20-Jul-21,65788,9897,125805,1,0,2062
20-Jul-21,65804,12690,125838,1,0,2238.1
20-Jul-21,65846,12700,125892,1,1,7924
20-Jul-21,65849,3611,125901,1,0,2987
20-Jul-21,65869,12684,125931,1,1,2095.24
20-Jul-21,65884,8428,125958,5,5,1734
20-Jul-21,65905,7806,126006,1,0,3087
20-Jul-21,65906,8452,126009,1,0,6149
20-Jul-21,65936,8386,126075,1,0,7102
20-Jul-21,65945,8330,126093,1,0,1835
20-Jul-21,65964,3591,126144,5,0,7015
20-Jul-21,66017,8444,126270,1,0,5648
20-Jul-21,66034,7530,126297,2,0,2581
20-Jul-21,66040,3611,126312,2,0,2901
20-Jul-21,66042,8444,126318,1,0,6166
20-Jul-21,66054,7599,126339,2,0,2865
20-Jul-21,66148,9925,126516,5,0,3038
20-Jul-21,66191,11907,126606,2,2,3932.25
20-Jul-21,66206,7640,126636,1,1,12883.8
20-Jul-21,66214,9934,126651,1,1,4859
20-Jul-21,66223,1548,126663,1,0,10509
20-Jul-21,66241,10235,126681,3,0,1324.5
20-Jul-21,66316,11140,126831,3,0,7329
20-Jul-21,66322,9925,126840,17,0,3038
20-Jul-21,66331,12802,126855,1,0,2210.8
20-Jul-21,66358,1548,126915,1,0,10763
20-Jul-21,66365,11152,126933,1,0,6955
20-Jul-21,66377,8210,126954,3,3,14679
20-Jul-21,66418,2862,127041,4,4,4200
20-Jul-21,66456,8444,127110,4,0,6108
20-Jul-21,66465,3610,127131,1,0,12674
20-Jul-21,66510,3624,127206,1,0,4746
20-Jul-21,66527,9899,127236,5,0,1711
20-Jul-21,66597,11658,127404,3,0,1365
20-Jul-21,66601,8664,127413,1,1,2288.2
20-Jul-21,66614,8425,127431,3,3,3978.5
20-Jul-21,66677,12700,127554,1,1,7924
20-Jul-21,66711,10236,127611,1,0,1257.6
20-Jul-21,66716,10236,127620,1,0,1302.5
20-Jul-21,66729,1039,127629,2,2,2280
20-Jul-21,66815,11172,127758,1,0,2625
20-Jul-21,66825,10236,127779,1,0,1302.5
20-Jul-21,66861,11143,127824,1,1,2688
20-Jul-21,66878,11899,127860,1,1,12162.7
20-Jul-21,66887,9925,127884,1,0,3038
20-Jul-21,66891,11121,127896,2,0,2532
20-Jul-21,66955,10236,128040,1,0,1302.5
20-Jul-21,67123,11118,128373,1,1,2722
20-Jul-21,67177,8425,128487,1,1,3983.05
20-Jul-21,67290,12763,128712,5,5,3307.5
20-Jul-21,67303,10235,128733,5,0,1325
20-Jul-21,67305,3610,128739,1,0,12605
20-Jul-21,67308,3269,128742,1,0,9038
20-Jul-21,67324,1548,128772,2,0,5550.9
20-Jul-21,67333,11124,128790,1,0,567
20-Jul-21,67386,10975,128895,1,0,12275
20-Jul-21,67432,1043,128988,1,1,5320
20-Jul-21,67470,529,129063,1,0,1650
20-Jul-21,67480,1043,129075,1,0,10533
20-Jul-21,67492,7640,129099,1,1,13886
20-Jul-21,67511,8462,129126,1,0,3721
20-Jul-21,67512,11169,129126,1,1,5208
20-Jul-21,67676,10235,129468,5,5,1368.99
20-Jul-21,67707,10975,129528,1,1,21225
20-Jul-21,67764,8354,129633,2,0,15369
20-Jul-21,67839,3610,129765,3,0,12054
20-Jul-21,67847,1041,129783,1,1,4455
20-Jul-21,67858,3568,129807,1,0,6931
20-Jul-21,67892,11731,129885,1,0,5229.63
20-Jul-21,67930,8462,129972,1,0,7400
20-Jul-21,67931,9919,129975,5,0,3203
20-Jul-21,67967,9919,130047,2,0,3702
20-Jul-21,67970,10975,130056,1,0,22008.5
20-Jul-21,67982,8444,130080,2,0,7120
20-Jul-21,68041,7271,130182,1,0,2177
20-Jul-21,68047,1548,130197,1,1,10509
20-Jul-21,68064,8210,130224,1,0,6694
20-Jul-21,68074,8428,130251,5,0,1698
20-Jul-21,68084,11143,130275,1,1,2822
20-Jul-21,68095,11118,130290,1,0,2142
20-Jul-21,68113,11106,130323,1,0,3560
20-Jul-21,68122,9916,130341,1,0,2619
20-Jul-21,68132,2282,130362,2,2,4000
20-Jul-21,68187,8428,130467,25,25,1540
20-Jul-21,68189,9925,130470,1,1,3038
20-Jul-21,68221,8444,130527,1,0,3252
20-Jul-21,68225,11154,130536,1,0,9870
20-Jul-21,68227,11119,130542,1,0,11441
20-Jul-21,68254,8424,130599,1,0,8638
20-Jul-21,68262,9915,130614,3,0,2881
20-Jul-21,68312,8425,130737,1,1,4110
20-Jul-21,68375,11161,130854,1,0,6647
20-Jul-21,68393,11106,130881,2,0,3560
20-Jul-21,68426,10235,130935,10,10,1368.99
20-Jul-21,68435,12762,130944,3,3,798.02
20-Jul-21,68464,9912,130992,1,1,3977
20-Jul-21,68467,9919,130992,1,1,3666
20-Jul-21,68474,9921,131010,1,0,5846
20-Jul-21,68514,11133,131088,1,1,1691
20-Jul-21,68532,10224,131124,1,1,4132.2
20-Jul-21,68557,7640,131172,4,0,13886
20-Jul-21,68559,8219,131172,1,0,13488.3
20-Jul-21,68564,12697,131181,1,1,1761.9
20-Jul-21,68624,8444,131289,1,1,6166
20-Jul-21,68647,8210,131328,8,8,12674
20-Jul-21,68668,7705,131361,1,1,2367
20-Jul-21,68669,10531,131361,1,1,2203.5
20-Jul-21,68728,11146,131487,1,0,9923
20-Jul-21,68748,12699,131526,1,0,3170
20-Jul-21,68790,10236,131601,3,3,1257.76
20-Jul-21,68797,10235,131613,2,2,1325
20-Jul-21,68896,8428,131754,50,45,1734
20-Jul-21,68901,10236,131766,6,0,1302.25
20-Jul-21,68916,8428,131802,10,10,1540
20-Jul-21,68925,1041,131817,5,0,4725
20-Jul-21,68959,11140,131886,1,0,4066
20-Jul-21,68975,12713,131919,1,0,2400
20-Jul-21,68992,1039,131949,1,0,2236
20-Jul-21,68995,1039,131952,1,0,2236
20-Jul-21,69082,8210,132108,1,1,14679
20-Jul-21,69086,10204,132117,5,5,3490
20-Jul-21,69093,1041,132123,2,0,5004
20-Jul-21,69127,12713,132192,2,2,2400
20-Jul-21,69181,9925,132300,4,4,2435
20-Jul-21,69195,8760,132327,1,0,2335
20-Jul-21,69211,8443,132360,1,1,6800
20-Jul-21,69214,8458,132366,1,0,2530
20-Jul-21,69260,10235,132444,4,0,1398
20-Jul-21,69263,8219,132450,1,1,13488.3
20-Jul-21,69272,8436,132453,1,0,2301
20-Jul-21,69285,8428,132462,1,0,1540
20-Jul-21,69294,10235,132480,2,0,1369.9
20-Jul-21,69307,10236,132510,1,0,1302.5
20-Jul-21,69368,8443,132633,2,2,6800
20-Jul-21,69441,8444,132756,2,2,6207
20-Jul-21,69474,10235,132813,10,10,1420
20-Jul-21,69477,8219,132819,1,1,13597
20-Jul-21,69484,10975,132840,1,1,10529.7
20-Jul-21,69586,8358,133029,1,1,1760
20-Jul-21,69655,8210,133155,1,1,12788
20-Jul-21,69692,1041,133224,2,1,5429
20-Jul-21,69710,10235,133263,1,0,1420
20-Jul-21,69727,12453,133296,1,0,3305
20-Jul-21,69734,8411,133311,2,2,1450
20-Jul-21,69870,11138,133578,2,0,6142
20-Jul-21,69928,8384,133698,1,0,4658
20-Jul-21,69964,11143,133758,1,1,2478
20-Jul-21,70017,9925,133857,1,0,3038
20-Jul-21,70026,10204,133878,1,1,3711
20-Jul-21,70039,8444,133899,2,0,6980
20-Jul-21,70091,8386,133998,1,1,2879
20-Jul-21,70108,11899,134037,3,3,12210.5
20-Jul-21,70109,1038,134040,1,1,8030
20-Jul-21,70111,1038,134043,1,1,8030
20-Jul-21,70116,10236,134052,2,2,1360
20-Jul-21,70141,8444,134100,1,0,6166
20-Jul-21,70160,12652,134139,6,0,7203.4
20-Jul-21,70189,8365,134211,1,0,4649
20-Jul-21,70234,8219,134292,5,5,13597
20-Jul-21,70254,7704,134331,10,0,2959
20-Jul-21,70302,11120,134415,1,0,24024
20-Jul-21,70306,8210,134418,1,1,12443
20-Jul-21,70320,8365,134445,1,0,5053
20-Jul-21,70329,12799,134463,5,0,15184
20-Jul-21,70379,11141,134556,1,1,4578
20-Jul-21,70496,7271,134760,20,0,2216
20-Jul-21,70507,9915,134790,5,0,2881
20-Jul-21,70580,10235,134976,1,0,1420
20-Jul-21,70588,11107,134997,1,1,3166
20-Jul-21,70592,11141,135003,1,0,5242
20-Jul-21,70608,12697,135033,1,0,1630
20-Jul-21,70642,3615,135099,1,0,4181
20-Jul-21,70673,11731,135147,1,0,4947.59
20-Jul-21,70681,8424,135165,1,0,8296
20-Jul-21,70694,7607,135189,1,0,7016.95
20-Jul-21,70709,10204,135225,1,0,3242
20-Jul-21,70713,7818,135231,3,0,4946
20-Jul-21,70715,11108,135234,1,0,4045
20-Jul-21,70728,3610,135252,1,0,7817
20-Jul-21,70737,12917,135270,1,1,40169.5
20-Jul-21,70741,10245,135276,1,0,5210.5
20-Jul-21,70756,7560,135312,1,0,28461.7
20-Jul-21,70785,10235,135366,2,2,1369.9
20-Jul-21,70815,8482,135420,1,1,9993
20-Jul-21,70863,10204,135504,3,3,3066
20-Jul-21,71003,10226,135771,1,0,3772.9
20-Jul-21,71039,3620,135855,1,1,4947
20-Jul-21,71063,12692,135897,1,0,3452.38
20-Jul-21,71098,10224,135963,1,0,4461.15
20-Jul-21,71100,11156,135963,1,0,3885
20-Jul-21,71133,8425,136014,4,0,4110
20-Jul-21,71152,3610,136044,1,1,11939
20-Jul-21,71192,7809,136110,2,2,3948
20-Jul-21,71203,7772,136131,2,0,3649
20-Jul-21,71222,3610,136173,1,0,11939
20-Jul-21,71236,8459,136206,1,0,2600
20-Jul-21,71264,3284,136236,3,0,3690
20-Jul-21,71295,8422,136293,1,0,6435
20-Jul-21,71384,11118,136467,2,2,2478
20-Jul-21,71391,8422,136482,4,0,3260
20-Jul-21,71477,11118,136653,1,0,2722
20-Jul-21,71498,8131,136695,1,0,8694
20-Jul-21,71540,7583,136764,1,1,15932
20-Jul-21,71639,11960,136965,5,0,3393.22
20-Jul-21,71694,11140,137079,1,0,2445
20-Jul-21,71708,1548,137106,4,4,10763
20-Jul-21,71753,3284,137202,1,0,3690
20-Jul-21,71758,11899,137211,1,1,12373
20-Jul-21,71766,8751,137223,1,1,2216
20-Jul-21,71804,12433,137286,1,0,3074
20-Jul-21,71858,3610,137394,1,1,11939
20-Jul-21,71877,7640,137427,2,2,14695
20-Jul-21,71890,9916,137454,2,2,2619
20-Jul-21,71892,10248,137460,2,0,4830.5
20-Jul-21,71893,10248,137460,1,0,5342.03
20-Jul-21,71907,8219,137487,7,7,13288.2
20-Jul-21,71967,1038,137610,1,1,6985
20-Jul-21,72011,3648,137688,1,0,11169
20-Jul-21,72030,11160,137718,1,0,6275
20-Jul-21,72056,11186,137781,2,2,3499
20-Jul-21,72109,8331,137883,1,0,3214
20-Jul-21,72125,8221,137907,1,0,2789
20-Jul-21,72185,11146,138000,8,8,9809
20-Jul-21,72216,9925,138066,8,0,3038
20-Jul-21,72217,1040,138069,5,5,3483
20-Jul-21,72225,11107,138081,2,2,3166
20-Jul-21,72249,3610,138126,1,0,12605
20-Jul-21,72257,11140,138144,1,1,4137
20-Jul-21,72259,8444,138150,3,0,3252
20-Jul-21,72281,8444,138204,4,0,3252
20-Jul-21,72338,1040,138315,20,0,3483
20-Jul-21,72340,11117,138321,1,0,3119
20-Jul-21,72347,8425,138333,1,0,4110
20-Jul-21,72383,8444,138411,1,0,6166
20-Jul-21,72429,9915,138504,1,0,2881
20-Jul-21,72434,8337,138519,1,0,1569
20-Jul-21,146981,10975,296832,1,0,19344
20-Jul-21,147073,12415,297006,1,0,19700
20-Jul-21,147085,10235,297039,2,0,1446
20-Jul-21,147168,7596,297198,1,0,4596
20-Jul-21,147178,8444,297222,1,0,6007
20-Jul-21,147203,3605,297282,1,1,3762
20-Jul-21,147204,8622,297285,1,0,27752
20-Jul-21,147243,8428,297366,1,0,1618
20-Jul-21,147265,13752,297420,1,0,10038
20-Jul-21,147276,10235,297429,2,2,1399
20-Jul-21,147286,8428,297444,1,1,1689
20-Jul-21,147322,12652,297516,10,10,7956
20-Jul-21,147327,11138,297531,1,0,68475
20-Jul-21,147341,7607,297564,2,2,12214
21-Jul-21,62632,8457,119904,1,0,15538
21-Jul-21,62637,1041,119910,1,0,4927
21-Jul-21,62697,3284,120033,1,0,2892
21-Jul-21,62702,8425,120048,1,1,3522.2
21-Jul-21,62715,10975,120075,2,2,19029
21-Jul-21,62804,8425,120288,1,1,4007
21-Jul-21,62831,8425,120345,1,0,3468
21-Jul-21,62843,12749,120375,5,3,4027.25
21-Jul-21,62868,11146,120426,1,1,3833
21-Jul-21,62872,8422,120429,1,0,6753
21-Jul-21,62875,8424,120429,1,0,7791
21-Jul-21,62888,12407,120444,1,1,11271
21-Jul-21,62899,3279,120468,2,0,5264
21-Jul-21,62958,11136,120570,2,0,2546
21-Jul-21,62979,8425,120624,18,0,3522.2
21-Jul-21,63012,3234,120702,4,4,1337.5
21-Jul-21,63036,1548,120750,1,0,10509
21-Jul-21,63148,11146,120957,1,1,4367
21-Jul-21,63166,8425,120990,2,2,3522.2
21-Jul-21,63179,8428,120999,2,0,1635
21-Jul-21,63243,10975,121104,1,0,11796.6
21-Jul-21,63245,1040,121110,1,1,3570.85
21-Jul-21,63270,11899,121161,3,3,11410
21-Jul-21,63353,8425,121329,1,0,3468
21-Jul-21,63360,8425,121350,1,0,3374
21-Jul-21,63409,8438,121458,1,0,3629
21-Jul-21,63424,9796,121473,5,0,2656.8
21-Jul-21,63438,8221,121509,50,0,2726.15
21-Jul-21,63462,8763,121548,1,0,20350
21-Jul-21,63476,11899,121578,2,2,11410
21-Jul-21,63524,7528,121614,1,0,8097.5
21-Jul-21,63576,8438,121677,2,0,3393
21-Jul-21,63592,8425,121701,1,0,3468
21-Jul-21,63625,9792,121767,1,0,1485
21-Jul-21,63687,9796,121887,3,0,2656.8
21-Jul-21,63688,9925,121890,10,10,4783
21-Jul-21,63745,1043,122025,1,0,5319.99
21-Jul-21,63758,10236,122046,5,0,1257.76
21-Jul-21,63769,12480,122070,1,0,22080
21-Jul-21,63770,9925,122073,1,0,3038
21-Jul-21,63778,11146,122091,1,0,4168
21-Jul-21,63801,12678,122130,2,0,1761.9
21-Jul-21,63833,10235,122178,5,5,1324.5
21-Jul-21,63838,11178,122187,1,0,8547
21-Jul-21,63926,11899,122349,1,1,11410
21-Jul-21,63972,8420,122430,1,0,6221
21-Jul-21,64037,10235,122547,1,1,1350
21-Jul-21,64038,10235,122547,1,1,1325
21-Jul-21,64042,8428,122553,1,0,789
21-Jul-21,64099,10235,122649,1,0,1368.99
21-Jul-21,64109,1038,122673,1,0,7121
21-Jul-21,64145,7640,122721,2,2,12883.8
21-Jul-21,64152,8210,122733,1,1,12621
21-Jul-21,64172,9925,122772,10,0,3038
21-Jul-21,64250,8439,122928,3,0,935
21-Jul-21,64267,11118,122949,1,0,2478
21-Jul-21,64287,2862,122985,1,1,4200
21-Jul-21,64325,8420,123054,1,0,5824
21-Jul-21,64348,10235,123087,10,10,1350
21-Jul-21,64492,8425,123333,1,0,3561
21-Jul-21,64497,8449,123342,1,0,6414
21-Jul-21,64524,9916,123384,1,0,2619
21-Jul-21,64563,9925,123474,3,3,3038
21-Jul-21,64571,10235,123489,11,0,1324.5
21-Jul-21,64584,8425,123516,2,2,3522.2
21-Jul-21,64661,1040,123663,1,0,3397.51
21-Jul-21,64679,8425,123696,3,0,3561
21-Jul-21,64729,12490,123780,2,0,162500
21-Jul-21,64788,8312,123891,2,0,3569
21-Jul-21,64822,11146,123960,1,0,3669
21-Jul-21,64842,7921,123993,1,0,1056.8
21-Jul-21,64871,9916,124041,4,0,2619
21-Jul-21,64893,9925,124074,5,0,3038
21-Jul-21,64926,1043,124134,1,0,5895
21-Jul-21,64940,10235,124173,1,0,1325
21-Jul-21,64955,9915,124209,4,0,2881
21-Jul-21,64960,10235,124218,4,0,1325
21-Jul-21,65011,8219,124293,2,2,13488.3
21-Jul-21,65028,8428,124329,10,0,1540
21-Jul-21,65035,8444,124341,1,0,5946
21-Jul-21,65054,8422,124371,1,0,5725
21-Jul-21,65087,11907,124437,1,1,3932.25
21-Jul-21,65118,10975,124494,7,0,12779.7
21-Jul-21,65121,8470,124497,5,0,1974
21-Jul-21,65128,1038,124512,5,5,7246.87
21-Jul-21,65199,8219,124626,5,0,13597
21-Jul-21,65236,8444,124716,1,1,5946
21-Jul-21,65240,10235,124725,1,0,1368.99
21-Jul-21,65270,10235,124794,3,3,1324.5
21-Jul-21,65310,11123,124878,1,0,3352
21-Jul-21,65394,12700,125052,5,5,7924
21-Jul-21,65438,12749,125139,4,4,4025.42
21-Jul-21,65463,10235,125187,5,0,1369.9
21-Jul-21,65470,9916,125199,1,0,2797
21-Jul-21,65478,10975,125217,1,1,12127
21-Jul-21,65533,8444,125337,1,0,5648
21-Jul-21,65556,9885,125376,1,0,7342
21-Jul-21,65573,9895,125409,1,0,1393
21-Jul-21,65592,10975,125457,1,0,14372
21-Jul-21,65601,12682,125472,5,5,2904.76
21-Jul-21,65646,10975,125541,1,0,11254.5
21-Jul-21,65650,10224,125550,1,1,4311.9
21-Jul-21,65652,10235,125550,2,2,1369.9
21-Jul-21,65658,9916,125559,1,0,2797
21-Jul-21,65661,9916,125562,1,1,2619
21-Jul-21,65664,9925,125568,3,3,3038
21-Jul-21,65716,11156,125655,1,0,4474
21-Jul-21,65719,8219,125664,1,0,13488.3
21-Jul-21,65765,10975,125754,2,2,11254.5
21-Jul-21,65835,11107,125871,1,1,4804
21-Jul-21,65867,8336,125931,1,1,2749
21-Jul-21,65876,12700,125946,3,3,7924
21-Jul-21,65903,3611,126000,1,0,2901
21-Jul-21,65929,10235,126060,2,0,1369.9
21-Jul-21,66014,7692,126261,1,0,383.25
21-Jul-21,66048,10235,126330,2,0,1369.9
21-Jul-21,66083,8447,126387,2,0,2487
21-Jul-21,66118,10235,126462,6,6,1368.99
21-Jul-21,66219,11140,126657,1,0,2474
21-Jul-21,66263,12800,126732,1,0,12849.8
21-Jul-21,66361,7813,126924,1,1,8475
21-Jul-21,66379,9925,126957,17,17,3038
21-Jul-21,66430,10235,127065,4,4,1368.99
21-Jul-21,66432,7785,127068,1,1,2730
21-Jul-21,66469,11140,127140,1,0,4066
21-Jul-21,66482,7867,127164,1,0,3371
21-Jul-21,66504,7666,127197,1,0,10678
21-Jul-21,66517,11899,127215,1,0,12396.5
21-Jul-21,66549,8432,127290,1,0,4244
21-Jul-21,66574,11155,127356,1,0,12758
21-Jul-21,66598,12678,127407,10,10,1761.9
21-Jul-21,66611,3615,127428,1,1,4339
21-Jul-21,66616,9915,127434,3,3,2881
21-Jul-21,66647,10235,127491,2,2,1325
21-Jul-21,66688,9925,127578,15,15,3038
21-Jul-21,66696,11143,127593,1,0,2478
21-Jul-21,66728,7827,127626,1,0,6575.59
21-Jul-21,66735,11143,127638,1,1,2699
21-Jul-21,66746,8210,127653,1,0,12788
21-Jul-21,66802,9916,127752,2,0,2182
21-Jul-21,66821,3266,127773,1,0,18993
21-Jul-21,66860,11143,127824,1,1,2478
21-Jul-21,66900,11147,127899,2,0,1471
21-Jul-21,66933,8662,127983,1,0,2680
21-Jul-21,67100,2282,128325,1,1,4000
21-Jul-21,67114,12843,128352,1,0,12033.9
21-Jul-21,67125,11123,128376,2,0,5757
21-Jul-21,67130,1040,128385,1,1,3549
21-Jul-21,67163,11583,128451,1,0,2961
21-Jul-21,67191,9912,128514,1,0,3977
21-Jul-21,67198,9923,128532,1,0,4687
21-Jul-21,67232,11141,128601,1,0,8316
21-Jul-21,67261,9895,128658,2,2,1295
21-Jul-21,67282,11186,128694,1,1,3499
21-Jul-21,67328,8219,128778,3,0,13488.3
21-Jul-21,67346,11118,128811,1,1,2478
21-Jul-21,67352,10235,128823,3,3,1369.9
21-Jul-21,67354,8354,128826,1,0,7765
21-Jul-21,67355,9925,128829,2,2,3038
21-Jul-21,67358,8210,128835,1,1,13007
21-Jul-21,67420,8335,128967,3,0,2597
21-Jul-21,67433,1043,128988,1,1,10533
21-Jul-21,67443,10235,129003,10,0,1325
21-Jul-21,67451,1548,129015,1,1,10509
21-Jul-21,67494,12697,129105,4,4,833.333
21-Jul-21,67539,3568,129180,1,0,6472
21-Jul-21,67540,3648,129180,1,0,10619
21-Jul-21,67550,1043,129210,1,0,5423
21-Jul-21,67598,3613,129294,1,0,11025
21-Jul-21,67665,1041,129450,1,0,4725
21-Jul-21,67683,1043,129477,1,1,5423
21-Jul-21,67799,3615,129687,2,2,4155
21-Jul-21,67832,1805,129744,2,2,18733
21-Jul-21,67856,8335,129804,1,0,2597
21-Jul-21,67879,3568,129861,1,0,6655
21-Jul-21,67884,11155,129870,1,0,12758
21-Jul-21,67922,9899,129960,2,0,1711
21-Jul-21,67934,10553,129978,1,0,4671.61
21-Jul-21,67966,10227,130044,8,8,1369.9
21-Jul-21,67976,8482,130068,1,1,5244
21-Jul-21,68007,10975,130110,1,1,11796.6
21-Jul-21,68010,9919,130116,1,0,3702
21-Jul-21,68019,8444,130131,1,0,3252
21-Jul-21,68040,11137,130179,5,0,3686
21-Jul-21,68131,10975,130359,1,0,22008.5
21-Jul-21,68138,11907,130377,1,1,4204
21-Jul-21,68145,11106,130395,1,0,4120
21-Jul-21,68149,1548,130398,1,1,5550.9
21-Jul-21,68157,9925,130410,2,2,3038
21-Jul-21,68173,11907,130437,1,0,4204
21-Jul-21,68195,11147,130479,2,0,1444
21-Jul-21,68288,11124,130677,1,0,790
21-Jul-21,68408,11152,130905,1,1,6955
21-Jul-21,68409,11152,130905,1,1,6038
21-Jul-21,68412,7271,130908,1,1,2177
21-Jul-21,68413,10975,130908,1,1,22008.5
21-Jul-21,68454,8755,130977,5,0,2877
21-Jul-21,68492,8457,131049,1,0,17000
21-Jul-21,68502,10224,131070,1,0,4132.2
21-Jul-21,68537,9931,131136,1,0,16236
21-Jul-21,68548,1548,131154,30,0,5127.12
21-Jul-21,68550,1548,131157,30,0,5127.12
21-Jul-21,68568,3613,131193,1,0,11183
21-Jul-21,68583,11161,131208,1,0,6594
21-Jul-21,68600,11172,131238,1,0,2373
21-Jul-21,68758,2862,131547,1,0,4200
21-Jul-21,68807,9174,131634,1,1,5297
21-Jul-21,68830,10235,131649,1,1,1368.99
21-Jul-21,68889,8219,131742,6,6,13288.2
21-Jul-21,68897,12749,131757,3,3,4052
21-Jul-21,68950,11189,131862,1,1,5084
21-Jul-21,68963,7640,131892,1,1,13886
21-Jul-21,69015,11899,131979,2,0,12396.5
21-Jul-21,69027,1548,132003,1,0,5127.12
21-Jul-21,69046,7785,132039,1,0,2730
21-Jul-21,69115,3615,132168,1,0,4067
21-Jul-21,69167,12420,132279,2,0,1776.64
21-Jul-21,69208,8751,132354,4,4,2216
21-Jul-21,69248,7271,132426,3,3,2177
21-Jul-21,69270,12652,132450,10,10,7203.4
21-Jul-21,69287,10235,132465,1,1,1369.9
21-Jul-21,69313,11159,132525,1,0,6552
21-Jul-21,69367,3305,132630,1,0,6247
21-Jul-21,69475,11899,132813,1,1,12396.5
21-Jul-21,69531,10225,132927,1,0,4177.1
21-Jul-21,69614,12699,133074,3,3,3170
21-Jul-21,69615,9916,133074,1,1,2619
21-Jul-21,69690,11118,133218,1,1,2478
21-Jul-21,69709,3610,133260,1,1,11939
21-Jul-21,69715,11140,133272,2,0,4460
21-Jul-21,69753,8425,133335,1,0,4110
21-Jul-21,69809,3610,133458,2,0,7817
21-Jul-21,69831,2358,133503,1,1,1200
21-Jul-21,69833,9174,133503,1,1,5526
21-Jul-21,69843,8210,133515,5,5,12674
21-Jul-21,69926,8428,133695,1,1,1595.2
21-Jul-21,70069,11899,133959,2,2,12210.5
21-Jul-21,70076,11143,133968,1,1,2810
21-Jul-21,70112,8444,134043,14,14,3252
21-Jul-21,70180,9174,134187,1,0,5297
21-Jul-21,70226,1805,134283,1,0,10724
21-Jul-21,70249,8210,134322,2,2,12674
21-Jul-21,70304,3610,134418,1,1,7817
21-Jul-21,70326,10235,134457,3,0,1325
21-Jul-21,70338,1041,134478,2,0,4423
21-Jul-21,70349,10204,134496,1,1,3500
21-Jul-21,70390,8420,134574,1,0,5860
21-Jul-21,70423,11953,134625,15,0,3800.34
21-Jul-21,70449,1038,134667,3,3,6724
21-Jul-21,70468,1041,134712,4,3,4240
21-Jul-21,70492,1043,134751,3,3,10475
21-Jul-21,70505,11899,134784,1,0,12373
21-Jul-21,70512,11899,134805,1,0,12373
21-Jul-21,70575,12888,134967,4,4,2273.08
21-Jul-21,70625,9910,135066,1,0,1760
21-Jul-21,70688,8219,135177,5,5,13288.2
21-Jul-21,70689,8444,135177,5,0,6108
21-Jul-21,70696,12701,135195,1,1,7253.9
21-Jul-21,70735,12917,135270,2,2,38644.1
21-Jul-21,70746,11169,135285,1,1,2772
21-Jul-21,70780,10236,135360,1,1,1257.6
21-Jul-21,70783,11189,135363,1,1,5145
21-Jul-21,70819,11118,135426,1,0,2478
21-Jul-21,70826,11110,135441,1,1,2415
21-Jul-21,70855,12803,135492,1,1,6609.9
21-Jul-21,70860,11118,135498,2,0,2478
21-Jul-21,70865,11118,135507,2,0,2722
21-Jul-21,70889,11107,135552,1,0,3213
21-Jul-21,70945,3610,135660,1,0,7817
21-Jul-21,70990,10226,135747,1,0,3772.9
21-Jul-21,71015,10224,135792,1,1,4132.2
21-Jul-21,71075,10235,135921,4,4,1398
21-Jul-21,71162,1548,136062,10,10,10509
21-Jul-21,71240,10529,136206,1,0,7207
21-Jul-21,71241,11143,136206,1,0,4578
21-Jul-21,71294,3613,136290,1,1,10143
21-Jul-21,71303,11143,136302,1,0,2478
21-Jul-21,71344,11658,136395,1,0,1365
21-Jul-21,71358,10532,136422,1,0,10340
21-Jul-21,71369,7640,136446,2,0,13886
21-Jul-21,71394,8422,136491,4,0,3260
21-Jul-21,71416,8461,136533,1,1,2570
21-Jul-21,71473,9930,136641,1,0,7314
21-Jul-21,71481,8358,136659,1,0,1738.2
21-Jul-21,71535,11120,136758,1,1,12012
21-Jul-21,71549,12701,136776,1,0,7253.9
21-Jul-21,71558,9899,136791,8,8,1711
21-Jul-21,71582,10236,136857,1,1,1302.5
21-Jul-21,71592,3592,136881,1,1,9209
21-Jul-21,71598,11143,136890,1,1,2478
21-Jul-21,71616,11982,136926,3,3,2100
21-Jul-21,71667,8131,137019,1,1,8537
21-Jul-21,71689,8219,137067,2,1,13597
21-Jul-21,71691,8428,137070,8,8,1586.3
21-Jul-21,71721,1041,137133,1,1,4423
21-Jul-21,71726,12701,137145,1,1,7253.9
21-Jul-21,71749,10248,137196,1,1,4830.5
21-Jul-21,71763,7271,137223,1,0,2239
21-Jul-21,71940,9174,137547,1,1,5297
21-Jul-21,71990,8444,137652,2,2,3252
21-Jul-21,72000,1038,137667,20,0,6854
21-Jul-21,72022,11151,137694,1,0,19919
21-Jul-21,72050,11146,137763,1,0,4173
21-Jul-21,72057,11124,137784,1,0,814
21-Jul-21,72083,8420,137835,1,1,5860
21-Jul-21,72145,10209,137943,2,2,2773
21-Jul-21,72147,11146,137946,1,0,3667
21-Jul-21,72149,8420,137949,5,5,3129.7
21-Jul-21,72182,1041,137991,1,1,4455
21-Jul-21,72209,11953,138048,1,0,3950
21-Jul-21,72229,11118,138087,1,1,2478
21-Jul-21,72243,11136,138114,5,5,2481
21-Jul-21,72264,11953,138159,1,1,3950
21-Jul-21,72276,8444,138192,1,1,6166
21-Jul-21,72331,11140,138294,1,1,2474
21-Jul-21,146956,7586,296787,1,0,6557
21-Jul-21,147011,13764,296886,1,0,7746
21-Jul-21,147036,9901,296928,1,0,3651
21-Jul-21,147125,13524,297111,19,0,4362
21-Jul-21,147136,8210,297135,3,0,13607
21-Jul-21,147207,12701,297294,1,0,9397
21-Jul-21,147211,9895,297306,1,0,1128.5
21-Jul-21,147282,8221,297441,1,1,6182
21-Jul-21,147295,3610,297465,22,22,12704
21-Jul-21,147342,8428,297567,10,0,1618
22-Jul-21,62619,1548,119895,2,0,10763
22-Jul-21,62641,7781,119919,1,1,3657
22-Jul-21,62656,11107,119952,2,2,3112.09
22-Jul-21,62690,8444,120015,1,0,3166.8
22-Jul-21,62738,11907,120138,3,0,3932.25
22-Jul-21,62748,8219,120156,10,10,13597
22-Jul-21,62800,9796,120276,5,0,2656.8
22-Jul-21,62809,12676,120300,8,0,21315
22-Jul-21,62813,3615,120312,1,0,3929.27
22-Jul-21,62819,10207,120324,1,0,4612
22-Jul-21,62925,2853,120510,1,0,605
22-Jul-21,62970,8219,120597,3,0,13288.2
22-Jul-21,63004,11111,120681,1,0,27710
22-Jul-21,63005,11169,120681,1,0,2741
22-Jul-21,63019,10235,120708,1,0,1350
22-Jul-21,63057,8425,120768,2,0,4007
22-Jul-21,63061,8325,120771,2,1,15349.6
22-Jul-21,63067,8335,120789,1,0,2597
22-Jul-21,63083,3269,120825,1,0,9010
22-Jul-21,63102,8482,120870,1,0,5218
22-Jul-21,63152,12702,120963,5,0,2200.85
22-Jul-21,63199,12652,121032,2,2,7203.4
22-Jul-21,63209,12423,121044,1,0,1979.33
22-Jul-21,63222,12407,121077,1,0,11271
22-Jul-21,63272,10975,121167,1,1,21225
22-Jul-21,63303,10975,121230,1,0,21225
22-Jul-21,63381,8440,121395,1,0,7521
22-Jul-21,63410,8440,121458,1,0,6957
22-Jul-21,63427,8444,121482,1,0,6156
22-Jul-21,63434,8428,121500,25,25,1540
22-Jul-21,63445,10235,121521,5,5,1325
22-Jul-21,63485,11133,121587,3,0,1691
22-Jul-21,63508,8435,121596,1,0,11971
22-Jul-21,63512,11162,121599,1,0,2961
22-Jul-21,63532,11124,121617,2,0,730
22-Jul-21,63541,11106,121623,2,2,4120
22-Jul-21,63620,7717,121755,1,0,4994
22-Jul-21,63728,8411,121983,2,0,1417
22-Jul-21,63795,12487,122112,5,0,3526
22-Jul-21,63798,7921,122121,4,0,1056.8
22-Jul-21,63818,11187,122154,1,0,5229
22-Jul-21,63829,11143,122169,1,0,2810
22-Jul-21,63848,1041,122214,1,0,5429
22-Jul-21,63993,3648,122469,1,0,10618.9
22-Jul-21,64063,3615,122583,3,2,4353
22-Jul-21,64106,3279,122664,3,3,5461
22-Jul-21,64218,1040,122874,1,0,3435
22-Jul-21,64224,7890,122883,1,0,2353
22-Jul-21,64298,11125,123006,2,0,1891
22-Jul-21,64312,10224,123033,1,0,4461.15
22-Jul-21,64408,8751,123195,4,0,3161
22-Jul-21,64434,11147,123222,2,0,1470
22-Jul-21,64479,8425,123312,5,0,3374
22-Jul-21,64498,8425,123342,1,0,3561
22-Jul-21,64502,8420,123348,1,0,5824
22-Jul-21,64508,9916,123360,1,0,2797
22-Jul-21,64554,9174,123453,1,0,5526
22-Jul-21,64574,8428,123495,1,0,1587
22-Jul-21,64575,8438,123495,2,2,3393
22-Jul-21,64622,11143,123588,1,0,2699
22-Jul-21,64642,10235,123627,2,2,1324.5
22-Jul-21,64659,3269,123660,1,0,9725
22-Jul-21,64688,11152,123711,1,1,3681
22-Jul-21,64697,12679,123729,2,2,2380.95
22-Jul-21,64698,12682,123729,2,2,2904.76
22-Jul-21,64760,2282,123849,1,0,4000
22-Jul-21,64767,8325,123858,2,1,10635.6
22-Jul-21,64806,8440,123930,1,0,7259
22-Jul-21,64813,8437,123942,1,0,2152
22-Jul-21,64824,3606,123966,5,5,5054
22-Jul-21,64859,11143,124017,1,1,2478
22-Jul-21,64874,8425,124047,2,0,3374
22-Jul-21,64890,7867,124068,1,0,2184
22-Jul-21,64892,7867,124071,1,1,2184
22-Jul-21,64898,7530,124083,1,1,2733
22-Jul-21,64914,11118,124107,1,1,2722
22-Jul-21,64921,11189,124122,2,0,5145
22-Jul-21,64927,12680,124137,6,6,2000
22-Jul-21,64956,8365,124212,1,0,4932.6
22-Jul-21,64966,10235,124224,1,0,1325
22-Jul-21,64970,10235,124230,6,0,1324.5
22-Jul-21,64998,1041,124278,1,0,4455
22-Jul-21,65022,11108,124314,1,0,3549
22-Jul-21,65030,10975,124332,112,0,11254.5
22-Jul-21,65031,10975,124332,66,0,11796.6
22-Jul-21,65136,7530,124533,1,0,2850
22-Jul-21,65175,8361,124602,1,0,4951
22-Jul-21,65207,2105,124641,5,0,88.8
22-Jul-21,65228,11731,124698,1,0,5229.63
22-Jul-21,65253,8425,124755,5,5,3550
22-Jul-21,65275,7640,124803,1,1,12883.8
22-Jul-21,65280,1805,124818,5,5,18732.9
22-Jul-21,65287,8664,124833,2,0,2288.2
22-Jul-21,65295,11189,124842,1,0,5145
22-Jul-21,65353,8751,124977,2,0,4116
22-Jul-21,65387,1805,125043,2,2,18732.9
22-Jul-21,65392,9919,125049,2,0,3666
22-Jul-21,65441,8422,125145,2,0,5163
22-Jul-21,65447,3284,125157,1,0,3306
22-Jul-21,65480,3635,125220,1,0,3937
22-Jul-21,65484,1043,125226,1,0,10533
22-Jul-21,65530,9925,125328,17,0,3038
22-Jul-21,65560,8444,125382,1,0,6683
22-Jul-21,65581,7890,125430,2,0,2321
22-Jul-21,65707,1041,125640,1,0,4455
22-Jul-21,65742,11118,125706,1,0,2478
22-Jul-21,65755,10235,125736,5,5,1324.5
22-Jul-21,65802,11119,125832,1,1,11441
22-Jul-21,65836,10975,125874,1,0,11254.5
22-Jul-21,65921,8444,126039,1,0,6034
22-Jul-21,65924,1041,126048,2,0,4240
22-Jul-21,65925,1041,126051,1,0,4423
22-Jul-21,65937,8386,126075,1,0,6792
22-Jul-21,65961,8684,126135,1,0,2578
22-Jul-21,65975,8422,126174,2,0,5675
22-Jul-21,65980,3592,126189,2,0,9636
22-Jul-21,66020,3621,126273,1,0,2070
22-Jul-21,66126,11143,126474,1,0,2845
22-Jul-21,66143,11658,126504,1,1,1365
22-Jul-21,66157,12700,126537,1,1,7924
22-Jul-21,66216,12652,126654,1,0,7203.4
22-Jul-21,66222,11658,126660,1,0,1365
22-Jul-21,66261,10204,126729,1,0,3066
22-Jul-21,66369,11107,126939,1,0,3213
22-Jul-21,66481,1041,127161,1,0,4240
22-Jul-21,66492,8219,127185,74,74,13288.2
22-Jul-21,66524,8420,127227,2,0,5580
22-Jul-21,66541,11106,127269,1,0,3560
22-Jul-21,66547,10248,127284,1,0,4830.5
22-Jul-21,66565,7545,127335,1,0,7284
22-Jul-21,66569,9925,127347,1,0,3038
22-Jul-21,66608,8425,127419,1,0,4592.7
22-Jul-21,66629,8444,127464,1,0,6034
22-Jul-21,66675,8425,127551,5,5,3978.5
22-Jul-21,66699,7640,127599,1,0,12883.8
22-Jul-21,66713,1041,127617,1,0,4240
22-Jul-21,66779,8428,127716,5,0,1982
22-Jul-21,66818,7550,127764,1,0,2450
22-Jul-21,66864,7271,127830,3,0,2177
22-Jul-21,66892,1043,127899,1,1,5320
22-Jul-21,66902,2282,127902,1,0,4000
22-Jul-21,66924,11124,127959,1,0,730
22-Jul-21,66962,8662,128052,1,1,2680
22-Jul-21,66974,1038,128067,1,1,6988
22-Jul-21,67022,8413,128175,2,1,2037
22-Jul-21,67065,8221,128259,10,0,2789
22-Jul-21,67071,11907,128271,1,1,3932.25
22-Jul-21,67081,9920,128295,1,0,2894
22-Jul-21,67132,8464,128388,1,0,28423
22-Jul-21,67155,1040,128430,1,0,3634
22-Jul-21,67223,11169,128589,1,0,5145
22-Jul-21,67235,8221,128610,1,0,2741.53
22-Jul-21,67329,1548,128781,1,0,5550.9
22-Jul-21,67337,1548,128793,7,7,5127.12
22-Jul-21,67369,1040,128853,2,2,3688
22-Jul-21,67385,1548,128892,1,0,10509
22-Jul-21,67446,3610,129006,1,1,7817
22-Jul-21,67471,7754,129063,1,0,1325
22-Jul-21,67488,7666,129090,1,0,10933
22-Jul-21,67577,11152,129255,1,0,6955
22-Jul-21,67591,10236,129282,6,0,1302.25
22-Jul-21,67601,3610,129303,1,1,11939
22-Jul-21,67603,11162,129309,1,0,3612
22-Jul-21,67632,1041,129375,1,0,4693
22-Jul-21,67640,9883,129393,1,0,13765
22-Jul-21,67645,9915,129405,2,2,2447
22-Jul-21,67850,9938,129786,1,0,2757
22-Jul-21,67861,8443,129813,1,0,6800
22-Jul-21,67885,8443,129873,1,1,6700
22-Jul-21,67903,10224,129915,2,0,4311.9
22-Jul-21,67925,11731,129966,1,0,5229.63
22-Jul-21,67958,8425,130029,2,2,4110
22-Jul-21,68055,9919,130215,1,0,3203
22-Jul-21,68168,11105,130422,3,0,7640
22-Jul-21,68226,11899,130539,1,0,13056.6
22-Jul-21,68247,8210,130581,20,0,13007
22-Jul-21,68280,11186,130656,2,0,3499
22-Jul-21,68297,1041,130698,1,0,4423
22-Jul-21,68392,11106,130881,2,0,4120
22-Jul-21,68406,11133,130902,1,1,1709
22-Jul-21,68411,11138,130905,6,0,6142
22-Jul-21,68433,10235,130944,3,3,1369.9
22-Jul-21,68516,9916,131088,1,1,2619
22-Jul-21,68544,2862,131148,2,0,4200
22-Jul-21,68700,8444,131427,1,0,6207
22-Jul-21,68702,11106,131430,1,0,3560
22-Jul-21,68716,11907,131454,1,0,3932.25
22-Jul-21,68816,1038,131646,1,0,6855
22-Jul-21,68829,8444,131646,1,0,3350
22-Jul-21,68842,1043,131661,1,1,10533
22-Jul-21,68853,11265,131664,1,0,13334
22-Jul-21,68880,10975,131715,1,1,12949.2
22-Jul-21,68970,1548,131907,1,1,10763
22-Jul-21,68982,3611,131934,1,0,3149
22-Jul-21,69001,1548,131958,1,1,10763
22-Jul-21,69038,3610,132024,1,1,12605
22-Jul-21,69151,11187,132249,1,0,5229
22-Jul-21,69164,11124,132276,4,4,766
22-Jul-21,69172,10235,132288,1,1,1368.99
22-Jul-21,69175,11155,132291,1,0,14629
22-Jul-21,69224,11146,132384,2,0,3669
22-Jul-21,69226,11143,132387,1,0,2688
22-Jul-21,69229,10520,132390,1,1,3571.32
22-Jul-21,69277,11172,132453,2,0,2058
22-Jul-21,69292,10236,132474,8,0,1257.6
22-Jul-21,69331,10204,132546,5,5,3490
22-Jul-21,69354,8444,132591,2,0,3350
22-Jul-21,69386,8219,132666,1,1,13288.2
22-Jul-21,69435,12749,132750,1,1,4186.44
22-Jul-21,69444,8386,132762,1,0,2641
22-Jul-21,69456,9919,132783,2,0,3666
22-Jul-21,69482,3603,132834,5,5,6197
22-Jul-21,69486,9883,132846,1,0,13765
22-Jul-21,69488,11172,132852,1,0,2657
22-Jul-21,69495,11172,132864,1,1,2657
22-Jul-21,69504,9920,132882,1,0,2894
22-Jul-21,69514,3610,132906,1,1,11939
22-Jul-21,69546,10235,132963,1,0,1369.9
22-Jul-21,69619,11146,133080,1,1,4358
22-Jul-21,69645,1041,133131,1,0,4455
22-Jul-21,69686,1038,133206,1,1,6855
22-Jul-21,69697,8425,133230,1,0,4110
22-Jul-21,69744,1038,133326,3,3,6855
22-Jul-21,69794,8086,133434,1,0,7776
22-Jul-21,69841,8210,133515,20,20,14679
22-Jul-21,69872,8221,133581,2,0,2789
22-Jul-21,69909,9896,133671,1,0,7367
22-Jul-21,69910,9789,133674,1,0,3445.2
22-Jul-21,69912,8424,133674,1,1,3854
22-Jul-21,69921,10204,133689,1,0,3490
22-Jul-21,69948,3266,133731,1,1,18857
22-Jul-21,69967,8444,133761,1,0,3252
22-Jul-21,69990,8444,133806,1,1,6166
22-Jul-21,70051,1041,133923,1,1,4725
22-Jul-21,70066,9915,133950,1,1,2447
22-Jul-21,70220,7775,134265,1,1,6791
22-Jul-21,70242,10235,134313,5,4,1420
22-Jul-21,70250,11106,134325,3,0,3770
22-Jul-21,70274,9925,134370,1,1,3038
22-Jul-21,70287,11146,134394,1,1,5664
22-Jul-21,70319,8221,134442,2,2,2789
22-Jul-21,70322,11123,134451,1,1,5162
22-Jul-21,70342,7858,134481,5,5,2688
22-Jul-21,70343,11907,134481,2,0,4204
22-Jul-21,70520,11123,134829,1,1,3352
22-Jul-21,70548,11136,134895,2,0,2481
22-Jul-21,70550,8422,134901,2,0,3260
22-Jul-21,70553,11106,134910,1,0,4183
22-Jul-21,70655,10235,135126,4,4,1325
22-Jul-21,70665,8425,135138,1,0,3997
22-Jul-21,70692,11151,135183,1,0,26835
22-Jul-21,70722,3613,135246,1,1,11025
22-Jul-21,70842,12688,135474,2,0,1048
22-Jul-21,70953,9915,135669,1,0,2447
22-Jul-21,70978,9920,135720,2,0,3404
22-Jul-21,71002,10226,135771,2,0,3593.2
22-Jul-21,71005,10226,135774,1,0,3772.9
22-Jul-21,71069,10204,135912,1,0,3066
22-Jul-21,71104,1043,135969,1,0,10533
22-Jul-21,71121,11156,135999,1,0,3885
22-Jul-21,71124,1548,136005,2,2,5550.9
22-Jul-21,71136,12487,136020,2,2,3322
22-Jul-21,71154,3284,136047,5,5,3690
22-Jul-21,71167,7890,136071,3,0,2163
22-Jul-21,71184,11245,136098,4,4,5232
22-Jul-21,71198,10235,136119,2,2,1369.9
22-Jul-21,71257,9941,136230,1,0,5664
22-Jul-21,71286,11169,136272,1,1,5145
22-Jul-21,71341,11118,136386,1,0,2898
22-Jul-21,71359,12683,136425,1,1,2261.9
22-Jul-21,71390,8422,136479,4,0,3260
22-Jul-21,71395,8422,136494,4,0,3260
22-Jul-21,71399,12800,136503,16,4,8
22-Jul-21,71410,8325,136524,1,0,9576.27
22-Jul-21,71423,10235,136548,4,4,1420
22-Jul-21,71441,8210,136581,1,1,14679
22-Jul-21,71467,11138,136632,2,2,6496
22-Jul-21,71492,3610,136683,1,1,12674
22-Jul-21,71593,11146,136881,1,1,3648
22-Jul-21,71610,11106,136911,1,0,3770
22-Jul-21,71613,12912,136920,5,0,3259.73
22-Jul-21,71722,1041,137133,1,1,4240
22-Jul-21,71756,7691,137205,1,0,84
22-Jul-21,71795,9925,137271,20,0,3152.54
22-Jul-21,71841,11146,137358,1,1,3648
22-Jul-21,71930,11146,137529,8,0,6917
22-Jul-21,71955,3610,137583,1,0,12605
22-Jul-21,71968,1038,137610,5,0,6855
22-Jul-21,72013,3648,137688,1,1,10619
22-Jul-21,72014,7553,137691,1,0,5254
22-Jul-21,72044,8444,137745,1,0,3252
22-Jul-21,72062,11136,137799,5,5,2481
22-Jul-21,72068,11189,137811,1,0,5145
22-Jul-21,72103,8210,137871,1,0,13007
22-Jul-21,72113,11140,137889,1,1,4460
22-Jul-21,72118,8428,137895,20,20,1586.3
22-Jul-21,72122,11107,137901,2,2,3405
22-Jul-21,72133,8444,137916,1,0,3252
22-Jul-21,72134,10235,137919,2,0,1369.9
22-Jul-21,72154,1043,137955,1,1,5320
22-Jul-21,72174,11146,137976,4,4,3648
22-Jul-21,72198,1548,138027,1,1,10509
22-Jul-21,72319,10235,138279,3,3,1325
22-Jul-21,72411,11106,138471,1,0,4120
22-Jul-21,72433,8337,138516,1,0,1569
22-Jul-21,146973,12487,296820,1,0,4362
22-Jul-21,146992,10204,296859,5,5,3429
22-Jul-21,147090,10235,297045,1,0,1399
22-Jul-21,147197,7586,297270,2,0,11410
22-Jul-21,147233,1805,297345,1,1,9996
22-Jul-21,147240,3605,297357,2,0,4317
22-Jul-21,147287,13736,297447,1,1,8928.57
22-Jul-21,147288,8330,297450,1,0,3321
22-Jul-21,147293,13765,297462,1,1,2633
23-Jul-21,62692,8219,120018,1,0,13488.3
23-Jul-21,62712,9796,120066,6,0,2656.8
23-Jul-21,62756,8425,120177,2,0,4007
23-Jul-21,62830,8214,120342,1,0,3772.88
23-Jul-21,62856,11123,120399,1,1,6142
23-Jul-21,62930,11124,120513,1,0,730
23-Jul-21,62937,11105,120534,2,0,23015
23-Jul-21,62960,7640,120573,13,0,14617
23-Jul-21,62963,2862,120579,1,1,4200
23-Jul-21,62980,9916,120627,5,0,2722.88
23-Jul-21,63034,12652,120744,20,20,7203.4
23-Jul-21,63115,2862,120909,1,0,4200
23-Jul-21,63128,8425,120930,1,0,3522.2
23-Jul-21,63138,10227,120939,5,5,1369.92
23-Jul-21,63182,7575,121005,1,0,5745.25
23-Jul-21,63249,10975,121116,1,0,12779.7
23-Jul-21,63309,1041,121242,4,4,4532
23-Jul-21,63347,3284,121314,1,0,2892
23-Jul-21,63531,11124,121617,1,0,682
23-Jul-21,63545,12500,121626,1,0,2119
23-Jul-21,63567,1039,121665,1,0,2236
23-Jul-21,63584,8210,121686,1,1,12621
23-Jul-21,63602,10235,121713,4,4,1325
23-Jul-21,63611,10529,121731,1,1,7207
23-Jul-21,63632,8661,121773,1,0,700
23-Jul-21,63675,8449,121857,1,0,6414
23-Jul-21,63695,9925,121902,4,4,3038
23-Jul-21,63711,10975,121941,1,0,18687.5
23-Jul-21,63718,9916,121953,2,0,2797
23-Jul-21,63723,9925,121968,17,12,3038
23-Jul-21,63752,9925,122037,4,4,3038
23-Jul-21,63757,12487,122043,5,0,3526
23-Jul-21,63823,8482,122160,1,0,10205
23-Jul-21,63871,7990,122244,2,2,2756
23-Jul-21,63892,8367,122277,4,0,1616
23-Jul-21,63921,11899,122337,1,0,11857
23-Jul-21,63988,8331,122460,1,0,4070
23-Jul-21,63989,7666,122463,2,0,5170
23-Jul-21,64025,10235,122535,2,2,1350
23-Jul-21,64087,9925,122619,1,0,3216
23-Jul-21,64122,3266,122697,1,0,18357
23-Jul-21,64123,1039,122700,1,0,2478
23-Jul-21,64131,8482,122703,1,0,9441
23-Jul-21,64147,1041,122727,1,1,4455
23-Jul-21,64196,3610,122829,1,0,12364
23-Jul-21,64257,11118,122931,1,0,2478
23-Jul-21,64282,9915,122973,2,2,2881
23-Jul-21,64310,11907,123030,3,0,3932.25
23-Jul-21,64364,11156,123108,38,38,4474
23-Jul-21,64376,10529,123132,1,0,7731
23-Jul-21,64424,8444,123204,2,0,3271.8
23-Jul-21,64452,7271,123261,5,5,2335
23-Jul-21,64520,11245,123381,8,8,5232
23-Jul-21,64548,3284,123438,5,5,3306
23-Jul-21,64549,10235,123441,9,9,1368.99
23-Jul-21,64587,8438,123516,2,0,3324
23-Jul-21,64599,10224,123543,1,0,4283.19
23-Jul-21,64615,1041,123576,1,0,4528
23-Jul-21,64619,10235,123582,1,1,1368.99
23-Jul-21,64649,8367,123645,8,8,790
23-Jul-21,64704,10529,123744,1,0,7731
23-Jul-21,64769,1040,123861,1,0,3570.85
23-Jul-21,64783,12701,123885,2,0,5210.17
23-Jul-21,64784,12701,123885,3,0,5317.97
23-Jul-21,64800,8444,123921,1,1,6184.7
23-Jul-21,64818,11147,123954,2,0,1470
23-Jul-21,64833,8662,123981,5,0,2680
23-Jul-21,64860,11143,124017,1,1,2688
23-Jul-21,64952,11907,124203,1,0,3932.25
23-Jul-21,64984,11907,124254,2,2,3932.25
23-Jul-21,65008,12487,124287,2,2,3322
23-Jul-21,65014,11155,124296,1,1,7460
23-Jul-21,65025,10975,124323,1,1,13542.7
23-Jul-21,65032,11169,124335,1,1,2772
23-Jul-21,65076,10975,124416,1,0,12779.7
23-Jul-21,65097,10975,124455,1,0,11796.6
23-Jul-21,65100,10224,124464,2,0,4311.9
23-Jul-21,65102,8444,124467,1,0,6184.7
23-Jul-21,65173,8322,124602,1,0,2115
23-Jul-21,65188,11143,124617,1,0,2478
23-Jul-21,65248,8425,124740,5,0,3550
23-Jul-21,65336,10235,124932,2,2,1369.9
23-Jul-21,65338,11124,124938,2,0,1746
23-Jul-21,65352,8219,124974,5,5,13488.3
23-Jul-21,65365,11118,125001,1,0,2478
23-Jul-21,65381,2862,125031,4,0,4200
23-Jul-21,65384,12700,125037,3,0,7924
23-Jul-21,65406,11140,125073,1,0,4460
23-Jul-21,65456,8751,125178,1,0,9240
23-Jul-21,65536,10235,125343,5,0,1324.5
23-Jul-21,65580,7890,125430,1,0,2163
23-Jul-21,65619,8452,125502,1,0,5922
23-Jul-21,65656,10236,125556,1,1,1302.5
23-Jul-21,65704,12700,125637,2,0,7924
23-Jul-21,65709,10204,125643,1,0,3092
23-Jul-21,65728,8219,125685,2,2,13288.2
23-Jul-21,65768,8444,125760,1,0,6345
23-Jul-21,65769,8444,125760,1,0,3350
23-Jul-21,65778,8221,125784,10,10,2779.67
23-Jul-21,65873,9925,125937,2,0,3038
23-Jul-21,65890,9882,125973,1,0,11086
23-Jul-21,65891,11107,125976,5,0,3213
23-Jul-21,65897,11107,125988,4,0,3213
23-Jul-21,65943,11155,126090,1,0,15657
23-Jul-21,66049,11143,126333,1,0,4578
23-Jul-21,66065,8422,126363,1,1,5942
23-Jul-21,66076,8428,126378,1,0,1614
23-Jul-21,66133,9898,126495,1,0,3077
23-Jul-21,66140,7208,126504,1,1,850
23-Jul-21,66173,9925,126570,5,5,3038
23-Jul-21,66207,9919,126639,20,0,3702
23-Jul-21,66224,11658,126663,1,0,1365
23-Jul-21,66230,8413,126675,1,1,1880
23-Jul-21,66231,8422,126675,1,1,3218
23-Jul-21,66234,12680,126675,2,2,2000
23-Jul-21,66262,10204,126729,2,0,3490
23-Jul-21,66268,1040,126741,1,0,3807
23-Jul-21,66278,8219,126765,70,0,13288.2
23-Jul-21,66287,11136,126774,2,2,2481
23-Jul-21,66296,3615,126792,2,0,3990
23-Jul-21,66299,10235,126798,5,5,1368.99
23-Jul-21,66335,7882,126864,1,1,2468
23-Jul-21,66375,11134,126948,1,0,7539
23-Jul-21,66388,10235,126969,4,4,1369.9
23-Jul-21,66403,10235,127002,2,2,1325
23-Jul-21,66411,3615,127023,1,1,4155
23-Jul-21,66464,10204,127128,1,0,3242
23-Jul-21,66496,8429,127188,1,0,2665
23-Jul-21,66512,11139,127209,1,0,4284
23-Jul-21,66554,8462,127302,1,0,7403
23-Jul-21,66575,11155,127356,1,0,6725
23-Jul-21,66582,8425,127368,2,1,3978.5
23-Jul-21,66633,7867,127470,3,0,1995
23-Jul-21,66640,8425,127476,2,0,3884
23-Jul-21,66679,9925,127560,2,2,3038
23-Jul-21,66685,7785,127572,1,1,2352
23-Jul-21,66692,9925,127587,2,2,3038
23-Jul-21,66732,10522,127635,1,0,2964
23-Jul-21,66736,3284,127641,5,4,3306
23-Jul-21,66773,8429,127713,1,0,2665
23-Jul-21,66832,10210,127791,2,0,1875
23-Jul-21,66844,7550,127806,1,0,2450
23-Jul-21,66901,11179,127899,1,0,3345
23-Jul-21,67110,12700,128349,1,0,11580
23-Jul-21,67122,12762,128370,8,0,798.02
23-Jul-21,67157,10975,128433,1,0,11796.6
23-Jul-21,67193,3610,128520,1,1,11939
23-Jul-21,67213,8429,128565,10,0,3257
23-Jul-21,67347,1548,128814,3,3,10509
23-Jul-21,67348,1548,128814,1,0,10763
23-Jul-21,67482,1548,129078,1,0,10763
23-Jul-21,67537,1548,129177,1,0,10509
23-Jul-21,67567,10235,129240,3,0,1368.99
23-Jul-21,67575,11583,129249,1,1,2268
23-Jul-21,67592,10236,129282,10,0,1257.76
23-Jul-21,67597,2862,129291,1,1,4200
23-Jul-21,67599,11143,129297,1,1,3295
23-Jul-21,67606,2862,129315,1,0,4200
23-Jul-21,67617,3615,129336,2,0,4155
23-Jul-21,67681,12809,129474,10,10,2618.64
23-Jul-21,67710,1041,129534,1,0,4528
23-Jul-21,67757,2862,129618,1,0,4200
23-Jul-21,67791,12679,129672,1,0,2380.95
23-Jul-21,67803,10236,129690,4,4,1257.76
23-Jul-21,67860,7810,129810,1,0,1581.26
23-Jul-21,67862,8443,129816,1,0,6700
23-Jul-21,67896,12802,129897,1,0,1007.7
23-Jul-21,67899,12420,129903,3,0,1437.11
23-Jul-21,67905,1805,129918,1,0,18733
23-Jul-21,67942,7802,129993,1,0,4956
23-Jul-21,67991,10225,130092,1,0,4505.64
23-Jul-21,67997,11146,130098,2,2,6979
23-Jul-21,68009,12802,130113,1,0,2535.6
23-Jul-21,68099,1041,130299,1,1,4725
23-Jul-21,68169,9925,130425,4,4,3038
23-Jul-21,68176,10236,130443,2,0,1302.25
23-Jul-21,68177,10236,130443,3,0,1257.76
23-Jul-21,68250,1041,130590,1,0,4972
23-Jul-21,68261,11146,130614,1,0,3833
23-Jul-21,68292,10235,130686,10,8,1325
23-Jul-21,68373,10975,130851,1,1,12127
23-Jul-21,68418,11108,130917,1,0,4045
23-Jul-21,68460,8210,130983,9,9,12443
23-Jul-21,68462,3610,130986,1,1,11939
23-Jul-21,68494,2862,131052,60,0,4200
23-Jul-21,68569,1041,131196,1,1,4423
23-Jul-21,68634,10975,131307,1,1,23805.1
23-Jul-21,68687,8386,131400,1,0,7329
23-Jul-21,68922,7490,131811,2,0,3464
23-Jul-21,68928,1041,131817,2,0,5004
23-Jul-21,68951,10235,131865,1,0,1368.99
23-Jul-21,68964,12760,131895,1,1,49000
23-Jul-21,68993,9915,131949,1,0,2447
23-Jul-21,69040,9915,132027,1,1,2881
23-Jul-21,69080,8462,132105,1,1,3721
23-Jul-21,69084,12713,132114,2,0,2400
23-Jul-21,69152,8210,132252,1,0,12621
23-Jul-21,69154,12749,132258,1,0,4098.31
23-Jul-21,69155,12762,132261,8,0,850
23-Jul-21,69163,3635,132276,1,1,3937
23-Jul-21,69206,8751,132354,3,3,4116
23-Jul-21,69252,1548,132429,5,5,5127.12
23-Jul-21,69284,11163,132462,1,0,3376
23-Jul-21,69300,8219,132495,4,4,13488.3
23-Jul-21,69327,10235,132543,3,0,1369.9
23-Jul-21,69394,11113,132687,1,0,3896
23-Jul-21,69431,10235,132750,1,1,1325
23-Jul-21,69446,7772,132765,1,1,3649
23-Jul-21,69467,8354,132801,1,0,3637
23-Jul-21,69468,8444,132804,4,4,6108
23-Jul-21,69470,8444,132804,2,2,6207
23-Jul-21,69487,10236,132849,1,0,1302.25
23-Jul-21,69496,7539,132867,1,0,2964
23-Jul-21,69515,3610,132909,1,0,11939
23-Jul-21,69517,11731,132912,1,0,4947.59
23-Jul-21,69536,3266,132936,1,0,18993
23-Jul-21,69554,8444,132972,1,0,3252
23-Jul-21,69569,8760,133005,2,0,2335
23-Jul-21,69580,10235,133020,3,3,1325
23-Jul-21,69635,10235,133113,2,2,1325
23-Jul-21,69669,9910,133176,5,0,1637
23-Jul-21,69674,8444,133185,3,3,3252
23-Jul-21,69696,8427,133227,5,0,6656
23-Jul-21,69747,8384,133329,1,1,4746
23-Jul-21,69774,7809,133386,5,5,3948
23-Jul-21,69777,10235,133395,2,2,1325
23-Jul-21,69825,9789,133491,1,0,3445.2
23-Jul-21,69852,8335,133533,1,0,1987
23-Jul-21,69865,11899,133566,3,3,12396.5
23-Jul-21,69884,3611,133614,2,0,3149
23-Jul-21,69951,12762,133737,5,5,798.02
23-Jul-21,69953,9916,133740,1,1,2797
23-Jul-21,70006,3615,133833,2,2,4232
23-Jul-21,70008,11121,133836,2,2,2532
23-Jul-21,70166,8444,134151,3,3,3252
23-Jul-21,70259,11121,134343,1,0,2926
23-Jul-21,70261,11123,134346,1,0,5757
23-Jul-21,70263,12781,134349,5,0,2393
23-Jul-21,70272,3279,134364,1,1,5837
23-Jul-21,70332,9915,134469,1,0,2447
23-Jul-21,70464,10235,134703,9,9,1420
23-Jul-21,70527,9925,134850,5,0,4783
23-Jul-21,70535,7775,134865,3,0,6791
23-Jul-21,70590,12487,135000,1,0,3423
23-Jul-21,70602,11146,135024,1,0,9923
23-Jul-21,70636,11118,135090,1,1,2142
23-Jul-21,70710,11118,135225,1,0,2722
23-Jul-21,70745,11142,135285,1,1,4058
23-Jul-21,70794,3276,135381,1,0,2168
23-Jul-21,70896,1041,135564,1,0,4066
23-Jul-21,70899,7705,135570,1,0,2479
23-Jul-21,70909,10248,135582,1,1,5342.03
23-Jul-21,70919,7810,135609,1,1,3088
23-Jul-21,70931,11172,135639,1,0,2796
23-Jul-21,70980,12701,135723,1,0,5013.56
23-Jul-21,70981,8331,135726,1,0,4070
23-Jul-21,71009,8219,135780,1,0,13597
23-Jul-21,71017,11106,135795,3,3,4120
23-Jul-21,71060,12692,135891,1,0,3452.38
23-Jul-21,71114,12800,135984,40,0,8
23-Jul-21,71150,11156,136038,1,1,4460
23-Jul-21,71156,8210,136047,1,1,12621
23-Jul-21,71232,8664,136197,5,5,2320
23-Jul-21,71242,11143,136206,1,0,2688
23-Jul-21,71281,11120,136263,1,1,19384.8
23-Jul-21,71309,8219,136314,50,50,13288.2
23-Jul-21,71350,8662,136404,2,0,2732.2
23-Jul-21,71379,8210,136464,1,0,12788
23-Jul-21,71409,8325,136524,1,0,8983.05
23-Jul-21,71523,9901,136731,1,1,4002
23-Jul-21,71531,11120,136749,1,0,12012
23-Jul-21,71594,11123,136884,1,0,5506
23-Jul-21,71601,11123,136893,1,0,5915
23-Jul-21,71649,10235,136989,1,1,1369.9
23-Jul-21,71703,10235,137097,1,0,1369.9
23-Jul-21,71730,11110,137151,2,0,2468
23-Jul-21,71750,10248,137196,1,1,5342.03
23-Jul-21,71764,11146,137223,1,1,3667
23-Jul-21,71765,8751,137223,1,1,3161
23-Jul-21,71782,11143,137247,1,1,2688
23-Jul-21,71797,11107,137274,2,0,3166
23-Jul-21,71861,11143,137400,1,1,2507
23-Jul-21,71905,12758,137481,1,0,7856
23-Jul-21,71927,7553,137523,1,1,5966.1
23-Jul-21,72223,11147,138078,2,2,1391
23-Jul-21,72228,11118,138087,2,2,2722
23-Jul-21,72242,8444,138111,10,0,6108
23-Jul-21,72244,8386,138117,1,1,2476
23-Jul-21,72268,10235,138171,2,0,1369.9
23-Jul-21,72303,7271,138249,2,2,2216
23-Jul-21,72307,1548,138255,1,0,10509
23-Jul-21,72315,10975,138270,1,0,14372
23-Jul-21,72320,10529,138279,1,1,13666
23-Jul-21,72321,10529,138279,1,1,13965
23-Jul-21,72327,12930,138291,3,0,4746
23-Jul-21,146930,8221,296739,1,0,6182
23-Jul-21,146932,1038,296745,1,0,8726
23-Jul-21,146941,10235,296757,2,2,1387
23-Jul-21,147004,8221,296883,4,4,6182
23-Jul-21,147012,11925,296889,1,1,11814
23-Jul-21,147028,8444,296910,1,1,6343
23-Jul-21,147055,8444,296970,1,1,6034
23-Jul-21,147103,7640,297072,2,1,15638
23-Jul-21,147111,10248,297087,20,20,4998
23-Jul-21,147229,11146,297339,1,1,4017
23-Jul-21,147329,11658,297534,1,0,1804
24-Jul-21,62677,7867,119985,1,1,2374
24-Jul-21,62789,3284,120252,2,2,3306
24-Jul-21,62801,8422,120279,2,0,5006
24-Jul-21,62834,9796,120351,5,0,2656.8
24-Jul-21,62855,11123,120399,1,1,4005
24-Jul-21,62874,8424,120429,1,0,8127
24-Jul-21,62877,8444,120429,1,0,5648
24-Jul-21,62878,8444,120429,1,0,5872
24-Jul-21,62885,8425,120435,8,0,3522.2
24-Jul-21,62955,11106,120570,2,1,4183
24-Jul-21,63009,7526,120693,1,0,5932.2
24-Jul-21,63031,3276,120735,1,0,2961
24-Jul-21,63053,11139,120765,1,0,4284
24-Jul-21,63081,1038,120819,1,1,6854
24-Jul-21,63099,1040,120864,1,0,6673.98
24-Jul-21,63149,8428,120957,1,0,1587
24-Jul-21,63224,10975,121080,1,0,11796.6
24-Jul-21,63227,10235,121089,2,0,1368.99
24-Jul-21,63229,3610,121092,20,0,12364
24-Jul-21,63238,7772,121101,1,0,3578
24-Jul-21,63244,12713,121107,1,1,2400
24-Jul-21,63271,8424,121164,1,0,8127
24-Jul-21,63314,3603,121248,3,0,5629
24-Jul-21,63325,12681,121269,1,1,3452.38
24-Jul-21,63341,10529,121305,1,1,7257
24-Jul-21,63371,1041,121377,1,0,4423.22
24-Jul-21,63397,8425,121440,1,0,4106
24-Jul-21,63401,11117,121449,2,2,3528
24-Jul-21,63454,8438,121539,1,0,3629
24-Jul-21,63503,11161,121587,1,0,5969
24-Jul-21,63521,1040,121611,1,0,3447
24-Jul-21,63566,8428,121662,3,0,1635
24-Jul-21,63672,1039,121851,3,0,2236
24-Jul-21,63696,3279,121905,1,0,5461
24-Jul-21,63719,10975,121956,1,0,21225
24-Jul-21,63726,1041,121977,1,0,4423.22
24-Jul-21,63746,8439,122028,2,0,882
24-Jul-21,63748,8661,122028,1,0,700
24-Jul-21,63765,11658,122061,1,1,1365
24-Jul-21,63784,11172,122103,2,0,2583
24-Jul-21,63804,1038,122139,1,1,6988
24-Jul-21,63822,11146,122160,1,1,4168
24-Jul-21,63843,3624,122199,1,0,5062
24-Jul-21,63847,1038,122211,1,0,8030
24-Jul-21,63856,12487,122223,5,5,3423
24-Jul-21,63858,12652,122223,2,2,7203.4
24-Jul-21,63878,7666,122250,1,0,10933
24-Jul-21,63883,7666,122256,1,1,10933
24-Jul-21,63914,8210,122322,1,1,6720
24-Jul-21,63923,12482,122340,2,0,3009.34
24-Jul-21,63933,12700,122361,3,0,6940.7
24-Jul-21,63960,8444,122412,1,0,3271.8
24-Jul-21,63961,1040,122415,27,0,3503
24-Jul-21,63967,11137,122424,1,0,3364
24-Jul-21,63978,11120,122439,1,0,21386
24-Jul-21,63994,8421,122472,1,0,4536
24-Jul-21,64016,8444,122514,1,0,6216
24-Jul-21,64033,10235,122544,2,0,1350
24-Jul-21,64048,8425,122565,1,0,3374
24-Jul-21,64060,11156,122577,1,0,4085
24-Jul-21,64065,10236,122586,7,5,1257.76
24-Jul-21,64126,1040,122703,1,0,3570.85
24-Jul-21,64151,11156,122730,18,18,4096
24-Jul-21,64174,10235,122778,6,6,1368.99
24-Jul-21,64237,11156,122910,2,2,4474
24-Jul-21,64261,3603,122937,2,0,8850
24-Jul-21,64333,8420,123066,1,0,5824
24-Jul-21,64345,8444,123084,3,3,3271.8
24-Jul-21,64397,3012,123177,4,0,950
24-Jul-21,64413,8751,123198,3,0,3161
24-Jul-21,64472,11731,123300,1,0,5229.63
24-Jul-21,64483,11141,123318,1,0,6048
24-Jul-21,64485,8444,123321,1,0,5872
24-Jul-21,64551,3611,123447,1,1,3484
24-Jul-21,64632,12701,123609,2,0,5210.17
24-Jul-21,64669,7705,123675,1,0,2479
24-Jul-21,64672,10529,123678,1,0,7731
24-Jul-21,64684,12677,123705,1,1,2142.86
24-Jul-21,64750,11899,123831,2,2,11857
24-Jul-21,64757,2862,123843,1,0,4200
24-Jul-21,64771,1043,123861,1,0,20309.7
24-Jul-21,64817,11147,123954,3,0,1391
24-Jul-21,64845,7936,123993,1,0,1495
24-Jul-21,64877,11125,124050,6,0,1891
24-Jul-21,64888,8425,124065,1,0,3468
24-Jul-21,65048,3606,124356,2,2,5054
24-Jul-21,65067,11152,124398,1,0,6279
24-Jul-21,65111,11143,124482,1,1,2810
24-Jul-21,65138,12784,124536,1,0,3100
24-Jul-21,65163,1043,124593,1,1,10532.9
24-Jul-21,65211,8444,124653,1,0,3285.5
24-Jul-21,65231,11155,124707,1,0,14629
24-Jul-21,65234,10235,124713,3,0,1324.5
24-Jul-21,65303,11123,124863,1,0,3352
24-Jul-21,65345,11907,124959,1,1,3932.25
24-Jul-21,65472,2282,125202,10,10,3960
24-Jul-21,65496,2282,125244,1,0,4000
24-Jul-21,65512,11658,125286,1,0,1365
24-Jul-21,65539,3603,125349,2,0,5629
24-Jul-21,65541,3641,125352,1,0,8512
24-Jul-21,65567,12712,125394,1,0,22100
24-Jul-21,65625,8425,125508,1,0,3978
24-Jul-21,65636,11143,125526,1,1,2478
24-Jul-21,65696,8444,125619,1,0,5741
24-Jul-21,65730,10975,125691,1,0,12779.7
24-Jul-21,65735,10975,125694,1,0,11796.6
24-Jul-21,65738,3279,125697,2,0,5664
24-Jul-21,65795,8439,125817,1,0,944
24-Jul-21,65806,1039,125844,1,1,2478
24-Jul-21,65814,10245,125847,1,0,4672
24-Jul-21,65820,12407,125856,2,1,11271
24-Jul-21,65886,12700,125964,1,1,7924
24-Jul-21,65895,8210,125985,70,0,14679
24-Jul-21,65907,8482,126012,1,0,11635
24-Jul-21,65928,11140,126057,1,0,7623
24-Jul-21,65946,11137,126096,1,0,3364
24-Jul-21,65951,2358,126111,1,0,1200
24-Jul-21,65969,12713,126159,1,1,2400
24-Jul-21,66031,3621,126291,3,0,1970
24-Jul-21,66037,7640,126306,1,0,13642.3
24-Jul-21,66119,10235,126462,3,3,1324.5
24-Jul-21,66163,12459,126552,1,0,18750
24-Jul-21,66288,11136,126774,1,1,2533
24-Jul-21,66329,3592,126852,3,3,9209
24-Jul-21,66332,1041,126858,1,0,4423
24-Jul-21,66400,11899,126996,2,0,12162.7
24-Jul-21,66461,8221,127122,75,52,2741.53
24-Jul-21,66484,12710,127170,5,5,9600
24-Jul-21,66511,10226,127209,1,0,3593.2
24-Jul-21,66536,3610,127257,5,5,11939
24-Jul-21,66631,8457,127467,2,0,8316
24-Jul-21,66642,8425,127482,3,3,3884
24-Jul-21,66666,7867,127530,3,0,1995
24-Jul-21,66722,11133,127623,1,1,3360
24-Jul-21,66765,9900,127698,2,0,5643
24-Jul-21,66804,11124,127755,1,0,1915
24-Jul-21,66843,7827,127806,1,0,6198.31
24-Jul-21,66888,7872,127887,1,1,1670
24-Jul-21,66914,10225,127932,1,0,3971.75
24-Jul-21,66922,11118,127953,1,0,2734
24-Jul-21,66949,1038,128022,1,0,7247
24-Jul-21,66959,10227,128043,5,5,1369.9
24-Jul-21,66980,1038,128082,1,1,6988
24-Jul-21,67003,10531,128127,1,0,2204
24-Jul-21,67019,8684,128166,50,0,2501
24-Jul-21,67021,11107,128172,2,0,3213
24-Jul-21,67034,8437,128202,1,0,2152
24-Jul-21,67036,11106,128202,2,0,3560
24-Jul-21,67084,8221,128298,10,9,2789
24-Jul-21,67116,3279,128358,1,1,5876
24-Jul-21,67138,10235,128397,2,0,1368.99
24-Jul-21,67169,11583,128466,1,1,2268
24-Jul-21,67230,11161,128598,1,0,5975
24-Jul-21,67238,11731,128616,1,0,4402
24-Jul-21,67294,11146,128721,1,1,3669
24-Jul-21,67312,10236,128748,5,5,1302.5
24-Jul-21,67330,11172,128784,1,0,2621
24-Jul-21,67397,7776,128925,1,1,2510
24-Jul-21,67400,3610,128934,1,1,7817
24-Jul-21,67441,1041,129000,5,5,4423
24-Jul-21,67510,10204,129126,1,1,3490
24-Jul-21,67517,1040,129135,28,0,3618
24-Jul-21,67519,10204,129141,1,1,3066
24-Jul-21,67524,3610,129150,3,3,11939
24-Jul-21,67546,8336,129198,1,0,2749
24-Jul-21,67579,11189,129258,5,0,5145
24-Jul-21,67589,9896,129279,1,1,3368
24-Jul-21,67686,12802,129483,22,22,2210.8
24-Jul-21,67693,10235,129501,2,2,1369.9
24-Jul-21,67752,7504,129609,1,1,3992
24-Jul-21,67787,10975,129669,2,2,13830.5
24-Jul-21,67788,12800,129669,12,12,4
24-Jul-21,67808,3615,129702,1,1,4339
24-Jul-21,67912,11137,129939,1,0,3384
24-Jul-21,67920,9899,129957,1,0,1980
24-Jul-21,68059,9900,130218,1,0,2995
24-Jul-21,68156,3279,130410,2,2,5837
24-Jul-21,68190,11147,130470,1,1,1444
24-Jul-21,68202,9919,130491,1,1,3666
24-Jul-21,68210,11118,130506,3,0,2722
24-Jul-21,68243,10210,130572,2,0,2219
24-Jul-21,68323,10225,130758,2,2,3997.5
24-Jul-21,68344,1041,130800,1,0,5004
24-Jul-21,68364,1038,130830,10,1,6855
24-Jul-21,68366,8422,130833,3,0,3218
24-Jul-21,68369,3279,130842,1,1,5837
24-Jul-21,68399,11106,130893,1,1,4120
24-Jul-21,68415,11240,130911,1,1,10240.7
24-Jul-21,68553,8424,131163,1,0,3455.1
24-Jul-21,68555,8424,131169,2,2,3455.1
24-Jul-21,68589,8425,131226,1,0,4155
24-Jul-21,68603,9916,131247,1,0,2797
24-Jul-21,68615,8444,131265,1,0,6065
24-Jul-21,68642,3613,131319,3,3,10143
24-Jul-21,68674,10975,131376,3,0,12779.7
24-Jul-21,68746,8770,131523,1,0,7229
24-Jul-21,68804,1038,131625,1,0,6854
24-Jul-21,68812,12652,131637,2,2,7203.4
24-Jul-21,68820,1548,131646,1,0,5550.9
24-Jul-21,68862,10235,131682,5,5,1369.9
24-Jul-21,68869,8210,131691,1,0,6694
24-Jul-21,68898,11189,131760,1,0,5084
24-Jul-21,68942,7704,131844,1,0,3205
24-Jul-21,68944,7640,131850,1,0,14695
24-Jul-21,68948,7640,131856,1,0,13886
24-Jul-21,68973,8428,131913,8,8,1540
24-Jul-21,68985,9919,131937,1,1,3844
24-Jul-21,69002,1548,131958,1,1,5127.12
24-Jul-21,69014,7640,131976,1,0,13886
24-Jul-21,69017,1548,131985,1,0,10763
24-Jul-21,69033,1548,132015,1,0,10763
24-Jul-21,69081,11146,132105,1,1,4358
24-Jul-21,69142,1038,132225,1,0,6985
24-Jul-21,69265,8221,132450,10,10,2789
24-Jul-21,69317,3610,132534,1,1,7607
24-Jul-21,69355,9916,132594,10,10,2797
24-Jul-21,69479,3610,132825,5,0,12605
24-Jul-21,69582,8422,133023,3,0,3218
24-Jul-21,69584,8362,133029,1,0,2444
24-Jul-21,69587,11186,133032,1,1,3499
24-Jul-21,69592,8444,133041,1,0,6166
24-Jul-21,69664,3279,133167,1,1,5837
24-Jul-21,69737,8384,133314,1,0,4658
24-Jul-21,69796,11146,133437,1,0,3833
24-Jul-21,69801,11140,133443,2,1,4460
24-Jul-21,69803,11172,133446,2,2,2342
24-Jul-21,69849,8325,133524,2,2,8983.05
24-Jul-21,69868,3568,133575,2,2,6655
24-Jul-21,69886,7553,133620,1,1,5966.1
24-Jul-21,69929,8325,133701,1,0,10169.5
24-Jul-21,69971,3568,133770,1,0,6655
24-Jul-21,70023,12420,133872,1,0,1437.11
24-Jul-21,70028,10225,133884,1,0,3997.5
24-Jul-21,70053,8420,133926,2,0,6830
24-Jul-21,70135,1548,134085,1,0,10509
24-Jul-21,70144,11899,134109,1,1,12210.5
24-Jul-21,70150,10975,134115,5,5,11864.4
24-Jul-21,70153,1041,134121,1,0,4693
24-Jul-21,70163,8219,134145,1,1,13488.3
24-Jul-21,70192,9925,134214,2,0,3038
24-Jul-21,70206,12749,134232,1,1,4186.44
24-Jul-21,70384,1038,134565,2,2,6985
24-Jul-21,70417,10235,134616,5,5,1369.9
24-Jul-21,70427,1038,134628,1,0,6855
24-Jul-21,70525,9925,134844,10,0,4783
24-Jul-21,70558,1039,134922,1,1,2280
24-Jul-21,70561,9916,134931,1,0,2797
24-Jul-21,70637,11162,135093,2,0,3100
24-Jul-21,70667,11899,135141,1,0,12396.5
24-Jul-21,70703,8424,135210,3,3,3455.1
24-Jul-21,70738,3284,135273,10,10,3634
24-Jul-21,70763,10236,135327,1,0,1302.5
24-Jul-21,70876,11136,135525,2,0,2481
24-Jul-21,70916,8219,135603,1,0,13288.2
24-Jul-21,70972,3611,135708,6,0,3230
24-Jul-21,71048,1548,135870,1,1,10509
24-Jul-21,71071,1041,135915,1,1,4240
24-Jul-21,71127,9915,136008,1,0,2881
24-Jul-21,71201,1548,136125,1,1,10763
24-Jul-21,71218,12701,136164,1,1,5013.56
24-Jul-21,71268,11147,136239,1,0,1365
24-Jul-21,71285,3648,136269,1,0,10619
24-Jul-21,71305,3615,136305,5,0,4036
24-Jul-21,71330,1041,136359,1,1,4725
24-Jul-21,71363,11154,136434,1,0,6038
24-Jul-21,71373,7586,136452,1,1,10642.4
24-Jul-21,71382,11118,136467,3,1,2142
24-Jul-21,71385,8210,136470,1,1,12621
24-Jul-21,71435,11146,136572,1,0,6979
24-Jul-21,71501,9915,136698,2,2,2881
24-Jul-21,71509,8751,136710,1,1,9240
24-Jul-21,71622,1548,136932,1,0,5550.9
24-Jul-21,71638,7775,136962,1,0,6791
24-Jul-21,71648,1043,136986,1,1,5320
24-Jul-21,71714,7506,137118,1,0,18991
24-Jul-21,71715,11169,137121,1,0,4956
24-Jul-21,71733,8169,137157,1,0,5975
24-Jul-21,71791,3269,137265,1,0,10223
24-Jul-21,71828,8444,137334,3,0,6345
24-Jul-21,71837,12701,137355,4,4,7253.9
24-Jul-21,71850,11118,137373,4,0,2722
24-Jul-21,71889,9916,137454,1,1,2797
24-Jul-21,71897,11146,137466,5,5,6917
24-Jul-21,71951,9925,137571,1,0,3152.54
24-Jul-21,72006,11125,137676,2,0,1891
24-Jul-21,72059,11189,137790,1,0,5145
24-Jul-21,72093,8428,137850,2,2,1586.3
24-Jul-21,72124,1041,137904,3,0,4066
24-Jul-21,72135,10235,137919,2,0,1325
24-Jul-21,72159,10225,137958,1,1,4177.1
24-Jul-21,72172,11146,137976,10,10,8384
24-Jul-21,72180,11146,137988,2,2,3667
24-Jul-21,72187,11146,138000,3,3,6917
24-Jul-21,72235,11156,138102,3,0,3633
24-Jul-21,72282,1043,138207,1,1,20796
24-Jul-21,72283,12487,138210,3,3,3322
24-Jul-21,72287,11186,138216,2,2,3499
24-Jul-21,72301,11107,138243,1,1,3169
24-Jul-21,72364,8330,138369,1,0,2553
24-Jul-21,146971,11107,296820,1,0,5725
24-Jul-21,146982,3615,296835,2,0,6125
24-Jul-21,146983,3279,296838,1,1,9724
24-Jul-21,147005,8221,296883,1,1,6398
24-Jul-21,147058,9915,296976,1,0,3599
24-Jul-21,147060,11233,296982,1,0,11996
24-Jul-21,147094,8219,297057,14,14,14358
24-Jul-21,147107,3284,297084,1,0,5271
24-Jul-21,147138,8221,297138,4,4,3770
24-Jul-21,147146,8425,297150,80,0,5110
24-Jul-21,147152,8457,297162,1,0,8039
24-Jul-21,147190,1041,297252,1,0,5090
24-Jul-21,147191,1041,297252,1,0,4954
24-Jul-21,147205,8425,297288,1,0,5110
24-Jul-21,147230,10235,297342,5,0,1432
24-Jul-21,147260,13765,297408,1,0,2633
24-Jul-21,147267,13752,297420,1,0,10911
24-Jul-21,147325,11110,297525,2,2,4128
24-Jul-21,147326,8457,297528,1,0,8194
24-Jul-21,147330,8444,297537,2,2,6279
25-Jul-21,62681,11169,119991,1,0,5019
25-Jul-21,62691,8219,120018,1,1,13288.2
25-Jul-21,62751,3610,120165,1,0,12364
25-Jul-21,62768,11907,120204,1,1,3932.25
25-Jul-21,62771,3284,120210,3,0,3306
25-Jul-21,62774,8425,120216,1,0,3619.5
25-Jul-21,62805,8425,120288,1,1,4106
25-Jul-21,62844,10235,120378,1,0,1368.99
25-Jul-21,63085,11899,120831,3,0,11410
25-Jul-21,63127,8219,120927,1,0,13488.3
25-Jul-21,63169,8444,120993,3,0,5719
25-Jul-21,63172,8425,120996,1,1,3468
25-Jul-21,63219,10235,121071,4,4,1368.99
25-Jul-21,63354,10240,121332,1,0,3927.25
25-Jul-21,63390,3302,121419,1,0,2880.6
25-Jul-21,63399,1041,121446,1,0,4725
25-Jul-21,63404,3279,121455,1,0,5300
25-Jul-21,63436,11118,121506,5,0,2722
25-Jul-21,63474,1041,121572,2,0,5738
25-Jul-21,63494,11152,121587,2,0,6038
25-Jul-21,63496,11154,121587,1,0,9870
25-Jul-21,63523,1041,121614,1,0,4693.47
25-Jul-21,63550,12419,121641,1,0,1080
25-Jul-21,63554,7495,121653,1,0,6619
25-Jul-21,63644,8428,121797,25,0,1540
25-Jul-21,63648,12680,121803,2,2,2000
25-Jul-21,63649,11143,121806,1,0,2810
25-Jul-21,63670,7271,121845,4,1,2347
25-Jul-21,63720,9916,121959,2,0,2797
25-Jul-21,63774,8443,122082,1,0,6033
25-Jul-21,63794,12487,122112,5,0,3423
25-Jul-21,63806,8219,122142,2,0,13488.3
25-Jul-21,63826,11189,122166,2,0,4998
25-Jul-21,63863,11140,122229,1,0,7623
25-Jul-21,63984,11146,122454,3,0,9809
25-Jul-21,64030,8425,122538,3,1,3619.5
25-Jul-21,64084,3610,122613,2,2,7931
25-Jul-21,64105,7607,122661,1,0,6408
25-Jul-21,64111,1038,122676,1,1,7121
25-Jul-21,64146,10235,122724,4,0,1350
25-Jul-21,64166,3610,122760,10,10,8085
25-Jul-21,64179,8444,122790,2,0,3271.8
25-Jul-21,64199,3624,122835,1,0,5062
25-Jul-21,64220,1038,122877,2,2,6988
25-Jul-21,64239,8664,122913,4,4,2288.2
25-Jul-21,64243,10975,122919,1,1,11796.6
25-Jul-21,64255,11118,122931,1,0,2142
25-Jul-21,64264,8425,122946,2,0,3522.2
25-Jul-21,64306,11658,123024,2,0,1365
25-Jul-21,64341,12699,123078,1,0,3170
25-Jul-21,64343,1041,123084,1,1,5429
25-Jul-21,64365,12699,123111,4,0,3170
25-Jul-21,64401,1043,123183,1,0,10533
25-Jul-21,64409,8751,123195,2,0,2216
25-Jul-21,64425,9925,123207,3,0,3038
25-Jul-21,64438,12404,123231,2,0,4115.82
25-Jul-21,64445,7774,123249,1,0,2989
25-Jul-21,64447,3611,123252,1,0,3318
25-Jul-21,64543,8425,123423,3,3,3522.2
25-Jul-21,64544,7666,123426,5,2,10678
25-Jul-21,64547,11169,123435,1,1,2772
25-Jul-21,64550,9925,123444,10,0,3038
25-Jul-21,64605,10235,123558,1,0,1368.99
25-Jul-21,64656,3610,123654,1,1,7931
25-Jul-21,64671,8425,123678,1,0,3468
25-Jul-21,64675,8444,123687,1,0,5648
25-Jul-21,64708,11141,123753,1,0,5242
25-Jul-21,64716,8428,123759,1,1,1635
25-Jul-21,64736,11267,123801,5,4,2656.07
25-Jul-21,64745,9925,123825,4,4,3038
25-Jul-21,64776,11109,123873,1,0,5590
25-Jul-21,64798,8425,123915,1,1,3581
25-Jul-21,64807,11147,123930,1,0,1391
25-Jul-21,64830,8325,123975,3,0,10635.6
25-Jul-21,64901,3603,124086,1,1,5629
25-Jul-21,64925,12678,124131,6,0,1761.9
25-Jul-21,64999,1041,124278,1,0,4272
25-Jul-21,65103,8444,124467,1,0,3285.5
25-Jul-21,65122,7271,124500,3,3,2371
25-Jul-21,65191,8210,124620,10,10,12443
25-Jul-21,65214,12749,124662,1,0,4027.25
25-Jul-21,65219,9915,124677,5,0,2881
25-Jul-21,65226,8331,124695,2,0,4070
25-Jul-21,65232,12795,124710,5,0,685
25-Jul-21,65308,2862,124872,1,0,4200
25-Jul-21,65322,10227,124902,2,2,1413.48
25-Jul-21,65325,11156,124908,1,1,4460
25-Jul-21,65358,12700,124986,1,1,7924
25-Jul-21,65367,10975,125004,4,4,12779.7
25-Jul-21,65370,8219,125007,6,5,13288.2
25-Jul-21,65388,12700,125046,1,0,11128.3
25-Jul-21,65398,7504,125061,2,1,4025.43
25-Jul-21,65426,10227,125121,1,1,1413.48
25-Jul-21,65461,3603,125184,2,0,5629
25-Jul-21,65507,11110,125271,1,0,2415
25-Jul-21,65534,8443,125340,1,0,5526
25-Jul-21,65544,1041,125355,1,0,4423.22
25-Jul-21,65554,1040,125370,1,0,3435
25-Jul-21,65555,11658,125373,1,0,1365
25-Jul-21,65575,3012,125415,2,0,950
25-Jul-21,65609,11146,125487,1,0,3648
25-Jul-21,65624,8425,125508,2,0,3884
25-Jul-21,65673,3603,125586,3,0,5629
25-Jul-21,65763,8785,125751,3,0,3844
25-Jul-21,65833,11162,125865,2,0,2762
25-Jul-21,65854,12700,125910,3,0,7924
25-Jul-21,65880,3279,125952,1,1,5461
25-Jul-21,65932,7547,126066,2,0,15043.3
25-Jul-21,65962,11899,126138,2,0,12396.5
25-Jul-21,66000,11107,126228,1,0,3213
25-Jul-21,66032,10235,126294,2,0,1368.99
25-Jul-21,66036,11118,126303,1,0,2722
25-Jul-21,66038,7640,126306,1,0,12883.8
25-Jul-21,66073,8432,126378,1,0,4244
25-Jul-21,66108,11140,126447,1,0,6977
25-Jul-21,66110,1040,126450,5,5,3483
25-Jul-21,66114,7750,126456,2,0,169
25-Jul-21,66116,8425,126459,1,0,3884
25-Jul-21,66123,8425,126468,2,2,3978.5
25-Jul-21,66170,11118,126564,1,0,2478
25-Jul-21,66294,12487,126786,2,2,3423
25-Jul-21,66314,8425,126825,3,2,3978.5
25-Jul-21,66318,3610,126834,2,2,7817
25-Jul-21,66347,8221,126894,10,10,2789
25-Jul-21,66374,11118,126948,2,2,2722
25-Jul-21,66414,8428,127032,25,0,1540
25-Jul-21,66441,1548,127083,1,1,5550.9
25-Jul-21,66460,7640,127119,1,0,13642.3
25-Jul-21,66493,8219,127185,19,19,13488.3
25-Jul-21,66594,7867,127398,2,0,1995
25-Jul-21,66620,8457,127443,1,0,16349
25-Jul-21,66659,8751,127515,1,0,4085
25-Jul-21,66769,8455,127704,5,5,2665
25-Jul-21,66771,8364,127710,1,1,2865
25-Jul-21,66783,1041,127725,1,0,5738
25-Jul-21,66787,10235,127731,2,2,1368.99
25-Jul-21,66805,11124,127755,1,0,858
25-Jul-21,66870,8425,127842,1,1,3983.05
25-Jul-21,66979,12700,128079,2,2,7924
25-Jul-21,66997,8221,128109,10,10,2789
25-Jul-21,67001,11123,128121,1,0,3352
25-Jul-21,67061,10225,128256,1,0,4177.1
25-Jul-21,67111,12700,128349,1,0,7924
25-Jul-21,67126,11123,128376,2,0,3352
25-Jul-21,67142,12700,128406,1,1,11580
25-Jul-21,67144,10235,128409,10,10,1325
25-Jul-21,67161,11583,128445,1,0,2961
25-Jul-21,67182,10235,128490,3,3,1368.99
25-Jul-21,67190,1038,128511,1,0,7247
25-Jul-21,67197,9919,128532,1,1,3844
25-Jul-21,67204,1040,128544,1,0,3483
25-Jul-21,67205,1040,128547,1,1,3483
25-Jul-21,67307,7607,128739,5,0,7220
25-Jul-21,67310,10235,128745,5,5,1325
25-Jul-21,67339,1548,128799,1,0,10763
25-Jul-21,67404,3279,128943,1,1,5837
25-Jul-21,67436,11140,128994,1,0,4066
25-Jul-21,67475,1548,129069,1,0,10763
25-Jul-21,67485,8428,129087,10,10,1540
25-Jul-21,67549,1039,129207,2,0,2280
25-Jul-21,67556,8420,129222,1,0,6259
25-Jul-21,67557,8420,129222,1,0,5860
25-Jul-21,67610,10235,129327,5,5,1369.9
25-Jul-21,67623,8706,129351,1,0,6610
25-Jul-21,67643,11189,129402,1,0,5145
25-Jul-21,67659,11123,129438,1,1,7338
25-Jul-21,67717,10235,129543,2,2,1368.99
25-Jul-21,67806,11186,129696,3,3,3499
25-Jul-21,67814,8425,129714,10,0,4057
25-Jul-21,67821,1548,129729,1,1,10509
25-Jul-21,67928,8425,129969,1,1,4210
25-Jul-21,67940,10975,129990,1,0,21225
25-Jul-21,67951,12802,130011,21,21,2210.8
25-Jul-21,67959,8425,130029,1,0,4210
25-Jul-21,67986,9925,130083,2,1,3038
25-Jul-21,67992,10245,130092,1,0,5210.5
25-Jul-21,68052,10207,130212,2,0,5160
25-Jul-21,68068,8444,130233,2,2,6207
25-Jul-21,68070,12682,130239,1,0,2904.76
25-Jul-21,68119,7675,130335,1,0,590
25-Jul-21,68130,8762,130356,1,0,5507
25-Jul-21,68137,3234,130374,1,0,10700
25-Jul-21,68163,10235,130416,2,2,1369.9
25-Jul-21,68170,12677,130428,1,0,2142.86
25-Jul-21,68234,9916,130557,1,0,2619
25-Jul-21,68321,10975,130755,1,1,13542.7
25-Jul-21,68325,12749,130758,2,2,4025.42
25-Jul-21,68358,3591,130821,1,0,2978
25-Jul-21,68367,3603,130836,1,0,6197
25-Jul-21,68385,11189,130863,1,1,4998
25-Jul-21,68455,1548,130980,1,1,5550.9
25-Jul-21,68545,1548,131151,20,1,10509
25-Jul-21,68573,9919,131199,1,1,3844
25-Jul-21,68607,8210,131256,3,0,12443
25-Jul-21,68616,11169,131268,1,0,2741
25-Jul-21,68679,1043,131388,1,1,5320
25-Jul-21,68752,12699,131535,3,3,3170
25-Jul-21,68791,11118,131601,1,1,2478
25-Jul-21,68793,2282,131604,1,0,4000
25-Jul-21,68854,1041,131667,1,1,4528
25-Jul-21,68855,1041,131667,2,2,4066
25-Jul-21,68874,10204,131703,4,4,3490
25-Jul-21,68878,1041,131712,1,0,4972
25-Jul-21,68890,8219,131742,4,4,13488.3
25-Jul-21,68903,9174,131769,1,1,5526
25-Jul-21,68918,1041,131808,5,0,4725
25-Jul-21,68947,7640,131856,1,0,14695
25-Jul-21,68954,1548,131874,3,3,10509
25-Jul-21,68971,1548,131907,3,1,5127.12
25-Jul-21,69022,9915,132000,1,0,2447
25-Jul-21,69044,7785,132033,3,0,2730
25-Jul-21,69074,8444,132093,2,2,3252
25-Jul-21,69097,10204,132132,1,1,3066
25-Jul-21,69101,8420,132141,1,0,5860
25-Jul-21,69104,11735,132150,1,0,6699
25-Jul-21,69111,1041,132159,1,1,5004
25-Jul-21,69114,12784,132165,20,0,2813
25-Jul-21,69139,8198,132216,1,0,6604
25-Jul-21,69156,10235,132264,1,0,1368.99
25-Jul-21,69157,10235,132264,4,0,1344.5
25-Jul-21,69212,11143,132360,1,1,2810
25-Jul-21,69266,10975,132450,1,1,21225
25-Jul-21,69276,11160,132453,1,0,5439
25-Jul-21,69372,10235,132642,1,1,1369.9
25-Jul-21,69385,12471,132663,1,0,24350
25-Jul-21,69419,11146,132735,1,0,7287
25-Jul-21,69442,11113,132759,2,0,4561
25-Jul-21,69447,7666,132768,1,0,10933
25-Jul-21,69478,8335,132822,1,1,2597
25-Jul-21,69492,12487,132861,2,2,3322
25-Jul-21,69521,8354,132918,2,0,15369
25-Jul-21,69593,8444,133041,1,0,3252
25-Jul-21,69609,7571,133071,1,0,3700
25-Jul-21,69654,11169,133152,1,0,4956
25-Jul-21,69691,11118,133221,1,0,2722
25-Jul-21,69725,8210,133290,3,3,14679
25-Jul-21,69731,12750,133305,1,1,2847.46
25-Jul-21,69748,8384,133329,1,1,4658
25-Jul-21,69750,11133,133329,1,1,7358
25-Jul-21,69767,3613,133371,1,0,11139
25-Jul-21,69776,3610,133392,1,1,11939
25-Jul-21,69804,8444,133449,1,0,3252
25-Jul-21,69836,11138,133506,1,0,6142
25-Jul-21,69850,7651,133527,1,0,27481
25-Jul-21,69931,8325,133701,2,0,9576.27
25-Jul-21,69940,9941,133713,1,0,5537
25-Jul-21,69981,1548,133785,2,2,10509
25-Jul-21,70002,8219,133824,8,8,13488.3
25-Jul-21,70015,10235,133854,2,2,1369.9
25-Jul-21,70020,11168,133863,1,1,6006
25-Jul-21,70021,3613,133866,1,1,11183
25-Jul-21,70030,11160,133884,1,0,6275
25-Jul-21,70090,10204,133995,2,0,3711
25-Jul-21,70133,10235,134079,6,0,1398
25-Jul-21,70171,11107,134166,1,0,3166
25-Jul-21,70239,12701,134304,1,1,5013.56
25-Jul-21,70301,12749,134412,2,0,4186.44
25-Jul-21,70337,1038,134475,2,2,6724
25-Jul-21,70387,8471,134568,1,1,19280
25-Jul-21,70394,10225,134580,1,1,4505.64
25-Jul-21,70431,8221,134637,10,10,2779.67
25-Jul-21,70471,9174,134721,5,5,5297
25-Jul-21,70489,9916,134748,1,1,2619
25-Jul-21,70503,8420,134778,1,0,5580
25-Jul-21,70511,3279,134802,1,1,5837
25-Jul-21,70567,9883,134946,1,0,7352
25-Jul-21,70576,8425,134970,2,1,4057
25-Jul-21,70577,8425,134970,1,1,3997
25-Jul-21,70610,11899,135039,2,0,12373
25-Jul-21,70618,11152,135054,2,0,6955
25-Jul-21,70646,11107,135108,1,0,3166
25-Jul-21,70757,9916,135315,5,5,2619
25-Jul-21,70774,8420,135354,1,1,5756
25-Jul-21,70828,8444,135444,1,1,6880
25-Jul-21,70831,12799,135450,5,2,15184
25-Jul-21,70833,11118,135453,1,0,2722
25-Jul-21,70841,12688,135471,4,4,1048
25-Jul-21,70864,11118,135507,3,0,2142
25-Jul-21,70882,11140,135543,1,0,4460
25-Jul-21,70888,8444,135552,1,1,3252
25-Jul-21,70895,8444,135561,2,2,3252
25-Jul-21,70921,8219,135612,1,1,13288.2
25-Jul-21,70922,8219,135612,1,1,13488.3
25-Jul-21,70923,11146,135615,2,0,3669
25-Jul-21,70925,8443,135621,2,0,6800
25-Jul-21,70956,8384,135675,3,3,4746
25-Jul-21,70960,8214,135681,1,0,4022.03
25-Jul-21,70967,11106,135699,2,0,4120
25-Jul-21,70999,10226,135765,2,0,3593.2
25-Jul-21,71035,1548,135846,1,0,10509
25-Jul-21,71056,9900,135885,1,0,5948
25-Jul-21,71072,7872,135915,1,1,1202
25-Jul-21,71106,9899,135975,10,10,1711
25-Jul-21,71112,10227,135984,5,0,1480
25-Jul-21,71174,10235,136086,3,3,1420
25-Jul-21,71177,7890,136089,2,1,2321
25-Jul-21,71190,3615,136107,5,0,4155
25-Jul-21,71263,3284,136236,3,0,3634
25-Jul-21,71306,8462,136308,1,0,3770
25-Jul-21,71334,10235,136371,2,0,1325
25-Jul-21,71406,11172,136518,2,2,2583
25-Jul-21,71420,12800,136539,4,2,8
25-Jul-21,71422,11143,136545,1,0,2688
25-Jul-21,71444,1548,136587,1,1,10763
25-Jul-21,71449,9925,136593,4,4,3038
25-Jul-21,71493,12677,136686,12,12,2142.86
25-Jul-21,71494,8335,136689,1,0,2597
25-Jul-21,71537,7835,136761,3,3,4449.15
25-Jul-21,71542,1548,136767,1,0,10509
25-Jul-21,71577,1038,136845,1,0,6985
25-Jul-21,71635,10236,136956,1,1,1302.5
25-Jul-21,71657,11899,136998,1,1,12373
25-Jul-21,71718,10235,137127,2,0,1420
25-Jul-21,71738,11189,137169,1,0,5145
25-Jul-21,71755,10204,137202,1,0,3490
25-Jul-21,71843,1043,137361,1,1,10533
25-Jul-21,71872,11146,137418,2,2,3669
25-Jul-21,71936,1043,137538,1,0,20310
25-Jul-21,72048,11907,137757,2,0,3932.25
25-Jul-21,72074,8444,137820,2,0,3252
25-Jul-21,72110,12677,137883,1,0,2142.86
25-Jul-21,72143,10235,137940,2,2,1420
25-Jul-21,72164,12685,137964,1,0,1880.95
25-Jul-21,72188,1041,138003,3,3,4066
25-Jul-21,72191,9925,138009,12,12,3038
25-Jul-21,72270,9899,138174,9,9,1711
25-Jul-21,72286,11107,138216,1,1,3166
25-Jul-21,72305,11123,138249,1,1,3352
25-Jul-21,72308,1548,138255,1,0,10763
25-Jul-21,72312,3284,138261,1,0,3634
25-Jul-21,72334,12920,138303,1,0,5250
25-Jul-21,72385,12920,138417,1,0,5250
25-Jul-21,72432,8337,138513,1,0,1569
25-Jul-21,146946,8428,296763,6,6,1725
25-Jul-21,146955,1805,296787,1,0,17527
25-Jul-21,146985,12748,296841,2,2,2810
25-Jul-21,146999,10204,296868,1,0,4024
25-Jul-21,147050,3606,296964,4,0,6166
25-Jul-21,147070,8221,297003,5,5,3545
25-Jul-21,147155,11658,297168,2,0,1804
25-Jul-21,147173,3615,297210,1,0,6041
25-Jul-21,147177,8444,297222,1,0,5771
25-Jul-21,147231,10235,297342,2,0,1387
25-Jul-21,147278,8221,297432,2,0,6182
25-Jul-21,147313,10235,297501,6,0,1446
25-Jul-21,147333,8443,297543,2,2,3627
26-Jul-21,62687,7526,120006,1,0,5438.14
26-Jul-21,62745,2862,120153,2,2,4200
26-Jul-21,62752,3610,120165,2,0,8085
26-Jul-21,62766,3610,120198,2,0,12364
26-Jul-21,62782,8464,120237,1,0,28423
26-Jul-21,62784,11146,120243,1,0,3868
26-Jul-21,62785,10531,120246,1,0,2203.5
26-Jul-21,62823,8462,120330,1,0,7403
26-Jul-21,62827,3615,120339,2,0,4163
26-Jul-21,62840,8782,120366,1,0,3703
26-Jul-21,62859,11189,120402,2,0,4998
26-Jul-21,62882,8457,120429,1,0,15834
26-Jul-21,62884,8210,120432,2,0,12758
26-Jul-21,62891,1041,120453,1,1,4240.14
26-Jul-21,62896,1548,120465,1,0,10509
26-Jul-21,62933,11907,120522,2,0,4264
26-Jul-21,62938,8210,120537,1,0,13615
26-Jul-21,62945,8210,120555,2,2,13615
26-Jul-21,62976,7504,120615,1,0,4025.43
26-Jul-21,63014,8441,120705,1,0,3001
26-Jul-21,63017,8438,120708,1,0,3324
26-Jul-21,63037,1548,120750,1,0,10763
26-Jul-21,63056,11731,120765,1,0,4947.59
26-Jul-21,63109,11140,120891,1,0,4331
26-Jul-21,63125,10975,120921,1,0,8453.39
26-Jul-21,63137,3284,120936,4,0,3306
26-Jul-21,63159,8443,120981,1,0,6134
26-Jul-21,63190,11155,121011,1,0,14629
26-Jul-21,63265,11907,121149,80,0,3932.25
26-Jul-21,63268,10204,121155,2,2,3500
26-Jul-21,63280,10235,121182,1,0,1325
26-Jul-21,63394,9915,121431,1,0,2447
26-Jul-21,63461,11105,121545,1,0,23015
26-Jul-21,63470,10227,121569,1,0,1413.48
26-Jul-21,63472,10235,121569,1,0,1324.5
26-Jul-21,63491,11143,121587,1,0,2478
26-Jul-21,63497,11154,121587,1,0,10500
26-Jul-21,63502,11161,121587,1,0,5717
26-Jul-21,63529,8067,121617,1,0,3042
26-Jul-21,63540,11106,121620,1,0,3770
26-Jul-21,63557,9925,121659,1,0,3038
26-Jul-21,63562,10235,121662,2,0,1325
26-Jul-21,63564,11163,121662,1,0,4746
26-Jul-21,63572,11731,121671,2,1,5229.63
26-Jul-21,63610,8210,121731,1,1,13007
26-Jul-21,63663,10975,121836,1,1,12779.7
26-Jul-21,63681,2282,121872,1,0,4000
26-Jul-21,63693,11147,121899,1,0,1470
26-Jul-21,63698,3279,121911,1,0,5461
26-Jul-21,63703,7790,121923,1,0,4812.14
26-Jul-21,63716,10235,121947,15,15,1324.5
26-Jul-21,63733,11162,121998,1,1,2961
26-Jul-21,63797,1043,122118,1,1,5319.99
26-Jul-21,63840,12700,122193,1,0,6940.7
26-Jul-21,63954,10236,122409,3,3,1302.25
26-Jul-21,63966,8751,122424,1,0,3665
26-Jul-21,63995,10235,122472,1,1,1350
26-Jul-21,64000,8421,122481,1,0,4536
26-Jul-21,64017,10235,122517,1,1,1368.99
26-Jul-21,64029,8425,122538,2,2,3522.2
26-Jul-21,64053,11146,122571,2,2,4358
26-Jul-21,64116,8440,122682,1,0,7944
26-Jul-21,64121,7586,122694,1,0,9525.42
26-Jul-21,64136,1038,122712,1,1,6988
26-Jul-21,64137,1038,122712,2,2,6854
26-Jul-21,64245,9916,122925,1,0,2797
26-Jul-21,64259,11136,122931,1,0,2533
26-Jul-21,64270,11118,122955,1,1,2722
26-Jul-21,64273,11136,122955,1,1,2533
26-Jul-21,64305,7780,123024,1,0,3487
26-Jul-21,64406,8751,123195,1,0,9240
26-Jul-21,64431,8438,123222,1,0,3393
26-Jul-21,64526,1040,123390,8,3,3447
26-Jul-21,64528,11146,123393,1,1,8384
26-Jul-21,64580,11731,123507,2,2,5229.63
26-Jul-21,64644,7776,123630,1,0,2374
26-Jul-21,64719,8664,123765,3,0,2288.2
26-Jul-21,64727,7806,123774,1,0,3116
26-Jul-21,64740,3284,123810,4,4,3306
26-Jul-21,64773,9925,123867,5,5,3038
26-Jul-21,64801,8444,123921,5,5,3285.5
26-Jul-21,64884,10236,124059,2,0,1302.25
26-Jul-21,64902,8425,124089,1,1,3522.2
26-Jul-21,64910,9916,124104,1,1,2797
26-Jul-21,64919,8221,124116,7,0,2779.67
26-Jul-21,64961,10236,124218,4,3,1302.5
26-Jul-21,64975,9919,124242,1,1,3844
26-Jul-21,65124,9925,124506,11,0,4783
26-Jul-21,65164,10531,124593,2,2,2203.5
26-Jul-21,65170,7449,124602,1,0,2176
26-Jul-21,65227,8330,124695,3,0,2012
26-Jul-21,65298,9925,124851,4,0,3038
26-Jul-21,65307,7146,124869,1,0,187.5
26-Jul-21,65315,11152,124887,1,0,6038
26-Jul-21,65417,12700,125097,4,4,7924
26-Jul-21,65452,1040,125172,1,1,3503
26-Jul-21,65516,3611,125295,1,1,3149.44
26-Jul-21,65523,10235,125313,5,5,1369.9
26-Jul-21,65579,12390,125427,1,0,5161
26-Jul-21,65595,11162,125460,1,0,2741
26-Jul-21,65648,11118,125547,3,3,2722
26-Jul-21,65710,10204,125643,1,1,3242
26-Jul-21,65783,1039,125796,1,0,2478
26-Jul-21,65914,10531,126027,1,0,2204
26-Jul-21,65997,7872,126225,5,5,1670
26-Jul-21,66095,8422,126417,1,0,5675
26-Jul-21,66146,7640,126510,1,1,12883.8
26-Jul-21,66174,8421,126573,1,0,4826
26-Jul-21,66253,9919,126711,2,2,3702
26-Jul-21,66282,8219,126771,70,0,13288.2
26-Jul-21,66283,8219,126771,24,0,13488.3
26-Jul-21,66321,3610,126837,1,0,7817
26-Jul-21,66328,3592,126852,2,2,9636
26-Jul-21,66333,7504,126861,1,1,3992
26-Jul-21,66343,11899,126882,1,0,12396.5
26-Jul-21,66346,11107,126891,1,1,3166
26-Jul-21,66364,10235,126930,4,4,1324.5
26-Jul-21,66366,11152,126933,1,0,6038
26-Jul-21,66378,8210,126954,1,1,12674
26-Jul-21,66453,10235,127101,4,0,1325
26-Jul-21,66468,9919,127140,1,0,3844
26-Jul-21,66545,3284,127281,3,3,3306
26-Jul-21,66602,9919,127413,1,1,3844
26-Jul-21,66615,3279,127434,1,1,5461
26-Jul-21,66691,3613,127587,1,0,8911
26-Jul-21,66694,8429,127593,1,0,2665
26-Jul-21,66695,11143,127593,3,0,2810
26-Jul-21,66770,12703,127707,2,0,2641.02
26-Jul-21,66795,7675,127740,10,0,565
26-Jul-21,66803,9916,127752,1,0,2331
26-Jul-21,66907,12407,127914,1,1,11271
26-Jul-21,66912,8421,127926,1,0,4104
26-Jul-21,66938,11118,127995,1,0,2722
26-Jul-21,66960,8425,128046,4,4,3983.05
26-Jul-21,66977,11106,128073,1,1,3350
26-Jul-21,67030,9881,128196,1,0,14773
26-Jul-21,67042,8482,128208,1,1,10284
26-Jul-21,67103,8335,128334,2,2,2597
26-Jul-21,67106,10529,128343,1,0,7731
26-Jul-21,67170,9925,128469,17,17,3038
26-Jul-21,67173,9912,128478,1,0,3977
26-Jul-21,67269,11123,128676,2,1,5757
26-Jul-21,67313,3610,128751,3,0,12605
26-Jul-21,67318,7666,128760,1,1,10933
26-Jul-21,67342,1548,128805,1,0,10763
26-Jul-21,67361,11139,128844,1,0,4221
26-Jul-21,67376,1041,128874,1,0,5429
26-Jul-21,67481,1548,129078,1,0,10509
26-Jul-21,67534,12809,129171,10,0,2618.64
26-Jul-21,67635,11731,129381,3,0,5232
26-Jul-21,67694,10235,129501,3,3,1325
26-Jul-21,67698,3613,129507,1,1,9600
26-Jul-21,67708,3302,129531,1,0,2664
26-Jul-21,67714,1041,129537,1,0,4252
26-Jul-21,67736,12487,129573,6,0,3322
26-Jul-21,67766,8354,129633,1,0,7765
26-Jul-21,67773,8210,129645,1,0,6694
26-Jul-21,67784,12800,129663,16,4,8
26-Jul-21,67904,11731,129915,2,0,4402
26-Jul-21,67916,8210,129948,1,0,6694
26-Jul-21,67932,9919,129975,5,0,3666
26-Jul-21,67995,1038,130095,1,1,6985
26-Jul-21,68015,3635,130128,1,1,3937
26-Jul-21,68018,11146,130131,1,0,3667
26-Jul-21,68021,9802,130137,1,0,4370
26-Jul-21,68035,11146,130167,1,0,3667
26-Jul-21,68069,8444,130236,1,1,6345
26-Jul-21,68118,7675,130335,1,0,565
26-Jul-21,68121,9898,130341,1,0,3011
26-Jul-21,68134,9919,130368,5,4,3844
26-Jul-21,68144,3610,130392,2,2,12605
26-Jul-21,68216,7640,130521,1,0,14695
26-Jul-21,68217,7640,130521,1,0,13886
26-Jul-21,68240,8441,130569,1,0,3326
26-Jul-21,68269,1548,130632,2,0,10509
26-Jul-21,68304,10235,130719,2,0,1344.5
26-Jul-21,68311,9915,130734,7,0,2881
26-Jul-21,68317,12800,130746,5,0,8
26-Jul-21,68368,11119,130839,1,0,18144
26-Jul-21,68401,9897,130896,1,0,2062
26-Jul-21,68407,7637,130905,1,1,29661
26-Jul-21,68410,11189,130905,1,1,4998
26-Jul-21,68414,12800,130908,10,5,8
26-Jul-21,68428,11143,130935,1,1,2688
26-Jul-21,68441,10529,130953,1,1,7444
26-Jul-21,68489,1548,131040,6,6,5127.12
26-Jul-21,68531,3610,131121,1,0,11939
26-Jul-21,68576,10975,131205,1,1,12275
26-Jul-21,68580,9915,131208,1,0,2881
26-Jul-21,68605,8325,131253,1,1,12235.2
26-Jul-21,68643,10204,131322,10,0,3490
26-Jul-21,68693,9932,131415,1,0,5299
26-Jul-21,68722,1041,131469,5,0,4725
26-Jul-21,68780,10235,131592,2,0,1344.5
26-Jul-21,68800,7243,131616,1,0,3165
26-Jul-21,68884,1039,131727,2,2,2478
26-Jul-21,68893,12487,131748,18,18,3322
26-Jul-21,68907,8420,131781,1,0,5860
26-Jul-21,68936,1548,131832,2,2,5127.12
26-Jul-21,68945,7640,131850,1,0,13886
26-Jul-21,68968,11140,131904,1,1,4066
26-Jul-21,68986,9919,131937,1,1,3666
26-Jul-21,69030,2282,132006,1,0,4000
26-Jul-21,69032,7785,132012,3,0,2730
26-Jul-21,69058,8444,132063,1,1,3252
26-Jul-21,69063,8462,132072,1,0,3721
26-Jul-21,69064,8462,132072,1,0,1925
26-Jul-21,69066,3603,132078,1,0,6197
26-Jul-21,69079,3603,132105,1,1,6197
26-Jul-21,69136,8432,132210,2,0,3899
26-Jul-21,69187,10224,132315,1,1,4311.9
26-Jul-21,69296,10529,132486,1,0,13965
26-Jul-21,69299,8219,132495,10,10,13288.2
26-Jul-21,69350,8219,132582,11,10,13488.3
26-Jul-21,69413,3279,132726,2,2,5837
26-Jul-21,69433,10531,132750,1,1,2460
26-Jul-21,69434,7550,132750,1,1,2450
26-Jul-21,69438,12700,132753,1,1,7924
26-Jul-21,69538,7438,132942,1,0,31741
26-Jul-21,69551,12700,132966,1,0,7924
26-Jul-21,69560,8210,132990,1,0,6720
26-Jul-21,69621,8169,133083,1,0,5975
26-Jul-21,69642,11136,133128,2,2,2533
26-Jul-21,69644,1041,133131,1,0,4725
26-Jul-21,69702,9912,133242,1,0,3977
26-Jul-21,69714,11140,133272,1,0,4066
26-Jul-21,69822,9916,133485,1,0,2619
26-Jul-21,69847,3613,133521,1,0,11183
26-Jul-21,69856,10529,133545,1,0,13466
26-Jul-21,69887,8221,133623,2,0,2789
26-Jul-21,69917,11140,133683,1,0,4460
26-Jul-21,69933,8384,133704,1,1,4746
26-Jul-21,69942,11118,133713,1,0,2478
26-Jul-21,69963,11143,133758,1,1,2810
26-Jul-21,70005,1041,133833,5,5,4272
26-Jul-21,70016,10235,133854,3,3,1325
26-Jul-21,70032,11162,133884,1,0,3100
26-Jul-21,70035,1548,133887,8,8,5127.12
26-Jul-21,70062,8444,133947,1,1,6166
26-Jul-21,70081,11899,133980,1,0,12396.5
26-Jul-21,70143,1039,134106,1,0,2280
26-Jul-21,70156,3610,134130,1,0,11939
26-Jul-21,70196,3615,134217,1,0,3879
26-Jul-21,70238,12701,134304,1,1,7253.9
26-Jul-21,70291,9915,134400,1,1,2447
26-Jul-21,70296,10235,134406,1,1,1420
26-Jul-21,70325,8444,134454,1,1,6345
26-Jul-21,70330,12799,134466,2,0,15726.9
26-Jul-21,70346,3279,134487,2,2,5837
26-Jul-21,70356,8444,134514,1,1,3252
26-Jul-21,70400,12701,134583,2,0,5013.56
26-Jul-21,70411,8331,134610,1,1,4070
26-Jul-21,70441,11118,134658,1,0,2722
26-Jul-21,70456,8335,134685,1,0,1987
26-Jul-21,70477,8219,134727,1,0,13288.2
26-Jul-21,70532,9171,134862,1,0,4630
26-Jul-21,70595,7271,135009,26,0,2239
26-Jul-21,70629,11172,135069,1,0,2657
26-Jul-21,70734,3613,135267,3,3,10143
26-Jul-21,70784,9825,135366,1,1,2764
26-Jul-21,70809,9171,135411,4,0,4630
26-Jul-21,70825,11110,135441,1,1,2363
26-Jul-21,70868,11118,135513,2,0,2722
26-Jul-21,70907,3568,135579,1,0,6655
26-Jul-21,70914,12920,135597,2,0,4661.02
26-Jul-21,70927,11172,135627,1,0,2796
26-Jul-21,70936,8219,135648,1,1,13597
26-Jul-21,71043,10975,135861,1,1,11796.6
26-Jul-21,71081,7691,135930,1,0,84
26-Jul-21,71101,11143,135966,1,0,3266
26-Jul-21,71149,10224,136038,1,1,4461.15
26-Jul-21,71193,3615,136113,3,3,4339
26-Jul-21,71212,11107,136152,1,0,3166
26-Jul-21,71250,8219,136221,2,2,13288.2
26-Jul-21,71280,11123,136260,1,0,5162
26-Jul-21,71343,8337,136392,1,0,1569
26-Jul-21,71354,12800,136410,2,0,8
26-Jul-21,71374,11136,136455,5,5,2481
26-Jul-21,71393,1041,136488,1,1,4240
26-Jul-21,71397,8422,136500,4,0,3260
26-Jul-21,71439,10207,136575,2,0,5160
26-Jul-21,71507,1038,136704,3,3,6854
26-Jul-21,71527,1038,136740,1,1,6988
26-Jul-21,71548,11138,136773,1,1,60732
26-Jul-21,71574,11982,136836,3,0,2100
26-Jul-21,71599,11143,136890,1,1,2688
26-Jul-21,71603,9919,136896,1,1,3666
26-Jul-21,71618,1548,136929,2,2,5127.12
26-Jul-21,71634,10227,136956,10,10,1369.9
26-Jul-21,71666,8131,137019,1,1,8694
26-Jul-21,71745,3284,137184,2,1,3690
26-Jul-21,71780,11143,137247,1,1,2810
26-Jul-21,71798,9916,137277,5,5,2619
26-Jul-21,71867,7640,137412,1,1,14695
26-Jul-21,71870,11731,137415,1,1,4947.59
26-Jul-21,71871,1040,137418,1,1,3842
26-Jul-21,71881,9916,137433,1,1,2619
26-Jul-21,71888,8462,137451,1,1,7403
26-Jul-21,71908,8219,137487,2,2,13488.3
26-Jul-21,71917,8484,137502,4,0,7754.23
26-Jul-21,71943,7640,137553,1,1,13886
26-Jul-21,71957,3610,137589,1,1,12605
26-Jul-21,71981,8425,137631,1,0,4110
26-Jul-21,71992,12679,137655,4,4,2428.57
26-Jul-21,72001,1041,137670,1,1,4693
26-Jul-21,72026,8223,137706,2,2,16080.5
26-Jul-21,72042,11168,137739,1,0,5922
26-Jul-21,72150,9925,137952,3,0,3038
26-Jul-21,72218,8444,138072,1,0,3252
26-Jul-21,72251,11953,138132,10,0,3950
26-Jul-21,72349,8662,138339,5,0,2732.2
26-Jul-21,72355,9912,138354,3,2,4068
26-Jul-21,72362,8332,138369,1,0,2316
26-Jul-21,72370,1038,138381,1,0,6988
26-Jul-21,72380,1548,138405,1,1,10763
26-Jul-21,72391,8444,138432,6,6,6108
26-Jul-21,72398,8384,138444,1,1,4658
26-Jul-21,72417,9932,138480,1,0,3478
26-Jul-21,147044,9901,296946,1,1,3831
26-Jul-21,147048,12748,296958,1,0,2810
26-Jul-21,147052,8424,296967,2,0,3309
26-Jul-21,147059,3606,296979,3,3,6166
26-Jul-21,147068,8434,297000,1,0,6203
26-Jul-21,147077,12701,297018,1,0,6440
26-Jul-21,147153,8457,297165,2,2,8039
26-Jul-21,147154,8457,297165,2,2,7755
26-Jul-21,147166,11137,297192,1,1,3635
26-Jul-21,147226,1041,297339,1,1,5090
26-Jul-21,147239,9915,297354,1,0,3599
26-Jul-21,147257,8428,297399,5,0,1618
26-Jul-21,147296,11233,297465,4,4,12650
26-Jul-21,147340,8221,297561,2,0,6182
27-Jul-21,62611,9916,119880,2,2,2904.41
27-Jul-21,62663,3615,119961,1,0,4252
27-Jul-21,62719,11125,120087,4,4,1892
27-Jul-21,62726,10235,120105,9,9,1324.5
27-Jul-21,62746,8219,120156,85,85,13288.2
27-Jul-21,62753,1041,120168,1,0,4693.47
27-Jul-21,62787,8221,120249,2,1,2779.67
27-Jul-21,62837,8425,120360,1,0,3374
27-Jul-21,62865,3279,120417,1,0,5461
27-Jul-21,62936,3279,120531,2,2,5461
27-Jul-21,62939,10235,120540,6,6,1368.99
27-Jul-21,62952,7869,120570,2,0,3381
27-Jul-21,62957,11106,120570,1,0,3822
27-Jul-21,63022,8219,120711,10,10,13488.3
27-Jul-21,63050,10236,120765,1,0,1257.76
27-Jul-21,63058,8325,120771,2,2,10900.4
27-Jul-21,63068,7271,120792,1,0,2371
27-Jul-21,63108,8362,120888,1,0,3037
27-Jul-21,63157,3279,120978,2,2,5461
27-Jul-21,63175,8438,120999,1,0,3629
27-Jul-21,63278,3279,121179,1,0,5300
27-Jul-21,63283,8444,121191,1,0,5719
27-Jul-21,63293,11143,121209,1,0,2822
27-Jul-21,63298,3603,121218,3,0,5629
27-Jul-21,63299,3284,121221,3,0,3306
27-Jul-21,63323,1041,121263,2,0,5738
27-Jul-21,63348,8444,121317,1,0,3271.8
27-Jul-21,63365,7539,121359,3,0,2964
27-Jul-21,63377,8420,121392,1,0,5626
27-Jul-21,63384,12713,121401,4,4,2400
27-Jul-21,63391,11140,121422,1,1,7623
27-Jul-21,63441,8221,121515,10,0,2726.15
27-Jul-21,63558,7575,121662,1,0,5745.25
27-Jul-21,63606,11162,121719,1,0,3100
27-Jul-21,63738,9916,122010,3,0,2797
27-Jul-21,63741,12700,122016,2,2,6940.7
27-Jul-21,63755,12487,122043,16,0,3322
27-Jul-21,63781,7705,122097,10,10,2367
27-Jul-21,63835,11118,122184,1,0,2142
27-Jul-21,63910,8664,122319,1,1,2288.2
27-Jul-21,63929,8210,122358,1,1,13007
27-Jul-21,63952,8435,122409,1,0,11971
27-Jul-21,63957,11731,122409,1,1,4947.59
27-Jul-21,63968,11139,122424,1,0,3738
27-Jul-21,64018,10235,122517,1,1,1324.5
27-Jul-21,64026,10235,122535,2,2,1325
27-Jul-21,64055,11133,122574,1,1,1691
27-Jul-21,64079,1040,122607,23,23,3503
27-Jul-21,64110,1040,122673,1,0,3503
27-Jul-21,64144,11118,122718,1,1,2142
27-Jul-21,64266,11118,122949,1,0,2722
27-Jul-21,64277,2862,122967,1,1,4200
27-Jul-21,64281,7271,122973,1,0,2347
27-Jul-21,64316,10235,123033,7,7,1324.5
27-Jul-21,64386,10529,123153,1,0,7731
27-Jul-21,64451,8425,123258,1,1,3468
27-Jul-21,64567,8425,123480,3,0,3468
27-Jul-21,64603,3610,123552,1,0,12054
27-Jul-21,64621,8438,123585,4,0,3324
27-Jul-21,64651,8420,123648,1,0,5720
27-Jul-21,64702,8425,123738,3,0,3374
27-Jul-21,64710,11141,123753,1,0,4998
27-Jul-21,64772,7802,123864,1,0,5162
27-Jul-21,64787,1805,123888,1,1,18732.9
27-Jul-21,64797,7774,123912,1,0,3371
27-Jul-21,64847,1043,123999,1,0,10532.9
27-Jul-21,64944,1043,124182,1,0,21474
27-Jul-21,64957,8425,124215,3,3,3522.2
27-Jul-21,64971,9925,124233,4,4,3038
27-Jul-21,65021,8428,124311,5,5,1587
27-Jul-21,65023,11899,124317,1,1,11857
27-Jul-21,65050,8428,124362,20,0,1540
27-Jul-21,65099,12699,124461,1,0,3170
27-Jul-21,65127,1038,124512,2,2,6854.56
27-Jul-21,65190,8210,124620,25,25,14679
27-Jul-21,65202,8210,124629,10,10,12674
27-Jul-21,65239,10235,124722,1,0,1324.5
27-Jul-21,65252,12661,124752,1,0,7027.8
27-Jul-21,65265,9915,124782,2,0,2881
27-Jul-21,65283,9919,124824,2,0,3666
27-Jul-21,65289,7533,124839,1,1,4882
27-Jul-21,65335,9925,124929,1,1,3038
27-Jul-21,65373,12700,125016,2,0,7924
27-Jul-21,65420,11658,125106,1,0,1365
27-Jul-21,65432,9925,125127,1,1,3038
27-Jul-21,65433,10204,125130,1,0,3066
27-Jul-21,65489,9915,125238,1,1,2447
27-Jul-21,65508,11172,125274,2,0,2625
27-Jul-21,65515,7666,125292,1,0,5636
27-Jul-21,65562,8432,125385,1,0,4244
27-Jul-21,65572,8684,125406,1,0,2714
27-Jul-21,65612,8462,125496,1,0,3616
27-Jul-21,65654,8105,125553,1,0,10500
27-Jul-21,65700,11189,125628,3,3,4998
27-Jul-21,65701,12682,125631,2,0,2904.76
27-Jul-21,65712,10236,125646,1,0,1257.6
27-Jul-21,65731,10975,125691,2,0,11254.5
27-Jul-21,65754,10235,125736,1,1,1368.99
27-Jul-21,65760,12487,125745,1,0,3526
27-Jul-21,65780,7666,125790,2,2,10933
27-Jul-21,65808,8444,125844,1,1,3252
27-Jul-21,65816,12403,125850,1,0,4145.36
27-Jul-21,65861,12700,125925,1,1,7924
27-Jul-21,65889,9882,125973,3,0,10920
27-Jul-21,65912,1043,126024,1,0,20796
27-Jul-21,65930,10235,126060,2,0,1325
27-Jul-21,65947,2862,126099,1,0,4200
27-Jul-21,65950,1040,126108,1,0,3618
27-Jul-21,65970,10235,126162,2,0,1368.99
27-Jul-21,66028,11240,126285,5,3,10240.7
27-Jul-21,66060,11189,126357,1,0,5145
27-Jul-21,66089,7640,126399,1,0,12883.8
27-Jul-21,66099,12749,126429,2,2,4025.42
27-Jul-21,66124,8439,126468,1,0,944
27-Jul-21,66134,529,126498,1,0,1650
27-Jul-21,66196,7804,126615,1,0,1855
27-Jul-21,66197,3615,126618,2,0,4670
27-Jul-21,66272,1805,126750,1,0,18733
27-Jul-21,66291,10204,126780,1,0,3066
27-Jul-21,66416,10204,127038,1,0,3066
27-Jul-21,66471,10235,127143,3,0,1325
27-Jul-21,66537,11907,127260,4,3,3932.25
27-Jul-21,66544,3620,127278,1,0,4947
27-Jul-21,66546,3620,127281,1,1,4947
27-Jul-21,66570,1548,127350,1,0,10509
27-Jul-21,66573,11155,127356,1,0,12506
27-Jul-21,66607,8425,127419,1,0,3884
27-Jul-21,66652,9925,127503,1,0,3038
27-Jul-21,66658,7640,127512,1,0,12883.8
27-Jul-21,66690,9925,127584,15,0,3038
27-Jul-21,66705,10975,127605,1,0,21225
27-Jul-21,66714,10224,127620,1,0,4132.2
27-Jul-21,66715,10224,127620,1,0,4311.9
27-Jul-21,66726,11146,127623,1,1,6979
27-Jul-21,66731,10522,127635,5,0,2470
27-Jul-21,66738,3610,127647,1,1,7607
27-Jul-21,66752,1041,127668,1,1,4455
27-Jul-21,66763,9900,127698,2,0,5709
27-Jul-21,66781,1041,127719,5,0,5738
27-Jul-21,66796,11899,127743,2,2,12162.7
27-Jul-21,66906,11658,127911,1,1,1365
27-Jul-21,66923,10235,127956,1,0,1325
27-Jul-21,67028,8221,128190,1,0,2789
27-Jul-21,67032,9895,128196,1,0,1295
27-Jul-21,67033,8425,128199,1,1,3884
27-Jul-21,67052,11120,128232,1,0,19384.8
27-Jul-21,67058,12763,128250,2,0,3307.5
27-Jul-21,67073,10236,128277,1,0,1302.5
27-Jul-21,67098,7271,128319,1,0,2694
27-Jul-21,67149,3610,128424,1,1,7607
27-Jul-21,67159,1039,128439,1,0,2236
27-Jul-21,67179,10226,128487,1,1,3772.9
27-Jul-21,67187,9925,128502,4,4,3038
27-Jul-21,67195,11982,128526,3,0,2100
27-Jul-21,67225,11731,128592,1,0,4402
27-Jul-21,67256,8210,128646,1,1,13007
27-Jul-21,67340,12806,128802,1,0,25423.7
27-Jul-21,67359,11658,128838,1,1,1365
27-Jul-21,67370,8354,128856,1,0,7765
27-Jul-21,67387,10975,128898,1,0,12275
27-Jul-21,67412,3620,128955,1,1,5185
27-Jul-21,67423,8684,128973,20,0,2501
27-Jul-21,67439,1038,128997,5,0,6855
27-Jul-21,67476,8219,129072,1,1,13288.2
27-Jul-21,67486,1548,129090,1,0,10509
27-Jul-21,67499,8195,129111,1,0,18829
27-Jul-21,67506,1548,129123,1,1,10509
27-Jul-21,67530,11143,129162,1,0,4578
27-Jul-21,67544,9919,129192,1,0,3666
27-Jul-21,67583,12678,129270,1,1,1761.9
27-Jul-21,67586,10210,129273,1,0,2506
27-Jul-21,67602,1041,129306,1,0,4972
27-Jul-21,67609,7854,129324,2,2,4400
27-Jul-21,67616,3615,129336,1,0,4339
27-Jul-21,67631,11189,129372,1,0,5145
27-Jul-21,67642,8444,129399,1,0,3350
27-Jul-21,67658,10236,129435,2,0,1257.76
27-Jul-21,67692,8219,129498,1,1,14238
27-Jul-21,67696,10236,129501,3,3,1257.6
27-Jul-21,67697,8386,129504,1,0,7476
27-Jul-21,67723,1041,129558,1,1,4455
27-Jul-21,67746,7607,129594,1,1,7220
27-Jul-21,67755,8221,129612,2,0,2741.53
27-Jul-21,67770,9919,129642,2,0,3666
27-Jul-21,67817,11143,129720,1,1,2810
27-Jul-21,67837,2282,129759,2,2,4000
27-Jul-21,67873,12677,129843,1,0,2142.86
27-Jul-21,67914,11731,129942,1,0,5229.63
27-Jul-21,67915,8428,129945,39,0,1540
27-Jul-21,67952,7872,130014,3,3,1827
27-Jul-21,67969,11167,130053,2,0,5562
27-Jul-21,68030,12678,130155,5,0,1761.9
27-Jul-21,68051,8210,130209,1,0,6694
27-Jul-21,68065,9915,130227,1,1,2881
27-Jul-21,68092,11106,130281,1,0,3770
27-Jul-21,68104,7781,130308,1,1,8059
27-Jul-21,68143,11113,130389,1,0,3410
27-Jul-21,68160,3276,130413,1,0,2805
27-Jul-21,68184,11187,130461,1,0,5229
27-Jul-21,68193,8428,130473,25,20,1540
27-Jul-21,68206,10235,130503,5,5,1369.9
27-Jul-21,68223,11118,130533,1,0,2142
27-Jul-21,68229,3269,130545,1,1,9877
27-Jul-21,68237,10875,130563,2,0,2407
27-Jul-21,68256,9915,130602,1,0,2881
27-Jul-21,68299,12749,130704,3,3,4025.42
27-Jul-21,68381,11161,130860,1,1,6647
27-Jul-21,68397,11118,130890,1,1,2898
27-Jul-21,68469,10235,130995,7,7,1325
27-Jul-21,68533,10224,131124,1,1,4311.9
27-Jul-21,68587,10975,131220,2,0,12779.7
27-Jul-21,68622,12688,131286,1,0,1023.81
27-Jul-21,68644,3613,131325,1,1,10143
27-Jul-21,68662,8210,131346,1,0,12674
27-Jul-21,68739,9916,131511,1,0,2797
27-Jul-21,68818,1041,131646,1,0,4693
27-Jul-21,68857,8787,131673,1,0,925
27-Jul-21,68917,12713,131805,2,2,2400
27-Jul-21,69009,11139,131970,1,1,3948
27-Jul-21,69021,3603,131997,1,1,6867
27-Jul-21,69168,8664,132282,2,2,2288.2
27-Jul-21,69179,8425,132294,1,1,4110
27-Jul-21,69183,9925,132306,30,30,2435
27-Jul-21,69255,1038,132438,1,1,8030
27-Jul-21,69275,11160,132453,1,0,6275
27-Jul-21,69279,11172,132453,1,0,2342
27-Jul-21,69291,1548,132471,1,1,10509
27-Jul-21,69303,8664,132501,2,0,2320
27-Jul-21,69306,8684,132507,1,0,2720
27-Jul-21,69329,10531,132543,1,0,2460
27-Jul-21,69351,8219,132582,5,5,13597
27-Jul-21,69370,8219,132636,2,2,13488.3
27-Jul-21,69416,9916,132729,1,1,2619
27-Jul-21,69436,3610,132753,1,1,7817
27-Jul-21,69445,8386,132762,1,0,2476
27-Jul-21,69497,8444,132870,3,3,6108
27-Jul-21,69581,10236,133020,2,2,1302.5
27-Jul-21,69606,9916,133068,1,1,2619
27-Jul-21,69608,12781,133068,1,1,2393
27-Jul-21,69627,10224,133098,2,2,4461.15
27-Jul-21,69640,10531,133125,50,0,2203.5
27-Jul-21,69641,11136,133128,2,2,2481
27-Jul-21,69653,8428,133149,10,0,1540
27-Jul-21,69687,3613,133209,3,3,10143
27-Jul-21,69784,8444,133410,2,0,3252
27-Jul-21,69821,10227,133485,4,0,1421
27-Jul-21,69827,9789,133494,1,0,3445.2
27-Jul-21,69866,7858,133569,1,1,2688
27-Jul-21,69880,8219,133602,1,0,13488.3
27-Jul-21,69881,8219,133605,1,1,13288.2
27-Jul-21,69918,11140,133683,3,0,2445
27-Jul-21,69947,10235,133728,3,0,1420
27-Jul-21,69960,8444,133752,2,2,3252
27-Jul-21,70012,8210,133845,1,1,6694
27-Jul-21,70024,3610,133875,1,0,12054
27-Jul-21,70036,10975,133890,1,1,21225
27-Jul-21,70054,8420,133926,2,0,6720
27-Jul-21,70057,1548,133935,2,2,10509
27-Jul-21,70118,9916,134052,1,1,2619
27-Jul-21,70162,1038,134142,1,1,6854
27-Jul-21,70173,8219,134172,1,1,13288.2
27-Jul-21,70185,9925,134202,3,0,3038
27-Jul-21,70193,9925,134214,1,0,2435
27-Jul-21,70212,7581,134250,1,1,5848
27-Jul-21,70222,12692,134271,1,0,3613
27-Jul-21,70231,8210,134289,5,0,6720
27-Jul-21,70248,8210,134322,12,12,12443
27-Jul-21,70269,9919,134358,1,1,3844
27-Jul-21,70290,3603,134400,1,1,6197
27-Jul-21,70314,8219,134436,1,1,13288.2
27-Jul-21,70440,8664,134658,1,0,2320
27-Jul-21,70447,8444,134661,1,0,6207
27-Jul-21,70469,8219,134715,3,3,13288.2
27-Jul-21,70536,9174,134865,2,0,5297
27-Jul-21,70571,9915,134955,1,1,2881
27-Jul-21,70585,11241,134988,1,0,4093
27-Jul-21,70589,12487,135000,1,0,3322
27-Jul-21,70604,9943,135027,1,0,3060
27-Jul-21,70621,8332,135057,2,0,2139
27-Jul-21,70641,10975,135096,1,0,11796.6
27-Jul-21,70648,9171,135111,1,0,4799
27-Jul-21,70761,1548,135324,1,1,10509
27-Jul-21,70846,11118,135480,2,2,2722
27-Jul-21,70897,9925,135567,4,0,3038
27-Jul-21,70933,9925,135645,2,2,3038
27-Jul-21,70996,12701,135759,1,1,7253.9
27-Jul-21,71018,9895,135798,4,0,1295
27-Jul-21,71023,8444,135810,2,2,6207
27-Jul-21,71080,7674,135930,2,0,204.75
27-Jul-21,71093,11143,135951,1,0,3266
27-Jul-21,71095,1548,135957,1,1,10509
27-Jul-21,71151,9915,136041,1,0,2881
27-Jul-21,71165,8386,136068,1,0,7925
27-Jul-21,71197,8425,136119,1,1,4110
27-Jul-21,71205,7640,136137,1,1,13886
27-Jul-21,71271,1548,136245,1,1,10509
27-Jul-21,71275,8751,136251,1,0,3161
27-Jul-21,71282,3284,136266,2,2,3634
27-Jul-21,71352,8438,136407,1,0,3650
27-Jul-21,71404,3279,136512,1,0,5594
27-Jul-21,71446,9174,136587,1,1,5526
27-Jul-21,71454,8751,136605,2,0,3161
27-Jul-21,71472,9906,136641,1,0,5973
27-Jul-21,71482,3610,136662,1,1,12605
27-Jul-21,71544,1548,136767,1,0,5550.9
27-Jul-21,71605,11123,136899,1,1,5915
27-Jul-21,71676,9925,137037,5,0,3038
27-Jul-21,71724,8751,137139,1,0,3906
27-Jul-21,71731,11117,137154,1,0,3515
27-Jul-21,71735,10236,137163,6,6,1360
27-Jul-21,71793,8444,137265,1,0,6293
27-Jul-21,71844,12652,137364,1,1,7203.4
27-Jul-21,71899,11146,137466,1,0,5748
27-Jul-21,71904,1548,137478,1,0,10509
27-Jul-21,71916,11122,137499,1,0,5217
27-Jul-21,71976,1038,137625,5,0,6855
27-Jul-21,71982,10975,137634,1,0,5838
27-Jul-21,71999,1038,137667,20,0,6988
27-Jul-21,72028,9174,137712,1,1,5297
27-Jul-21,72033,4439,137724,10,0,132
27-Jul-21,72052,12433,137769,1,0,3074
27-Jul-21,72053,9925,137772,3,3,3038
27-Jul-21,72065,9925,137808,1,0,3152.54
27-Jul-21,72089,11189,137844,2,2,5103
27-Jul-21,72116,10236,137892,2,2,1257.6
27-Jul-21,72127,11146,137910,1,1,4173
27-Jul-21,72136,9925,137922,2,0,3152.54
27-Jul-21,72152,1043,137955,1,0,20579
27-Jul-21,72208,11731,138045,1,0,4875.3
27-Jul-21,72232,7785,138093,1,1,2730
27-Jul-21,72254,1548,138138,1,1,5551
27-Jul-21,72265,8444,138162,3,0,3252
27-Jul-21,72360,8444,138363,2,2,6108
27-Jul-21,72402,8444,138453,1,0,3252
27-Jul-21,147086,10235,297039,2,0,1399
27-Jul-21,147099,13764,297060,3,0,7746
27-Jul-21,147225,1041,297336,2,2,4954
27-Jul-21,147283,12652,297441,1,1,7956
27-Jul-21,147324,8425,297522,2,2,4822
28-Jul-21,62614,11110,119883,2,0,2723
28-Jul-21,62622,1548,119898,2,0,10763
28-Jul-21,62674,1040,119982,2,0,4071
28-Jul-21,62716,11907,120078,3,3,3932.25
28-Jul-21,62730,11907,120117,3,0,3932.25
28-Jul-21,62737,11147,120135,1,1,1365
28-Jul-21,62776,9925,120222,2,2,5577
28-Jul-21,62808,8221,120297,1,0,2726.15
28-Jul-21,62832,8221,120348,1,0,2726.15
28-Jul-21,62862,1038,120408,1,0,6854.56
28-Jul-21,62883,8457,120429,1,0,15538
28-Jul-21,62901,2282,120474,1,0,4000
28-Jul-21,62927,7872,120513,1,0,2003
28-Jul-21,62997,1548,120666,1,0,10509
28-Jul-21,63033,8428,120741,10,10,1540
28-Jul-21,63035,8335,120747,2,2,2597
28-Jul-21,63038,1548,120750,1,0,5090
28-Jul-21,63098,1041,120861,1,0,4693.47
28-Jul-21,63100,3615,120867,1,0,4328
28-Jul-21,63111,11143,120897,1,0,3266
28-Jul-21,63206,10235,121041,1,0,1325
28-Jul-21,63257,10236,121131,2,0,1380
28-Jul-21,63288,11899,121200,1,1,11410
28-Jul-21,63301,3610,121227,1,0,12674
28-Jul-21,63362,11146,121353,1,1,3674.88
28-Jul-21,63411,10235,121458,2,0,1350
28-Jul-21,63426,8664,121479,3,0,2288.2
28-Jul-21,63433,11899,121497,1,0,11410
28-Jul-21,63437,11118,121506,5,0,2478
28-Jul-21,63469,11264,121566,1,0,3160
28-Jul-21,63477,1041,121581,1,0,4972.44
28-Jul-21,63528,8066,121617,1,0,3297
28-Jul-21,63551,12677,121644,1,0,2142.86
28-Jul-21,63570,8684,121671,1,1,2877
28-Jul-21,63637,1548,121782,5,0,10509
28-Jul-21,63641,12678,121791,2,0,1761.9
28-Jul-21,63673,3603,121851,1,0,5629
28-Jul-21,63679,1039,121869,3,3,2236
28-Jul-21,63727,10975,121980,1,1,8453.39
28-Jul-21,63771,9915,122073,1,0,2881
28-Jul-21,63808,12487,122142,5,0,3423
28-Jul-21,63860,11140,122226,1,0,7623
28-Jul-21,63869,3615,122244,5,5,4328
28-Jul-21,63881,7271,122253,4,4,2694
28-Jul-21,64009,11731,122499,10,0,4947.59
28-Jul-21,64024,8425,122532,5,5,3522.2
28-Jul-21,64031,8424,122541,1,0,8590
28-Jul-21,64061,12420,122580,5,0,1776.64
28-Jul-21,64066,8425,122589,5,0,3374
28-Jul-21,64074,10227,122598,1,0,1368.99
28-Jul-21,64082,3284,122613,15,15,3306
28-Jul-21,64104,8444,122658,2,2,3166.8
28-Jul-21,64117,10235,122685,3,0,1368.99
28-Jul-21,64180,9925,122793,5,0,3038
28-Jul-21,64184,7890,122802,1,0,2353
28-Jul-21,64194,1041,122826,1,1,4423.22
28-Jul-21,64200,11155,122835,1,0,7460
28-Jul-21,64222,8425,122880,5,0,3468
28-Jul-21,64227,8444,122889,1,0,3271.8
28-Jul-21,64307,11107,123027,1,1,3213
28-Jul-21,64332,8420,123066,1,0,6221
28-Jul-21,64350,3279,123090,1,1,5461
28-Jul-21,64372,8425,123123,1,0,3619.5
28-Jul-21,64384,10529,123153,1,0,13965
28-Jul-21,64459,8437,123282,1,0,2053
28-Jul-21,64473,8664,123303,5,0,2288.2
28-Jul-21,64487,1039,123324,1,1,2236
28-Jul-21,64561,10235,123471,4,4,1324.5
28-Jul-21,64634,12407,123612,1,1,11271
28-Jul-21,64670,8425,123678,1,1,3374
28-Jul-21,64693,8444,123720,1,0,5946
28-Jul-21,64706,8325,123750,2,2,10169.5
28-Jul-21,64731,12487,123786,2,2,3423
28-Jul-21,64748,10975,123831,1,0,12127
28-Jul-21,64789,12749,123894,2,0,4027.25
28-Jul-21,65083,1041,124428,4,4,4693.47
28-Jul-21,65084,1041,124428,5,5,4423.22
28-Jul-21,65091,11907,124446,1,0,3932.25
28-Jul-21,65104,9915,124470,4,4,2881
28-Jul-21,65148,12709,124563,2,2,19500
28-Jul-21,65184,10204,124605,1,1,3490
28-Jul-21,65208,12682,124644,1,0,2904.76
28-Jul-21,65215,12749,124665,1,0,4027.25
28-Jul-21,65241,10235,124725,1,0,1324.5
28-Jul-21,65251,8425,124749,6,6,3550
28-Jul-21,65258,8210,124767,1,1,6694
28-Jul-21,65260,8649,124773,1,0,3593.22
28-Jul-21,65266,12749,124785,1,0,4027.25
28-Jul-21,65288,12652,124836,1,1,7203.4
28-Jul-21,65395,10204,125055,4,4,3490
28-Jul-21,65416,11123,125094,1,0,7338
28-Jul-21,65418,7867,125100,1,0,2321
28-Jul-21,65430,10236,125121,1,1,1257.76
28-Jul-21,65460,3284,125184,2,0,3306
28-Jul-21,65467,10204,125190,2,2,3490
28-Jul-21,65526,7802,125319,1,0,5114
28-Jul-21,65528,7675,125322,1,1,1275
28-Jul-21,65529,2862,125325,1,0,4200
28-Jul-21,65574,10225,125412,1,0,4149.71
28-Jul-21,65611,8462,125493,1,0,3616
28-Jul-21,65626,8444,125511,1,0,5648
28-Jul-21,65630,3269,125517,1,0,11363
28-Jul-21,65660,9916,125562,1,1,2797
28-Jul-21,65687,9925,125604,2,0,3038
28-Jul-21,65724,10204,125673,1,1,3490
28-Jul-21,65770,3284,125763,2,2,3306
28-Jul-21,65773,10529,125772,1,1,7207
28-Jul-21,65775,3279,125778,1,0,5300
28-Jul-21,65779,9915,125787,1,0,2881
28-Jul-21,65822,11240,125862,1,0,10240.7
28-Jul-21,65824,11118,125865,2,0,2722
28-Jul-21,65848,12700,125898,1,1,7924
28-Jul-21,65857,10235,125919,5,5,1324.5
28-Jul-21,65863,10235,125928,5,5,1325
28-Jul-21,65868,12680,125931,1,1,2000
28-Jul-21,65939,8386,126078,1,0,6792
28-Jul-21,65963,12431,126141,1,0,2671.2
28-Jul-21,65988,11106,126210,1,0,3623
28-Jul-21,66068,1548,126369,1,0,5550.9
28-Jul-21,66072,1548,126375,1,0,5550.9
28-Jul-21,66147,3284,126513,5,0,2892
28-Jul-21,66155,10236,126531,5,5,1257.6
28-Jul-21,66205,7640,126636,1,1,13642.3
28-Jul-21,66213,9923,126651,1,0,4687
28-Jul-21,66259,11162,126723,1,0,2961
28-Jul-21,66300,10235,126798,5,5,1324.5
28-Jul-21,66306,8325,126807,1,0,12235.2
28-Jul-21,66382,1038,126960,5,5,7247
28-Jul-21,66431,11136,127065,3,3,2533
28-Jul-21,66449,1040,127098,1,1,3688
28-Jul-21,66451,9925,127098,2,2,3038
28-Jul-21,66475,1038,127152,10,10,6985
28-Jul-21,66476,1038,127152,30,30,6855
28-Jul-21,66495,9786,127188,1,0,3942
28-Jul-21,66521,11139,127221,1,0,3738
28-Jul-21,66522,11139,127221,1,0,4001
28-Jul-21,66566,12453,127338,2,0,2316.1
28-Jul-21,66593,11152,127395,1,0,6279
28-Jul-21,66596,11125,127401,4,4,1891
28-Jul-21,66643,11143,127485,1,0,2507
28-Jul-21,66682,7785,127566,1,0,2352
28-Jul-21,66687,9925,127575,4,0,3038
28-Jul-21,66775,11140,127713,2,2,4066
28-Jul-21,66812,11143,127758,1,0,2478
28-Jul-21,66838,10975,127800,1,1,11796.6
28-Jul-21,66850,9916,127815,1,0,2182
28-Jul-21,66956,11118,128040,1,0,2722
28-Jul-21,67012,10975,128151,1,0,14372
28-Jul-21,67043,1548,128211,3,0,10509
28-Jul-21,67105,3603,128340,1,1,6197
28-Jul-21,67150,9895,128427,4,0,1295
28-Jul-21,67151,10218,128427,1,0,4948
28-Jul-21,67156,10975,128433,1,0,12779.7
28-Jul-21,67185,7271,128496,5,0,2216
28-Jul-21,67202,9925,128541,3,3,3038
28-Jul-21,67251,12710,128640,3,3,9600
28-Jul-21,67280,10224,128691,1,0,4132
28-Jul-21,67295,11121,128724,2,1,2532
28-Jul-21,67323,1548,128772,1,0,10763
28-Jul-21,67327,8219,128778,27,0,13288.2
28-Jul-21,67393,12522,128916,122,0,800
28-Jul-21,67429,11140,128982,1,0,4066
28-Jul-21,67474,1548,129069,1,0,10509
28-Jul-21,67538,3568,129180,1,0,6655
28-Jul-21,67561,3276,129228,1,0,3896
28-Jul-21,67612,10235,129330,3,3,1368.99
28-Jul-21,67695,10236,129501,2,2,1302.5
28-Jul-21,67700,1038,129510,2,0,6855
28-Jul-21,67731,1043,129564,1,1,5320
28-Jul-21,67774,3615,129648,2,2,4155
28-Jul-21,67777,11169,129654,1,1,5145
28-Jul-21,67779,10975,129657,1,0,13564.1
28-Jul-21,67780,10975,129657,2,0,13830.5
28-Jul-21,67782,7666,129660,1,1,10933
28-Jul-21,67908,10975,129927,1,0,18906.8
28-Jul-21,67963,12749,130038,1,1,4025.42
28-Jul-21,67998,11146,130098,2,2,3669
28-Jul-21,68027,11143,130149,1,1,2845
28-Jul-21,68029,9919,130152,1,0,3702
28-Jul-21,68081,9925,130269,5,5,3038
28-Jul-21,68107,11172,130311,1,0,2621
28-Jul-21,68139,1041,130380,1,0,4693
28-Jul-21,68153,11156,130404,1,0,4460
28-Jul-21,68186,8428,130464,3,0,1614
28-Jul-21,68283,10235,130665,2,0,1369.9
28-Jul-21,68305,3603,130722,1,0,6197
28-Jul-21,68310,9915,130734,2,0,2447
28-Jul-21,68331,11133,130770,1,1,1709
28-Jul-21,68565,10235,131184,7,0,1325
28-Jul-21,68629,9915,131295,1,1,2881
28-Jul-21,68640,11172,131316,1,1,2621
28-Jul-21,68659,12749,131343,1,0,4025.42
28-Jul-21,68685,11147,131394,1,0,1470
28-Jul-21,68761,10235,131556,4,4,1369.9
28-Jul-21,68772,8444,131580,2,1,7120
28-Jul-21,68777,1041,131589,1,0,4423
28-Jul-21,68827,8444,131646,2,0,6108
28-Jul-21,68841,1043,131661,1,1,5320
28-Jul-21,68911,3613,131790,1,1,10143
28-Jul-21,68940,11118,131838,4,0,2722
28-Jul-21,68998,10204,131952,1,0,3066
28-Jul-21,69050,1548,132048,1,0,10763
28-Jul-21,69056,8444,132057,1,0,5940
28-Jul-21,69125,12700,132186,1,0,11580
28-Jul-21,69131,1548,132201,1,0,10763
28-Jul-21,69225,10238,132387,1,0,6329.8
28-Jul-21,69227,10236,132390,1,1,1302.25
28-Jul-21,69250,10236,132426,2,2,1302.25
28-Jul-21,69254,1038,132435,1,0,8030
28-Jul-21,69259,8438,132444,1,0,3650
28-Jul-21,69352,9915,132585,5,5,2881
28-Jul-21,69380,8198,132648,1,1,6604
28-Jul-21,69399,8444,132699,1,0,3350
28-Jul-21,69519,11731,132915,1,0,4947.59
28-Jul-21,69537,3610,132939,5,0,11939
28-Jul-21,69558,3302,132984,1,0,2572
28-Jul-21,69575,8219,133017,30,30,13288.2
28-Jul-21,69578,10227,133020,4,4,1369.9
28-Jul-21,69583,11186,133026,3,3,3499
28-Jul-21,69589,1548,133038,2,2,10509
28-Jul-21,69693,8751,133224,1,1,3906
28-Jul-21,69779,8210,133398,1,1,14679
28-Jul-21,69797,11146,133437,1,1,4358
28-Jul-21,69829,10204,133500,3,0,3490
28-Jul-21,69832,9174,133503,1,1,5297
28-Jul-21,69958,11106,133746,1,1,3560
28-Jul-21,69965,8428,133758,3,3,1595.2
28-Jul-21,70034,1548,133887,1,1,10509
28-Jul-21,70137,11899,134091,3,0,12396.5
28-Jul-21,70218,10235,134262,4,0,1420
28-Jul-21,70244,1043,134316,1,1,5320
28-Jul-21,70252,3603,134328,1,1,6197
28-Jul-21,70279,11146,134379,1,0,5664
28-Jul-21,70300,11163,134412,1,0,3339
28-Jul-21,70321,9915,134448,1,0,2881
28-Jul-21,70361,10975,134523,1,0,11864.4
28-Jul-21,70363,1041,134529,1,1,4725
28-Jul-21,70410,8335,134610,2,0,2597
28-Jul-21,70414,8210,134613,20,20,14679
28-Jul-21,70461,3279,134694,2,0,5594
28-Jul-21,70483,11899,134742,5,5,12373
28-Jul-21,70490,1040,134751,1,1,3842
28-Jul-21,70491,1043,134751,4,4,5291
28-Jul-21,70493,1043,134754,1,0,5320
28-Jul-21,70545,11121,134886,1,0,2532
28-Jul-21,70547,11121,134892,1,0,2532
28-Jul-21,70566,1041,134943,1,0,4972
28-Jul-21,70609,10204,135036,2,0,3490
28-Jul-21,70650,7817,135117,1,0,4578
28-Jul-21,70659,11162,135129,1,1,2762
28-Jul-21,70675,10204,135153,3,3,3490
28-Jul-21,70717,8428,135234,2,0,1595.2
28-Jul-21,70754,3284,135306,2,2,3690
28-Jul-21,70764,10248,135330,1,0,4830.5
28-Jul-21,70769,11735,135342,1,1,3905.91
28-Jul-21,70799,8219,135390,2,0,13597
28-Jul-21,70813,9174,135417,1,1,5297
28-Jul-21,70903,11162,135570,1,0,3074
28-Jul-21,70915,8435,135600,1,0,13733
28-Jul-21,70938,1548,135654,2,2,10509
28-Jul-21,70994,10235,135756,4,4,1420
28-Jul-21,71020,8316,135804,5,0,589
28-Jul-21,71041,11107,135855,1,0,4809
28-Jul-21,71088,9899,135939,8,0,1711
28-Jul-21,71113,10227,135984,5,0,1421
28-Jul-21,71115,8444,135987,4,0,6108
28-Jul-21,71131,11123,136008,1,0,3352
28-Jul-21,71142,10227,136026,5,5,1421
28-Jul-21,71166,9915,136068,1,1,2881
28-Jul-21,71322,10227,136347,5,5,1421
28-Jul-21,71355,8462,136413,1,1,3770
28-Jul-21,71367,11143,136443,2,0,2810
28-Jul-21,71426,1043,136551,1,1,10533
28-Jul-21,71430,9916,136560,1,0,2619
28-Jul-21,71443,1548,136587,1,1,10509
28-Jul-21,71455,2862,136608,12,0,4200
28-Jul-21,71468,10235,136635,3,3,1420
28-Jul-21,71471,9916,136638,1,0,2619
28-Jul-21,71485,7858,136671,1,0,2688
28-Jul-21,71488,7806,136674,3,3,3087
28-Jul-21,71510,11125,136710,2,2,1891
28-Jul-21,71565,1548,136809,1,0,5127.12
28-Jul-21,71569,8210,136821,1,0,13007
28-Jul-21,71623,1548,136935,1,0,10509
28-Jul-21,71665,8131,137019,1,1,8379
28-Jul-21,71678,8444,137043,1,1,3350
28-Jul-21,71690,7271,137070,6,6,2216
28-Jul-21,71696,1548,137082,1,1,10763
28-Jul-21,71717,2862,137124,1,0,4200
28-Jul-21,71818,8384,137322,1,1,4746
28-Jul-21,71833,8444,137343,1,1,6108
28-Jul-21,71915,11122,137499,1,0,9337
28-Jul-21,71926,8444,137520,2,2,6108
28-Jul-21,71933,7640,137535,1,1,13886
28-Jul-21,71938,1043,137541,1,0,20579
28-Jul-21,72016,8210,137691,1,0,12443
28-Jul-21,72043,9900,137742,1,0,5815
28-Jul-21,72096,12681,137856,1,0,3333.33
28-Jul-21,72130,10235,137913,2,0,1325
28-Jul-21,72222,11133,138078,1,1,1691
28-Jul-21,72238,12701,138102,1,0,5288.14
28-Jul-21,72290,9925,138222,3,3,3038
28-Jul-21,72323,11137,138279,5,2,3364
28-Jul-21,72346,8131,138330,1,0,8694
28-Jul-21,72357,3611,138357,1,0,3149
28-Jul-21,72394,7890,138438,1,0,2915
28-Jul-21,72403,8444,138456,2,0,6034
28-Jul-21,72430,11953,138507,2,0,3950
28-Jul-21,146933,1043,296748,1,0,5854
28-Jul-21,146938,12697,296754,2,2,2098
28-Jul-21,146961,3606,296802,2,2,6049
28-Jul-21,146990,14352,296853,5,0,3318
28-Jul-21,147015,12460,296892,1,1,14550
28-Jul-21,147045,8219,296949,1,1,14994
28-Jul-21,147087,9895,297042,1,1,1128.5
28-Jul-21,147171,10236,297207,1,1,1341
28-Jul-21,147172,8428,297207,1,0,1689
28-Jul-21,147201,8444,297279,1,0,6343
28-Jul-21,147250,10235,297378,1,0,1399
28-Jul-21,147268,12547,297423,2,2,5726
29-Jul-21,62629,8424,119904,1,0,7239
29-Jul-21,62644,8649,119925,1,0,3593.22
29-Jul-21,62667,9925,119967,1,0,3096.61
29-Jul-21,62673,1040,119982,2,0,4280
29-Jul-21,62703,3284,120051,1,0,3306
29-Jul-21,62728,7775,120111,3,0,6144
29-Jul-21,62741,8425,120147,3,3,3522.2
29-Jul-21,62790,3603,120252,1,1,5629
29-Jul-21,62795,7666,120261,1,0,5170
29-Jul-21,62799,8425,120273,50,0,3522.2
29-Jul-21,62853,11123,120396,1,0,4005
29-Jul-21,62867,3603,120423,2,2,5629
29-Jul-21,62944,10204,120552,1,0,3055
29-Jul-21,62985,7640,120639,1,0,14617
29-Jul-21,63001,8425,120675,1,1,4007
29-Jul-21,63013,8441,120705,1,0,2882
29-Jul-21,63024,8452,120717,1,0,6702
29-Jul-21,63046,3269,120765,1,0,10062
29-Jul-21,63078,3279,120813,2,0,5044
29-Jul-21,63093,10235,120846,2,2,1324.5
29-Jul-21,63120,11172,120912,1,0,2709
29-Jul-21,63261,12699,121140,4,0,3170
29-Jul-21,63262,11143,121143,1,0,2845
29-Jul-21,63273,8443,121170,1,0,5526
29-Jul-21,63285,8444,121191,1,0,5814
29-Jul-21,63306,1041,121236,2,0,5738
29-Jul-21,63324,10235,121266,2,0,1350
29-Jul-21,63338,11120,121299,1,1,17016.8
29-Jul-21,63405,11123,121455,1,0,4729
29-Jul-21,63423,11143,121470,1,0,2688
29-Jul-21,63452,7575,121539,1,0,5745.25
29-Jul-21,63478,11899,121584,2,0,11410
29-Jul-21,63483,11106,121587,1,0,3770
29-Jul-21,63506,8221,121593,1,0,2726.15
29-Jul-21,63511,12778,121596,1,0,27637
29-Jul-21,63548,12700,121635,4,4,6940.7
29-Jul-21,63581,10235,121677,2,0,1324.5
29-Jul-21,63618,1041,121749,1,0,5429
29-Jul-21,63740,11658,122013,1,0,1365
29-Jul-21,63767,11118,122064,1,0,2898
29-Jul-21,63777,11146,122091,1,0,3669
29-Jul-21,63909,12700,122316,5,0,6940.7
29-Jul-21,63920,11146,122334,2,0,3648
29-Jul-21,63951,3269,122409,1,0,10062
29-Jul-21,63987,8335,122457,4,0,2597
29-Jul-21,64002,10235,122484,3,3,1324.5
29-Jul-21,64019,9796,122520,1,0,2656.8
29-Jul-21,64070,3279,122595,1,0,5300
29-Jul-21,64095,11136,122637,1,0,2533
29-Jul-21,64157,11899,122742,2,2,11410
29-Jul-21,64161,7921,122751,1,0,1056.8
29-Jul-21,64168,11146,122763,1,1,3669
29-Jul-21,64229,7890,122892,1,1,2353
29-Jul-21,64241,3284,122916,5,5,3306
29-Jul-21,64258,11136,122931,1,0,2481
29-Jul-21,64278,2862,122970,1,0,4200
29-Jul-21,64296,11107,123006,1,0,3213
29-Jul-21,64328,8444,123057,1,0,6156
29-Jul-21,64412,8751,123198,2,0,9765
29-Jul-21,64488,9916,123324,1,1,2619
29-Jul-21,64489,8449,123327,1,0,6414
29-Jul-21,64558,1039,123465,2,2,2251
29-Jul-21,64620,10235,123582,4,3,1324.5
29-Jul-21,64730,12490,123783,1,0,162500
29-Jul-21,64746,11140,123828,1,0,4137
29-Jul-21,64763,10235,123855,5,0,1325
29-Jul-21,64779,1039,123879,1,0,2236
29-Jul-21,64804,8438,123930,1,0,3324
29-Jul-21,64828,8325,123975,5,0,8983.05
29-Jul-21,64844,7911,123993,1,0,1312.5
29-Jul-21,64852,8447,124008,1,0,2783
29-Jul-21,64915,10235,124110,10,0,1324.5
29-Jul-21,64968,8435,124227,1,1,11626
29-Jul-21,64969,10235,124230,2,0,1368.99
29-Jul-21,64979,8438,124245,4,0,3324
29-Jul-21,65033,11169,124335,1,1,2951
29-Jul-21,65077,10975,124416,2,0,11796.6
29-Jul-21,65080,11108,124422,1,1,3549
29-Jul-21,65094,11143,124452,1,1,2718
29-Jul-21,65134,9916,124527,1,0,2797
29-Jul-21,65203,8210,124629,10,10,6720
29-Jul-21,65217,9925,124671,20,0,3038
29-Jul-21,65271,11731,124794,1,0,4947.59
29-Jul-21,65286,12699,124830,4,4,3170
29-Jul-21,65296,9925,124845,4,0,3038
29-Jul-21,65299,8444,124854,100,0,3166.8
29-Jul-21,65305,9925,124866,2,0,3216
29-Jul-21,65356,8444,124980,1,0,5648
29-Jul-21,65382,8482,125034,1,1,5244
29-Jul-21,65428,10235,125121,1,1,1324.5
29-Jul-21,65443,7528,125151,1,0,8097.5
29-Jul-21,65445,3284,125157,1,0,3250
29-Jul-21,65499,9796,125250,5,0,2656.8
29-Jul-21,65527,7675,125322,3,3,590
29-Jul-21,65570,3615,125403,1,0,4163
29-Jul-21,65577,8422,125421,1,0,3218
29-Jul-21,65584,1039,125439,1,1,2236
29-Jul-21,65605,7804,125478,2,0,1450
29-Jul-21,65631,10235,125517,2,1,1368.99
29-Jul-21,65637,8428,125526,1,1,1587
29-Jul-21,65691,3635,125610,1,1,3937
29-Jul-21,65745,11899,125715,3,0,12396.5
29-Jul-21,65789,9897,125805,1,0,9981
29-Jul-21,65800,12700,125826,1,1,7924
29-Jul-21,65862,10235,125928,5,5,1369.9
29-Jul-21,65871,8086,125934,1,0,7650
29-Jul-21,65881,3284,125952,3,3,3306
29-Jul-21,65893,12487,125982,2,0,3322
29-Jul-21,65910,1038,126021,1,0,6985
29-Jul-21,65923,1040,126045,1,0,3823
29-Jul-21,65940,8219,126081,10,0,13597
29-Jul-21,65941,8444,126084,14,0,6108
29-Jul-21,65967,10248,126153,1,0,4592
29-Jul-21,65981,3645,126192,16,0,1719
29-Jul-21,66004,10224,126240,1,0,4132.2
29-Jul-21,66019,8444,126270,1,0,5741
29-Jul-21,66045,11125,126321,2,2,1891
29-Jul-21,66082,8432,126387,2,0,4244
29-Jul-21,66100,11139,126432,1,0,3948
29-Jul-21,66203,11110,126630,2,0,2415
29-Jul-21,66221,8444,126657,1,1,3252
29-Jul-21,66255,10235,126714,2,2,1369.9
29-Jul-21,66312,11899,126822,1,1,11928.8
29-Jul-21,66353,8425,126906,2,0,3978.5
29-Jul-21,66367,11152,126936,1,0,6955
29-Jul-21,66376,9897,126951,1,0,2062
29-Jul-21,66415,1038,127035,1,0,6985
29-Jul-21,66519,12800,127218,15,0,8
29-Jul-21,66532,12700,127248,1,0,11580
29-Jul-21,66588,9895,127383,2,0,1393
29-Jul-21,66628,8444,127461,2,0,3252
29-Jul-21,66689,9925,127581,15,0,3038
29-Jul-21,66740,11188,127647,1,1,2671
29-Jul-21,66754,9888,127671,1,0,13999
29-Jul-21,66788,11133,127731,1,0,1691
29-Jul-21,66811,11143,127758,1,0,2810
29-Jul-21,66889,9925,127890,2,0,3038
29-Jul-21,66904,7867,127905,2,2,2163
29-Jul-21,66911,9925,127923,1,0,3038
29-Jul-21,66931,9174,127977,1,0,5526
29-Jul-21,66942,11155,128004,1,0,6725
29-Jul-21,67020,8359,128169,5,0,889
29-Jul-21,67054,12700,128238,1,1,11580
29-Jul-21,67109,11124,128346,2,2,730
29-Jul-21,67133,10235,128391,4,0,1325
29-Jul-21,67166,10975,128460,1,1,12779.7
29-Jul-21,67229,9919,128595,1,0,3666
29-Jul-21,67252,1039,128643,1,1,2478
29-Jul-21,67273,11125,128685,5,0,1891
29-Jul-21,67287,1038,128706,3,0,6988
29-Jul-21,67296,11123,128724,2,2,5162
29-Jul-21,67320,12806,128766,1,0,25423.7
29-Jul-21,67381,8354,128883,1,1,7765
29-Jul-21,67383,10235,128889,2,0,1369.9
29-Jul-21,67447,12652,129006,1,1,7203.4
29-Jul-21,67459,11163,129033,1,0,4547
29-Jul-21,67527,11143,129159,1,0,2810
29-Jul-21,67552,8425,129216,1,1,3983.05
29-Jul-21,67570,10236,129240,2,0,1257.76
29-Jul-21,67636,12800,129384,53,0,8
29-Jul-21,67639,3610,129390,1,1,11939
29-Jul-21,67704,11143,129519,1,0,3295
29-Jul-21,67726,8435,129558,1,1,13988
29-Jul-21,67749,12795,129600,16,16,685
29-Jul-21,67802,10236,129690,1,1,1302.25
29-Jul-21,67820,3610,129726,1,1,7817
29-Jul-21,67827,8684,129735,18,0,2501
29-Jul-21,67833,12800,129747,53,0,8
29-Jul-21,67845,11136,129777,2,2,2481
29-Jul-21,67865,11907,129819,5,5,4204
29-Jul-21,67867,9919,129825,1,0,3666
29-Jul-21,67868,3611,129828,2,0,3149
29-Jul-21,68001,7802,130107,1,1,4956
29-Jul-21,68061,8428,130224,2,0,1993
29-Jul-21,68076,11186,130257,2,2,3499
29-Jul-21,68270,1548,130635,2,0,10509
29-Jul-21,68276,3269,130650,1,0,11237
29-Jul-21,68290,2358,130683,1,0,1200
29-Jul-21,68335,8221,130782,2,2,2789
29-Jul-21,68376,11161,130854,1,0,5717
29-Jul-21,68379,10236,130860,1,1,1302.25
29-Jul-21,68416,9925,130914,9,8,3038
29-Jul-21,68463,1041,130989,1,1,4725
29-Jul-21,68476,8751,131013,1,0,4116
29-Jul-21,68517,8219,131091,1,0,13597
29-Jul-21,68522,8425,131103,2,1,4110
29-Jul-21,68579,9915,131208,1,0,2447
29-Jul-21,68592,8751,131235,1,0,3665
29-Jul-21,68619,11124,131277,1,0,778
29-Jul-21,68652,8210,131334,2,0,6720
29-Jul-21,68653,11731,131337,1,0,4947.59
29-Jul-21,68698,8066,131424,1,0,4028
29-Jul-21,68705,8447,131433,1,0,2260
29-Jul-21,68765,10235,131565,1,0,1369.9
29-Jul-21,68823,9900,131646,1,0,5709
29-Jul-21,68958,9915,131883,5,5,2881
29-Jul-21,68972,11110,131910,1,1,2468
29-Jul-21,68987,1041,131940,1,1,4455
29-Jul-21,69018,7885,131988,1,0,9944
29-Jul-21,69083,8664,132111,4,0,2288.2
29-Jul-21,69129,10204,132198,1,1,3490
29-Jul-21,69150,9925,132246,21,0,3216
29-Jul-21,69170,9916,132282,2,2,2619
29-Jul-21,69173,10235,132288,3,3,1344.5
29-Jul-21,69231,7271,132396,1,0,2239
29-Jul-21,69321,10235,132537,2,2,1325
29-Jul-21,69353,12688,132588,5,0,1023.81
29-Jul-21,69400,10235,132702,1,0,1369.9
29-Jul-21,69465,3568,132798,1,1,6655
29-Jul-21,69471,8444,132804,1,0,3350
29-Jul-21,69476,12802,132816,10,10,2210.8
29-Jul-21,69483,9174,132837,2,2,5297
29-Jul-21,69525,11146,132921,1,0,8384
29-Jul-21,69526,8354,132924,2,2,15369
29-Jul-21,69556,8444,132978,1,0,6160
29-Jul-21,69650,8210,133143,1,0,14679
29-Jul-21,69668,1548,133173,1,1,5127.12
29-Jul-21,69719,10235,133275,1,0,1369.9
29-Jul-21,69751,11133,133329,1,1,3407
29-Jul-21,69780,3610,133401,1,0,11939
29-Jul-21,69781,12710,133404,3,3,9600
29-Jul-21,69824,1041,133488,1,0,4066
29-Jul-21,69838,9916,133506,1,0,2619
29-Jul-21,69974,11169,133773,1,1,2741
29-Jul-21,69998,10235,133818,2,0,1369.9
29-Jul-21,70001,8219,133824,22,22,13288.2
29-Jul-21,70018,9925,133860,2,0,3038
29-Jul-21,70022,11899,133869,2,0,12210.5
29-Jul-21,70047,10235,133914,2,2,1369.9
29-Jul-21,70087,8386,133992,1,0,3077
29-Jul-21,70257,8664,134337,5,0,2320
29-Jul-21,70297,10235,134406,3,3,1398
29-Jul-21,70307,11105,134421,1,0,7382
29-Jul-21,70358,10227,134517,5,0,1421
29-Jul-21,70403,11140,134592,1,0,7623
29-Jul-21,70497,1038,134763,10,0,7595
29-Jul-21,70501,11189,134772,1,0,5084
29-Jul-21,70544,11124,134883,1,0,1867
29-Jul-21,70551,8422,134904,2,0,3260
29-Jul-21,70572,12652,134958,2,0,7203.4
29-Jul-21,70586,8210,134991,1,0,6720
29-Jul-21,70614,1041,135048,1,0,4972
29-Jul-21,70690,10975,135177,2,2,11796.6
29-Jul-21,70800,8219,135390,1,0,7415.25
29-Jul-21,70817,8444,135423,1,0,3252
29-Jul-21,70818,11118,135426,1,0,2722
29-Jul-21,70838,7890,135465,1,1,2321
29-Jul-21,70843,8219,135477,2,2,13288.2
29-Jul-21,70901,11143,135570,1,0,2507
29-Jul-21,70954,11147,135669,1,0,1365
29-Jul-21,70984,12681,135732,3,2,3333.33
29-Jul-21,71006,10235,135777,7,7,1325
29-Jul-21,71007,8219,135780,1,0,13288.2
29-Jul-21,71040,1041,135855,1,1,4455
29-Jul-21,71049,8219,135870,1,1,13288.2
29-Jul-21,71065,7868,135903,1,1,2512
29-Jul-21,71077,11106,135927,1,0,3560
29-Jul-21,71078,11143,135927,2,0,2810
29-Jul-21,71110,11189,135978,1,1,5103
29-Jul-21,71211,10245,136149,1,0,5210.5
29-Jul-21,71237,8459,136206,1,0,2500
29-Jul-21,71331,9901,136362,1,0,3549
29-Jul-21,71419,10975,136539,1,1,12127
29-Jul-21,71499,8131,136695,1,0,8537
29-Jul-21,71631,10975,136947,1,0,12127
29-Jul-21,71633,11169,136953,1,0,2919
29-Jul-21,71674,1548,137031,1,1,5127.12
29-Jul-21,71687,11120,137061,1,1,12012
29-Jul-21,71701,8219,137094,2,2,13288.2
29-Jul-21,71702,8219,137094,3,3,13488.3
29-Jul-21,71785,8438,137253,4,4,3650
29-Jul-21,71810,3610,137301,1,0,12605
29-Jul-21,71815,7805,137313,1,0,7140
29-Jul-21,71831,9915,137340,5,5,2881
29-Jul-21,71864,3284,137406,1,0,3821
29-Jul-21,71903,10248,137475,1,0,5342.03
29-Jul-21,71910,7271,137490,5,0,2239
29-Jul-21,71914,11122,137499,1,1,8938
29-Jul-21,71920,9925,137505,36,0,3038
29-Jul-21,71924,11140,137514,1,0,7623
29-Jul-21,71925,9925,137517,4,4,3038
29-Jul-21,71931,11146,137529,9,0,3648
29-Jul-21,71932,12677,137532,1,1,2142.86
29-Jul-21,71985,9174,137640,1,0,5526.01
29-Jul-21,72003,1041,137670,2,2,4240
29-Jul-21,72007,10204,137679,1,0,3074
29-Jul-21,72020,11151,137694,1,0,30841
29-Jul-21,72029,1039,137715,1,1,2280
29-Jul-21,72097,12685,137856,1,0,1880.95
29-Jul-21,72141,7772,137934,5,0,3649
29-Jul-21,72173,11146,137976,6,6,6917
29-Jul-21,72194,8428,138015,5,0,1586.3
29-Jul-21,72202,11147,138030,3,0,1470
29-Jul-21,72246,9174,138123,9,9,5297
29-Jul-21,72247,9174,138123,1,1,5526
29-Jul-21,72274,1548,138186,1,1,10763
29-Jul-21,72279,11960,138198,5,4,3393.22
29-Jul-21,72292,11107,138228,1,1,4809
29-Jul-21,72296,8219,138237,2,2,13597
29-Jul-21,72316,11120,138273,1,0,19384.8
29-Jul-21,72326,8215,138288,5,5,2262
29-Jul-21,72333,8438,138300,2,0,3770
29-Jul-21,72358,11118,138360,2,2,2722
29-Jul-21,72365,1040,138372,20,0,3483
29-Jul-21,72378,1548,138402,1,0,10763
29-Jul-21,72413,8215,138474,1,0,2262
29-Jul-21,146937,8457,296751,1,0,7755
29-Jul-21,146979,8444,296829,2,0,6007
29-Jul-21,146995,7575,296865,1,1,10852
29-Jul-21,147029,8444,296910,19,19,6034
29-Jul-21,147033,14351,296919,4,4,4998
29-Jul-21,147035,12547,296925,3,3,11087
29-Jul-21,147098,13765,297060,1,0,2633
29-Jul-21,147129,2358,297120,1,1,1360
29-Jul-21,147148,8425,297153,3,3,5394
29-Jul-21,147163,8425,297189,1,0,4930
29-Jul-21,147174,7640,297213,4,4,15638
29-Jul-21,147180,7860,297228,1,1,3315
29-Jul-21,147200,8444,297279,1,0,5813
29-Jul-21,147206,11117,297291,2,0,6745
29-Jul-21,147300,8210,297474,3,3,14612
29-Jul-21,147320,3610,297513,1,0,12704
30-Jul-21,62623,1548,119898,2,0,5551
30-Jul-21,62631,8457,119904,1,0,8213
30-Jul-21,62647,11117,119934,1,0,3528
30-Jul-21,62649,11117,119940,1,0,3528
30-Jul-21,62650,11143,119943,1,1,2810
30-Jul-21,62757,11106,120177,3,0,4116
30-Jul-21,62758,1041,120180,1,0,4972.44
30-Jul-21,62777,8425,120225,2,2,3522.2
30-Jul-21,62889,8428,120447,4,0,724
30-Jul-21,62893,11156,120456,5,5,3897
30-Jul-21,62922,12688,120504,1,1,1023.81
30-Jul-21,62972,12744,120603,20,20,530
30-Jul-21,62991,10224,120654,1,0,4105.22
30-Jul-21,63021,8219,120711,40,40,13288.2
30-Jul-21,63052,11136,120765,1,0,2559
30-Jul-21,63060,8325,120771,2,2,14014.8
30-Jul-21,63073,1043,120804,1,1,21728
30-Jul-21,63086,8420,120834,1,0,6460
30-Jul-21,63092,10235,120846,4,4,1368.99
30-Jul-21,63104,2282,120876,4,4,4000
30-Jul-21,63105,11264,120879,1,0,3160
30-Jul-21,63114,10404,120906,1,0,7203
30-Jul-21,63136,3284,120936,2,0,3437
30-Jul-21,63150,11118,120960,1,0,2797
30-Jul-21,63151,11118,120960,1,0,2541
30-Jul-21,63160,8443,120981,1,0,5750
30-Jul-21,63170,8444,120993,3,0,5946
30-Jul-21,63184,10235,121005,1,0,1350
30-Jul-21,63233,3603,121098,1,0,5738
30-Jul-21,63236,7666,121101,1,1,10678
30-Jul-21,63255,10235,121131,4,0,1350
30-Jul-21,63302,3610,121230,1,0,12364
30-Jul-21,63307,8424,121239,1,0,8170
30-Jul-21,63327,3610,121275,1,0,12364
30-Jul-21,63346,1041,121311,1,0,5738
30-Jul-21,63382,8438,121398,1,0,3393
30-Jul-21,63387,11104,121410,1,0,11225
30-Jul-21,63403,11907,121452,1,1,3932.25
30-Jul-21,63416,12700,121461,3,0,6940.7
30-Jul-21,63435,10975,121503,1,0,19029
30-Jul-21,63473,10236,121569,1,0,1302.25
30-Jul-21,63481,11106,121587,3,0,4120
30-Jul-21,63493,11152,121587,1,0,6955
30-Jul-21,63500,11156,121587,1,0,4085
30-Jul-21,63537,12700,121617,1,0,6940.7
30-Jul-21,63608,8803,121725,1,0,2652
30-Jul-21,63617,11146,121746,1,0,3669
30-Jul-21,63619,12699,121752,1,0,3170
30-Jul-21,63659,8440,121830,1,0,6779
30-Jul-21,63665,8662,121839,1,0,2680
30-Jul-21,63678,10224,121866,1,0,4283.19
30-Jul-21,63683,2336,121878,6,0,158
30-Jul-21,63707,11907,121932,1,0,3932.25
30-Jul-21,63709,9915,121935,2,0,2881
30-Jul-21,63821,11146,122160,1,1,3669
30-Jul-21,63886,7271,122262,4,0,2694
30-Jul-21,63904,8444,122304,1,0,6156
30-Jul-21,63918,1043,122331,1,0,20579.4
30-Jul-21,63931,11110,122358,1,0,2415
30-Jul-21,63953,10227,122409,1,0,1413.48
30-Jul-21,63986,11146,122454,9,0,6917
30-Jul-21,64011,11731,122502,1,1,4947.59
30-Jul-21,64078,11118,122604,1,0,2142
30-Jul-21,64132,11907,122703,1,0,3932.25
30-Jul-21,64170,8664,122769,2,0,2288.2
30-Jul-21,64217,8425,122871,5,0,3468
30-Jul-21,64221,1038,122877,2,2,6854
30-Jul-21,64223,7890,122883,2,0,2194
30-Jul-21,64228,7890,122892,2,2,2194
30-Jul-21,64295,11156,123003,17,17,4474
30-Jul-21,64317,12407,123036,1,0,11271
30-Jul-21,64319,8325,123042,2,1,12235.2
30-Jul-21,64338,11155,123075,10,0,15657
30-Jul-21,64360,8444,123102,1,0,6255
30-Jul-21,64362,10239,123102,1,0,5884.88
30-Jul-21,64378,8425,123135,1,0,3619.5
30-Jul-21,64477,11125,123306,2,0,1891
30-Jul-21,64509,9916,123360,1,0,2619
30-Jul-21,64601,12701,123549,2,0,5210.17
30-Jul-21,64607,1548,123561,1,0,10509
30-Jul-21,64629,11267,123606,5,0,2656.07
30-Jul-21,64723,8325,123771,3,0,8983.05
30-Jul-21,64737,8209,123804,2,2,12935
30-Jul-21,64792,10975,123903,1,0,16169
30-Jul-21,64814,12800,123945,100,0,8
30-Jul-21,64834,10975,123984,1,0,22008.5
30-Jul-21,64848,8425,124002,2,2,3522.2
30-Jul-21,64856,8438,124017,1,0,3629
30-Jul-21,64866,9919,124029,2,0,3666
30-Jul-21,64945,12480,124185,1,1,22080
30-Jul-21,64981,8462,124251,1,0,3646
30-Jul-21,65051,11899,124365,2,2,11928.8
30-Jul-21,65155,2862,124578,1,0,4200
30-Jul-21,65162,8336,124590,1,0,2749
30-Jul-21,65268,12699,124791,4,4,3170
30-Jul-21,65329,10529,124914,1,0,7207
30-Jul-21,65341,9789,124947,3,3,2966.1
30-Jul-21,65401,9925,125067,3,3,3038
30-Jul-21,65421,11899,125109,2,0,11928.8
30-Jul-21,65429,10236,125121,1,1,1302.25
30-Jul-21,65462,10204,125184,1,0,3490
30-Jul-21,65492,3269,125241,1,0,9725
30-Jul-21,65497,8219,125247,40,0,13288.2
30-Jul-21,65500,11658,125253,1,0,1365
30-Jul-21,65501,12713,125256,1,0,2400
30-Jul-21,65546,1041,125355,1,0,4972.44
30-Jul-21,65552,7890,125367,2,0,2163
30-Jul-21,65604,9925,125475,1,0,3216
30-Jul-21,65607,7804,125484,2,0,1450
30-Jul-21,65613,11146,125499,1,1,3669
30-Jul-21,65653,10237,125550,1,1,3683.1
30-Jul-21,65676,3284,125592,5,0,3306
30-Jul-21,65733,10975,125694,1,0,12779.7
30-Jul-21,65792,8664,125811,2,2,2288.2
30-Jul-21,65797,7530,125820,2,0,2850
30-Jul-21,65809,8210,125847,1,0,15106
30-Jul-21,65938,8386,126078,1,0,7102
30-Jul-21,65996,7640,126222,1,0,12883.8
30-Jul-21,66022,7533,126276,1,0,4882
30-Jul-21,66059,12487,126354,1,0,3526
30-Jul-21,66109,11140,126447,1,0,7187
30-Jul-21,66111,10236,126453,10,10,1302.5
30-Jul-21,66113,7208,126456,1,0,850
30-Jul-21,66169,11118,126564,3,0,2722
30-Jul-21,66178,10204,126582,1,0,3242
30-Jul-21,66179,11118,126582,3,0,2722
30-Jul-21,66194,9900,126615,1,0,5709
30-Jul-21,66218,11125,126657,1,1,1891
30-Jul-21,66264,10235,126735,2,2,1369.9
30-Jul-21,66281,11189,126768,2,0,5103
30-Jul-21,66286,10235,126774,2,2,1324.5
30-Jul-21,66302,8219,126801,110,0,13601.7
30-Jul-21,66330,12784,126855,1,0,2850
30-Jul-21,66352,8425,126906,3,0,3884
30-Jul-21,66422,10235,127050,6,6,1324.5
30-Jul-21,66429,7785,127062,1,0,2730
30-Jul-21,66455,8428,127107,20,0,1540
30-Jul-21,66477,1041,127152,7,7,4240
30-Jul-21,66479,9943,127155,1,0,3060
30-Jul-21,66480,9933,127158,1,0,2268
30-Jul-21,66491,7664,127182,1,0,24000
30-Jul-21,66499,9786,127191,1,0,3942
30-Jul-21,66581,8425,127368,3,3,3884
30-Jul-21,66586,9895,127377,1,0,1393
30-Jul-21,66605,10245,127416,1,0,4672
30-Jul-21,66627,8444,127461,1,0,6034
30-Jul-21,66644,10224,127488,1,1,4461.15
30-Jul-21,66717,10235,127620,2,0,1325
30-Jul-21,66756,8422,127677,1,0,7201
30-Jul-21,66786,8444,127731,1,1,6203
30-Jul-21,66799,9925,127749,4,4,3038
30-Jul-21,66813,11143,127758,1,0,2688
30-Jul-21,66845,12699,127806,1,0,3486
30-Jul-21,66854,11118,127818,1,0,2898
30-Jul-21,66903,7867,127905,4,4,1995
30-Jul-21,66927,3641,127968,1,0,9904
30-Jul-21,66964,10236,128052,2,2,1257.6
30-Jul-21,66987,11125,128088,4,0,1891
30-Jul-21,66990,1038,128094,1,1,6855
30-Jul-21,66996,8444,128106,3,3,6071
30-Jul-21,67062,10226,128256,1,0,3772.9
30-Jul-21,67099,2282,128322,1,0,4000
30-Jul-21,67117,3610,128361,1,1,7607
30-Jul-21,67131,10235,128385,2,2,1324.5
30-Jul-21,67247,11136,128628,2,0,2533
30-Jul-21,67274,8437,128688,1,0,2152
30-Jul-21,67309,10235,128745,10,10,1369.9
30-Jul-21,67394,11165,128919,1,0,17284
30-Jul-21,67419,8083,128964,1,1,4373
30-Jul-21,67440,3610,128997,1,0,7817
30-Jul-21,67498,1040,129108,2,0,3618
30-Jul-21,67554,9925,129219,1,1,3038
30-Jul-21,67585,9912,129273,2,0,3480
30-Jul-21,67619,10236,129339,1,0,1257.76
30-Jul-21,67625,8432,129357,2,0,4244
30-Jul-21,67644,9901,129405,1,1,2422
30-Jul-21,67684,10235,129480,10,0,1368.99
30-Jul-21,67713,1041,129537,1,0,4528
30-Jul-21,67737,1043,129576,1,1,5320
30-Jul-21,67800,9919,129690,1,1,3844
30-Jul-21,67869,9919,129831,1,0,3666
30-Jul-21,67876,12677,129852,1,0,2142.86
30-Jul-21,67956,12749,130023,3,3,4025.42
30-Jul-21,67987,8219,130086,5,5,14238
30-Jul-21,67988,1038,130089,1,0,6855
30-Jul-21,68058,9900,130218,1,0,5815
30-Jul-21,68060,10975,130221,1,0,18906.8
30-Jul-21,68075,7704,130254,1,0,3283
30-Jul-21,68123,10235,130344,1,1,1369.9
30-Jul-21,68129,3266,130353,1,0,18857
30-Jul-21,68133,1041,130365,1,0,4693
30-Jul-21,68142,11106,130386,1,0,4120
30-Jul-21,68191,8428,130470,1,0,1614
30-Jul-21,68200,11146,130485,4,4,8384
30-Jul-21,68232,8425,130551,1,0,4310
30-Jul-21,68265,8176,130623,1,1,8368
30-Jul-21,68271,1548,130638,1,1,10509
30-Jul-21,68273,11186,130644,2,0,3499
30-Jul-21,68306,1043,130725,1,0,5895
30-Jul-21,68330,11133,130770,1,1,3623
30-Jul-21,68372,10204,130848,4,4,3242
30-Jul-21,68400,11106,130893,2,2,3560
30-Jul-21,68417,11108,130917,1,0,3276
30-Jul-21,68477,8421,131013,1,0,4647
30-Jul-21,68495,2862,131055,200,0,4200
30-Jul-21,68535,1043,131130,1,0,5895
30-Jul-21,68541,7781,131142,2,2,7256
30-Jul-21,68554,11936,131166,1,0,32550
30-Jul-21,68566,10235,131187,7,7,1325
30-Jul-21,68593,8751,131235,1,0,3875
30-Jul-21,68610,9902,131259,2,0,1916
30-Jul-21,68614,8335,131262,3,3,2597
30-Jul-21,68639,9920,131316,1,1,3472
30-Jul-21,68646,8210,131328,3,3,12443
30-Jul-21,68660,8210,131346,1,0,14679
30-Jul-21,68703,7550,131430,1,0,2450
30-Jul-21,68719,12762,131460,1,0,798.02
30-Jul-21,68724,12762,131475,4,0,798.02
30-Jul-21,68745,8770,131523,1,0,7605
30-Jul-21,68768,10227,131574,5,5,1369.9
30-Jul-21,68781,10236,131592,2,0,1302.25
30-Jul-21,68784,1041,131595,1,1,4423
30-Jul-21,68864,11118,131685,1,0,2722
30-Jul-21,68865,10204,131688,5,0,3490
30-Jul-21,68877,10204,131709,4,0,3490
30-Jul-21,68914,11123,131796,1,0,5771
30-Jul-21,68953,1041,131871,1,0,4693
30-Jul-21,68960,9925,131889,1,0,3038
30-Jul-21,69012,1548,131973,1,1,10763
30-Jul-21,69042,11583,132027,1,1,2268
30-Jul-21,69068,11146,132081,1,0,4358
30-Jul-21,69078,8428,132102,2,2,1540
30-Jul-21,69113,12800,132162,8,0,4
30-Jul-21,69171,3279,132285,2,2,5837
30-Jul-21,69194,8684,132327,1,0,2739
30-Jul-21,69245,9925,132420,15,15,2435
30-Jul-21,69261,3641,132447,1,0,9112
30-Jul-21,69333,1041,132552,2,0,5429
30-Jul-21,69389,11141,132675,1,0,5242
30-Jul-21,69392,8664,132684,5,5,2320
30-Jul-21,69396,8337,132690,2,0,1569
30-Jul-21,69453,9915,132780,1,0,2447
30-Jul-21,69463,8210,132792,1,1,13007
30-Jul-21,69489,9900,132855,1,0,5815
30-Jul-21,69510,8444,132897,2,0,3350
30-Jul-21,69588,11186,133035,1,0,3499
30-Jul-21,69636,11958,133113,1,0,4945
30-Jul-21,69661,3610,133164,1,0,7817
30-Jul-21,69670,10975,133179,1,1,11864.4
30-Jul-21,69683,8751,133203,2,0,4116
30-Jul-21,69703,3279,133245,1,0,5837
30-Jul-21,69708,8444,133257,4,4,3252
30-Jul-21,69769,1038,133377,1,0,7388
30-Jul-21,69813,8420,133464,1,1,5756
30-Jul-21,69876,10531,133593,1,0,2203.5
30-Jul-21,69904,11143,133665,1,0,2478
30-Jul-21,69938,8219,133710,3,3,13288.2
30-Jul-21,69943,1041,133716,10,0,4240
30-Jul-21,69993,9901,133809,1,1,2422
30-Jul-21,70098,8210,134019,1,1,13007
30-Jul-21,70099,7640,134022,1,0,14695
30-Jul-21,70115,11154,134049,1,1,10594
30-Jul-21,70128,7533,134067,1,1,4882
30-Jul-21,70145,9174,134112,1,1,5297
30-Jul-21,70148,10975,134115,5,5,12949.2
30-Jul-21,70161,1040,134142,1,1,3551
30-Jul-21,70164,8210,134148,1,0,14679
30-Jul-21,70168,7802,134157,5,5,4956
30-Jul-21,70214,7581,134250,1,1,10851.7
30-Jul-21,70216,8425,134256,5,0,4110
30-Jul-21,70240,3234,134307,1,0,11086
30-Jul-21,70348,3284,134493,2,2,3690
30-Jul-21,70381,12762,134556,2,2,798.02
30-Jul-21,70420,10236,134619,8,0,1302
30-Jul-21,70430,7545,134634,2,0,6352
30-Jul-21,70437,12652,134649,1,1,7203.4
30-Jul-21,70444,9174,134661,2,0,5526
30-Jul-21,70518,11146,134823,1,0,9923
30-Jul-21,70583,9171,134985,1,0,4630
30-Jul-21,70584,9171,134985,1,0,4799
30-Jul-21,70633,8444,135081,1,0,6166
30-Jul-21,70721,3284,135243,8,0,3634
30-Jul-21,70767,7640,135339,1,0,13886
30-Jul-21,70791,3610,135375,1,1,11939
30-Jul-21,70803,8221,135399,2,2,2789
30-Jul-21,70821,10421,135432,2,0,4261
30-Jul-21,70837,9915,135462,1,1,2881
30-Jul-21,70871,11118,135519,1,1,2478
30-Jul-21,70892,1041,135555,1,1,4272
30-Jul-21,70912,7640,135591,1,1,13886
30-Jul-21,70913,10975,135594,1,1,12779.7
30-Jul-21,70934,8219,135648,6,6,13288.2
30-Jul-21,70937,11172,135651,2,2,2796
30-Jul-21,70951,3284,135669,3,0,3634
30-Jul-21,70993,3279,135753,1,0,5837
30-Jul-21,71012,12701,135783,1,0,5013.56
30-Jul-21,71013,11140,135786,2,2,8253
30-Jul-21,71016,10224,135792,2,2,4311.9
30-Jul-21,71047,11137,135867,3,3,3364
30-Jul-21,71067,1038,135906,1,1,6854
30-Jul-21,71164,3603,136065,1,1,6867
30-Jul-21,71169,7271,136074,10,10,2153
30-Jul-21,71235,8459,136206,1,0,3000
30-Jul-21,71276,8751,136251,1,0,2216
30-Jul-21,71293,8428,136287,10,10,1540
30-Jul-21,71342,1043,136389,1,0,5320
30-Jul-21,71413,9919,136530,2,0,3666
30-Jul-21,71414,8664,136533,4,4,2320
30-Jul-21,71415,8461,136533,1,1,2500
30-Jul-21,71453,8444,136605,1,0,6166
30-Jul-21,71490,8210,136677,1,0,6720
30-Jul-21,71536,7835,136761,5,5,4180
30-Jul-21,71629,10235,136944,5,4,1420
30-Jul-21,71680,1548,137049,2,0,10509
30-Jul-21,71741,10235,137178,2,0,1420
30-Jul-21,71769,9915,137232,3,0,2447
30-Jul-21,71790,9899,137262,5,0,1711
30-Jul-21,71802,8444,137283,9,0,6108
30-Jul-21,71834,8428,137346,25,25,1596
30-Jul-21,71852,11118,137376,1,0,2722
30-Jul-21,71887,2862,137448,1,0,4200
30-Jul-21,71894,8384,137463,1,0,4746
30-Jul-21,71895,8384,137463,1,0,4658
30-Jul-21,71941,7271,137550,16,16,2216
30-Jul-21,71942,7640,137553,1,0,14695
30-Jul-21,71945,1548,137559,1,0,5127.12
30-Jul-21,71963,8428,137598,20,0,1586.3
30-Jul-21,72099,8428,137859,3,3,1595.2
30-Jul-21,72100,12685,137862,1,0,1880.95
30-Jul-21,72108,12681,137880,1,0,3333.33
30-Jul-21,72210,11960,138051,4,0,3393.22
30-Jul-21,72294,8444,138234,4,4,3252
30-Jul-21,72311,3284,138258,5,0,3634
30-Jul-21,72325,8424,138285,1,0,3455.1
30-Jul-21,72359,11118,138360,2,2,2478
30-Jul-21,72363,8336,138369,1,0,2749
30-Jul-21,72374,1548,138390,1,1,5127.12
30-Jul-21,72376,1040,138396,2,2,3483
30-Jul-21,72400,8444,138450,4,0,6034
30-Jul-21,72428,9915,138504,1,0,2447
30-Jul-21,72431,11143,138510,1,0,2339
30-Jul-21,146936,10235,296751,1,0,1387
30-Jul-21,147006,12487,296883,1,1,4217
30-Jul-21,147014,8424,296892,1,1,3372
30-Jul-21,147078,12505,297021,1,1,32992
30-Jul-21,147218,13524,297321,1,0,4476
30-Jul-21,147244,8444,297369,1,1,6634
30-Jul-21,147254,10235,297390,2,0,1446
30-Jul-21,147307,10235,297489,6,0,1446
31-Jul-21,62626,1548,119901,2,0,5551
31-Jul-21,62664,11189,119961,2,0,5178
31-Jul-21,62666,11189,119964,2,0,5178
31-Jul-21,62671,8428,119979,10,0,798
31-Jul-21,62684,9925,120000,1,1,3096.61
31-Jul-21,62722,9916,120093,3,3,2722.88
31-Jul-21,62733,11907,120126,3,0,3932.25
31-Jul-21,62735,11147,120132,1,0,1365
31-Jul-21,62846,11124,120378,1,0,886
31-Jul-21,62851,1041,120390,5,0,4532
31-Jul-21,62871,7528,120429,1,0,7767.8
31-Jul-21,62950,7640,120567,13,0,12883.8
31-Jul-21,62988,8425,120645,15,15,3522.2
31-Jul-21,63026,10235,120720,5,0,1350
31-Jul-21,63072,8444,120801,1,0,3166.8
31-Jul-21,63089,11899,120840,3,0,11410
31-Jul-21,63173,7575,120999,1,0,5745.25
31-Jul-21,63201,9915,121038,1,0,3043.22
31-Jul-21,63208,8428,121041,2,0,1635
31-Jul-21,63211,10236,121050,1,0,1302.25
31-Jul-21,63269,11907,121158,1,1,3932.25
31-Jul-21,63287,2282,121197,10,9,4000
31-Jul-21,63339,11104,121302,1,1,11225
31-Jul-21,63342,10529,121305,1,0,7781
31-Jul-21,63344,1041,121311,1,0,5429
31-Jul-21,63349,11117,121320,1,0,3528
31-Jul-21,63475,10207,121575,1,0,4612
31-Jul-21,63486,11140,121587,1,0,7481
31-Jul-21,63509,8443,121596,1,0,5750
31-Jul-21,63525,8444,121614,1,0,5719
31-Jul-21,63538,11106,121620,2,0,4120
31-Jul-21,63543,11106,121623,1,1,3770
31-Jul-21,63586,1041,121692,1,0,4423.22
31-Jul-21,63603,10236,121713,2,2,1380
31-Jul-21,63622,8444,121761,1,0,5872
31-Jul-21,63624,12677,121764,2,2,2142.86
31-Jul-21,63754,8219,122043,2,0,13597
31-Jul-21,63787,8482,122106,1,0,10205
31-Jul-21,63814,3284,122151,10,10,3306
31-Jul-21,63827,10235,122169,2,2,1368.99
31-Jul-21,63855,12487,122223,16,16,3322
31-Jul-21,63930,9905,122358,1,0,4106
31-Jul-21,63935,9915,122367,3,0,2447
31-Jul-21,63937,1039,122370,3,0,2478
31-Jul-21,63964,8425,122421,2,0,3561
31-Jul-21,63969,11152,122424,1,0,6955
31-Jul-21,63971,12749,122427,3,0,4027.25
31-Jul-21,64007,11731,122496,1,0,4947.59
31-Jul-21,64035,10227,122547,1,1,1414.83
31-Jul-21,64044,10975,122556,1,1,19029
31-Jul-21,64089,3603,122622,2,0,5738
31-Jul-21,64150,11156,122730,27,27,3897
31-Jul-21,64162,2282,122751,1,0,4000
31-Jul-21,64165,3610,122760,6,6,12364
31-Jul-21,64187,12710,122811,6,6,9600
31-Jul-21,64189,1548,122814,1,0,5550.9
31-Jul-21,64204,11155,122841,1,0,7460
31-Jul-21,64213,1041,122865,2,2,5429
31-Jul-21,64235,7921,122907,1,0,1056.8
31-Jul-21,64302,11156,123018,17,0,4474
31-Jul-21,64383,1041,123150,1,0,4240.14
31-Jul-21,64444,1548,123246,1,0,5550.9
31-Jul-21,64449,7493,123252,1,0,2549
31-Jul-21,64450,9925,123255,10,0,3038
31-Jul-21,64453,10235,123264,1,0,1350
31-Jul-21,64454,10235,123267,1,0,1350
31-Jul-21,64494,10224,123339,1,1,4105.22
31-Jul-21,64573,8428,123495,1,0,789
31-Jul-21,64578,11146,123501,2,0,3669
31-Jul-21,64590,8420,123522,1,0,6221
31-Jul-21,64618,9919,123582,1,0,3666
31-Jul-21,64627,8425,123600,2,0,3374
31-Jul-21,64709,11141,123753,1,0,4578
31-Jul-21,64827,8325,123975,4,0,10169.5
31-Jul-21,64831,8325,123975,1,0,11694.9
31-Jul-21,64894,8425,124077,1,0,3522.2
31-Jul-21,64900,9919,124083,1,1,3666
31-Jul-21,64929,12678,124143,6,6,1761.9
31-Jul-21,64986,10975,124260,1,0,19029
31-Jul-21,64990,8444,124263,1,0,5741
31-Jul-21,65047,3606,124353,2,0,5054
31-Jul-21,65065,11907,124392,3,3,3932.25
31-Jul-21,65078,10975,124419,1,0,12779.7
31-Jul-21,65129,10224,124515,50,0,4105.22
31-Jul-21,65142,11118,124545,1,0,2478
31-Jul-21,65143,3592,124548,1,0,9209
31-Jul-21,65160,8435,124587,1,0,5734
31-Jul-21,65168,1041,124602,1,0,5004
31-Jul-21,65189,9916,124617,1,0,2619
31-Jul-21,65213,1805,124659,1,1,18732.9
31-Jul-21,65223,9925,124689,4,4,3038
31-Jul-21,65256,10224,124764,10,0,4283.19
31-Jul-21,65331,11907,124917,1,0,3932.25
31-Jul-21,65431,12749,125124,1,1,4027.25
31-Jul-21,65518,8325,125301,1,0,8983.05
31-Jul-21,65535,10235,125343,1,0,1368.99
31-Jul-21,65587,3279,125445,1,1,5461
31-Jul-21,65620,8452,125502,1,0,6702
31-Jul-21,65638,9916,125526,1,1,2619
31-Jul-21,65659,9916,125559,1,0,2619
31-Jul-21,65697,11133,125619,1,0,1691
31-Jul-21,65702,7541,125634,1,0,1624
31-Jul-21,65793,12460,125814,1,1,13135.5
31-Jul-21,65838,10975,125880,1,1,11254.5
31-Jul-21,65866,10975,125928,1,1,8453.39
31-Jul-21,65870,12690,125931,1,1,2238.1
31-Jul-21,65918,8684,126033,1,0,3201
31-Jul-21,66001,11107,126231,1,1,3213
31-Jul-21,66007,2356,126246,4,0,2740
31-Jul-21,66026,9895,126282,20,0,1393
31-Jul-21,66043,8444,126318,1,0,3252
31-Jul-21,66102,1040,126435,6,0,3483
31-Jul-21,66153,8458,126528,5,0,2497
31-Jul-21,66220,11147,126657,1,1,1470
31-Jul-21,66236,12684,126675,1,1,2095.24
31-Jul-21,66305,1805,126807,1,1,18733
31-Jul-21,66338,12487,126870,3,3,3322
31-Jul-21,66355,11143,126912,1,1,2822
31-Jul-21,66538,11169,127263,1,0,5208
31-Jul-21,66653,9919,127503,1,0,3702
31-Jul-21,66674,2282,127548,1,1,4000
31-Jul-21,66725,11146,127623,1,1,8474
31-Jul-21,66745,11140,127650,1,1,7623
31-Jul-21,66759,8444,127686,1,0,6203
31-Jul-21,66784,1043,127728,2,0,5320
31-Jul-21,66834,10210,127791,1,0,2190
31-Jul-21,66946,11152,128013,1,0,6955
31-Jul-21,66988,11140,128091,1,1,4066
31-Jul-21,67010,1548,128148,1,0,5550.9
31-Jul-21,67013,10975,128151,1,0,14806.8
31-Jul-21,67124,11178,128373,1,0,8547
31-Jul-21,67139,9925,128400,50,21,3038
31-Jul-21,67153,11172,128427,2,1,2625
31-Jul-21,67207,10225,128550,1,0,3997.5
31-Jul-21,67233,10772,128604,2,0,3594
31-Jul-21,67246,10236,128628,2,0,1302.5
31-Jul-21,67335,1548,128793,2,2,10509
31-Jul-21,67350,12700,128820,2,2,7924
31-Jul-21,67353,8389,128826,1,0,2620
31-Jul-21,67360,12699,128841,3,2,3170
31-Jul-21,67371,2862,128859,1,1,4200
31-Jul-21,67374,3610,128868,1,1,12605
31-Jul-21,67444,1038,129006,6,6,6985
31-Jul-21,67522,11152,129144,1,1,6955
31-Jul-21,67542,11137,129186,2,2,3364
31-Jul-21,67574,9174,129246,1,1,5297
31-Jul-21,67576,1805,129252,1,0,18733
31-Jul-21,67611,10235,129327,3,3,1325
31-Jul-21,67709,3284,129531,1,0,3584
31-Jul-21,67743,11107,129588,1,0,3213
31-Jul-21,67756,8763,129615,2,0,20350
31-Jul-21,67828,10207,129738,2,0,4876
31-Jul-21,67872,2358,129840,1,1,1200
31-Jul-21,67923,11187,129963,1,0,5229
31-Jul-21,67944,7802,129999,1,0,4956
31-Jul-21,67946,7802,130005,1,0,4956
31-Jul-21,67949,7666,130008,2,2,10933
31-Jul-21,68044,12487,130188,4,4,3322
31-Jul-21,68063,11147,130224,2,0,1444
31-Jul-21,68088,11143,130278,1,0,2489
31-Jul-21,68110,3641,130317,10,0,9598
31-Jul-21,68140,10975,130383,34,34,11254.5
31-Jul-21,68141,10975,130383,10,10,11796.6
31-Jul-21,68172,8482,130434,2,0,11680
31-Jul-21,68228,3269,130545,2,2,9038
31-Jul-21,68233,9916,130554,1,0,2619
31-Jul-21,68238,11186,130566,1,0,3499
31-Jul-21,68289,2282,130680,1,0,4000
31-Jul-21,68308,11133,130728,1,0,1709
31-Jul-21,68356,3591,130821,1,0,7015
31-Jul-21,68360,11118,130824,1,1,2898
31-Jul-21,68390,9915,130875,3,3,2881
31-Jul-21,68421,12762,130920,3,0,798.02
31-Jul-21,68470,8210,130998,1,1,12674
31-Jul-21,68543,7541,131145,6,6,1523
31-Jul-21,68596,11147,131235,2,0,1470
31-Jul-21,68627,9925,131295,1,1,3038
31-Jul-21,68655,10236,131340,1,1,1302.25
31-Jul-21,68725,9919,131478,1,0,3666
31-Jul-21,68749,11658,131529,1,0,1365
31-Jul-21,68778,1041,131589,1,0,4240
31-Jul-21,68808,7640,131637,1,1,14695
31-Jul-21,68838,1038,131661,1,1,6985
31-Jul-21,69006,10235,131967,10,10,1369.9
31-Jul-21,69053,1548,132054,2,0,10509
31-Jul-21,69122,11106,132180,1,0,3560
31-Jul-21,69130,1548,132201,1,0,10509
31-Jul-21,69132,1548,132201,1,0,5550.9
31-Jul-21,69138,9174,132213,1,0,5526
31-Jul-21,69140,9895,132219,4,0,1393
31-Jul-21,69185,9925,132312,4,0,3038
31-Jul-21,69232,1040,132396,1,0,5261
31-Jul-21,69290,11187,132468,1,0,5229
31-Jul-21,69330,12749,132543,1,0,4186.44
31-Jul-21,69410,10247,132723,1,0,6448
31-Jul-21,69424,12749,132741,2,2,4178
31-Jul-21,69459,8760,132786,1,1,2335
31-Jul-21,69464,8210,132795,1,1,12621
31-Jul-21,69498,7583,132873,1,1,15932
31-Jul-21,69506,8444,132888,2,0,3350
31-Jul-21,69524,11146,132921,1,1,9809
31-Jul-21,69549,11123,132966,1,0,6703
31-Jul-21,69576,8219,133017,15,15,13488.3
31-Jul-21,69622,7640,133086,3,2,13886
31-Jul-21,69638,11658,133119,1,0,1365
31-Jul-21,69652,12749,133146,2,0,4202
31-Jul-21,69673,10547,133182,1,1,2955
31-Jul-21,69704,11125,133248,6,6,1891
31-Jul-21,69732,1548,133308,5,5,10509
31-Jul-21,69867,12400,133572,1,0,7106.4
31-Jul-21,69899,11911,133653,1,0,2782
31-Jul-21,69908,9896,133671,1,0,7179
31-Jul-21,69924,10204,133692,1,0,3490
31-Jul-21,69992,1041,133809,1,0,5429
31-Jul-21,70007,10204,133833,4,4,3490
31-Jul-21,70011,8413,133842,5,5,1879
31-Jul-21,70114,10235,134046,1,0,1398
31-Jul-21,70125,1043,134061,1,1,10533
31-Jul-21,70221,7775,134268,1,0,6791
31-Jul-21,70230,8210,134289,2,0,12674
31-Jul-21,70236,3269,134298,1,0,11237
31-Jul-21,70251,3279,134328,1,1,5837
31-Jul-21,70256,8664,134334,5,0,2320
31-Jul-21,70262,11123,134346,2,0,3352
31-Jul-21,70281,10204,134382,2,2,3490
31-Jul-21,70285,10975,134388,1,0,14806.8
31-Jul-21,70316,8221,134436,4,4,2789
31-Jul-21,70367,3610,134541,2,1,7563
31-Jul-21,70419,10236,134619,2,0,1360
31-Jul-21,70510,3266,134799,1,1,18857
31-Jul-21,70522,7872,134835,1,0,1985
31-Jul-21,70533,3568,134865,1,0,6655
31-Jul-21,70559,10520,134925,1,0,3701.69
31-Jul-21,70596,3611,135012,1,0,3149
31-Jul-21,70662,8352,135132,5,5,2545
31-Jul-21,70680,8424,135165,1,0,7412
31-Jul-21,70700,11189,135201,5,5,5084
31-Jul-21,70820,7566,135429,1,0,26276.4
31-Jul-21,70832,10421,135453,2,0,4261
31-Jul-21,70877,9925,135528,3,3,3038
31-Jul-21,70878,11143,135531,1,0,2507
31-Jul-21,70879,7640,135534,1,1,13886
31-Jul-21,70883,11140,135543,3,0,2445
31-Jul-21,70885,7529,135546,2,2,5170
31-Jul-21,70900,11139,135570,1,0,3686
31-Jul-21,70928,1041,135630,1,0,4066
31-Jul-21,71038,9913,135852,1,0,4761
31-Jul-21,71044,1041,135864,1,1,4455
31-Jul-21,71045,3615,135864,1,1,4232
31-Jul-21,71096,1548,135957,2,2,5127.11
31-Jul-21,71097,3610,135960,2,2,7817
31-Jul-21,71111,1548,135981,1,1,10509
31-Jul-21,71140,8428,136023,2,0,1614
31-Jul-21,71153,3284,136047,3,3,3634
31-Jul-21,71172,11960,136083,7,7,3393.22
31-Jul-21,71194,3615,136113,5,5,4155
31-Jul-21,71215,9925,136158,3,0,3038
31-Jul-21,71249,7575,136218,1,0,6147.88
31-Jul-21,71300,8684,136302,1,0,3201
31-Jul-21,71319,8422,136341,2,0,3260
31-Jul-21,71351,11133,136404,1,1,3575
31-Jul-21,71371,11118,136449,2,0,2478
31-Jul-21,71392,8422,136485,4,0,3260
31-Jul-21,71459,9916,136617,1,1,2619
31-Jul-21,71486,7990,136671,1,0,3056
31-Jul-21,71552,8219,136782,5,5,13288.2
31-Jul-21,71556,11118,136788,1,0,2722
31-Jul-21,71709,1548,137106,7,7,5127.11
31-Jul-21,71742,10235,137178,7,0,1398
31-Jul-21,71794,11133,137268,1,1,3407
31-Jul-21,71801,8210,137280,230,0,6720
31-Jul-21,71812,8680,137304,1,1,6762.71
31-Jul-21,71838,12701,137355,3,3,5013.56
31-Jul-21,71839,11139,137358,1,1,3686
31-Jul-21,71849,8428,137370,20,10,1586.3
31-Jul-21,71911,8219,137493,1,0,13288.2
31-Jul-21,71937,1043,137541,1,0,20796
31-Jul-21,71939,9915,137544,5,0,2447
31-Jul-21,71974,1038,137622,5,0,6855
31-Jul-21,72037,8444,137727,6,0,3252
31-Jul-21,72106,11106,137877,2,0,4120
31-Jul-21,72126,11140,137910,1,1,4531
31-Jul-21,72158,10225,137958,1,0,3997.5
31-Jul-21,72190,8444,138006,1,0,3252
31-Jul-21,72215,11143,138063,1,0,2688
31-Jul-21,72255,8210,138141,1,0,13007
31-Jul-21,72271,1040,138177,5,5,3483
31-Jul-21,72275,8411,138189,3,3,1450
31-Jul-21,72278,8428,138195,9,9,1586.3
31-Jul-21,72289,8444,138219,1,0,3252
31-Jul-21,72302,11240,138246,1,1,9522
31-Jul-21,72314,3284,138267,1,0,3634
31-Jul-21,72318,10235,138279,2,2,1369.9
31-Jul-21,72342,7553,138324,1,1,4873
31-Jul-21,72353,1548,138348,2,0,5127.12
31-Jul-21,72373,12912,138387,10,10,3259.73
31-Jul-21,72384,8482,138414,1,1,10025
31-Jul-21,72397,7890,138441,1,0,2915
31-Jul-21,72401,8444,138450,4,0,3252
31-Jul-21,146991,13742,296856,1,0,2250
31-Jul-21,147002,3624,296877,1,0,5453
31-Jul-21,147026,12547,296907,50,0,11087
31-Jul-21,147032,13592,296916,1,0,1540
31-Jul-21,147121,10235,297102,1,1,1432
31-Jul-21,147212,8428,297306,2,0,1618
31-Jul-21,147223,10224,297333,1,0,4349
31-Jul-21,147259,10235,297405,3,3,1446
31-Jul-21,147264,3610,297417,1,0,12704
31-Jul-21,147334,8425,297546,1,0,4930
31-Jul-21,147339,12652,297558,1,1,7956
1-Jul-22,147356,12547,297597,10,10,5726
1-Jul-22,147387,12652,297666,1,1,7956
1-Jul-22,147417,12701,297714,2,2,9297
1-Jul-22,147430,8425,297738,1,0,4862
1-Jul-22,147459,3624,297783,1,0,5453
1-Jul-22,147462,8751,297783,2,0,2827
1-Jul-22,147480,8425,297828,4,4,4930
1-Jul-22,147481,8425,297828,1,1,5110
1-Jul-22,147507,10975,297888,1,0,18602
1-Jul-22,147532,10235,297954,10,0,1432
1-Jul-22,147552,8441,298008,1,0,4028
1-Jul-22,147572,1043,298050,11,0,22205
1-Jul-22,147578,10248,298062,1,0,5646
1-Jul-22,147632,11658,298182,2,0,1804
1-Jul-22,147730,10227,298380,1,0,1456
1-Jul-22,147738,8425,298392,1,0,4862
1-Jul-22,147796,11146,298518,2,0,3962
1-Jul-22,147856,8444,298620,1,1,6549
1-Jul-22,147891,8444,298683,1,0,5813
1-Jul-22,147896,12547,298695,25,25,11087
1-Jul-22,147957,1041,298800,1,0,5090
1-Jul-22,147972,7583,298827,1,0,28577
1-Jul-22,148048,10236,298962,1,1,1341
1-Jul-22,148065,14349,298992,1,1,32992
1-Jul-22,148077,3279,299019,1,1,8814.94
1-Jul-22,148079,1805,299025,1,0,17527
1-Jul-22,148109,8444,299094,1,1,6279
1-Jul-22,148120,1038,299121,1,1,8588
1-Jul-22,148149,12864,299172,1,0,57724
1-Jul-22,148159,8440,299193,1,0,6345
1-Jul-22,148175,8425,299223,1,0,4862
1-Jul-22,148211,3284,299304,2,0,5271
1-Jul-22,148237,10236,299358,2,2,1258
1-Jul-22,148244,9916,299376,5,0,3372
1-Jul-22,148247,10224,299382,1,0,4357
1-Jul-22,148297,10235,299481,2,0,1446
1-Jul-22,148415,9915,299646,4,4,3599
1-Jul-22,148421,8221,299661,1,0,3770
1-Jul-22,148454,3269,299718,1,0,9904
1-Jul-22,148464,10235,299736,2,2,1387
1-Jul-22,148532,12701,299850,3,0,9297
1-Jul-22,148542,1041,299868,1,0,5616
1-Jul-22,148553,8221,299892,2,2,3545
1-Jul-22,148574,9171,299928,1,1,6425
1-Jul-22,148577,12701,299928,2,2,6379
1-Jul-22,148652,12487,300054,5,5,4220
1-Jul-22,148656,3615,300057,13,0,6558
1-Jul-22,148658,2367,300060,100,0,469
1-Jul-22,148681,8219,300096,2,0,14934
1-Jul-22,148805,7554,300342,1,0,11940
1-Jul-22,148821,10225,300378,1,0,4302
1-Jul-22,148831,3279,300399,1,1,9724
1-Jul-22,148841,8208,300426,3,3,8291
1-Jul-22,148866,12547,300474,5,5,5635
1-Jul-22,148958,9916,300672,5,5,3372
1-Jul-22,148973,10975,300705,1,0,5893
1-Jul-22,148979,10975,300720,1,1,5893
1-Jul-22,149001,9915,300771,1,0,3612
1-Jul-22,149022,10204,300816,4,4,4024
1-Jul-22,149033,10235,300831,1,0,1432
1-Jul-22,149058,8425,300882,2,0,5205
1-Jul-22,149067,8760,300900,6,0,2363
1-Jul-22,149071,8760,300912,4,4,2363
1-Jul-22,149146,13928,301077,1,1,6202
1-Jul-22,149185,1043,301152,1,1,22849
1-Jul-22,149191,8444,301158,1,0,6343
1-Jul-22,149216,10204,301215,2,0,4024
1-Jul-22,149228,11139,301239,1,0,4319
1-Jul-22,149267,3610,301326,1,1,8233
1-Jul-22,149278,11169,301347,1,1,6996
1-Jul-22,149313,11127,301416,1,0,2897
1-Jul-22,149327,3610,301443,1,1,8500
1-Jul-22,149403,12460,301590,2,0,14130
1-Jul-22,149438,12784,301677,1,0,2138
1-Jul-22,149447,12487,301704,10,10,4220
1-Jul-22,149449,12487,301704,2,2,4497
1-Jul-22,149453,10204,301716,3,0,4024
1-Jul-22,149458,12487,301722,2,0,4497
1-Jul-22,149490,14309,301794,1,1,8451
1-Jul-22,149492,3279,301800,1,0,8814.94
1-Jul-22,149614,12487,302061,20,20,4220
1-Jul-22,149634,8378,302097,1,0,4064
1-Jul-22,149682,12455,302193,10,0,5771
1-Jul-22,149694,3603,302214,2,2,7466
1-Jul-22,149746,8444,302313,2,2,6343
1-Jul-22,149803,3613,302442,1,0,8038
1-Jul-22,149872,7860,302616,1,0,2748
1-Jul-22,149880,8444,302637,3,0,6832
1-Jul-22,149888,3279,302661,1,0,8814.94
1-Jul-22,149914,10235,302709,1,0,1399
1-Jul-22,149918,1041,302718,1,1,5225
1-Jul-22,149924,11925,302730,1,0,11814
1-Jul-22,149954,7640,302796,1,0,15638
1-Jul-22,149968,7586,302826,2,0,6557
1-Jul-22,149984,8219,302862,2,0,14934
1-Jul-22,150010,12487,302907,5,4,4220
1-Jul-22,150049,8210,302982,1,0,13731
1-Jul-22,150050,13682,302982,5,5,3044
1-Jul-22,150069,10204,303033,5,5,4024
1-Jul-22,150071,8219,303036,4,0,14934
1-Jul-22,150080,13765,303060,1,0,2633
1-Jul-22,150106,9916,303129,6,0,3372
1-Jul-22,150220,8444,303423,1,0,3933
1-Jul-22,150270,3610,303525,3,3,8233
1-Jul-22,150340,10204,303654,2,2,4024
1-Jul-22,150358,10236,303693,2,2,1258
1-Jul-22,150395,14352,303771,5,5,3318
1-Jul-22,150460,10204,303894,2,2,4059
1-Jul-22,150471,12652,303918,6,6,7956
1-Jul-22,150472,8425,303921,10,10,5118
1-Jul-22,150487,12678,303951,2,2,3066
1-Jul-22,150551,3610,304077,1,1,12768
1-Jul-22,150580,10236,304134,2,2,1341
1-Jul-22,150703,10236,304386,2,2,1295
1-Jul-22,150711,10236,304401,6,0,1295
1-Jul-22,150713,10236,304404,6,6,1295
1-Jul-22,150714,10235,304407,3,3,1446
1-Jul-22,150786,8444,304542,2,2,6374
1-Jul-22,150805,9915,304578,1,1,3650
1-Jul-22,150873,8444,304707,1,1,5813
1-Jul-22,150924,13592,304812,3,0,1540
1-Jul-22,150945,8378,304857,1,1,4064
1-Jul-22,150972,11107,304923,2,2,5725
1-Jul-22,151005,3279,304980,1,0,8814.94
1-Jul-22,151011,1038,304995,2,2,8315
1-Jul-22,151090,1038,305160,1,1,8588
1-Jul-22,151096,12407,305172,1,0,9866
1-Jul-22,151112,7607,305211,1,0,12541
1-Jul-22,151152,10235,305295,1,0,1387
1-Jul-22,151184,12487,305355,5,5,4308
1-Jul-22,151205,8424,305400,1,0,3550
1-Jul-22,151237,3613,305469,1,0,8266
1-Jul-22,151282,8219,305532,3,3,14934
1-Jul-22,151294,10247,305547,1,1,7270
1-Jul-22,151301,7547,305565,1,1,15040
1-Jul-22,151367,3279,305715,1,1,8814.94
1-Jul-22,151380,11146,305742,1,0,3038
1-Jul-22,151384,12749,305751,4,4,6370
1-Jul-22,151393,7637,305769,1,1,29580
1-Jul-22,151406,10975,305799,4,4,11087
1-Jul-22,151417,8457,305820,1,1,7905
1-Jul-22,151451,13506,305898,2,2,4325
1-Jul-22,151453,10236,305904,2,0,1341
1-Jul-22,151465,13524,305925,1,0,4476
1-Jul-22,151469,2862,305931,1,0,4021
1-Jul-22,151474,8429,305937,1,0,2679
1-Jul-22,151509,8457,306009,1,0,8406
1-Jul-22,151532,13507,306057,1,0,15159
1-Jul-22,151554,12803,306114,1,1,5884
1-Jul-22,151603,10236,306219,1,0,1295
1-Jul-22,151639,12701,306294,1,1,6379
1-Jul-22,151646,8425,306309,5,0,4816
1-Jul-22,151660,8457,306342,1,0,7830
1-Jul-22,151668,7637,306354,1,0,31644
1-Jul-22,151685,10204,306393,1,0,4024
1-Jul-22,151715,13765,306453,2,2,2633
1-Jul-22,151745,13524,306525,1,0,4362
1-Jul-22,151751,3615,306540,2,2,6041
1-Jul-22,151754,8428,306549,5,0,1793
1-Jul-22,151755,8428,306552,5,5,1793
1-Jul-22,151795,12547,306639,15,15,11087
1-Jul-22,151825,10209,306708,1,0,6306
1-Jul-22,151864,1038,306792,5,5,8324
1-Jul-22,151869,11233,306798,1,0,12268
1-Jul-22,151892,1038,306846,5,0,8588
1-Jul-22,151904,8444,306873,1,0,6034
1-Jul-22,151907,10208,306882,1,0,432
1-Jul-22,151987,8439,307095,1,1,1842
1-Jul-22,152041,12652,307218,1,1,7956
1-Jul-22,152057,1041,307254,2,0,5620
1-Jul-22,152064,13901,307266,2,2,2000
1-Jul-22,152078,10204,307299,2,2,4033
1-Jul-22,152079,8422,307302,1,0,3997
1-Jul-22,152111,12547,307353,2,2,11087
1-Jul-22,152133,13357,307407,1,1,5081
1-Jul-22,152138,1038,307419,1,1,8315
1-Jul-22,152150,12701,307440,1,0,9542
1-Jul-22,152156,13592,307452,5,5,1540
1-Jul-22,152166,7640,307479,10,10,15638
1-Jul-22,152183,8457,307515,1,0,8406
1-Jul-22,152249,13901,307644,1,1,2000
1-Jul-22,152296,8384,307728,1,1,5469
1-Jul-22,152311,11233,307761,1,1,12268
1-Jul-22,152341,8429,307833,1,0,2583
1-Jul-22,152379,8440,307890,1,0,11863
1-Jul-22,152417,8425,307977,1,1,4894
1-Jul-22,152428,8622,308007,1,0,27733
1-Jul-22,152442,12407,308034,1,0,8906
1-Jul-22,152461,12749,308085,10,0,6370
1-Jul-22,152521,8439,308208,5,5,1842
1-Jul-22,152531,12487,308232,1,0,4497
1-Jul-22,152661,13696,308499,3,3,5875
1-Jul-22,152692,7586,308565,2,0,7415
1-Jul-22,152721,7860,308634,30,30,3317
1-Jul-22,152732,10227,308658,2,0,1478
1-Jul-22,152745,12652,308679,5,5,7770
1-Jul-22,152761,12652,308709,1,0,7770
1-Jul-22,152785,8424,308754,1,0,7941
1-Jul-22,152808,1041,308808,1,0,5707
1-Jul-22,152809,12547,308811,1,0,5726
1-Jul-22,152949,8437,309093,3,0,2076
1-Jul-22,152966,8422,309123,1,0,6140
1-Jul-22,152978,12652,309141,1,0,7770
1-Jul-22,152990,8444,309171,5,0,5813
1-Jul-22,153067,12487,309348,2,0,4308
1-Jul-22,153152,14354,309516,1,1,2501
1-Jul-22,153269,10235,309753,2,2,1455
1-Jul-22,153329,13524,309876,4,4,4430
1-Jul-22,153349,8428,309918,2,0,1793
1-Jul-22,153364,8418,309951,1,0,4190
1-Jul-22,153365,8460,309951,1,0,3660
1-Jul-22,153385,8424,310002,1,1,3511
1-Jul-22,153500,3635,310269,1,0,6911
1-Jul-22,153526,1038,310308,3,3,8179
1-Jul-22,153551,8787,310374,15,0,1555
1-Jul-22,153593,10236,310452,1,0,1386
1-Jul-22,153615,12652,310509,1,1,7770
1-Jul-22,153618,11107,310512,1,1,5725
1-Jul-22,153666,2367,310599,100,0,479
1-Jul-22,153672,9895,310614,2,0,1128.5
1-Jul-22,153715,3610,310695,4,4,12704
1-Jul-22,153717,13524,310698,2,2,4317
1-Jul-22,153721,8219,310707,1,1,14813
1-Jul-22,153756,8424,310788,2,0,3404
1-Jul-22,153761,8335,310797,1,1,3906
1-Jul-22,153774,3610,310833,1,1,8233
1-Jul-22,153852,8375,310971,2,0,301
1-Jul-22,153854,8375,310977,2,0,301
1-Jul-22,153951,12681,311196,1,1,5658
1-Jul-22,154005,11124,311325,1,0,1028
1-Jul-22,154020,7653,311352,5,0,11758
1-Jul-22,154031,8444,311376,1,0,3820
1-Jul-22,154052,8751,311418,1,1,5467
1-Jul-22,154087,13765,311484,3,3,2633
1-Jul-22,154097,3611,311508,2,0,4693
1-Jul-22,154117,3610,311547,1,1,8233
1-Jul-22,154141,7640,311607,9,9,16903
1-Jul-22,154151,8219,311628,1,1,15166
1-Jul-22,154253,14408,311868,1,1,33992
1-Jul-22,154280,8434,311925,1,0,12671
1-Jul-22,154388,12652,312177,30,30,7770
1-Jul-22,154464,1038,312348,1,1,8179
1-Jul-22,154478,7546,312372,4,4,12186
1-Jul-22,154505,8422,312435,1,1,6140
1-Jul-22,154511,11138,312453,1,1,66851
1-Jul-22,154517,8131,312468,1,0,8760
1-Jul-22,154529,13765,312474,4,0,2633
1-Jul-22,154579,9815,312597,1,1,13722
1-Jul-22,154583,7640,312609,1,1,14449
1-Jul-22,154594,11173,312627,1,1,4969
1-Jul-22,154615,11136,312672,7,0,2723
1-Jul-22,154619,1041,312678,2,2,5453
1-Jul-22,154706,3615,312879,1,1,6041
1-Jul-22,154708,8331,312879,1,1,5059
1-Jul-22,154735,7808,312936,1,1,3154
1-Jul-22,154776,12749,313023,2,2,6211
1-Jul-22,154785,12749,313047,3,3,6211
1-Jul-22,154810,7553,313101,1,1,7629
1-Jul-22,154813,7827,313101,1,1,6667
1-Jul-22,154816,8208,313101,1,1,9405
1-Jul-22,154859,7855,313188,2,0,10958
1-Jul-22,154896,1041,313266,2,0,5707
1-Jul-22,154919,2367,313308,30,0,479
1-Jul-22,154925,2367,313320,30,30,479
1-Jul-22,154971,10235,313422,5,5,1455
1-Jul-22,154979,11129,313440,1,1,13799
1-Jul-22,155015,13506,313515,1,1,3705
1-Jul-22,155049,11124,313602,10,0,820.08
1-Jul-22,155079,12547,313671,5,5,11178
1-Jul-22,155081,3305,313677,1,0,6341
1-Jul-22,155164,11735,313872,1,0,7106
1-Jul-22,155165,8424,313872,1,0,3544
1-Jul-22,155179,10975,313914,1,1,18602
1-Jul-22,155214,8444,313989,1,0,6343
1-Jul-22,155243,8421,314040,1,0,4714
1-Jul-22,155276,8424,314106,1,1,3372
1-Jul-22,155325,3615,314232,2,2,6041
1-Jul-22,155335,10235,314253,2,2,1501
1-Jul-22,155340,1805,314268,3,0,17527
1-Jul-22,155364,10236,314319,3,3,1386
1-Jul-22,155396,1041,314388,1,0,5616
1-Jul-22,155420,10235,314430,1,0,1501
1-Jul-22,155456,8131,314514,1,0,8599
1-Jul-22,155468,8457,314541,4,0,7833
1-Jul-22,155493,11146,314595,1,0,3988
1-Jul-22,155496,7726,314601,1,0,3800
1-Jul-22,155512,10225,314634,4,4,4434
1-Jul-22,155544,11163,314670,1,0,5379
1-Jul-22,155555,13618,314682,2,0,3251
1-Jul-22,155578,1043,314718,1,0,11889
1-Jul-22,155623,10224,314817,5,5,4619
1-Jul-22,155647,11112,314865,1,0,22917
1-Jul-22,155652,10227,314877,1,0,1478
1-Jul-22,155682,13745,314919,1,1,5275
1-Jul-22,155706,8378,314967,1,1,4274
1-Jul-22,155740,3610,315027,5,0,12768
1-Jul-22,155761,10235,315072,1,1,1501
1-Jul-22,155780,13905,315108,1,1,3094
1-Jul-22,155799,8210,315138,1,1,13860
1-Jul-22,155809,1041,315144,1,1,5090
1-Jul-22,155817,7860,315168,1,0,2748
1-Jul-22,155860,3610,315252,1,1,8500
1-Jul-22,155868,13750,315273,1,1,4054
1-Jul-22,155929,8770,315429,1,1,3680
1-Jul-22,155970,12697,315519,20,20,1052
1-Jul-22,156003,7860,315594,2,0,3317
1-Jul-22,156020,8410,315630,1,0,306
1-Jul-22,156039,8760,315660,1,0,2363
1-Jul-22,156176,11146,315951,1,1,4567
1-Jul-22,156185,11112,315975,1,0,22917
1-Jul-22,156237,8370,316089,5,0,1565
1-Jul-22,156243,7596,316104,1,0,4596
1-Jul-22,156261,12697,316137,20,0,1052
1-Jul-22,156264,8378,316146,1,1,4441
1-Jul-22,156311,8444,316239,1,0,6343
1-Jul-22,156321,12912,316260,5,5,3844
1-Jul-22,156335,12784,316284,1,1,2134
1-Jul-22,156344,8425,316296,4,0,4894
1-Jul-22,156348,8425,316305,2,0,4894
1-Jul-22,156377,13752,316374,1,1,9065
1-Jul-22,156387,8443,316398,1,1,6645
1-Jul-22,156403,10975,316428,1,0,12632
1-Jul-22,156410,1041,316437,1,0,5090
1-Jul-22,156412,7860,316443,2,2,2748
1-Jul-22,156440,11124,316488,4,0,1991
1-Jul-22,156449,2862,316506,5,0,4021
1-Jul-22,156553,7607,316767,5,5,12214
1-Jul-22,156568,1043,316803,1,0,22849
1-Jul-22,156606,8461,316881,1,0,3224
1-Jul-22,156613,1041,316896,1,0,5620
1-Jul-22,156634,11143,316947,1,0,3388
1-Jul-22,156661,8817,316968,1,0,7494
1-Jul-22,156671,8424,316986,1,1,3372
1-Jul-22,156674,12703,316992,4,0,3373
1-Jul-22,156701,9882,317061,1,0,13751
1-Jul-22,156722,8457,317097,1,0,8117
1-Jul-22,156724,8457,317103,1,1,7830
1-Jul-22,156737,1041,317130,1,0,5725
1-Jul-22,156747,1041,317136,1,1,5620
1-Jul-22,156795,7653,317244,9,9,11536
1-Jul-22,156808,13752,317277,3,3,8817
1-Jul-22,156822,13618,317310,67,67,3251
1-Jul-22,156842,10975,317358,1,0,12632
1-Jul-22,156885,8418,317463,1,0,4190
1-Jul-22,156942,8420,317583,1,1,3631
1-Jul-22,156974,8424,317643,10,10,3372
1-Jul-22,156998,10224,317691,1,0,4988
1-Jul-22,157090,8428,317913,1,0,1793
1-Jul-22,157219,1038,318171,10,10,7815
1-Jul-22,157250,8437,318219,5,2,2076
1-Jul-22,157261,11172,318249,2,2,2614
1-Jul-22,157297,10224,318318,1,0,4803
1-Jul-22,157307,10225,318336,1,1,4619
1-Jul-22,157346,12455,318423,1,1,5771
1-Jul-22,157355,3592,318444,1,1,6510
1-Jul-22,157357,12784,318450,10,0,2138
1-Jul-22,157362,11136,318465,4,4,2723
1-Jul-22,157367,9882,318480,2,2,13751
1-Jul-22,157385,10975,318519,1,0,12632
1-Jul-22,157393,11172,318537,1,1,2614
1-Jul-22,157441,10975,318651,1,1,12632
1-Jul-22,157447,8418,318663,1,0,4190
1-Jul-22,157484,8444,318759,1,0,6374
1-Jul-22,157488,8444,318765,2,2,6589
1-Jul-22,157563,3610,318915,1,1,12768
2-Jul-22,147353,10233,297591,1,1,2250
2-Jul-22,147423,11165,297723,1,1,21005
2-Jul-22,147456,11125,297777,4,4,1858
2-Jul-22,147473,8751,297807,2,2,2827
2-Jul-22,147543,11189,297981,1,0,6292
2-Jul-22,147554,3279,298014,1,0,8814.94
2-Jul-22,147563,8425,298029,1,0,4930
2-Jul-22,147604,10236,298116,1,0,1341
2-Jul-22,147610,10227,298125,2,2,1456
2-Jul-22,147624,13508,298158,1,0,8650
2-Jul-22,147639,12460,298194,1,0,14130
2-Jul-22,147645,10235,298206,3,0,1432
2-Jul-22,147659,10235,298227,1,0,1446
2-Jul-22,147677,13765,298263,2,0,2633
2-Jul-22,147736,10233,298386,1,1,2250
2-Jul-22,147739,8425,298395,1,1,4862
2-Jul-22,147752,10204,298428,2,2,4024
2-Jul-22,147757,10236,298440,1,0,1341
2-Jul-22,147778,10975,298488,1,0,19344
2-Jul-22,147846,9171,298605,1,0,6634
2-Jul-22,147931,10224,298758,5,0,4349
2-Jul-22,147958,1041,298800,1,0,4954
2-Jul-22,147979,10235,298845,8,8,1446
2-Jul-22,148021,8210,298920,2,2,7576
2-Jul-22,148040,8210,298956,40,0,14612
2-Jul-22,148041,8210,298956,30,0,12452
2-Jul-22,148045,10224,298962,2,2,4349
2-Jul-22,148083,12584,299034,1,0,24414
2-Jul-22,148144,10225,299166,2,0,4197
2-Jul-22,148163,8221,299202,10,10,6182
2-Jul-22,148196,1043,299271,3,0,5854
2-Jul-22,148218,1041,299319,1,0,5090
2-Jul-22,148234,10226,299358,1,1,3883
2-Jul-22,148252,8444,299385,1,0,6034
2-Jul-22,148258,12710,299400,5,0,9200
2-Jul-22,148266,12400,299415,2,0,6683
2-Jul-22,148289,9778,299472,1,1,2801
2-Jul-22,148313,8457,299487,1,0,7905
2-Jul-22,148321,11926,299502,10,0,6997
2-Jul-22,148373,3279,299604,1,0,9724
2-Jul-22,148403,14292,299622,1,1,3041
2-Jul-22,148414,1805,299643,3,3,17527
2-Jul-22,148449,8221,299706,5,5,6182
2-Jul-22,148503,9916,299802,5,5,3372
2-Jul-22,148613,8348,299994,2,2,3345
2-Jul-22,148720,7271,300183,10,10,2566
2-Jul-22,148735,8221,300213,5,0,3770
2-Jul-22,148751,8219,300240,100,0,14934
2-Jul-22,148757,13764,300243,1,0,7746
2-Jul-22,148768,10224,300267,1,1,4360.17
2-Jul-22,148777,8425,300288,1,0,5300
2-Jul-22,148791,7586,300312,1,0,9677
2-Jul-22,148849,10236,300438,1,1,1341
2-Jul-22,148863,12697,300468,10,10,1052
2-Jul-22,148896,12710,300543,5,5,9200
2-Jul-22,148923,14252,300603,1,1,32992
2-Jul-22,148931,10975,300615,5,4,18031
2-Jul-22,148933,12400,300618,1,1,6080
2-Jul-22,148938,12487,300627,5,5,4220
2-Jul-22,148975,3279,300711,1,0,9724
2-Jul-22,148976,10235,300714,5,5,1432
2-Jul-22,149100,3613,300984,1,0,8110
2-Jul-22,149124,8444,301032,2,0,3933
2-Jul-22,149232,3615,301245,1,1,6041
2-Jul-22,149255,8378,301299,1,1,4064
2-Jul-22,149280,8210,301350,1,1,16302
2-Jul-22,149285,8221,301356,4,4,3770
2-Jul-22,149299,3610,301389,24,24,13268
2-Jul-22,149343,8444,301476,3,3,5813
2-Jul-22,149346,10238,301479,1,0,6198
2-Jul-22,149349,3615,301485,2,0,6041
2-Jul-22,149387,7860,301560,2,2,3317
2-Jul-22,149391,7860,301566,1,1,3315
2-Jul-22,149399,3615,301581,2,0,6180
2-Jul-22,149409,12460,301605,2,1,14130
2-Jul-22,149423,8219,301644,15,15,15166
2-Jul-22,149457,10233,301722,2,0,2250
2-Jul-22,149475,7547,301755,1,0,14961
2-Jul-22,149479,1805,301767,4,0,17527
2-Jul-22,149513,10226,301857,1,0,3697
2-Jul-22,149549,3615,301926,2,2,6180
2-Jul-22,149556,12460,301935,1,1,14130
2-Jul-22,149615,12487,302061,5,5,4308
2-Jul-22,149642,12701,302112,1,1,6379
2-Jul-22,149651,10226,302127,1,0,3883
2-Jul-22,149670,10224,302163,1,0,4581
2-Jul-22,149671,9895,302166,4,0,1128.5
2-Jul-22,149718,14352,302256,5,5,3318
2-Jul-22,149735,8219,302292,2,0,14934
2-Jul-22,149748,8378,302319,4,4,3938
2-Jul-22,149766,8378,302367,30,0,3938
2-Jul-22,149786,1038,302415,2,2,8324
2-Jul-22,149805,7607,302448,1,1,12541
2-Jul-22,149838,14309,302526,1,1,8270
2-Jul-22,149854,12748,302565,2,2,2810
2-Jul-22,149908,10236,302700,2,2,1295
2-Jul-22,149917,12547,302715,2,0,5726
2-Jul-22,149997,8425,302883,3,3,5300
2-Jul-22,150014,8219,302913,1,1,15166
2-Jul-22,150056,7640,303000,1,0,16490
2-Jul-22,150059,10235,303009,2,2,1446
2-Jul-22,150060,12407,303012,2,2,9866
2-Jul-22,150153,7586,303246,1,0,6557
2-Jul-22,150269,3610,303525,2,2,12768
2-Jul-22,150291,7607,303564,7,0,12323
2-Jul-22,150312,7860,303600,1,0,3317
2-Jul-22,150315,7285,303609,1,0,5114
2-Jul-22,150355,11125,303687,1,1,2195
2-Jul-22,150416,3610,303810,2,2,8233
2-Jul-22,150426,11165,303822,1,0,11934
2-Jul-22,150445,8444,303861,1,1,6034
2-Jul-22,150533,1038,304038,1,0,8450
2-Jul-22,150546,8221,304065,2,0,6182
2-Jul-22,150563,13745,304098,2,2,5275
2-Jul-22,150583,11110,304140,1,0,4048
2-Jul-22,150597,14363,304173,16,16,12813
2-Jul-22,150627,11233,304248,25,25,12904
2-Jul-22,150653,8428,304302,1,0,1793
2-Jul-22,150660,8777,304317,10,0,961
2-Jul-22,150681,12697,304338,2,0,2098
2-Jul-22,150685,8444,304350,1,1,5813
2-Jul-22,150718,11925,304413,1,1,11814
2-Jul-22,150728,10235,304434,5,5,1399
2-Jul-22,150737,12460,304446,1,1,15040
2-Jul-22,150739,11169,304449,2,2,6996
2-Jul-22,150762,9915,304488,2,0,3650
2-Jul-22,150787,12487,304545,1,1,4217
2-Jul-22,151024,13736,305007,1,1,8928.57
2-Jul-22,151049,8378,305073,5,5,3938
2-Jul-22,151075,12487,305124,37,37,4308
2-Jul-22,151118,8424,305229,1,0,8266
2-Jul-22,151129,12511,305250,1,0,7950
2-Jul-22,151135,10227,305268,1,0,1456
2-Jul-22,151145,10227,305289,1,1,1456
2-Jul-22,151201,8424,305388,1,0,3511
2-Jul-22,151202,8444,305391,2,2,6374
2-Jul-22,151210,8210,305415,1,0,14612
2-Jul-22,151253,7860,305481,1,0,3317
2-Jul-22,151415,8424,305820,1,1,3511
2-Jul-22,151442,12502,305874,2,2,7526
2-Jul-22,151445,2862,305883,1,1,4640
2-Jul-22,151446,8424,305886,1,0,3544
2-Jul-22,151464,13524,305925,2,0,4362
2-Jul-22,151468,7553,305931,1,0,5965
2-Jul-22,151506,11146,306003,1,0,7524
2-Jul-22,151544,2862,306090,2,0,4021
2-Jul-22,151560,10236,306120,2,2,1341
2-Jul-22,151564,8434,306132,2,0,6481
2-Jul-22,151628,3615,306267,1,1,6180
2-Jul-22,151636,12547,306288,2,2,5726
2-Jul-22,151655,3615,306330,5,5,6125
2-Jul-22,151692,11138,306405,1,0,14487
2-Jul-22,151700,14309,306426,1,0,8270
2-Jul-22,151703,8437,306432,1,0,2181
2-Jul-22,151721,3613,306468,1,0,8110
2-Jul-22,151727,11233,306483,8,0,12904
2-Jul-22,151784,10975,306609,1,1,11814
2-Jul-22,151818,8219,306693,9,9,14934
2-Jul-22,151860,7554,306786,1,0,13975
2-Jul-22,151862,8444,306789,1,1,6343
2-Jul-22,151915,1043,306906,3,0,5854
2-Jul-22,151916,13682,306909,15,15,3044
2-Jul-22,151940,3279,306969,1,0,8814.94
2-Jul-22,151942,8440,306975,1,1,6579
2-Jul-22,151974,9916,307062,2,0,3372
2-Jul-22,152038,13524,307209,2,0,4476
2-Jul-22,152096,3615,307332,5,5,6041
2-Jul-22,152191,12487,307533,1,0,4220
2-Jul-22,152192,10235,307536,2,2,1501
2-Jul-22,152211,1038,307575,1,1,8315
2-Jul-22,152222,8444,307593,10,0,6374
2-Jul-22,152241,13764,307623,1,0,7746
2-Jul-22,152250,13902,307644,1,1,2455
2-Jul-22,152258,12652,307656,4,4,7770
2-Jul-22,152274,8457,307680,1,1,8406
2-Jul-22,152285,9897,307704,1,0,9668
2-Jul-22,152325,13591,307794,1,1,15994
2-Jul-22,152329,11104,307803,1,0,12723
2-Jul-22,152333,10235,307815,2,2,1501
2-Jul-22,152378,8429,307890,2,0,2679
2-Jul-22,152392,10224,307926,1,0,4619
2-Jul-22,152488,3605,308154,1,0,3762
2-Jul-22,152498,8444,308178,1,1,5813
2-Jul-22,152539,12487,308250,1,0,4362
2-Jul-22,152554,11233,308286,1,0,12904
2-Jul-22,152574,13524,308322,2,2,4430
2-Jul-22,152575,13765,308325,3,0,2633
2-Jul-22,152585,8425,308343,5,5,5076
2-Jul-22,152654,12681,308481,1,0,5658
2-Jul-22,152669,7640,308520,2,2,16903
2-Jul-22,152679,8444,308544,4,4,3820
2-Jul-22,152726,10236,308643,2,2,1386
2-Jul-22,152758,8440,308703,1,0,11863
2-Jul-22,152826,8444,308838,1,0,6374
2-Jul-22,152897,12547,308991,5,0,5726
2-Jul-22,152919,8457,309030,1,0,8117
2-Jul-22,152942,8459,309081,1,0,3128
2-Jul-22,152972,8444,309126,1,0,3820
2-Jul-22,153003,12487,309210,1,0,4308
2-Jul-22,153013,8332,309234,1,0,5587
2-Jul-22,153023,1041,309258,1,0,5134
2-Jul-22,153029,10975,309267,1,0,10110
2-Jul-22,153037,8335,309285,1,0,3798
2-Jul-22,153042,8428,309294,1,1,1763
2-Jul-22,153107,12455,309432,1,0,6225
2-Jul-22,153141,11134,309501,1,1,8635
2-Jul-22,153176,3279,309561,2,2,8814.94
2-Jul-22,153182,3610,309570,2,0,8233
2-Jul-22,153294,1043,309804,1,1,11568
2-Jul-22,153328,13524,309876,16,16,4317
2-Jul-22,153348,8428,309918,3,0,1793
2-Jul-22,153359,8428,309936,2,2,1793
2-Jul-22,153360,13618,309939,10,0,3251
2-Jul-22,153361,13548,309942,4,4,4544
2-Jul-22,153582,10975,310437,1,1,12632
2-Jul-22,153609,8427,310494,25,0,6770
2-Jul-22,153611,8444,310497,1,0,6476
2-Jul-22,153627,11107,310527,1,1,6118
2-Jul-22,153643,8219,310557,8,8,843
2-Jul-22,153677,8148,310623,1,0,6949
2-Jul-22,153709,12400,310689,4,1,6080
2-Jul-22,153727,7653,310722,1,0,11758
2-Jul-22,153787,3613,310863,1,1,8110
2-Jul-22,153800,11188,310878,1,0,3683
2-Jul-22,153873,13279,311019,1,0,13378
2-Jul-22,153895,10247,311076,1,0,7134
2-Jul-22,153900,11899,311091,2,0,13782
2-Jul-22,153909,3615,311109,1,1,6725
2-Jul-22,153935,8437,311166,1,0,2044
2-Jul-22,153969,12679,311235,1,1,3085
2-Jul-22,153971,11240,311241,5,0,12555
2-Jul-22,154012,8444,311328,2,0,3820
2-Jul-22,154030,8444,311373,2,2,3820
2-Jul-22,154038,7586,311397,1,1,10154
2-Jul-22,154048,12803,311415,2,2,6090
2-Jul-22,154049,12400,311415,2,2,6080
2-Jul-22,154060,11169,311424,1,0,7370
2-Jul-22,154065,7860,311433,1,0,2748
2-Jul-22,154066,1041,311436,2,0,5425
2-Jul-22,154090,12400,311493,1,1,6080
2-Jul-22,154112,11123,311541,1,0,7223
2-Jul-22,154129,11233,311577,1,1,12458
2-Jul-22,154138,11137,311598,1,0,3623
2-Jul-22,154150,3610,311628,2,2,12704
2-Jul-22,154182,11233,311709,1,0,13177
2-Jul-22,154191,13905,311733,1,1,3167
2-Jul-22,154207,8437,311766,1,1,2254
2-Jul-22,154217,8444,311793,5,0,6589
2-Jul-22,154229,13279,311823,1,0,13576
2-Jul-22,154326,8444,312033,4,4,6266
2-Jul-22,154335,10975,312057,1,0,5838
2-Jul-22,154355,13905,312108,1,0,3094
2-Jul-22,154381,8760,312162,20,20,2363
2-Jul-22,154400,11731,312210,2,2,6761
2-Jul-22,154457,8424,312336,1,1,3479
2-Jul-22,154466,8219,312351,2,2,15166
2-Jul-22,154510,8425,312450,1,0,5076
2-Jul-22,154519,8796,312468,1,0,3987
2-Jul-22,154590,1041,312627,1,1,5334
2-Jul-22,154609,8272,312660,1,0,2022
2-Jul-22,154625,8428,312687,15,0,1793
2-Jul-22,154668,8436,312798,1,0,2622
2-Jul-22,154678,8210,312819,1,0,6914
2-Jul-22,154738,1041,312942,2,2,4954
2-Jul-22,154762,3615,312993,2,0,6041
2-Jul-22,154764,8422,312999,1,1,3445
2-Jul-22,154833,8420,313128,1,0,3655
2-Jul-22,154863,7640,313194,1,1,14449
2-Jul-22,154929,12547,313332,6,6,5771
2-Jul-22,154943,12701,313359,1,0,6561
2-Jul-22,154965,8443,313410,1,0,6277
2-Jul-22,154974,11233,313431,1,0,12458
2-Jul-22,154994,9901,313479,2,0,3900
2-Jul-22,155016,13736,313518,1,1,8928.57
2-Jul-22,155023,1038,313536,3,0,8309
2-Jul-22,155052,7596,313611,1,1,4211
2-Jul-22,155063,7637,313638,1,1,29580
2-Jul-22,155100,12701,313719,2,0,6561
2-Jul-22,155119,10529,313770,1,0,7498
2-Jul-22,155124,2862,313782,5,5,4021
2-Jul-22,155170,14410,313887,1,0,15778
2-Jul-22,155246,10236,314040,1,0,1432
2-Jul-22,155423,13524,314436,2,2,4430
2-Jul-22,155471,3641,314547,2,0,8588
2-Jul-22,155494,10224,314598,3,0,4619
2-Jul-22,155608,13682,314781,4,0,3044
2-Jul-22,155631,10204,314832,2,0,4089
2-Jul-22,155637,12547,314844,2,0,11178
2-Jul-22,155667,10236,314898,2,2,1386
2-Jul-22,155679,11124,314913,1,0,903
2-Jul-22,155721,8425,314997,7,7,4894
2-Jul-22,155763,8751,315075,1,0,5126
2-Jul-22,155779,8378,315105,1,0,4441
2-Jul-22,155793,3279,315138,3,3,9724
2-Jul-22,155796,7569,315138,1,1,29395
2-Jul-22,155833,9171,315195,1,0,6425
2-Jul-22,155923,1041,315411,1,0,5090
2-Jul-22,155946,10975,315474,1,0,12632
2-Jul-22,155958,10236,315498,2,2,1432
2-Jul-22,155984,11121,315546,1,0,1933
2-Jul-22,156002,3611,315591,1,1,4693
2-Jul-22,156069,1041,315720,1,1,5620
2-Jul-22,156071,8760,315726,4,4,2363
2-Jul-22,156076,11169,315735,2,0,7370
2-Jul-22,156078,1041,315741,2,2,5453
2-Jul-22,156152,1041,315900,2,2,5090
2-Jul-22,156155,7562,315906,1,0,11447
2-Jul-22,156156,3615,315909,20,20,6041
2-Jul-22,156161,1041,315915,1,1,4954
2-Jul-22,156259,7860,316134,1,1,2748
2-Jul-22,156269,7721,316158,1,0,2011
2-Jul-22,156291,2862,316203,5,0,4021
2-Jul-22,156314,8444,316242,1,1,6343
2-Jul-22,156334,8457,316281,1,0,7830
2-Jul-22,156399,14364,316416,2,2,3453
2-Jul-22,156417,1038,316455,1,1,8450
2-Jul-22,156451,7860,316512,1,0,2748
2-Jul-22,156493,8384,316611,20,20,5743
2-Jul-22,156516,13764,316674,1,1,7088
2-Jul-22,156565,13501,316800,1,0,12105
2-Jul-22,156583,8444,316836,2,2,5907
2-Jul-22,156632,11136,316944,1,0,2489
2-Jul-22,156654,7555,316968,1,0,21735
2-Jul-22,156675,11168,316995,1,1,7018
2-Jul-22,156693,12749,317043,5,5,6370
2-Jul-22,156730,7640,317115,3,3,17786
2-Jul-22,156734,3615,317124,5,0,6043
2-Jul-22,156739,8439,317133,4,3,1915
2-Jul-22,156753,7607,317148,1,1,13631
2-Jul-22,156848,7860,317373,10,0,3317
2-Jul-22,156968,11121,317637,1,1,2382
2-Jul-22,156990,11107,317679,1,0,5780
2-Jul-22,157097,8219,317928,1,1,14267
2-Jul-22,157175,8714,318096,1,0,4953
2-Jul-22,157211,3568,318156,2,2,8206
2-Jul-22,157232,11146,318189,2,1,4567
2-Jul-22,157233,14252,318189,1,1,32992
2-Jul-22,157235,11107,318192,1,1,5780
2-Jul-22,157375,13764,318498,1,0,7088
2-Jul-22,157390,12547,318531,3,0,5771
2-Jul-22,157392,1043,318534,1,1,11568
2-Jul-22,157406,11169,318567,3,0,3590
2-Jul-22,157430,14354,318624,1,1,2501
2-Jul-22,157438,13765,318645,2,0,2633
2-Jul-22,157452,7653,318675,5,5,11536
2-Jul-22,157486,3284,318762,5,5,6790
2-Jul-22,157505,10235,318801,6,6,1501
2-Jul-22,157524,8444,318846,4,4,3535
2-Jul-22,157574,1041,318942,1,0,5861
2-Jul-22,157584,10975,318966,1,1,12632
2-Jul-22,157588,8421,318972,1,1,4714
3-Jul-22,147348,8425,297579,1,1,5110
3-Jul-22,147368,8221,297627,6,0,3499
3-Jul-22,147372,3610,297636,90,90,12704
3-Jul-22,147396,8221,297687,5,0,3545
3-Jul-22,147559,11123,298017,1,0,6427
3-Jul-22,147707,8444,298332,1,0,6634
3-Jul-22,147713,14352,298344,2,0,3318
3-Jul-22,147715,9916,298350,1,0,3650
3-Jul-22,147802,8425,298533,15,15,5110
3-Jul-22,147806,8428,298545,5,4,1618
3-Jul-22,147830,12701,298584,2,2,6379
3-Jul-22,147864,8425,298638,1,0,4930
3-Jul-22,147905,10204,298716,10,0,4024
3-Jul-22,147918,12803,298734,1,0,5884
3-Jul-22,147934,10235,298758,1,0,1432
3-Jul-22,147959,8444,298800,1,0,5813
3-Jul-22,148008,8482,298899,1,0,11631
3-Jul-22,148044,13682,298959,2,2,3044
3-Jul-22,148067,10235,298998,1,1,1432
3-Jul-22,148132,3615,299142,3,0,6180
3-Jul-22,148191,7599,299259,1,0,3568
3-Jul-22,148269,2367,299424,10,0,469
3-Jul-22,148338,1038,299535,3,0,8762
3-Jul-22,148448,8221,299706,5,5,3699
3-Jul-22,148467,8131,299739,1,0,8760
3-Jul-22,148482,8208,299775,2,0,8291
3-Jul-22,148496,1043,299787,1,0,5794
3-Jul-22,148515,3624,299829,1,0,5453
3-Jul-22,148517,12701,299832,5,5,9297
3-Jul-22,148541,1041,299865,1,0,4954
3-Jul-22,148586,13745,299949,30,0,5275
3-Jul-22,148594,7285,299967,1,0,5114
3-Jul-22,148641,8428,300045,1,1,1799
3-Jul-22,148674,1805,300078,1,0,9996
3-Jul-22,148715,8425,300174,1,0,5118
3-Jul-22,148724,13548,300189,1,0,4544
3-Jul-22,148743,8221,300228,1,1,6182
3-Jul-22,148776,8425,300288,1,0,5587
3-Jul-22,148799,12547,300330,4,0,5726
3-Jul-22,148813,10238,300360,1,1,6198
3-Jul-22,148884,8215,300510,2,0,2837
3-Jul-22,148897,3610,300546,2,0,13268
3-Jul-22,148911,8444,300573,10,10,6374
3-Jul-22,148943,12487,300633,1,0,4497
3-Jul-22,148944,13750,300636,4,4,3701
3-Jul-22,148983,3610,300726,1,1,8299
3-Jul-22,149011,9915,300789,1,0,3612
3-Jul-22,149039,8219,300837,1,1,15311
3-Jul-22,149052,3615,300867,3,3,6041
3-Jul-22,149076,3610,300927,1,0,13177
3-Jul-22,149079,1041,300930,1,0,5908
3-Jul-22,149180,10225,301143,1,0,4667
3-Jul-22,149190,3279,301158,2,0,9724
3-Jul-22,149217,3603,301218,1,0,7466
3-Jul-22,149240,8424,301257,2,2,3372
3-Jul-22,149241,12487,301260,1,0,4220
3-Jul-22,149311,3610,301416,4,0,13284
3-Jul-22,149353,8425,301494,1,0,5587
3-Jul-22,149374,12487,301533,3,0,4217
3-Jul-22,149384,3615,301551,2,0,6180
3-Jul-22,149389,9916,301560,1,1,3650
3-Jul-22,149461,10235,301728,2,0,1432
3-Jul-22,149489,10204,301791,1,0,4778
3-Jul-22,149495,3615,301809,2,0,6180
3-Jul-22,149502,3279,301830,1,0,8814.94
3-Jul-22,149545,10204,301917,3,3,4024
3-Jul-22,149553,10975,301932,1,0,17392
3-Jul-22,149554,10204,301935,1,1,4033
3-Jul-22,149570,11143,301962,1,1,3399
3-Jul-22,149611,8420,302055,1,1,3731
3-Jul-22,149643,1043,302115,1,1,5794
3-Jul-22,149686,10224,302202,1,0,4581
3-Jul-22,149687,1038,302205,1,0,8762
3-Jul-22,149753,8444,302328,1,1,6034
3-Jul-22,149756,10224,302337,2,0,4581
3-Jul-22,149764,2862,302361,3,3,4021
3-Jul-22,149780,7607,302403,1,1,12323
3-Jul-22,149795,3279,302430,1,0,9724
3-Jul-22,149816,10235,302475,2,2,1446
3-Jul-22,149855,8422,302568,1,1,4042
3-Jul-22,149859,10236,302580,1,0,1341
3-Jul-22,149896,1038,302682,1,1,8726
3-Jul-22,149944,12803,302784,2,2,5884
3-Jul-22,149971,3610,302835,1,1,8299
3-Jul-22,149973,8219,302835,1,1,15166
3-Jul-22,150037,12487,302964,7,7,4220
3-Jul-22,150075,7640,303048,1,1,15638
3-Jul-22,150077,8378,303054,3,0,3938
3-Jul-22,150109,12912,303138,2,0,3544
3-Jul-22,150132,8444,303192,1,0,5813
3-Jul-22,150140,8428,303210,1,0,1793
3-Jul-22,150150,7860,303237,1,0,2748
3-Jul-22,150165,13901,303279,1,0,2000
3-Jul-22,150210,12697,303399,30,30,1052
3-Jul-22,150216,10239,303411,1,0,6107
3-Jul-22,150251,11143,303483,1,0,3432
3-Jul-22,150301,10238,303579,1,1,6198
3-Jul-22,150335,7607,303648,1,0,12541
3-Jul-22,150339,11117,303654,1,1,6434
3-Jul-22,150342,9915,303657,1,1,3650
3-Jul-22,150349,7860,303675,1,0,2748
3-Jul-22,150360,11146,303696,1,1,4567
3-Jul-22,150367,11107,303714,1,1,6118
3-Jul-22,150437,10224,303849,1,1,4581
3-Jul-22,150454,10204,303879,1,0,4778
3-Jul-22,150491,10225,303957,5,5,4197
3-Jul-22,150502,3613,303966,1,0,8110
3-Jul-22,150505,10235,303975,4,4,1432
3-Jul-22,150576,11123,304128,1,1,5779
3-Jul-22,150605,8219,304194,1,1,14934
3-Jul-22,150618,11233,304230,1,1,12904
3-Jul-22,150732,10224,304437,1,1,4349
3-Jul-22,150767,11188,304500,2,0,3643
3-Jul-22,150783,3302,304536,3,3,4334
3-Jul-22,150825,8460,304620,1,1,3723
3-Jul-22,150842,3610,304647,1,0,13177
3-Jul-22,150865,14353,304698,1,0,2010
3-Jul-22,150877,8444,304710,1,1,3811
3-Jul-22,150883,11113,304728,1,0,4147
3-Jul-22,150944,8378,304854,1,1,4064
3-Jul-22,150954,3635,304881,1,1,6911
3-Jul-22,150963,7640,304902,2,2,15638
3-Jul-22,151002,11146,304977,1,1,4017
3-Jul-22,151010,10204,304992,2,2,4024
3-Jul-22,151107,7545,305202,3,0,7018
3-Jul-22,151144,8219,305286,1,0,15166
3-Jul-22,151194,8435,305373,1,0,10579
3-Jul-22,151217,10224,305424,1,1,4360.17
3-Jul-22,151234,10235,305463,6,0,1399
3-Jul-22,151235,11233,305466,1,1,11996
3-Jul-22,151239,10975,305469,1,0,11741
3-Jul-22,151274,11107,305517,3,3,9592
3-Jul-22,151284,1041,305535,1,1,5620
3-Jul-22,151358,8219,305688,3,3,15166
3-Jul-22,151365,8219,305709,1,1,14934
3-Jul-22,151389,12511,305757,5,0,7950
3-Jul-22,151411,8425,305811,4,0,4894
3-Jul-22,151420,13736,305829,2,0,8928.57
3-Jul-22,151447,1038,305889,1,0,8315
3-Jul-22,151460,13524,305916,1,1,4476
3-Jul-22,151530,10224,306054,1,0,4349
3-Jul-22,151531,10224,306054,2,0,4360.17
3-Jul-22,151542,11107,306084,1,0,6158
3-Jul-22,151555,10239,306117,1,0,6050
3-Jul-22,151557,10226,306120,1,1,3697
3-Jul-22,151579,8444,306171,2,2,5813
3-Jul-22,151606,10235,306225,4,4,1387
3-Jul-22,151625,12784,306261,6,6,2138
3-Jul-22,151630,7637,306273,2,2,31644
3-Jul-22,151642,11233,306303,10,0,12268
3-Jul-22,151644,8425,306306,5,0,4816
3-Jul-22,151656,8427,306333,1,0,6770
3-Jul-22,151674,3615,306366,1,1,6180
3-Jul-22,151842,10224,306747,3,3,4357
3-Jul-22,151872,14309,306807,1,1,8270
3-Jul-22,151914,8460,306903,1,0,3821
3-Jul-22,151948,7607,306993,1,0,12541
3-Jul-22,151989,3615,307098,5,3,6180
3-Jul-22,152018,7586,307161,6,0,6800
3-Jul-22,152042,8219,307221,2,2,14934
3-Jul-22,152127,8210,307395,2,0,14612
3-Jul-22,152152,8425,307443,1,1,4894
3-Jul-22,152164,3610,307476,8,8,12704
3-Jul-22,152187,12749,307524,5,0,6370
3-Jul-22,152204,10248,307554,1,1,5646
3-Jul-22,152212,8210,307575,1,1,14212
3-Jul-22,152213,8210,307575,1,1,7576
3-Jul-22,152223,8444,307593,5,0,6589
3-Jul-22,152257,12407,307656,2,2,8906
3-Jul-22,152272,8444,307680,1,1,5813
3-Jul-22,152301,12701,307734,1,1,9397
3-Jul-22,152349,3641,307842,1,1,8860
3-Jul-22,152364,8425,307872,2,0,4894
3-Jul-22,152365,8425,307872,1,0,5363
3-Jul-22,152397,10224,307932,1,0,4988
3-Jul-22,152421,13548,307986,1,1,4544
3-Jul-22,152422,12302,307989,1,0,8175
3-Jul-22,152484,3279,308142,1,0,10412
3-Jul-22,152528,3615,308223,47,47,6043
3-Jul-22,152537,8444,308250,1,0,5813
3-Jul-22,152548,12547,308271,30,30,5726
3-Jul-22,152609,12487,308391,3,3,4497
3-Jul-22,152620,14368,308406,1,1,10373
3-Jul-22,152653,12652,308478,1,1,7770
3-Jul-22,152698,13524,308583,1,1,4317
3-Jul-22,152712,13524,308616,4,4,4317
3-Jul-22,152744,8425,308676,1,0,4816
3-Jul-22,152763,12697,308712,1,0,1052
3-Jul-22,152764,10224,308715,1,1,4803
3-Jul-22,152772,14374,308727,1,1,19831
3-Jul-22,152798,7860,308784,1,0,3317
3-Jul-22,152861,3610,308916,1,0,13177
3-Jul-22,152881,3284,308952,1,0,5271
3-Jul-22,152898,10224,308994,2,0,4619
3-Jul-22,152900,10215,309000,1,0,5821
3-Jul-22,152947,8440,309087,1,0,6458
3-Jul-22,152975,8444,309135,2,2,5813
3-Jul-22,152979,3615,309144,1,0,6043
3-Jul-22,152980,3621,309147,5,0,1716
3-Jul-22,152987,12547,309165,2,2,5726
3-Jul-22,153009,3610,309225,1,0,8233
3-Jul-22,153031,8285,309273,1,0,5851
3-Jul-22,153039,8444,309288,1,1,6034
3-Jul-22,153073,8425,309363,3,0,4894
3-Jul-22,153089,8384,309393,2,2,5469
3-Jul-22,153095,8425,309402,1,0,5363
3-Jul-22,153144,3592,309504,3,3,6510
3-Jul-22,153145,10236,309507,1,0,1432
3-Jul-22,153160,12652,309537,2,2,7770
3-Jul-22,153198,8384,309609,8,8,5469
3-Jul-22,153202,12652,309615,10,10,7770
3-Jul-22,153227,8420,309669,1,1,6683
3-Jul-22,153236,11899,309684,1,0,13782
3-Jul-22,153317,12652,309861,3,0,7770
3-Jul-22,153472,8421,310197,1,0,1097
3-Jul-22,153488,10225,310239,1,1,4619
3-Jul-22,153529,10236,310311,2,2,1386
3-Jul-22,153550,3592,310371,3,3,6510
3-Jul-22,153569,10975,310419,1,0,18602
3-Jul-22,153595,13764,310458,1,1,7270
3-Jul-22,153607,1038,310491,5,0,8445
3-Jul-22,153619,14292,310512,1,1,3041
3-Jul-22,153634,8420,310545,1,0,6447
3-Jul-22,153658,8444,310587,1,1,6374
3-Jul-22,153670,1038,310608,1,0,8179
3-Jul-22,153702,8378,310668,3,3,4141
3-Jul-22,153711,10198,310689,2,2,7052
3-Jul-22,153773,11925,310830,5,5,11814
3-Jul-22,153775,1041,310836,1,1,5725
3-Jul-22,153791,11163,310869,1,1,5379
3-Jul-22,153795,3279,310878,1,0,8814.94
3-Jul-22,153830,12455,310935,5,5,5771
3-Jul-22,153838,13279,310947,1,0,13576
3-Jul-22,153869,10529,311016,1,0,7498
3-Jul-22,153891,10975,311067,1,0,18602
3-Jul-22,153986,8378,311277,2,2,4274
3-Jul-22,154075,13524,311454,1,0,4430
3-Jul-22,154081,8437,311472,1,1,2044
3-Jul-22,154132,12749,311586,2,0,6211
3-Jul-22,154148,8435,311622,1,0,10350
3-Jul-22,154187,11133,311724,1,1,8052
3-Jul-22,154222,3615,311805,5,5,6043
3-Jul-22,154283,8425,311934,1,1,4894
3-Jul-22,154316,8714,312015,1,1,5431
3-Jul-22,154325,13524,312030,3,3,4317
3-Jul-22,154360,10236,312120,2,2,1432
3-Jul-22,154361,8439,312120,4,0,1880
3-Jul-22,154378,8461,312153,1,0,3285
3-Jul-22,154402,1043,312216,2,1,22849
3-Jul-22,154429,12547,312270,20,20,5680
3-Jul-22,154432,3615,312276,10,0,6041
3-Jul-22,154479,7640,312375,5,5,16903
3-Jul-22,154486,12697,312393,2,2,2098
3-Jul-22,154530,10239,312477,1,1,6836
3-Jul-22,154535,13765,312486,10,10,2633
3-Jul-22,154580,10235,312600,3,0,1501
3-Jul-22,154608,1041,312657,1,0,5725
3-Jul-22,154662,11899,312780,1,1,13782
3-Jul-22,154665,8449,312789,1,0,13158
3-Jul-22,154689,10235,312843,3,3,1455
3-Jul-22,154698,11169,312861,1,0,7260
3-Jul-22,154719,11165,312903,1,0,20169
3-Jul-22,154724,8335,312915,3,1,3906
3-Jul-22,154820,8215,313101,1,1,2837
3-Jul-22,154827,14309,313113,2,2,8270
3-Jul-22,154868,14416,313209,1,1,10636
3-Jul-22,154908,1038,313284,1,1,8309
3-Jul-22,154945,3610,313365,2,2,12768
3-Jul-22,155006,8425,313497,2,2,4894
3-Jul-22,155046,8424,313593,1,1,3372
3-Jul-22,155126,3621,313788,1,1,1716
3-Jul-22,155147,8210,313836,1,0,12452
3-Jul-22,155169,1041,313884,1,0,5725
3-Jul-22,155198,2367,313950,10,10,479
3-Jul-22,155211,3611,313983,1,1,4693
3-Jul-22,155219,12999,313995,7,0,2972
3-Jul-22,155250,8421,314052,1,1,4389
3-Jul-22,155261,10204,314073,5,5,4606.8
3-Jul-22,155290,8425,314145,1,0,4816
3-Jul-22,155306,10204,314187,6,6,4089
3-Jul-22,155320,13524,314223,1,0,4430
3-Jul-22,155331,7596,314241,3,3,4211
3-Jul-22,155334,12697,314250,15,15,1052
3-Jul-22,155345,11146,314280,1,1,7524
3-Jul-22,155361,13745,314316,1,1,5275
3-Jul-22,155401,7810,314397,1,0,3762
3-Jul-22,155463,11120,314529,1,0,20779
3-Jul-22,155525,11925,314643,1,0,11814
3-Jul-22,155550,3266,314670,1,0,10510
3-Jul-22,155571,3611,314703,50,0,4217
3-Jul-22,155596,7553,314757,1,0,7629
3-Jul-22,155621,8444,314811,1,1,6589
3-Jul-22,155662,12703,314889,1,0,3373
3-Jul-22,155720,12400,314994,3,3,6080
3-Jul-22,155730,8425,315006,1,0,4816
3-Jul-22,155794,1041,315138,1,1,5620
3-Jul-22,155801,3269,315138,1,1,10889
3-Jul-22,155832,1041,315195,2,0,5425
3-Jul-22,155883,10236,315309,6,6,1386
3-Jul-22,155910,7860,315372,1,0,3317
3-Jul-22,155976,13209,315534,1,1,4288
3-Jul-22,156044,1038,315672,1,0,8588
3-Jul-22,156056,8444,315690,2,0,3820
3-Jul-22,156077,3610,315738,1,0,8500
3-Jul-22,156079,1041,315741,1,1,5725
3-Jul-22,156098,1041,315783,1,0,5616
3-Jul-22,156145,12749,315885,2,0,6211
3-Jul-22,156204,13358,316008,1,0,5081
3-Jul-22,156205,13682,316008,1,0,2899
3-Jul-22,156253,1041,316119,1,1,5453
3-Jul-22,156254,8444,316119,1,1,3820
3-Jul-22,156271,13192,316161,1,1,13949
3-Jul-22,156284,1041,316191,1,0,5289
3-Jul-22,156300,8210,316224,1,0,13366
3-Jul-22,156305,10975,316230,1,0,18402
3-Jul-22,156338,8421,316293,1,1,4389
3-Jul-22,156358,13736,316335,1,0,8928.57
3-Jul-22,156367,3610,316353,1,1,8500
3-Jul-22,156504,13592,316641,1,0,1540
3-Jul-22,156521,12703,316686,4,0,3373
3-Jul-22,156535,8437,316716,2,0,2084
3-Jul-22,156549,8760,316755,1,0,2363
3-Jul-22,156578,12661,316827,1,1,7543
3-Jul-22,156605,8461,316881,2,2,3128
3-Jul-22,156685,8444,317022,10,10,6374
3-Jul-22,156697,8425,317052,1,1,4894
3-Jul-22,156769,1043,317184,1,1,5854
3-Jul-22,156781,8221,317214,1,1,3770
3-Jul-22,156817,10238,317298,1,1,6558
3-Jul-22,156820,7607,317304,1,1,13631
3-Jul-22,156829,8242,317328,1,0,2484
3-Jul-22,156830,8425,317331,1,0,5076
3-Jul-22,156834,8425,317340,1,1,5363
3-Jul-22,156836,8210,317343,1,0,7336
3-Jul-22,156858,7571,317403,1,0,7079
3-Jul-22,156907,10235,317508,1,1,1455
3-Jul-22,156919,11233,317541,1,1,13275
3-Jul-22,156962,1038,317622,1,0,8179
3-Jul-22,156993,10224,317682,1,0,4988
3-Jul-22,157008,12784,317718,2,0,2134
3-Jul-22,157019,11188,317751,1,0,3643
3-Jul-22,157085,12749,317901,3,0,6211
3-Jul-22,157089,7640,317910,1,1,14449
3-Jul-22,157119,1041,317976,1,0,5289
3-Jul-22,157153,12701,318051,2,0,9542
3-Jul-22,157162,12455,318066,10,10,5771
3-Jul-22,157170,13592,318084,10,10,1540
3-Jul-22,157189,10975,318123,1,1,5816
3-Jul-22,157201,7640,318135,5,5,14449
3-Jul-22,157227,8424,318183,1,0,3479
3-Jul-22,157242,1043,318210,1,0,5794
3-Jul-22,157296,11137,318315,2,0,3604
3-Jul-22,157316,12697,318360,2,0,2098
3-Jul-22,157328,11107,318387,2,0,5889
3-Jul-22,157416,13736,318588,2,2,8928.57
3-Jul-22,157420,14354,318600,1,1,2501
3-Jul-22,157425,9171,318612,1,1,6634
3-Jul-22,157530,1038,318855,2,2,7724
3-Jul-22,157534,8443,318864,4,4,6645
3-Jul-22,157562,8435,318912,1,0,12376
4-Jul-22,147357,12547,297597,10,10,5635
4-Jul-22,147416,1038,297714,2,2,8042
4-Jul-22,147463,10224,297786,1,1,4538.14
4-Jul-22,147474,10236,297810,5,5,1341
4-Jul-22,147475,14352,297813,1,1,3318
4-Jul-22,147503,8422,297882,1,0,6325
4-Jul-22,147560,11658,298020,1,0,1804
4-Jul-22,147564,12679,298032,1,0,3085
4-Jul-22,147570,12701,298047,1,1,9397
4-Jul-22,147594,10204,298095,1,0,3430
4-Jul-22,147663,10235,298236,2,0,1399
4-Jul-22,147667,2367,298242,4,0,469
4-Jul-22,147669,1043,298248,1,0,11504
4-Jul-22,147722,10224,298368,2,0,4349
4-Jul-22,147749,7546,298422,1,1,12186
4-Jul-22,147789,10245,298500,8,0,10322
4-Jul-22,147795,3592,298515,1,0,6510
4-Jul-22,147814,8378,298560,20,20,4064
4-Jul-22,147816,8378,298560,5,5,3896
4-Jul-22,147857,12701,298620,1,1,6470
4-Jul-22,147859,8208,298623,1,1,8429
4-Jul-22,147914,8425,298728,5,0,4862
4-Jul-22,147961,1041,298806,1,1,5090
4-Jul-22,147987,8332,298866,1,1,4036
4-Jul-22,148023,13935,298926,17,17,3310
4-Jul-22,148052,10248,298971,1,1,5646
4-Jul-22,148060,10238,298977,1,1,6384
4-Jul-22,148061,12652,298980,1,1,7956
4-Jul-22,148064,8210,298989,1,1,13222
4-Jul-22,148089,8444,299049,1,0,3535
4-Jul-22,148162,8221,299202,10,10,3770
4-Jul-22,148166,10975,299211,1,0,11887
4-Jul-22,148204,11926,299286,5,0,6997
4-Jul-22,148236,10236,299358,1,1,1341
4-Jul-22,148242,12749,299370,15,0,6211
4-Jul-22,148288,1043,299469,1,0,5854
4-Jul-22,148291,10235,299475,3,0,1399
4-Jul-22,148302,11143,299484,1,1,3102
4-Jul-22,148340,9171,299541,1,0,6425
4-Jul-22,148349,2367,299568,1,0,469
4-Jul-22,148363,11139,299586,1,1,4297
4-Jul-22,148418,10204,299655,8,0,4024
4-Jul-22,148540,1041,299865,1,0,5090
4-Jul-22,148568,11165,299916,1,0,20858
4-Jul-22,148572,12407,299922,1,1,9866
4-Jul-22,148683,9916,300099,1,1,3372
4-Jul-22,148692,8348,300114,5,0,3345
4-Jul-22,148758,11899,300246,1,1,13782
4-Jul-22,148773,10235,300282,1,1,1446
4-Jul-22,148782,10227,300300,1,0,1438
4-Jul-22,148800,12487,300333,2,0,4220
4-Jul-22,148904,7271,300555,1,0,2591
4-Jul-22,148910,14349,300570,1,0,32992
4-Jul-22,148956,9916,300666,1,0,3372
4-Jul-22,148974,8425,300708,6,6,5118
4-Jul-22,148985,9915,300732,13,13,3683
4-Jul-22,148993,9916,300756,3,0,3372
4-Jul-22,149002,9915,300774,1,1,3650
4-Jul-22,149005,3615,300780,2,0,6180
4-Jul-22,149009,11107,300789,1,0,5725
4-Jul-22,149025,12701,300822,2,2,6470
4-Jul-22,149089,12912,300957,1,0,3544
4-Jul-22,149117,7860,301017,1,1,3315
4-Jul-22,149123,7860,301032,2,0,2748
4-Jul-22,149173,9916,301128,120,0,3372
4-Jul-22,149252,8435,301290,1,0,11228
4-Jul-22,149257,11899,301305,1,0,13782
4-Jul-22,149308,11112,301410,1,1,21934
4-Jul-22,149365,8438,301515,1,0,4860
4-Jul-22,149491,10235,301797,2,0,1387
4-Jul-22,149501,8444,301827,1,0,3933
4-Jul-22,149515,8425,301860,1,0,5118
4-Jul-22,149518,8424,301866,2,0,3372
4-Jul-22,149540,8462,301905,2,2,10331
4-Jul-22,149544,7271,301914,1,0,2566
4-Jul-22,149552,10975,301929,1,0,18031
4-Jul-22,149555,12460,301935,1,1,14550
4-Jul-22,149579,8210,301983,1,1,14612
4-Jul-22,149582,10204,301989,5,5,4033
4-Jul-22,149592,3284,302016,1,0,5271
4-Jul-22,149622,12487,302073,10,10,4220
4-Jul-22,149639,3610,302109,1,0,13268
4-Jul-22,149645,10975,302118,1,1,12668
4-Jul-22,149646,10975,302118,13,13,10941
4-Jul-22,149667,11233,302154,2,2,7857
4-Jul-22,149672,12487,302169,3,3,4220
4-Jul-22,149713,11152,302244,1,1,7678
4-Jul-22,149714,13764,302247,1,0,7746
4-Jul-22,149754,8425,302331,1,1,5205
4-Jul-22,149790,1043,302421,1,1,5794
4-Jul-22,149820,12652,302484,5,5,7956
4-Jul-22,149823,10224,302487,1,1,4538.14
4-Jul-22,149848,8425,302550,5,5,5118
4-Jul-22,149877,10235,302631,6,6,1432
4-Jul-22,149899,3610,302685,1,0,8500
4-Jul-22,149902,3615,302691,1,0,6041
4-Jul-22,149940,10975,302775,1,1,11741
4-Jul-22,149947,12652,302787,1,1,7956
4-Jul-22,149961,10975,302814,1,0,17039
4-Jul-22,150002,12487,302892,2,2,4220
4-Jul-22,150026,8219,302940,1,0,15166
4-Jul-22,150042,8219,302973,1,1,14934
4-Jul-22,150043,8219,302973,1,1,15166
4-Jul-22,150045,12652,302973,1,1,7956
4-Jul-22,150058,3605,303006,2,2,3762
4-Jul-22,150172,10233,303300,1,0,2250
4-Jul-22,150182,3279,303327,2,0,8814.94
4-Jul-22,150209,12697,303399,5,5,2098
4-Jul-22,150249,8444,303483,1,0,6034
4-Jul-22,150313,7607,303603,1,1,12541
4-Jul-22,150319,7860,303621,1,0,2748
4-Jul-22,150322,10236,303627,1,1,1295
4-Jul-22,150338,3603,303654,1,1,7466
4-Jul-22,150361,1041,303699,1,0,5908
4-Jul-22,150396,10975,303774,1,1,12632
4-Jul-22,150400,14309,303780,1,0,8451
4-Jul-22,150457,8221,303885,1,0,5339.01
4-Jul-22,150467,8210,303909,1,1,13846
4-Jul-22,150635,10975,304263,1,1,11087
4-Jul-22,150663,8807,304317,1,0,5655
4-Jul-22,150689,3279,304359,1,0,8814.94
4-Jul-22,150747,11233,304467,2,2,12904
4-Jul-22,150827,8770,304620,1,0,3579
4-Jul-22,150894,1041,304752,1,1,5134
4-Jul-22,150909,3613,304785,3,0,8266
4-Jul-22,150911,10235,304791,8,8,1387
4-Jul-22,150920,8424,304809,1,0,8421
4-Jul-22,150930,8444,304824,1,1,6343
4-Jul-22,151017,1041,305001,1,0,5908
4-Jul-22,151054,7640,305088,2,2,15638
4-Jul-22,151084,11165,305142,1,0,19698
4-Jul-22,151124,8805,305244,1,0,2784
4-Jul-22,151151,10235,305295,3,0,1432
4-Jul-22,151231,11233,305457,1,0,12904
4-Jul-22,151250,10224,305478,1,0,4538.14
4-Jul-22,151304,8457,305565,1,1,7905
4-Jul-22,151344,14338,305661,1,1,5089
4-Jul-22,151371,8219,305724,1,1,14813
4-Jul-22,151390,10975,305760,1,1,10337
4-Jul-22,151410,7607,305808,2,0,12541
4-Jul-22,151490,1041,305970,20,0,5134
4-Jul-22,151491,10236,305973,2,0,1341
4-Jul-22,151496,8384,305982,1,0,5727
4-Jul-22,151502,13524,305997,2,0,4362
4-Jul-22,151522,12701,306036,1,0,5856
4-Jul-22,151573,8443,306159,4,4,6224
4-Jul-22,151597,12701,306207,1,0,5856
4-Jul-22,151601,10224,306216,6,0,4360.17
4-Jul-22,151611,11139,306231,1,1,4319
4-Jul-22,151614,12692,306240,1,1,4237
4-Jul-22,151624,8210,306258,1,1,14212
4-Jul-22,151661,8457,306342,1,0,7686
4-Jul-22,151667,3605,306354,1,0,3762
4-Jul-22,151705,10975,306438,1,1,11741
4-Jul-22,151712,8425,306450,1,0,5076
4-Jul-22,151731,1043,306489,1,0,11568
4-Jul-22,151758,8210,306558,1,0,13846
4-Jul-22,151851,10224,306768,2,2,4534
4-Jul-22,151868,14248,306795,1,0,16500
4-Jul-22,151874,7547,306810,1,0,15040
4-Jul-22,151891,1038,306846,5,0,8188
4-Jul-22,151923,12487,306927,1,0,4497
4-Jul-22,151945,11899,306984,1,0,13782
4-Jul-22,151946,11119,306987,1,0,12512
4-Jul-22,151953,11119,307002,1,1,12512
4-Jul-22,152035,9916,307203,1,1,3372
4-Jul-22,152043,8219,307221,1,1,15166
4-Jul-22,152050,11123,307239,2,0,7223
4-Jul-22,152089,13524,307320,1,1,4362
4-Jul-22,152102,11138,307341,1,1,66851
4-Jul-22,152125,10975,307389,1,1,5893
4-Jul-22,152126,8444,307392,1,0,6393
4-Jul-22,152147,8378,307434,2,2,4138
4-Jul-22,152169,8361,307485,8,0,5651
4-Jul-22,152350,3641,307842,2,0,8588
4-Jul-22,152372,8425,307881,2,2,4894
4-Jul-22,152395,8457,307929,1,0,7979
4-Jul-22,152398,10224,307935,1,0,4619
4-Jul-22,152463,1041,308091,1,0,5707
4-Jul-22,152489,11107,308157,1,1,5725
4-Jul-22,152494,8358,308172,3,0,2083
4-Jul-22,152527,8439,308220,5,0,1842
4-Jul-22,152545,8462,308265,1,0,10152
4-Jul-22,152610,8424,308394,1,0,3479
4-Jul-22,152622,7640,308409,6,6,16903
4-Jul-22,152658,13696,308493,3,0,5875
4-Jul-22,152675,11117,308532,1,1,6745
4-Jul-22,152709,10215,308607,1,0,5821
4-Jul-22,152722,1043,308637,1,0,21775
4-Jul-22,152733,10236,308658,2,0,1432
4-Jul-22,152737,8425,308664,30,0,4635
4-Jul-22,152738,8425,308664,40,0,4816
4-Jul-22,152829,11233,308838,1,0,12650
4-Jul-22,152832,8336,308844,1,0,2453
4-Jul-22,152860,13745,308913,2,0,5275
4-Jul-22,152893,12784,308985,5,5,2134
4-Jul-22,152991,13592,309174,10,10,1540
4-Jul-22,152992,9916,309177,1,0,3372
4-Jul-22,153093,13905,309399,2,2,3094
4-Jul-22,153125,11925,309471,8,0,11814
4-Jul-22,153162,7860,309543,2,2,2748
4-Jul-22,153170,8425,309555,1,1,4894
4-Jul-22,153193,13524,309600,1,1,4317
4-Jul-22,153230,11152,309675,1,1,7337
4-Jul-22,153242,8378,309690,5,0,4010
4-Jul-22,153253,1043,309714,1,0,5854
4-Jul-22,153284,8378,309786,2,2,4589
4-Jul-22,153357,12803,309933,1,1,5884
4-Jul-22,153474,10225,310203,3,0,4434
4-Jul-22,153502,11165,310269,1,0,10842
4-Jul-22,153533,3615,310323,20,20,6041
4-Jul-22,153547,10975,310362,1,1,18602
4-Jul-22,153581,11233,310434,1,0,11996
4-Jul-22,153598,8378,310467,1,1,4274
4-Jul-22,153600,10224,310470,4,0,4619
4-Jul-22,153613,1043,310503,1,1,11889
4-Jul-22,153718,10224,310701,1,1,4619
4-Jul-22,153720,7607,310707,5,5,12214
4-Jul-22,153743,3605,310764,2,0,3762
4-Jul-22,153749,12652,310776,10,10,7770
4-Jul-22,153754,8425,310785,10,0,4894
4-Jul-22,153760,1038,310797,1,1,8588
4-Jul-22,153776,11107,310839,1,0,6118
4-Jul-22,153777,12958,310842,1,0,4822
4-Jul-22,153808,12547,310893,10,10,5771
4-Jul-22,153846,13279,310962,1,0,13378
4-Jul-22,154017,7653,311343,5,5,11758
4-Jul-22,154073,13524,311451,2,0,4317
4-Jul-22,154160,10225,311649,1,0,4619
4-Jul-22,154172,8425,311682,2,2,4894
4-Jul-22,154230,13279,311823,1,0,13378
4-Jul-22,154231,10224,311826,3,3,4619
4-Jul-22,154268,13524,311907,2,0,4317
4-Jul-22,154317,13524,312018,2,2,4317
4-Jul-22,154327,8760,312036,10,0,2363
4-Jul-22,154333,12679,312054,1,0,3085
4-Jul-22,154336,11146,312060,1,1,6880
4-Jul-22,154375,8787,312147,2,2,1599
4-Jul-22,154403,11925,312219,1,1,12210.3
4-Jul-22,154409,12652,312231,15,13,7770
4-Jul-22,154421,11925,312252,1,1,12210.3
4-Jul-22,154456,12652,312333,10,0,7770
4-Jul-22,154472,8428,312360,1,0,1763
4-Jul-22,154480,1043,312378,1,1,22849
4-Jul-22,154525,10218,312468,1,0,2561
4-Jul-22,154551,11146,312525,1,1,9196
4-Jul-22,154587,13905,312618,1,1,3167
4-Jul-22,154606,1041,312651,1,0,5090
4-Jul-22,154658,13662,312768,1,0,7415
4-Jul-22,154718,11120,312903,2,0,20779
4-Jul-22,154747,7637,312957,1,1,33157
4-Jul-22,154768,1043,313005,1,0,11889
4-Jul-22,154809,1041,313098,3,3,4816
4-Jul-22,154886,1041,313248,5,5,4954
4-Jul-22,154960,12697,313398,15,15,1052
4-Jul-22,155071,11143,313656,1,0,3102
4-Jul-22,155121,8348,313776,1,0,3025
4-Jul-22,155150,12701,313839,1,1,6561
4-Jul-22,155171,14408,313890,1,1,33992
4-Jul-22,155199,1038,313953,1,0,8315
4-Jul-22,155200,11107,313956,1,1,5725
4-Jul-22,155207,8210,313974,1,0,13846
4-Jul-22,155262,1041,314076,1,1,5620
4-Jul-22,155291,3284,314148,4,0,6790
4-Jul-22,155302,1041,314175,1,0,5725
4-Jul-22,155316,11233,314211,1,1,13177
4-Jul-22,155341,13618,314268,10,0,3251
4-Jul-22,155375,8425,314343,2,2,4894
4-Jul-22,155378,11121,314346,2,0,2382
4-Jul-22,155384,7860,314361,3,0,3315
4-Jul-22,155388,1038,314373,10,10,8324
4-Jul-22,155448,11154,314499,1,0,15048
4-Jul-22,155486,13192,314577,1,0,13949
4-Jul-22,155501,7860,314610,1,1,2748
4-Jul-22,155593,11121,314751,1,0,2759
4-Jul-22,155597,13507,314757,1,0,15159
4-Jul-22,155613,7271,314796,2,0,2802
4-Jul-22,155626,8422,314823,4,0,3385
4-Jul-22,155672,1041,314907,1,0,5453
4-Jul-22,155680,11124,314913,1,0,953
4-Jul-22,155710,14351,314976,5,5,4998
4-Jul-22,155711,12400,314979,1,1,6080
4-Jul-22,155802,8444,315138,1,1,6343
4-Jul-22,155805,11925,315138,5,5,11814
4-Jul-22,155824,10224,315186,1,1,4803
4-Jul-22,155825,8422,315189,1,0,6140
4-Jul-22,155835,9171,315195,1,0,6510
4-Jul-22,155856,8422,315240,1,1,3385
4-Jul-22,155900,1043,315351,1,1,22045
4-Jul-22,155945,12652,315471,1,1,7770
4-Jul-22,155949,3611,315480,2,2,4693
4-Jul-22,155989,8439,315555,5,0,1876
4-Jul-22,156023,8760,315639,2,0,2363
4-Jul-22,156055,8444,315690,1,0,6608
4-Jul-22,156059,3611,315696,3,3,4217
4-Jul-22,156087,2862,315759,1,0,4021
4-Jul-22,156139,11138,315873,1,0,8238
4-Jul-22,156179,11138,315957,1,0,18203
4-Jul-22,156213,11133,316026,1,0,1802
4-Jul-22,156218,12455,316035,1,1,5771
4-Jul-22,156288,8390,316194,3,0,2242
4-Jul-22,156361,8444,316341,1,1,3535
4-Jul-22,156413,11133,316446,1,0,1802
4-Jul-22,156476,11117,316575,1,0,6706
4-Jul-22,156488,13736,316602,1,1,8928.57
4-Jul-22,156541,12803,316734,1,1,3692
4-Jul-22,156581,10245,316830,1,0,10506
4-Jul-22,156589,8444,316842,1,1,6343
4-Jul-22,156590,8444,316842,2,2,6134
4-Jul-22,156618,10224,316908,1,1,4619
4-Jul-22,156653,7554,316968,1,0,12123
4-Jul-22,156660,8767,316968,1,0,7505
4-Jul-22,156665,12502,316974,1,0,7526
4-Jul-22,156687,3615,317025,2,0,6041
4-Jul-22,156741,1038,317136,1,1,8726
4-Jul-22,156755,8420,317154,1,0,6510
4-Jul-22,156821,11137,317307,5,0,3604
4-Jul-22,156889,7583,317469,1,1,19366
4-Jul-22,156917,1043,317538,1,1,21818
4-Jul-22,157023,14349,317760,1,1,32992
4-Jul-22,157049,10975,317820,1,1,5816
4-Jul-22,157054,10224,317829,1,0,4803
4-Jul-22,157063,7583,317850,1,0,20656
4-Jul-22,157117,8444,317973,1,0,6343
4-Jul-22,157134,8375,318006,3,0,301
4-Jul-22,157137,10224,318015,1,0,4803
4-Jul-22,157143,12681,318030,1,1,5658
4-Jul-22,157144,8219,318033,2,0,14267
4-Jul-22,157180,12407,318105,1,1,8633
4-Jul-22,157182,14386,318108,1,1,10339
4-Jul-22,157185,13765,318114,1,1,2633
4-Jul-22,157186,7583,318117,1,1,19366
4-Jul-22,157206,12912,318147,5,3,3844
4-Jul-22,157240,12701,318207,1,1,9542
4-Jul-22,157286,13765,318306,4,4,2633
4-Jul-22,157317,9815,318363,1,1,14449
4-Jul-22,157352,11138,318435,1,0,7148
4-Jul-22,157387,7599,318522,1,0,3568
4-Jul-22,157419,8787,318597,1,1,1599
4-Jul-22,157422,9171,318606,2,2,6470
4-Jul-22,157434,14354,318636,1,1,2501
4-Jul-22,157473,1041,318726,1,0,5289
4-Jul-22,157482,12677,318753,1,1,3439
4-Jul-22,157495,8683,318783,1,1,9699
4-Jul-22,157503,12701,318795,1,0,6470
4-Jul-22,157520,13662,318837,1,1,7634
4-Jul-22,157554,3615,318897,2,0,6043
5-Jul-22,147384,13742,297660,1,1,2250
5-Jul-22,147390,11165,297672,1,0,20419
5-Jul-22,147442,8428,297750,1,1,1689
5-Jul-22,147470,3624,297807,1,1,5453
5-Jul-22,147584,8422,298071,1,0,3959
5-Jul-22,147620,10235,298149,3,3,1432
5-Jul-22,147650,3279,298212,1,1,8814.94
5-Jul-22,147668,11146,298245,1,1,3962
5-Jul-22,147680,14110,298272,1,0,670
5-Jul-22,147692,8444,298299,1,0,3535
5-Jul-22,147721,3279,298365,3,0,9724
5-Jul-22,147748,12749,298419,2,0,6211
5-Jul-22,147801,8425,298533,25,25,4930
5-Jul-22,147852,11124,298617,1,0,1991
5-Jul-22,147867,3284,298647,2,2,5271
5-Jul-22,147938,8221,298767,1,1,6182
5-Jul-22,147960,12701,298803,1,0,9542
5-Jul-22,148026,12652,298932,2,2,7956
5-Jul-22,148130,8760,299136,80,80,2363
5-Jul-22,148155,3615,299184,2,0,6041
5-Jul-22,148176,8444,299226,1,0,6582
5-Jul-22,148182,12701,299244,10,10,9542
5-Jul-22,148241,3269,299370,1,0,9904
5-Jul-22,148267,3615,299418,1,0,6180
5-Jul-22,148298,10235,299481,3,0,1399
5-Jul-22,148307,8420,299487,1,0,6510
5-Jul-22,148312,8457,299487,1,0,8194
5-Jul-22,148317,1041,299490,1,1,4954
5-Jul-22,148342,1043,299547,1,0,5854
5-Jul-22,148353,10247,299571,1,0,7724
5-Jul-22,148362,11139,299586,1,1,4945
5-Jul-22,148386,1041,299610,1,1,5620
5-Jul-22,148390,8420,299610,1,1,6828
5-Jul-22,148411,10526,299637,1,1,2670
5-Jul-22,148446,10529,299703,1,0,14212
5-Jul-22,148452,12864,299712,1,0,57724
5-Jul-22,148458,1043,299724,1,0,22715
5-Jul-22,148461,9916,299730,5,5,3372
5-Jul-22,148504,1038,299805,1,0,8762
5-Jul-22,148529,12302,299847,1,1,12214
5-Jul-22,148531,9171,299850,1,0,6470
5-Jul-22,148537,13524,299859,6,6,4476
5-Jul-22,148569,8219,299919,7,7,14934
5-Jul-22,148576,12701,299928,3,3,9297
5-Jul-22,148583,3279,299943,2,2,8814.94
5-Jul-22,148610,3610,299994,1,1,8299
5-Jul-22,148623,9915,300006,13,13,3599
5-Jul-22,148634,14349,300033,1,0,32992
5-Jul-22,148644,8424,300048,1,0,3479
5-Jul-22,148645,8424,300048,1,1,3341
5-Jul-22,148655,1805,300057,6,0,18343
5-Jul-22,148670,9916,300072,1,0,3372
5-Jul-22,148733,8208,300207,2,2,8291
5-Jul-22,148748,8221,300231,20,0,6182
5-Jul-22,148814,10238,300360,1,1,3189
5-Jul-22,148887,11157,300516,1,0,14076
5-Jul-22,148890,12547,300525,15,15,5635
5-Jul-22,148921,8444,300597,1,1,6589
5-Jul-22,148928,3610,300612,1,1,12704
5-Jul-22,148937,8425,300624,1,0,5300
5-Jul-22,149019,10224,300810,1,1,4360.17
5-Jul-22,149043,9915,300846,1,0,3599
5-Jul-22,149075,8444,300924,1,0,3933
5-Jul-22,149086,10235,300948,3,0,1446
5-Jul-22,149087,8457,300951,1,0,7905
5-Jul-22,149097,13524,300975,3,0,4362
5-Jul-22,149132,7860,301047,2,0,3317
5-Jul-22,149133,9916,301050,1,0,3650
5-Jul-22,149205,8335,301191,1,1,4016
5-Jul-22,149226,8354,301233,2,2,7806
5-Jul-22,149234,11926,301248,10,10,6997
5-Jul-22,149260,11139,301311,1,0,5220
5-Jul-22,149274,8221,301341,4,0,3770
5-Jul-22,149276,12487,301344,8,8,4308
5-Jul-22,149277,12652,301344,10,10,7956
5-Jul-22,149279,11169,301347,3,3,3630
5-Jul-22,149320,10224,301434,1,1,4360.17
5-Jul-22,149329,11127,301443,1,1,2897
5-Jul-22,149359,8444,301509,1,0,6374
5-Jul-22,149400,11133,301584,1,0,8364
5-Jul-22,149443,7860,301692,2,0,3315
5-Jul-22,149444,8210,301695,1,0,6914
5-Jul-22,149507,11246,301842,1,0,4528
5-Jul-22,149514,10227,301857,1,0,1411
5-Jul-22,149593,10204,302016,1,0,4024
5-Jul-22,149607,12685,302046,1,0,2861
5-Jul-22,149659,3284,302145,1,1,5271
5-Jul-22,149679,3615,302184,1,1,6180
5-Jul-22,149681,8425,302190,1,0,5400
5-Jul-22,149711,10975,302238,1,1,12632
5-Jul-22,149716,14309,302253,2,2,8270
5-Jul-22,149738,9916,302295,2,0,3372
5-Jul-22,149776,1043,302391,1,0,22045
5-Jul-22,149832,8760,302511,1,0,2363
5-Jul-22,149920,12547,302721,2,0,5726
5-Jul-22,149936,11107,302763,1,1,5725
5-Jul-22,149949,3605,302793,1,0,3762
5-Jul-22,149965,12701,302820,1,0,9542
5-Jul-22,149966,12701,302820,1,0,6470
5-Jul-22,150009,13064,302904,1,0,17000
5-Jul-22,150013,8219,302913,2,2,14934
5-Jul-22,150019,3613,302928,1,1,8110
5-Jul-22,150051,12547,302985,10,0,5726
5-Jul-22,150067,13764,303027,1,0,7746
5-Jul-22,150090,3615,303090,3,0,6041
5-Jul-22,150113,10975,303147,1,0,12632
5-Jul-22,150115,3284,303153,2,0,5271
5-Jul-22,150122,1038,303168,1,0,8324
5-Jul-22,150125,10227,303174,2,0,1411
5-Jul-22,150126,8439,303174,2,0,1952
5-Jul-22,150128,9895,303180,4,0,1128.5
5-Jul-22,150149,10224,303234,1,0,4349
5-Jul-22,150188,1038,303345,1,0,8588
5-Jul-22,150198,10975,303369,1,0,11087
5-Jul-22,150230,10236,303450,5,5,1258
5-Jul-22,150237,10233,303465,2,0,2250
5-Jul-22,150248,8444,303483,1,0,6343
5-Jul-22,150252,11143,303483,1,0,3102
5-Jul-22,150271,9916,303528,6,6,3372
5-Jul-22,150371,11117,303726,2,2,6434
5-Jul-22,150473,8425,303921,5,5,5300
5-Jul-22,150588,14298,304155,8,0,1610
5-Jul-22,150678,7860,304332,1,0,3317
5-Jul-22,150690,12487,304362,1,0,4497
5-Jul-22,150726,9901,304434,3,3,3651
5-Jul-22,150740,10236,304452,2,0,1341
5-Jul-22,150768,11188,304500,1,0,3311
5-Jul-22,150891,13764,304746,1,1,7746
5-Jul-22,150979,11233,304944,1,1,12904
5-Jul-22,150996,10529,304971,1,0,7252
5-Jul-22,151036,12701,305037,5,5,9542
5-Jul-22,151059,7271,305097,1,0,2591
5-Jul-22,151116,8435,305223,1,0,4486
5-Jul-22,151211,8210,305415,1,0,12452
5-Jul-22,151223,8208,305436,5,5,8429
5-Jul-22,151226,8208,305445,1,0,8429
5-Jul-22,151228,8424,305448,2,2,3372
5-Jul-22,151270,12749,305505,10,10,6211
5-Jul-22,151303,11169,305565,1,1,3630
5-Jul-22,151314,11107,305595,2,2,6118
5-Jul-22,151345,11233,305664,1,0,12904
5-Jul-22,151395,10224,305772,2,2,4360.17
5-Jul-22,151408,12652,305802,1,1,7956
5-Jul-22,151484,10224,305955,2,0,4360.17
5-Jul-22,151584,10224,306174,1,0,4357
5-Jul-22,151616,9901,306246,1,1,3651
5-Jul-22,151635,3610,306285,1,1,8500
5-Jul-22,151640,14309,306297,1,0,8270
5-Jul-22,151664,8444,306351,7,7,5813
5-Jul-22,151672,7596,306360,1,0,2094
5-Jul-22,151675,12784,306369,2,2,2138
5-Jul-22,151677,12407,306375,1,1,9866
5-Jul-22,151734,12415,306498,1,0,19700
5-Jul-22,151756,3615,306555,1,1,6041
5-Jul-22,151761,10247,306564,1,0,7724
5-Jul-22,151835,11926,306729,2,2,6997
5-Jul-22,151845,10235,306756,5,0,1446
5-Jul-22,151867,14248,306795,1,0,8300
5-Jul-22,151896,8423,306858,8,0,8060
5-Jul-22,151926,8787,306936,2,0,739
5-Jul-22,151939,13592,306966,3,3,1540
5-Jul-22,151983,12749,307086,8,8,6370
5-Jul-22,152025,1038,307179,2,2,8052
5-Jul-22,152067,10204,307269,1,1,4024
5-Jul-22,152076,12912,307293,5,5,3844
5-Jul-22,152081,14248,307308,3,3,8300
5-Jul-22,152103,8751,307344,2,0,4829
5-Jul-22,152131,13524,307401,1,1,4430
5-Jul-22,152137,1038,307416,2,0,8179
5-Jul-22,152140,8221,307422,2,2,3770
5-Jul-22,152161,7554,307467,1,0,13975
5-Jul-22,152205,11233,307557,1,1,11996
5-Jul-22,152251,8444,307647,7,7,6374
5-Jul-22,152262,1038,307662,2,0,8588
5-Jul-22,152363,10235,307869,1,0,1501
5-Jul-22,152433,11117,308013,1,1,6434
5-Jul-22,152434,10204,308013,1,1,4024
5-Jul-22,152475,8444,308121,2,2,6374
5-Jul-22,152514,1041,308205,1,1,5090
5-Jul-22,152556,12487,308289,2,2,4220
5-Jul-22,152560,12460,308301,5,0,14130
5-Jul-22,152586,7637,308346,4,0,29580
5-Jul-22,152608,12487,308391,4,2,4308
5-Jul-22,152665,14309,308511,2,2,8270
5-Jul-22,152672,12652,308523,1,1,7770
5-Jul-22,152691,10529,308562,1,1,14035
5-Jul-22,152710,10224,308610,1,0,4619
5-Jul-22,152784,8444,308751,1,0,6589
5-Jul-22,152858,7860,308907,1,0,2748
5-Jul-22,152880,8419,308949,1,0,15770
5-Jul-22,152986,10227,309162,4,4,1478
5-Jul-22,153071,3611,309357,1,0,4526
5-Jul-22,153084,12547,309384,10,0,5726
5-Jul-22,153186,7607,309582,1,1,12323
5-Jul-22,153286,8378,309786,5,5,4271
5-Jul-22,153311,13524,309846,3,3,4430
5-Jul-22,153362,7860,309945,1,1,2748
5-Jul-22,153383,13765,309996,7,0,2633
5-Jul-22,153389,12505,310014,1,1,32992
5-Jul-22,153397,8424,310029,1,0,3404
5-Jul-22,153415,8435,310080,1,1,10747
5-Jul-22,153416,8435,310080,1,1,4433
5-Jul-22,153423,7640,310095,1,1,17786
5-Jul-22,153459,10248,310173,1,0,4857
5-Jul-22,153497,12701,310263,1,1,9542
5-Jul-22,153541,10238,310344,1,0,3372
5-Jul-22,153548,7607,310365,1,0,13631
5-Jul-22,153566,7653,310413,4,4,11758
5-Jul-22,153575,10975,310425,1,0,11814
5-Jul-22,153579,9899,310434,8,0,2232
5-Jul-22,153661,11146,310590,1,0,6880
5-Jul-22,153692,8429,310653,2,0,2632
5-Jul-22,153695,14338,310653,1,0,5089
5-Jul-22,153729,10236,310725,1,1,1386
5-Jul-22,153751,3605,310782,3,0,3762
5-Jul-22,153792,8422,310872,3,0,6384
5-Jul-22,153859,10235,310992,1,0,1501
5-Jul-22,153874,11110,311022,2,2,4128
5-Jul-22,153875,11899,311025,1,0,14322
5-Jul-22,153882,7827,311046,1,0,3643
5-Jul-22,153917,13524,311124,2,0,4317
5-Jul-22,154026,12652,311367,2,2,7770
5-Jul-22,154029,7596,311370,1,1,4596
5-Jul-22,154040,12652,311400,1,1,7770
5-Jul-22,154120,8378,311553,1,0,4274
5-Jul-22,154122,3615,311556,2,0,6043
5-Jul-22,154165,13745,311664,2,2,5275
5-Jul-22,154169,12749,311673,5,5,6370
5-Jul-22,154196,3610,311745,5,5,12704
5-Jul-22,154200,8425,311751,1,0,4816
5-Jul-22,154271,10975,311913,1,0,10110
5-Jul-22,154295,10236,311961,2,0,1432
5-Jul-22,154314,10235,312009,2,0,1501
5-Jul-22,154347,12701,312087,1,1,6561
5-Jul-22,154455,8457,312330,1,0,6150
5-Jul-22,154504,2862,312432,1,1,4640
5-Jul-22,154506,3615,312438,1,1,6041
5-Jul-22,154514,10235,312462,2,0,1501
5-Jul-22,154533,10975,312480,1,1,10110
5-Jul-22,154536,10442,312489,1,0,5735
5-Jul-22,154554,12547,312534,2,0,5771
5-Jul-22,154565,8384,312558,1,1,5581
5-Jul-22,154567,3611,312564,1,1,4693
5-Jul-22,154576,14424,312588,1,0,11356
5-Jul-22,154597,8444,312633,1,1,6034
5-Jul-22,154622,10235,312684,2,2,1501
5-Jul-22,154637,8425,312720,2,2,5363
5-Jul-22,154709,12701,312882,2,0,6470
5-Jul-22,154782,8428,313038,1,0,1793
5-Jul-22,154798,12547,313074,4,4,5771
5-Jul-22,154803,1038,313086,3,3,8445
5-Jul-22,154851,3279,313164,1,0,8814.94
5-Jul-22,154862,11107,313191,2,0,6118
5-Jul-22,154892,7640,313260,1,1,17786
5-Jul-22,154952,8219,313380,6,6,14934
5-Jul-22,155003,7820,313491,1,0,3773
5-Jul-22,155029,3610,313551,1,1,8233
5-Jul-22,155069,11143,313653,1,0,3102
5-Jul-22,155248,12455,314046,2,0,5771
5-Jul-22,155260,9815,314070,1,0,13995
5-Jul-22,155293,10225,314151,1,0,4988
5-Jul-22,155357,1041,314304,1,0,5453
5-Jul-22,155381,10529,314352,1,1,6892
5-Jul-22,155385,14252,314364,2,0,32992
5-Jul-22,155399,1041,314391,1,1,5425
5-Jul-22,155406,12697,314409,15,0,2098
5-Jul-22,155449,11154,314499,1,0,12870
5-Jul-22,155524,8462,314643,1,0,5221
5-Jul-22,155535,13745,314667,1,0,5275
5-Jul-22,155564,1041,314697,1,0,5090
5-Jul-22,155567,7553,314697,1,0,5389
5-Jul-22,155579,8424,314718,1,0,3511
5-Jul-22,155590,3611,314748,5,5,4217
5-Jul-22,155622,13765,314814,1,1,2633
5-Jul-22,155765,11146,315078,2,2,6880
5-Jul-22,155767,8457,315078,1,1,7905
5-Jul-22,155792,10215,315135,1,0,14350
5-Jul-22,155803,8444,315138,2,1,3535
5-Jul-22,155804,11925,315138,3,3,12210.3
5-Jul-22,155807,14349,315138,3,2,32992
5-Jul-22,155808,3610,315141,1,0,13177
5-Jul-22,155875,7860,315291,20,0,3317
5-Jul-22,155897,8428,315342,25,0,1793
5-Jul-22,155990,8425,315558,1,0,5076
5-Jul-22,155992,7637,315564,1,0,32154
5-Jul-22,156030,10248,315648,1,0,5646
5-Jul-22,156037,1038,315657,1,0,8188
5-Jul-22,156097,12784,315780,5,5,2134
5-Jul-22,156138,11140,315873,1,0,8525
5-Jul-22,156216,8420,316032,1,1,6619
5-Jul-22,156247,8331,316110,1,1,6380
5-Jul-22,156249,1041,316113,1,0,5453
5-Jul-22,156260,12697,316137,10,0,2098
5-Jul-22,156317,12407,316248,1,1,8815
5-Jul-22,156386,9901,316398,1,1,3831
5-Jul-22,156388,1041,316401,1,1,4954
5-Jul-22,156441,8210,316491,2,2,13846
5-Jul-22,156482,10235,316590,3,0,1501
5-Jul-22,156509,3284,316653,5,5,6790
5-Jul-22,156552,1041,316764,1,0,5007
5-Jul-22,156576,8714,316821,1,1,5632
5-Jul-22,156598,1043,316863,1,0,22849
5-Jul-22,156686,1041,317025,1,0,5620
5-Jul-22,156694,3610,317046,1,0,8233
5-Jul-22,156717,8457,317085,1,0,7830
5-Jul-22,156723,11138,317100,1,1,6778
5-Jul-22,156761,10204,317169,1,0,4089
5-Jul-22,156825,11136,317319,5,0,2489
5-Jul-22,156961,1038,317622,1,0,8315
5-Jul-22,156981,12677,317658,2,0,3439
5-Jul-22,157003,8428,317706,1,0,1793
5-Jul-22,157062,4435,317847,1,0,2268
5-Jul-22,157204,12685,318141,1,0,2861
5-Jul-22,157207,10975,318150,1,1,18402
5-Jul-22,157215,12685,318162,1,1,2861
5-Jul-22,157267,13752,318264,1,0,8817
5-Jul-22,157271,8444,318276,1,0,3820
5-Jul-22,157298,10224,318318,1,0,4988
5-Jul-22,157312,14418,318351,1,0,10805
5-Jul-22,157353,10235,318438,1,1,1455
5-Jul-22,157449,8384,318666,1,0,5992
5-Jul-22,157514,13765,318822,2,0,2633
5-Jul-22,157522,8443,318843,2,0,6645
5-Jul-22,157570,10975,318936,1,0,11087
6-Jul-22,147362,1805,297609,1,0,18343
6-Jul-22,147369,8425,297630,2,0,4862
6-Jul-22,147415,14354,297711,1,1,2501
6-Jul-22,147489,10975,297852,1,0,18602
6-Jul-22,147555,7827,298014,1,0,6043
6-Jul-22,147589,10236,298083,5,0,1341
6-Jul-22,147609,8425,298125,1,1,4930
6-Jul-22,147622,8422,298152,1,0,3959
6-Jul-22,147640,11658,298197,1,0,1804
6-Jul-22,147642,11658,298203,2,0,1804
6-Jul-22,147735,10235,298383,2,2,1399
6-Jul-22,147837,10236,298590,2,0,1341
6-Jul-22,147909,12784,298719,2,2,2138
6-Jul-22,147919,12400,298734,1,0,6080
6-Jul-22,147929,12697,298755,20,20,1052
6-Jul-22,147988,8335,298866,1,1,2983
6-Jul-22,148075,8221,299013,8,8,3699
6-Jul-22,148113,12652,299103,1,1,7956
6-Jul-22,148115,8425,299109,20,0,4680
6-Jul-22,148158,11131,299193,1,1,11273
6-Jul-22,148186,9916,299250,4,4,3372
6-Jul-22,148217,1041,299319,1,0,5620
6-Jul-22,148221,13764,299325,1,0,7746
6-Jul-22,148364,11143,299586,1,1,3564
6-Jul-22,148508,8221,299811,5,5,6182
6-Jul-22,148512,9915,299820,2,0,3599
6-Jul-22,148514,12487,299826,1,1,4497
6-Jul-22,148534,12487,299853,21,21,4220
6-Jul-22,148585,8444,299946,1,0,6007
6-Jul-22,148593,9915,299964,1,0,3599
6-Jul-22,148595,12512,299967,1,0,8227
6-Jul-22,148646,8422,300048,1,0,4042
6-Jul-22,148666,10236,300069,1,1,1341
6-Jul-22,148729,8221,300201,50,50,3770
6-Jul-22,148755,13905,300243,1,0,3094
6-Jul-22,148764,11926,300258,3,3,6997
6-Jul-22,148765,14354,300258,1,1,2501
6-Jul-22,148778,1805,300291,1,0,9996
6-Jul-22,148837,11899,300414,2,2,14322
6-Jul-22,148848,12864,300435,1,1,39329
6-Jul-22,148894,11157,300537,1,0,14076
6-Jul-22,148916,12487,300585,1,0,4497
6-Jul-22,148926,3610,300609,3,0,13177
6-Jul-22,148961,3279,300681,2,0,8814.94
6-Jul-22,149031,10224,300831,1,0,4360.17
6-Jul-22,149059,11117,300882,2,0,6864
6-Jul-22,149118,10235,301020,2,0,1432
6-Jul-22,149130,13524,301041,2,2,4476
6-Jul-22,149145,12749,301077,10,10,6211
6-Jul-22,149156,3615,301095,10,0,6180
6-Jul-22,149189,10235,301155,10,10,1387
6-Jul-22,149202,8444,301185,1,1,6589
6-Jul-22,149208,12749,301200,10,10,6211
6-Jul-22,149221,12487,301224,1,1,4220
6-Jul-22,149247,8219,301275,1,1,15166
6-Jul-22,149250,7586,301284,1,0,11410
6-Jul-22,149296,12547,301380,1,1,11087
6-Jul-22,149315,10526,301419,1,1,2670
6-Jul-22,149356,7271,301503,1,0,2591
6-Jul-22,149377,8444,301536,1,0,6034
6-Jul-22,149417,1043,301626,1,0,5794
6-Jul-22,149422,11156,301641,7,0,5038
6-Jul-22,149428,12701,301656,1,0,6470
6-Jul-22,149462,1038,301731,1,1,8324
6-Jul-22,149465,10224,301734,1,0,4538.14
6-Jul-22,149466,3615,301737,1,0,6745
6-Jul-22,149512,10235,301854,5,0,1399
6-Jul-22,149520,14159,301872,2,0,3233.05
6-Jul-22,149527,10224,301881,1,1,4538.14
6-Jul-22,149559,12749,301944,10,0,6211
6-Jul-22,149584,3615,301995,2,2,6125
6-Jul-22,149613,8378,302058,2,0,3938
6-Jul-22,149655,12302,302133,1,0,12214
6-Jul-22,149695,10204,302214,4,4,4024
6-Jul-22,149697,12487,302217,3,3,4220
6-Jul-22,149751,8444,302328,1,1,5813
6-Jul-22,149781,11240,302406,3,0,12555
6-Jul-22,149808,9916,302457,1,0,3372
6-Jul-22,149866,11142,302598,1,1,4813
6-Jul-22,149898,3610,302685,1,0,13284
6-Jul-22,149969,8424,302829,2,2,3372
6-Jul-22,149985,8219,302865,2,0,15166
6-Jul-22,150003,7640,302895,4,0,16490
6-Jul-22,150072,8457,303039,2,1,8406
6-Jul-22,150137,13696,303201,1,0,5875
6-Jul-22,150139,1043,303207,1,0,22491
6-Jul-22,150184,13764,303333,2,0,7746
6-Jul-22,150222,14354,303429,2,0,2501
6-Jul-22,150229,10236,303450,2,2,1341
6-Jul-22,150260,12487,303504,4,0,4220
6-Jul-22,150281,3610,303549,1,1,13284
6-Jul-22,150311,12547,303597,1,0,11087
6-Jul-22,150368,8435,303717,1,1,11228
6-Jul-22,150404,1805,303792,1,0,18654
6-Jul-22,150407,12487,303798,2,2,4308
6-Jul-22,150572,7640,304119,3,3,15638
6-Jul-22,150599,8424,304179,3,3,3511
6-Jul-22,150643,10204,304281,1,0,4389
6-Jul-22,150658,3305,304317,2,0,6166
6-Jul-22,150664,8760,304317,1,0,2816
6-Jul-22,150665,8760,304317,1,0,2840
6-Jul-22,150683,12803,304344,1,0,3692
6-Jul-22,150687,8221,304353,1,1,6182
6-Jul-22,150748,11233,304467,3,3,12268
6-Jul-22,150822,3615,304611,2,2,6125
6-Jul-22,150828,8444,304623,3,3,5813
6-Jul-22,150833,3610,304629,1,1,12768
6-Jul-22,150840,1038,304647,1,0,8179
6-Jul-22,150846,3610,304653,1,1,8500
6-Jul-22,150847,3615,304656,2,2,6043
6-Jul-22,150863,11189,304692,1,0,6292
6-Jul-22,150907,13592,304782,3,0,1540
6-Jul-22,150915,10236,304797,1,0,1341
6-Jul-22,150916,11233,304800,1,0,12268
6-Jul-22,150933,13524,304827,1,0,4362
6-Jul-22,150959,11926,304893,1,1,6997
6-Jul-22,151003,11169,304977,1,1,3630
6-Jul-22,151013,11233,304995,1,1,12904
6-Jul-22,151027,7827,305016,2,0,6043
6-Jul-22,151035,10204,305034,2,0,4024
6-Jul-22,151092,11143,305160,1,0,3102
6-Jul-22,151125,8461,305244,1,0,3187
6-Jul-22,151138,8424,305274,1,0,3341
6-Jul-22,151150,10224,305295,1,0,4538.14
6-Jul-22,151169,11138,305319,1,1,16741
6-Jul-22,151188,8457,305358,1,0,7905
6-Jul-22,151195,8208,305376,10,0,8429
6-Jul-22,151220,8208,305427,1,0,8429
6-Jul-22,151246,8429,305478,1,0,2774
6-Jul-22,151285,1041,305535,1,1,5090
6-Jul-22,151326,1038,305616,3,3,8042
6-Jul-22,151346,11233,305664,1,0,12268
6-Jul-22,151404,9915,305793,1,1,3720
6-Jul-22,151407,10975,305799,3,3,11741
6-Jul-22,151425,10975,305841,1,1,12632
6-Jul-22,151427,7607,305844,1,1,12541
6-Jul-22,151428,3615,305847,2,2,6041
6-Jul-22,151448,10236,305892,2,2,1341
6-Jul-22,151457,12749,305910,4,4,6370
6-Jul-22,151512,10224,306018,1,0,4349
6-Jul-22,151561,8422,306123,1,1,6384
6-Jul-22,151566,9916,306138,3,0,3372
6-Jul-22,151593,12784,306198,1,1,2138
6-Jul-22,151617,9901,306246,1,1,3831
6-Jul-22,151709,8444,306444,1,1,3535
6-Jul-22,151736,11107,306501,1,1,6118
6-Jul-22,151740,10204,306510,2,0,4059
6-Jul-22,151760,10233,306561,2,2,2250
6-Jul-22,151780,10975,306606,13,13,11087
6-Jul-22,151781,10975,306606,13,11,11814
6-Jul-22,151888,14309,306840,2,2,8270
6-Jul-22,151968,11104,307044,1,0,12837
6-Jul-22,151982,1038,307083,1,1,8762
6-Jul-22,152003,12407,307131,1,1,8906
6-Jul-22,152006,11143,307140,1,1,3399
6-Jul-22,152016,8437,307158,1,0,2254
6-Jul-22,152022,8444,307173,1,0,5813
6-Jul-22,152036,2367,307206,30,30,479
6-Jul-22,152087,7596,307320,1,1,2094
6-Jul-22,152153,11143,307446,2,2,3564
6-Jul-22,152163,8457,307473,1,0,7686
6-Jul-22,152193,12487,307539,1,1,4220
6-Jul-22,152194,8424,307542,1,0,8266
6-Jul-22,152208,8424,307566,3,0,3479
6-Jul-22,152252,8444,307647,3,3,6589
6-Jul-22,152256,8444,307656,10,10,6374
6-Jul-22,152279,10529,307692,1,0,6892
6-Jul-22,152335,8429,307818,1,0,2632
6-Jul-22,152347,8429,307839,1,0,2583
6-Jul-22,152406,13592,307950,3,0,1540
6-Jul-22,152410,10235,307959,3,0,1501
6-Jul-22,152413,8457,307968,1,1,8406
6-Jul-22,152439,8425,308025,1,0,4635
6-Jul-22,152446,11109,308046,1,0,6630
6-Jul-22,152451,12302,308055,2,0,8175
6-Jul-22,152559,12652,308298,2,2,7770
6-Jul-22,152599,10238,308379,1,1,6558
6-Jul-22,152677,3610,308538,1,0,13177
6-Jul-22,152683,7641,308550,1,1,20147
6-Jul-22,152697,11233,308580,1,0,12904
6-Jul-22,152703,10975,308589,1,0,10110
6-Jul-22,152713,13524,308616,1,1,4430
6-Jul-22,152720,8444,308631,2,2,6608
6-Jul-22,152774,10235,308733,1,1,1501
6-Jul-22,152780,10224,308745,1,0,4803
6-Jul-22,152815,10236,308823,1,0,1432
6-Jul-22,152840,8751,308859,1,0,3834
6-Jul-22,152848,13682,308877,1,0,3044
6-Jul-22,152894,8444,308988,1,1,6034
6-Jul-22,152926,8425,309042,1,0,4894
6-Jul-22,152929,3610,309051,1,0,12704
6-Jul-22,152930,3615,309054,1,0,6041
6-Jul-22,152937,8219,309069,1,0,15166
6-Jul-22,152971,8444,309126,1,0,6608
6-Jul-22,153012,1041,309231,1,0,5090
6-Jul-22,153015,8443,309240,2,0,6224
6-Jul-22,153040,3610,309291,1,1,13284
6-Jul-22,153069,3610,309354,1,0,13177
6-Jul-22,153083,8384,309381,2,0,5404
6-Jul-22,153127,3610,309477,1,0,12704
6-Jul-22,153171,8425,309555,1,1,5363
6-Jul-22,153180,11233,309567,1,1,12650
6-Jul-22,153200,12701,309612,1,1,6470
6-Jul-22,153252,12547,309711,1,0,5726
6-Jul-22,153264,8425,309741,2,2,4894
6-Jul-22,153281,7607,309777,1,0,13631
6-Jul-22,153283,11150,309783,1,1,5729
6-Jul-22,153289,3613,309792,1,0,8110
6-Jul-22,153292,3613,309801,1,0,10273
6-Jul-22,153377,1041,309978,1,0,5312
6-Jul-22,153396,8424,310029,1,0,3544
6-Jul-22,153399,1038,310035,1,0,8445
6-Jul-22,153404,8424,310050,1,0,3479
6-Jul-22,153406,12749,310056,5,5,6370
6-Jul-22,153424,3610,310098,1,1,8233
6-Jul-22,153437,10245,310131,1,0,9453
6-Jul-22,153440,3615,310140,1,0,6041
6-Jul-22,153535,12487,310329,1,0,4497
6-Jul-22,153559,8332,310392,1,0,5587
6-Jul-22,153571,10235,310422,1,1,1455
6-Jul-22,153572,10975,310422,1,1,18602
6-Jul-22,153650,1038,310572,1,1,8324
6-Jul-22,153663,13524,310593,5,5,4317
6-Jul-22,153690,8421,310653,1,0,4444
6-Jul-22,153696,11233,310656,1,0,12650
6-Jul-22,153703,11146,310671,1,1,7599
6-Jul-22,153748,8210,310773,1,1,12452
6-Jul-22,153759,1038,310797,1,1,8726
6-Jul-22,153784,8335,310860,1,1,3906
6-Jul-22,153790,14408,310866,1,1,33992
6-Jul-22,153797,8425,310878,1,0,4680
6-Jul-22,154113,11133,311541,1,1,3713
6-Jul-22,154140,3615,311604,1,0,6725
6-Jul-22,154193,8439,311736,3,0,1871
6-Jul-22,154234,13279,311829,1,0,13576
6-Jul-22,154248,3592,311859,1,0,6510
6-Jul-22,154341,3284,312072,2,2,5271
6-Jul-22,154386,12652,312174,5,5,7770
6-Jul-22,154389,8210,312180,1,1,14612
6-Jul-22,154426,1043,312264,1,1,22849
6-Jul-22,154450,12547,312318,5,5,5771
6-Jul-22,154477,1043,312369,1,0,11568
6-Jul-22,154520,10213,312468,1,0,3752
6-Jul-22,154575,12547,312585,1,1,5771
6-Jul-22,154651,13524,312756,1,0,4430
6-Jul-22,154655,13736,312765,1,1,8928.57
6-Jul-22,154671,8421,312807,1,0,1097
6-Jul-22,154672,8760,312810,2,2,2363
6-Jul-22,154702,11146,312867,1,0,10692
6-Jul-22,154757,8457,312984,1,1,8117
6-Jul-22,154763,12749,312996,3,0,6211
6-Jul-22,154784,7653,313044,5,5,11758
6-Jul-22,154819,10225,313101,1,1,4619
6-Jul-22,154852,13524,313167,2,2,4430
6-Jul-22,154871,8378,313215,5,0,4141
6-Jul-22,154880,7855,313236,1,1,10958
6-Jul-22,154910,11138,313287,1,0,66851
6-Jul-22,154941,10235,313359,1,0,1501
6-Jul-22,154947,9171,313368,1,1,6470
6-Jul-22,154999,7581,313488,1,1,13394
6-Jul-22,155012,7640,313506,10,10,14449
6-Jul-22,155042,3284,313587,1,0,5271
6-Jul-22,155104,12400,313731,1,0,6080
6-Jul-22,155177,7653,313908,5,5,11758
6-Jul-22,155178,8435,313911,1,0,4433
6-Jul-22,155231,10236,314010,1,0,1386
6-Jul-22,155266,10204,314082,2,2,4606.8
6-Jul-22,155358,10204,314307,1,0,4033
6-Jul-22,155417,8444,314424,1,1,6589
6-Jul-22,155433,8422,314466,3,0,3385
6-Jul-22,155534,11107,314664,1,0,5780
6-Jul-22,155568,8424,314697,1,0,3511
6-Jul-22,155569,8424,314697,1,0,3372
6-Jul-22,155606,11172,314778,1,0,2614
6-Jul-22,155625,8131,314820,1,0,8760
6-Jul-22,155700,13209,314952,1,1,4288
6-Jul-22,155712,1038,314982,1,1,8588
6-Jul-22,155749,8425,315045,2,2,5076
6-Jul-22,155775,7640,315093,1,1,17786
6-Jul-22,155834,9171,315195,1,0,6470
6-Jul-22,155869,10975,315276,1,0,18602
6-Jul-22,155888,3279,315321,1,0,8814.94
6-Jul-22,155890,12678,315327,1,0,3066
6-Jul-22,155892,3611,315330,1,1,4217
6-Jul-22,155906,11233,315360,1,1,13177
6-Jul-22,155933,12912,315441,2,0,3844
6-Jul-22,155975,11925,315531,1,1,11814
6-Jul-22,156008,12701,315603,2,2,9542
6-Jul-22,156062,7607,315705,2,2,13631
6-Jul-22,156109,7860,315807,1,0,2748
6-Jul-22,156113,11925,315816,1,1,11814
6-Jul-22,156141,10248,315873,1,0,5646
6-Jul-22,156143,3611,315879,26,0,4693
6-Jul-22,156175,3279,315951,1,1,9724
6-Jul-22,156196,8428,316002,1,0,1832
6-Jul-22,156211,1041,316020,1,1,4954
6-Jul-22,156227,11233,316059,1,1,12650
6-Jul-22,156238,7571,316092,2,2,7079
6-Jul-22,156331,11136,316275,2,0,2489
6-Jul-22,156422,1038,316458,1,0,8588
6-Jul-22,156494,1043,316614,1,0,21818
6-Jul-22,156499,8437,316626,1,1,2181
6-Jul-22,156500,11138,316629,1,1,18203
6-Jul-22,156513,7653,316665,2,2,11536
6-Jul-22,156523,8444,316692,1,0,6343
6-Jul-22,156561,8425,316791,5,5,4894
6-Jul-22,156566,13501,316800,1,0,11287
6-Jul-22,156571,1043,316809,1,0,22849
6-Jul-22,156593,13592,316851,10,10,1540
6-Jul-22,156641,3284,316965,1,0,6913
6-Jul-22,156704,9882,317064,1,1,14024
6-Jul-22,156780,10529,317211,1,0,14212
6-Jul-22,156843,10975,317358,1,0,10110
6-Jul-22,156853,3615,317388,10,10,6043
6-Jul-22,156871,3592,317439,1,1,6510
6-Jul-22,156887,8428,317463,1,0,1763
6-Jul-22,156986,11120,317673,1,0,20779
6-Jul-22,157052,10224,317826,1,1,4619
6-Jul-22,157060,14370,317841,1,1,10610
6-Jul-22,157101,14469,317937,1,1,13304
6-Jul-22,157133,8444,318003,2,2,5907
6-Jul-22,157156,12701,318057,2,0,9542
6-Jul-22,157236,1043,318195,6,6,22045
6-Jul-22,157259,8751,318243,1,0,2893
6-Jul-22,157308,10238,318339,1,0,3372
6-Jul-22,157354,9882,318441,1,0,13751
6-Jul-22,157384,10975,318519,1,0,17039
6-Jul-22,157395,10235,318540,5,0,1455
6-Jul-22,157467,11127,318711,1,1,2897
6-Jul-22,157470,1041,318717,2,0,4816
6-Jul-22,157544,13618,318873,20,20,3251
6-Jul-22,157564,8444,318918,10,10,6374
6-Jul-22,157566,8787,318924,12,12,1599
7-Jul-22,147410,3610,297711,3,3,13284
7-Jul-22,147439,8425,297750,1,1,4930
7-Jul-22,147444,8425,297753,1,0,5110
7-Jul-22,147448,8425,297762,1,1,4771
7-Jul-22,147520,13765,297924,1,0,2633
7-Jul-22,147536,11139,297966,1,0,4312
7-Jul-22,147541,11117,297978,1,0,6745
7-Jul-22,147549,11117,297999,3,0,6904
7-Jul-22,147583,2862,298068,2,0,4021
7-Jul-22,147595,10204,298095,2,0,4033
7-Jul-22,147631,3284,298179,7,7,5271
7-Jul-22,147662,8444,298233,1,0,5771
7-Jul-22,147700,10224,298317,1,0,4349
7-Jul-22,147712,1038,298341,1,0,8450
7-Jul-22,147741,11107,298401,1,1,5725
7-Jul-22,147755,1041,298434,1,0,5725
7-Jul-22,147831,3279,298587,1,0,9724
7-Jul-22,147848,12547,298608,6,6,5635
7-Jul-22,147942,11146,298776,1,0,4017
7-Jul-22,147953,8444,298791,1,0,3521
7-Jul-22,147997,8219,298878,1,1,14586
7-Jul-22,148012,9882,298908,2,2,13751
7-Jul-22,148017,13618,298917,5,0,3251
7-Jul-22,148072,11899,299007,1,1,13782
7-Jul-22,148074,8221,299013,10,10,3770
7-Jul-22,148084,8428,299037,3,3,1599
7-Jul-22,148194,8425,299265,1,0,4862
7-Jul-22,148203,13524,299283,2,0,4476
7-Jul-22,148213,8424,299307,1,0,3372
7-Jul-22,148370,8425,299595,1,1,5394
7-Jul-22,148513,3624,299823,1,0,5453
7-Jul-22,148516,9171,299832,1,0,6425
7-Jul-22,148556,1038,299898,1,1,8445
7-Jul-22,148631,14309,300027,1,0,8270
7-Jul-22,148653,12487,300054,2,2,4308
7-Jul-22,148667,8439,300069,1,1,1952
7-Jul-22,148688,7596,300105,3,3,2094
7-Jul-22,148701,3610,300138,2,2,12704
7-Jul-22,148789,10975,300306,1,0,18031
7-Jul-22,148809,10238,300351,2,0,3189
7-Jul-22,148882,10225,300510,1,0,4197
7-Jul-22,148888,14252,300519,1,0,32992
7-Jul-22,148920,8444,300597,5,5,6374
7-Jul-22,148971,11146,300699,1,0,7524
7-Jul-22,148978,3279,300717,1,0,9724
7-Jul-22,149000,10204,300771,1,0,4033
7-Jul-22,149028,8428,300828,2,2,1793
7-Jul-22,149032,10224,300831,1,0,4538.14
7-Jul-22,149056,3615,300876,2,0,6125
7-Jul-22,149101,1038,300987,1,0,8197
7-Jul-22,149103,12784,300993,2,2,2134
7-Jul-22,149108,12487,301002,1,1,4497
7-Jul-22,149121,9895,301026,1,0,1128.5
7-Jul-22,149166,8219,301113,1,1,14934
7-Jul-22,149178,10204,301137,1,0,4033
7-Jul-22,149197,11112,301173,1,0,21934
7-Jul-22,149224,8384,301230,2,2,5825
7-Jul-22,149261,11150,301311,1,0,5729
7-Jul-22,149319,8428,301431,20,0,1793
7-Jul-22,149323,3615,301437,1,0,6558
7-Jul-22,149336,12302,301461,1,0,12214
7-Jul-22,149339,10238,301467,1,0,3189
7-Jul-22,149358,1043,301506,2,2,5854
7-Jul-22,149451,7583,301710,1,1,28577
7-Jul-22,149456,8242,301722,1,0,1708
7-Jul-22,149551,12547,301926,2,2,5635
7-Jul-22,149669,8219,302160,1,1,14934
7-Jul-22,149693,3279,302214,1,1,9724
7-Jul-22,149702,8210,302223,1,0,13731
7-Jul-22,149725,8210,302268,1,0,12837
7-Jul-22,149731,10224,302280,1,0,4538.14
7-Jul-22,149769,12652,302376,1,1,7956
7-Jul-22,149791,3615,302424,2,2,6125
7-Jul-22,149804,7607,302445,1,0,12541
7-Jul-22,149839,3284,302529,1,0,5271
7-Jul-22,149907,10236,302700,1,1,1341
7-Jul-22,149956,8210,302799,1,0,12452
7-Jul-22,149957,8425,302802,1,0,4971
7-Jul-22,150064,8378,303018,1,0,3938
7-Jul-22,150073,8457,303042,2,1,7905
7-Jul-22,150133,8444,303192,1,0,6343
7-Jul-22,150171,9915,303297,2,0,3650
7-Jul-22,150194,11106,303360,10,0,6270
7-Jul-22,150211,12784,303402,3,3,2134
7-Jul-22,150232,8221,303453,2,0,6182
7-Jul-22,150293,1041,303567,1,1,5090
7-Jul-22,150330,3592,303639,1,1,6510
7-Jul-22,150333,7810,303645,2,0,3953
7-Jul-22,150341,7810,303657,2,2,3953
7-Jul-22,150356,14309,303690,1,1,8451
7-Jul-22,150376,8221,303741,20,20,3770
7-Jul-22,150380,9897,303747,1,0,9371
7-Jul-22,150389,3610,303759,1,0,8233
7-Jul-22,150408,10224,303801,1,1,4357
7-Jul-22,150421,8444,303816,1,0,6034
7-Jul-22,150425,8444,303822,1,0,6034
7-Jul-22,150466,14309,303906,1,0,8270
7-Jul-22,150470,12487,303918,25,25,4220
7-Jul-22,150474,8221,303924,2,0,3770
7-Jul-22,150511,7640,303987,10,10,15638
7-Jul-22,150521,8210,304014,2,2,16302
7-Jul-22,150560,8444,304092,1,0,3535
7-Jul-22,150590,12749,304158,2,0,6211
7-Jul-22,150592,8444,304164,7,0,6374
7-Jul-22,150598,8808,304176,1,0,10437
7-Jul-22,150608,3610,304203,1,0,13177
7-Jul-22,150609,8221,304206,1,1,6182
7-Jul-22,150659,3613,304317,1,0,8038
7-Jul-22,150662,8796,304317,1,0,3987
7-Jul-22,150702,10236,304386,1,1,1341
7-Jul-22,150749,10239,304470,1,0,6107
7-Jul-22,150759,11233,304485,1,0,12650
7-Jul-22,150800,12697,304569,4,4,2098
7-Jul-22,150801,12697,304569,4,4,1052
7-Jul-22,150866,11146,304701,1,1,10692
7-Jul-22,150885,10235,304734,5,0,1387
7-Jul-22,150889,13592,304743,3,3,1540
7-Jul-22,150988,11117,304959,5,0,6434
7-Jul-22,151038,11233,305040,1,1,12268
7-Jul-22,151060,7271,305097,1,1,2566
7-Jul-22,151097,13591,305175,1,0,15994
7-Jul-22,151106,7640,305199,1,0,15638
7-Jul-22,151241,7860,305475,1,0,3315
7-Jul-22,151260,11117,305493,1,1,6434
7-Jul-22,151283,8219,305532,2,2,15166
7-Jul-22,151302,11169,305565,1,1,6996
7-Jul-22,151319,11106,305607,1,1,5423
7-Jul-22,151364,12455,305706,10,7,5771
7-Jul-22,151391,11240,305763,2,0,12555
7-Jul-22,151412,10226,305814,1,0,3697
7-Jul-22,151436,8331,305862,2,2,4918
7-Jul-22,151456,8428,305907,1,0,1763
7-Jul-22,151486,12701,305958,1,0,5856
7-Jul-22,151497,8444,305985,1,1,3820
7-Jul-22,151500,14364,305991,1,0,3453
7-Jul-22,151575,11233,306165,1,0,11996
7-Jul-22,151627,12678,306264,1,0,3066
7-Jul-22,151650,11233,306318,5,0,12904
7-Jul-22,151679,3615,306381,1,1,6180
7-Jul-22,151696,12701,306417,25,25,9397
7-Jul-22,151800,10236,306651,4,0,1341
7-Jul-22,151830,10235,306720,3,0,1399
7-Jul-22,151850,11106,306765,3,3,6270
7-Jul-22,151853,7640,306771,23,0,15638
7-Jul-22,151934,12701,306954,1,0,9397
7-Jul-22,151941,8208,306972,1,0,8429
7-Jul-22,151966,12505,307038,1,1,32992
7-Jul-22,151986,13592,307092,5,0,1540
7-Jul-22,151999,10224,307122,2,2,4538.14
7-Jul-22,152072,8424,307284,1,0,3479
7-Jul-22,152084,3610,307314,3,3,12704
7-Jul-22,152115,11925,307362,1,1,11814
7-Jul-22,152173,12547,307497,2,2,5730
7-Jul-22,152198,8429,307542,1,0,2774
7-Jul-22,152214,13524,307578,1,1,4430
7-Jul-22,152236,11169,307614,1,0,6996
7-Jul-22,152305,7640,307743,1,1,17786
7-Jul-22,152370,7586,307875,1,1,6557
7-Jul-22,152376,10204,307887,1,0,4778
7-Jul-22,152384,10224,307902,2,0,4619
7-Jul-22,152415,11233,307971,1,0,12268
7-Jul-22,152424,3284,307995,1,0,5271
7-Jul-22,152430,8429,308010,2,0,2679
7-Jul-22,152431,8440,308010,1,0,11863
7-Jul-22,152432,1041,308013,1,1,5620
7-Jul-22,152468,12547,308103,5,5,5726
7-Jul-22,152496,7553,308178,1,1,5896
7-Jul-22,152562,8219,308307,1,1,14934
7-Jul-22,152605,1038,308385,1,0,8042
7-Jul-22,152630,3568,308433,1,0,8206
7-Jul-22,152696,7586,308577,1,1,7415
7-Jul-22,152731,14374,308655,1,0,19831
7-Jul-22,152759,8440,308703,1,0,12054
7-Jul-22,152767,8421,308721,1,1,4389
7-Jul-22,152768,8439,308721,1,0,940
7-Jul-22,152841,8751,308859,1,0,2899
7-Jul-22,152934,8444,309063,1,0,6782
7-Jul-22,152969,8422,309123,1,0,4069
7-Jul-22,152989,12487,309168,2,2,4217
7-Jul-22,153034,8425,309276,1,1,5076
7-Jul-22,153059,12652,309330,1,1,7770
7-Jul-22,153077,8425,309369,1,0,5363
7-Jul-22,153105,3610,309429,50,50,12704
7-Jul-22,153208,8424,309627,1,0,3511
7-Jul-22,153226,7860,309666,1,0,3315
7-Jul-22,153251,7860,309708,1,0,3315
7-Jul-22,153372,8436,309963,2,0,2908
7-Jul-22,153387,14364,310008,1,0,3453
7-Jul-22,153394,8422,310026,1,0,3445
7-Jul-22,153435,10975,310125,1,0,18602
7-Jul-22,153473,10225,310200,3,3,4434
7-Jul-22,153484,10236,310230,2,0,1432
7-Jul-22,153505,7640,310272,1,1,16903
7-Jul-22,153561,8457,310398,1,1,8117
7-Jul-22,153585,3610,310443,1,1,13268
7-Jul-22,153603,1043,310479,4,4,11568
7-Jul-22,153625,3613,310524,1,0,8110
7-Jul-22,153636,8439,310548,1,0,940
7-Jul-22,153648,8210,310569,1,1,14212
7-Jul-22,153675,11899,310620,1,1,13782
7-Jul-22,153704,10442,310674,1,0,5735
7-Jul-22,153757,7586,310791,7,0,7415
7-Jul-22,153860,8439,310992,10,0,1842
7-Jul-22,153863,12749,310998,50,50,6211
7-Jul-22,153878,8444,311034,1,0,6296
7-Jul-22,153885,13524,311055,1,1,4317
7-Jul-22,153887,1041,311058,1,0,4954
7-Jul-22,153903,11106,311097,1,0,5533
7-Jul-22,153912,8420,311112,1,0,6619
7-Jul-22,153928,3605,311148,1,0,3762
7-Jul-22,153930,11138,311154,1,0,6696
7-Jul-22,153941,11163,311178,1,0,5522
7-Jul-22,153943,8444,311178,1,1,3820
7-Jul-22,154044,3615,311412,5,5,6043
7-Jul-22,154055,12652,311421,10,10,7770
7-Jul-22,154092,10235,311496,2,2,1455
7-Jul-22,154107,10225,311526,1,1,4619
7-Jul-22,154108,3615,311529,3,3,6041
7-Jul-22,154121,11107,311553,2,0,6118
7-Jul-22,154184,12652,311715,1,0,7770
7-Jul-22,154206,13524,311763,1,0,4430
7-Jul-22,154254,12652,311871,20,0,7770
7-Jul-22,154299,3613,311970,2,0,8110
7-Jul-22,154310,3592,311997,1,0,6510
7-Jul-22,154315,10235,312012,2,0,1501
7-Jul-22,154401,12701,312213,1,1,5856
7-Jul-22,154404,11925,312219,1,1,11814
7-Jul-22,154406,11120,312225,1,1,20666
7-Jul-22,154408,8444,312228,1,1,3820
7-Jul-22,154418,10236,312246,1,0,1432
7-Jul-22,154495,8439,312408,1,1,1842
7-Jul-22,154562,12749,312555,2,2,6211
7-Jul-22,154582,8219,312606,1,1,14934
7-Jul-22,154604,7640,312645,10,10,14449
7-Jul-22,154607,12784,312654,2,2,2134
7-Jul-22,154623,10235,312684,2,2,1455
7-Jul-22,154643,8421,312738,1,0,2572
7-Jul-22,154648,10235,312750,4,0,1501
7-Jul-22,154649,10235,312750,2,0,1455
7-Jul-22,154680,8272,312822,1,0,2022
7-Jul-22,154682,8453,312825,1,0,13045
7-Jul-22,154688,12701,312840,1,0,9397
7-Jul-22,154707,8335,312879,1,1,2998
7-Jul-22,154722,7553,312909,1,0,5896
7-Jul-22,154793,10236,313059,2,2,1432
7-Jul-22,154832,11163,313125,1,1,3789
7-Jul-22,154855,12547,313176,1,0,5771
7-Jul-22,154897,3615,313266,2,0,6725
7-Jul-22,154905,3613,313281,1,0,8038
7-Jul-22,154914,11117,313296,4,4,6434
7-Jul-22,154939,8210,313356,1,1,13846
7-Jul-22,154956,8424,313389,1,0,3511
7-Jul-22,154968,11146,313419,1,0,4017
7-Jul-22,155039,9815,313581,1,0,13722
7-Jul-22,155050,11233,313605,1,1,12458
7-Jul-22,155072,11143,313656,1,0,3388
7-Jul-22,155078,12547,313671,10,10,5680
7-Jul-22,155125,8429,313785,1,0,3216
7-Jul-22,155152,3621,313845,24,24,1716
7-Jul-22,155204,8210,313965,1,0,13846
7-Jul-22,155227,8421,314010,1,0,4714
7-Jul-22,155233,7640,314016,2,2,17786
7-Jul-22,155242,8421,314040,1,0,4389
7-Jul-22,155251,8421,314052,1,1,4714
7-Jul-22,155289,8444,314142,2,0,6343
7-Jul-22,155292,10225,314151,1,0,4619
7-Jul-22,155313,8420,314202,1,1,6550
7-Jul-22,155465,12697,314532,10,0,1052
7-Jul-22,155510,8460,314634,3,3,3660
7-Jul-22,155514,1041,314637,1,1,5620
7-Jul-22,155541,8187,314670,1,0,1559
7-Jul-22,155607,8770,314778,1,0,3402
7-Jul-22,155610,10975,314787,2,0,18602
7-Jul-22,155624,8131,314820,1,0,8599
7-Jul-22,155688,11162,314928,1,1,3377
7-Jul-22,155695,8428,314943,80,80,1654
7-Jul-22,155708,10975,314973,1,1,17039
7-Jul-22,155715,11123,314985,1,1,7223
7-Jul-22,155722,8425,314997,3,3,5076
7-Jul-22,155791,12547,315132,1,0,11178
7-Jul-22,155813,10975,315156,2,2,18602
7-Jul-22,155855,10235,315237,3,0,1501
7-Jul-22,156006,1038,315600,1,0,8445
7-Jul-22,156007,1038,315600,2,0,8309
7-Jul-22,156084,14454,315750,1,1,23059
7-Jul-22,156085,9171,315753,1,1,6470
7-Jul-22,156173,8425,315945,1,1,5076
7-Jul-22,156255,7860,316122,2,2,2748
7-Jul-22,156328,8421,316275,1,0,4714
7-Jul-22,156360,8444,316341,1,1,6343
7-Jul-22,156430,12547,316464,3,3,5730
7-Jul-22,156434,1043,316476,1,0,22849
7-Jul-22,156452,2862,316515,5,0,4021
7-Jul-22,156458,13501,316533,1,1,11832
7-Jul-22,156486,10235,316599,3,3,1501
7-Jul-22,156495,10975,316617,1,1,5816
7-Jul-22,156569,8452,316806,1,0,9669
7-Jul-22,156591,2862,316845,2,2,4021
7-Jul-22,156608,3610,316884,1,0,13268
7-Jul-22,156611,10204,316890,2,2,4089
7-Jul-22,156619,3279,316911,1,0,8814.94
7-Jul-22,156626,10245,316929,1,1,10506
7-Jul-22,156681,12701,317013,1,1,9542
7-Jul-22,156689,14364,317031,5,5,3453
7-Jul-22,156714,1041,317079,5,5,5425
7-Jul-22,156752,10224,317145,1,0,4619
7-Jul-22,156757,11138,317160,1,0,66851
7-Jul-22,156759,12547,317166,4,4,5730
7-Jul-22,156785,7529,317223,1,1,6588
7-Jul-22,156814,12994,317289,2,2,4697
7-Jul-22,156837,10975,317346,1,1,5816
7-Jul-22,156860,12749,317406,1,1,6211
7-Jul-22,156867,12547,317427,4,0,5730
7-Jul-22,156883,12680,317460,10,0,3664
7-Jul-22,156924,7860,317550,2,2,2748
7-Jul-22,156935,8457,317574,2,0,7833
7-Jul-22,156950,12784,317598,1,0,2138
7-Jul-22,156955,1041,317607,1,1,5725
7-Jul-22,156957,1043,317610,1,1,21775
7-Jul-22,156958,7586,317613,1,0,6697
7-Jul-22,157018,1041,317748,1,1,5007
7-Jul-22,157028,11189,317769,1,0,6314
7-Jul-22,157048,7607,317817,1,1,12214
7-Jul-22,157057,8808,317838,1,0,10732
7-Jul-22,157065,7583,317850,2,0,19084
7-Jul-22,157104,7860,317943,3,3,2748
7-Jul-22,157111,8459,317958,1,0,2943
7-Jul-22,157148,8760,318042,20,20,2363
7-Jul-22,157154,12701,318051,1,0,6470
7-Jul-22,157198,10422,318132,1,1,4928
7-Jul-22,157379,12460,318504,1,0,14130
7-Jul-22,157394,10227,318540,5,0,1478
7-Jul-22,157448,8421,318663,1,0,4714
7-Jul-22,157490,8210,318771,1,1,14212
7-Jul-22,157511,10975,318813,3,0,11814
7-Jul-22,157513,7644,318819,1,1,6873
7-Jul-22,157515,1038,318825,1,1,8042
7-Jul-22,157518,3606,318834,2,2,6166
7-Jul-22,157573,1041,318942,1,0,5453
8-Jul-22,147361,11188,297606,2,2,3722
8-Jul-22,147378,3610,297654,3,0,13284
8-Jul-22,147422,11165,297723,1,1,20419
8-Jul-22,147498,8455,297873,1,1,3272
8-Jul-22,147522,7666,297930,6,0,11455
8-Jul-22,147556,8425,298014,1,0,4680
8-Jul-22,147557,8444,298014,1,0,6634
8-Jul-22,147588,8425,298080,1,0,4862
8-Jul-22,147614,1038,298134,1,1,8726
8-Jul-22,147619,3610,298146,5,0,12704
8-Jul-22,147664,12701,298236,1,0,9397
8-Jul-22,147666,10224,298239,1,0,4357
8-Jul-22,147681,8221,298275,3,0,3545
8-Jul-22,147698,13764,298311,1,0,7746
8-Jul-22,147702,10224,298317,1,0,4538.14
8-Jul-22,147746,10975,298413,1,0,14211
8-Jul-22,147751,9916,298425,2,2,3650
8-Jul-22,147756,9915,298437,4,4,3599
8-Jul-22,147765,1041,298458,3,3,5509
8-Jul-22,147779,9899,298491,1,0,2191
8-Jul-22,147788,9915,298497,1,1,3599
8-Jul-22,147792,3279,298506,1,1,9724
8-Jul-22,147807,11146,298548,1,1,4017
8-Jul-22,147835,8425,298590,1,0,4930
8-Jul-22,147854,1041,298620,1,1,5312
8-Jul-22,147865,13764,298641,1,0,7746
8-Jul-22,147907,11125,298719,2,2,1998
8-Jul-22,147964,10204,298806,2,2,4033
8-Jul-22,147965,10233,298809,2,2,2250
8-Jul-22,147992,12701,298869,1,0,9542
8-Jul-22,148018,8210,298920,1,1,16302
8-Jul-22,148022,13935,298923,17,0,3310
8-Jul-22,148102,10235,299079,5,0,1387
8-Jul-22,148124,13764,299124,3,0,7746
8-Jul-22,148152,12864,299175,1,0,57724
8-Jul-22,148183,2367,299247,100,0,469
8-Jul-22,148185,10235,299250,2,2,1399
8-Jul-22,148260,13764,299406,1,0,7746
8-Jul-22,148262,1041,299412,1,0,5616
8-Jul-22,148286,3605,299463,2,0,4180
8-Jul-22,148301,11143,299484,1,1,3432
8-Jul-22,148319,10235,299496,2,0,1432
8-Jul-22,148341,13682,299544,1,1,3044
8-Jul-22,148374,1041,299604,1,0,5620
8-Jul-22,148376,1041,299604,1,0,4954
8-Jul-22,148423,3284,299664,1,1,5271
8-Jul-22,148428,10236,299670,1,1,1295
8-Jul-22,148445,8714,299703,1,0,5632
8-Jul-22,148451,3269,299712,1,1,9904
8-Jul-22,148460,8208,299727,1,0,8429
8-Jul-22,148472,1043,299751,1,0,22715
8-Jul-22,148476,8444,299763,1,1,3535
8-Jul-22,148478,14309,299766,1,0,8451
8-Jul-22,148509,8221,299814,1,1,6182
8-Jul-22,148562,8219,299910,2,2,14934
8-Jul-22,148679,10224,300093,1,0,4360.17
8-Jul-22,148713,8425,300168,1,0,5400
8-Jul-22,148763,10204,300258,5,5,4024
8-Jul-22,148786,1041,300303,1,0,5334
8-Jul-22,148819,11107,300375,4,4,5725
8-Jul-22,148825,7586,300387,1,0,6800
8-Jul-22,148833,8428,300402,2,2,1793
8-Jul-22,148862,9916,300465,1,1,3650
8-Jul-22,148867,12547,300474,2,2,11087
8-Jul-22,148905,7565,300558,1,1,14014
8-Jul-22,148907,7637,300561,4,4,33157
8-Jul-22,148940,9916,300630,2,0,3372
8-Jul-22,148945,13750,300636,2,2,3878
8-Jul-22,148950,3610,300648,1,1,12768
8-Jul-22,149048,9915,300855,4,0,3599
8-Jul-22,149078,1043,300930,1,0,5854
8-Jul-22,149111,10225,301011,1,1,4197
8-Jul-22,149151,13905,301083,1,0,3167
8-Jul-22,149152,13764,301083,1,0,7746
8-Jul-22,149163,3610,301110,24,0,13268
8-Jul-22,149172,12547,301125,5,5,11087
8-Jul-22,149176,13618,301131,10,10,3251
8-Jul-22,149183,7860,301149,1,0,3315
8-Jul-22,149187,8444,301152,1,1,6034
8-Jul-22,149212,11139,301209,1,0,4671
8-Jul-22,149215,12749,301212,2,2,6211
8-Jul-22,149225,8384,301230,4,4,5727
8-Jul-22,149284,7607,301353,1,1,12541
8-Jul-22,149298,9916,301386,31,31,3372
8-Jul-22,149394,13209,301569,1,0,4288
8-Jul-22,149654,11925,302130,2,2,11814
8-Jul-22,149662,8219,302148,1,0,14934
8-Jul-22,149691,8210,302211,1,0,13366
8-Jul-22,149728,14159,302277,1,0,3233.05
8-Jul-22,149770,13699,302379,1,1,3230
8-Jul-22,149794,8444,302427,2,2,6589
8-Jul-22,149925,3610,302733,1,1,13177
8-Jul-22,149929,3279,302745,1,1,9724
8-Jul-22,149932,8482,302751,1,0,12891
8-Jul-22,150035,3610,302961,1,1,12704
8-Jul-22,150061,3610,303015,1,1,12704
8-Jul-22,150178,10239,303318,1,0,6050
8-Jul-22,150217,10235,303414,4,0,1446
8-Jul-22,150287,11233,303555,5,5,11996
8-Jul-22,150324,13524,303630,1,1,4362
8-Jul-22,150345,8221,303663,20,20,6182
8-Jul-22,150373,8444,303732,1,0,3933
8-Jul-22,150388,3610,303759,2,0,13177
8-Jul-22,150446,11165,303861,1,1,11934
8-Jul-22,150480,12455,303936,2,0,5771
8-Jul-22,150482,8219,303942,1,1,14934
8-Jul-22,150498,10975,303960,3,0,11741
8-Jul-22,150518,12652,304008,10,10,7956
8-Jul-22,150520,7607,304014,1,1,12541
8-Jul-22,150523,3610,304017,5,5,12704
8-Jul-22,150525,11136,304020,5,0,2571
8-Jul-22,150564,13745,304101,1,0,5275
8-Jul-22,150616,7607,304224,1,0,12541
8-Jul-22,150684,8770,304347,1,0,3308
8-Jul-22,150716,8767,304410,1,0,6960
8-Jul-22,150754,10218,304479,1,0,2561
8-Jul-22,150781,8428,304530,3,0,1793
8-Jul-22,150796,7640,304560,10,10,15638
8-Jul-22,150831,7583,304626,5,5,17039
8-Jul-22,150861,12749,304686,2,0,6211
8-Jul-22,150876,8219,304710,1,1,15166
8-Jul-22,151001,11143,304977,1,1,3432
8-Jul-22,151067,3615,305103,1,0,6041
8-Jul-22,151113,11140,305214,1,0,2761
8-Jul-22,151197,8210,305379,1,0,14212
8-Jul-22,151221,11107,305430,1,1,5725
8-Jul-22,151229,11731,305451,1,0,5800
8-Jul-22,151233,1805,305460,1,1,17527
8-Jul-22,151262,8424,305496,1,0,3511
8-Jul-22,151291,3610,305541,1,1,13177
8-Jul-22,151316,2367,305601,17,17,479
8-Jul-22,151347,7596,305667,1,1,4547
8-Jul-22,151379,8457,305742,1,0,7686
8-Jul-22,151400,11233,305784,1,0,12904
8-Jul-22,151418,1041,305823,1,0,5225
8-Jul-22,151423,13548,305838,1,0,4544
8-Jul-22,151429,12701,305850,25,0,9397
8-Jul-22,151449,10236,305892,2,2,1258
8-Jul-22,151477,8418,305943,1,0,4076
8-Jul-22,151539,13524,306075,3,0,4362
8-Jul-22,151571,8444,306153,4,4,6266
8-Jul-22,151574,8443,306162,2,2,6416
8-Jul-22,151577,1043,306171,1,1,22849
8-Jul-22,151615,3615,306243,5,5,6041
8-Jul-22,151683,8428,306390,5,0,1793
8-Jul-22,151697,12701,306417,10,10,6440
8-Jul-22,151750,3610,306540,1,1,13284
8-Jul-22,151752,12945,306543,4,0,3377
8-Jul-22,151873,3284,306810,5,0,5271
8-Jul-22,151895,11233,306855,1,1,12650
8-Jul-22,151910,7811,306891,1,0,3135
8-Jul-22,151997,10235,307116,1,1,1446
8-Jul-22,152001,10236,307128,5,5,1341
8-Jul-22,152014,8425,307158,1,1,5363
8-Jul-22,152056,3279,307254,1,0,9724
8-Jul-22,152129,12547,307398,2,0,5730
8-Jul-22,152141,8210,307425,1,1,13366
8-Jul-22,152155,8219,307449,1,0,14934
8-Jul-22,152260,8444,307659,12,12,6374
8-Jul-22,152287,1038,307710,1,0,8445
8-Jul-22,152308,10204,307752,10,10,4024
8-Jul-22,152373,8425,307881,1,1,5076
8-Jul-22,152419,11146,307983,1,1,9130
8-Jul-22,152438,8422,308022,1,1,4069
8-Jul-22,152448,8429,308049,2,0,2679
8-Jul-22,152476,8444,308121,1,1,6589
8-Jul-22,152523,1038,308214,2,0,8309
8-Jul-22,152533,8439,308238,5,0,1842
8-Jul-22,152540,12699,308253,5,5,4133
8-Jul-22,152577,12547,308331,2,2,5726
8-Jul-22,152592,9916,308364,1,0,3650
8-Jul-22,152616,12487,308400,4,0,4308
8-Jul-22,152623,7607,308412,1,1,13631
8-Jul-22,152637,8428,308451,3,0,1793
8-Jul-22,152643,3610,308460,1,1,8233
8-Jul-22,152662,8424,308502,1,1,3511
8-Jul-22,152676,13524,308535,2,2,4317
8-Jul-22,152740,10235,308670,2,0,1501
8-Jul-22,152773,7827,308730,2,0,6043
8-Jul-22,152788,12749,308760,5,0,6370
8-Jul-22,152857,10224,308904,2,0,4619
8-Jul-22,152909,1805,309018,1,0,17527
8-Jul-22,152951,8437,309093,1,0,2173
8-Jul-22,152997,3610,309192,1,1,8233
8-Jul-22,153017,8425,309243,1,0,5363
8-Jul-22,153028,10975,309267,1,0,17039
8-Jul-22,153047,3610,309300,2,2,8500
8-Jul-22,153066,3610,309345,1,1,8233
8-Jul-22,153197,8384,309609,2,2,5562
8-Jul-22,153201,12701,309612,1,1,6561
8-Jul-22,153271,12701,309759,2,0,9542
8-Jul-22,153287,8210,309789,1,1,13846
8-Jul-22,153336,11124,309888,1,0,903
8-Jul-22,153386,13764,310005,1,0,7746
8-Jul-22,153412,7640,310071,1,0,17786
8-Jul-22,153428,11162,310107,1,0,3465
8-Jul-22,153444,11143,310146,2,0,3432
8-Jul-22,153573,13696,310422,3,3,6032
8-Jul-22,153599,8378,310467,2,2,4141
8-Jul-22,153622,3605,310521,1,0,3762
8-Jul-22,153780,3613,310851,2,0,8110
8-Jul-22,153872,13279,311019,1,0,13576
8-Jul-22,153886,13524,311055,1,1,4430
8-Jul-22,153918,13524,311124,1,0,4430
8-Jul-22,153934,8444,311163,1,1,6782
8-Jul-22,153956,13524,311208,1,0,4317
8-Jul-22,153970,1805,311238,1,0,17527
8-Jul-22,153991,10235,311289,10,10,1455
8-Jul-22,154009,11124,311328,3,0,1028
8-Jul-22,154023,9895,311358,4,0,1128.5
8-Jul-22,154046,12469,311415,2,0,6579
8-Jul-22,154088,1038,311487,1,0,8726
8-Jul-22,154131,12701,311583,2,2,5856
8-Jul-22,154136,7653,311595,4,4,11758
8-Jul-22,154156,13745,311640,1,1,5275
8-Jul-22,154185,10236,311718,2,2,1432
8-Jul-22,154192,8439,311736,2,0,1910
8-Jul-22,154201,12652,311754,2,2,7770
8-Jul-22,154214,12701,311784,1,1,9542
8-Jul-22,154236,14469,311832,2,2,13304
8-Jul-22,154252,14407,311868,1,1,17839
8-Jul-22,154261,11233,311892,1,0,13177
8-Jul-22,154287,11233,311946,1,0,12650
8-Jul-22,154330,12677,312045,1,1,3439
8-Jul-22,154334,8461,312057,1,0,3320
8-Jul-22,154350,14374,312093,1,1,19831
8-Jul-22,154370,8384,312138,20,20,5648
8-Jul-22,154373,10236,312141,20,20,1386
8-Jul-22,154395,12652,312198,10,10,7770
8-Jul-22,154461,3615,312342,1,1,6725
8-Jul-22,154467,13682,312354,1,1,3044
8-Jul-22,154489,1041,312399,1,1,5620
8-Jul-22,154512,14309,312456,1,0,8270
8-Jul-22,154561,7640,312552,2,2,17786
8-Jul-22,154591,8796,312627,1,1,3987
8-Jul-22,154596,7607,312630,1,1,13631
8-Jul-22,154629,2862,312699,1,1,4021
8-Jul-22,154642,8421,312735,1,1,4714
8-Jul-22,154664,8439,312786,1,0,1871
8-Jul-22,154667,10213,312795,1,0,3168
8-Jul-22,154684,8751,312831,2,2,5137
8-Jul-22,154685,1041,312834,1,0,5616
8-Jul-22,154710,12701,312882,1,0,6561
8-Jul-22,154716,10235,312900,4,4,1501
8-Jul-22,154728,11165,312918,1,1,20169
8-Jul-22,154792,10227,313059,2,2,1524
8-Jul-22,154801,12912,313080,10,0,3844
8-Jul-22,154890,8210,313257,3,0,13366
8-Jul-22,155060,8760,313632,8,8,2363
8-Jul-22,155116,3592,313764,1,0,6865
8-Jul-22,155123,2358,313782,2,1,1360
8-Jul-22,155130,10975,313797,1,0,5838
8-Jul-22,155153,7640,313848,2,2,14449
8-Jul-22,155154,8219,313848,1,1,14934
8-Jul-22,155184,11107,313917,1,1,9592
8-Jul-22,155216,1038,313992,1,1,8726
8-Jul-22,155226,8421,314010,1,0,4389
8-Jul-22,155232,12502,314013,1,0,7526
8-Jul-22,155235,12999,314019,5,0,2972
8-Jul-22,155237,12502,314025,1,0,7526
8-Jul-22,155255,8421,314055,1,0,1097
8-Jul-22,155263,8424,314076,1,1,3511
8-Jul-22,155279,8425,314115,1,0,4635
8-Jul-22,155353,7637,314298,1,1,29580
8-Jul-22,155369,1043,314331,20,0,5854
8-Jul-22,155379,7640,314349,2,2,17786
8-Jul-22,155402,8714,314400,2,2,5431
8-Jul-22,155429,3613,314454,1,0,8110
8-Jul-22,155484,11121,314574,1,0,2759
8-Jul-22,155492,11146,314595,1,0,7599
8-Jul-22,155528,8177,314649,1,1,2189
8-Jul-22,155547,8424,314670,1,0,3544
8-Jul-22,155581,12784,314724,5,5,2134
8-Jul-22,155587,7860,314739,1,0,3315
8-Jul-22,155592,11121,314751,1,0,2080
8-Jul-22,155627,8422,314823,2,0,6272
8-Jul-22,155684,13902,314922,1,1,2455
8-Jul-22,155690,11121,314931,1,0,2265
8-Jul-22,155709,10975,314973,1,1,12632
8-Jul-22,155729,8425,315006,1,0,4635
8-Jul-22,155754,11146,315057,2,0,6880
8-Jul-22,155768,10204,315081,2,2,4089
8-Jul-22,155769,11104,315084,1,0,12723
8-Jul-22,155800,8210,315138,1,1,7425
8-Jul-22,155877,13905,315297,1,0,3167
8-Jul-22,155919,1805,315399,1,1,9996
8-Jul-22,155930,3613,315432,1,1,8110
8-Jul-22,155932,11124,315438,4,4,1605
8-Jul-22,155973,8384,315525,3,3,5743
8-Jul-22,155997,11275,315579,2,0,1240
8-Jul-22,156010,11142,315606,1,0,4813
8-Jul-22,156043,1038,315672,1,0,8726
8-Jul-22,156053,3611,315684,2,2,4217
8-Jul-22,156070,11233,315723,1,1,13275
8-Jul-22,156116,1043,315825,7,0,22045
8-Jul-22,156120,8444,315834,2,2,5813
8-Jul-22,156126,10235,315849,1,0,1501
8-Jul-22,156149,13749,315894,2,2,4896
8-Jul-22,156229,9916,316065,1,0,3650
8-Jul-22,156244,13618,316107,1,1,3251
8-Jul-22,156372,12547,316359,10,10,11178
8-Jul-22,156394,3279,316416,1,1,8814.94
8-Jul-22,156426,1041,316458,1,0,5090
8-Jul-22,156508,1041,316650,1,0,5707
8-Jul-22,156514,12469,316668,1,0,6579
8-Jul-22,156760,10204,317169,1,0,3635
8-Jul-22,156762,8384,317172,1,1,5581
8-Jul-22,156826,11136,317319,2,0,2571
8-Jul-22,156844,8439,317361,2,2,1876
8-Jul-22,156866,8807,317424,1,0,6749
8-Jul-22,156944,10975,317589,1,0,12632
8-Jul-22,156946,1041,317592,1,0,5620
8-Jul-22,156989,8428,317676,1,0,1793
8-Jul-22,157010,10975,317724,1,1,18402
8-Jul-22,157037,11189,317796,2,2,6314
8-Jul-22,157058,8378,317841,1,1,4141
8-Jul-22,157096,10529,317925,1,1,7441
8-Jul-22,157151,11121,318048,2,0,2382
8-Jul-22,157243,8760,318213,4,4,2363
8-Jul-22,157255,13905,318231,1,0,3094
8-Jul-22,157262,10236,318252,1,1,1432
8-Jul-22,157265,9171,318258,1,1,6510
8-Jul-22,157319,8453,318369,1,0,13045
8-Jul-22,157329,11117,318387,2,0,6543
8-Jul-22,157334,8443,318396,3,3,6530
8-Jul-22,157361,3615,318462,2,2,6043
8-Jul-22,157408,12701,318573,2,0,9542
8-Jul-22,157417,8444,318591,2,0,5907
8-Jul-22,157428,12701,318618,2,2,6470
8-Jul-22,157442,7640,318654,1,1,14449
8-Jul-22,157451,12917,318672,1,1,21619
8-Jul-22,157464,8421,318705,1,0,4444
8-Jul-22,157529,1038,318855,1,1,7906
8-Jul-22,157531,10238,318858,1,0,3372
8-Jul-22,157548,12547,318885,5,0,5680
8-Jul-22,157550,1038,318888,2,2,7679
8-Jul-22,157571,8424,318939,1,0,8421
8-Jul-22,157575,13548,318945,1,0,4544
8-Jul-22,157576,8410,318948,2,0,1055
8-Jul-22,157579,9915,318957,1,0,3620
9-Jul-22,147358,3284,297600,13,0,5271
9-Jul-22,147447,11125,297759,4,0,1858
9-Jul-22,147460,7599,297783,2,0,3568
9-Jul-22,147464,8428,297789,5,0,1599
9-Jul-22,147490,13764,297855,1,0,7746
9-Jul-22,147518,13764,297918,1,0,7746
9-Jul-22,147528,3279,297945,1,0,8814.94
9-Jul-22,147545,12803,297987,1,0,5884
9-Jul-22,147574,2367,298053,100,0,469
9-Jul-22,147597,13681,298101,1,0,2310
9-Jul-22,147608,8354,298122,1,0,7806
9-Jul-22,147613,1038,298131,1,0,8726
9-Jul-22,147660,10235,298227,1,0,1399
9-Jul-22,147706,11658,298329,1,1,1804
9-Jul-22,147723,10224,298368,2,0,4360.17
9-Jul-22,147771,10235,298473,2,2,1432
9-Jul-22,147822,10235,298572,5,5,1432
9-Jul-22,147825,12701,298578,2,0,6379
9-Jul-22,147843,11165,298599,1,0,11077
9-Jul-22,147845,8219,298605,1,0,14586
9-Jul-22,147850,11124,298611,3,0,1991
9-Jul-22,147855,8444,298620,1,1,6340
9-Jul-22,147871,9915,298647,1,1,3599
9-Jul-22,147880,12547,298656,10,10,11087
9-Jul-22,147952,1041,298791,1,0,5616
9-Jul-22,148005,1038,298893,2,0,8588
9-Jul-22,148015,10224,298914,2,0,4357
9-Jul-22,148016,11899,298914,1,0,13782
9-Jul-22,148037,11899,298947,1,0,13782
9-Jul-22,148057,10224,298977,1,1,4349
9-Jul-22,148098,10235,299073,10,10,1432
9-Jul-22,148107,8449,299094,1,1,6619
9-Jul-22,148142,3610,299160,3,3,12768
9-Jul-22,148148,8449,299172,1,0,6619
9-Jul-22,148181,11926,299241,1,1,6997
9-Jul-22,148201,11899,299280,1,1,14322
9-Jul-22,148202,13524,299283,2,0,4362
9-Jul-22,148210,11899,299301,1,0,13782
9-Jul-22,148246,1038,299382,1,0,8445
9-Jul-22,148264,12487,299412,1,0,4497
9-Jul-22,148285,11107,299460,1,0,5725
9-Jul-22,148325,8221,299508,7,0,3770
9-Jul-22,148327,7860,299514,1,0,3317
9-Jul-22,148330,9916,299520,5,0,3372
9-Jul-22,148394,11127,299610,1,1,2897
9-Jul-22,148401,14291,299616,1,0,3988
9-Jul-22,148497,1043,299787,1,0,22715
9-Jul-22,148582,8210,299940,1,1,13860
9-Jul-22,148597,9915,299970,2,2,3599
9-Jul-22,148639,8219,300042,1,1,15166
9-Jul-22,148677,2367,300087,50,0,469
9-Jul-22,148678,10235,300090,2,2,1432
9-Jul-22,148731,10235,300204,1,1,1446
9-Jul-22,148754,9915,300243,1,0,3650
9-Jul-22,148761,10245,300255,2,2,10506
9-Jul-22,148775,8425,300288,1,0,5118
9-Jul-22,148856,12701,300447,1,1,6561
9-Jul-22,148922,3606,300600,1,1,6049
9-Jul-22,148935,8425,300624,1,0,5118
9-Jul-22,148964,10236,300684,2,0,1341
9-Jul-22,148981,3610,300726,2,2,13268
9-Jul-22,149012,1041,300792,1,0,5620
9-Jul-22,149034,10235,300831,1,0,1387
9-Jul-22,149051,9895,300864,10,0,1128.5
9-Jul-22,149109,11146,301005,1,0,6880
9-Jul-22,149167,8384,301113,1,1,5727
9-Jul-22,149188,8424,301152,1,0,3511
9-Jul-22,149195,11112,301167,1,0,21934
9-Jul-22,149196,1045,301170,5,0,3668
9-Jul-22,149275,12487,301344,22,22,4220
9-Jul-22,149295,11146,301377,1,0,9196
9-Jul-22,149333,12749,301452,3,0,6211
9-Jul-22,149357,7271,301503,1,0,2566
9-Jul-22,149393,1038,301569,1,0,8309
9-Jul-22,149406,10224,301596,1,0,4357
9-Jul-22,149407,14349,301599,1,1,32992
9-Jul-22,149448,12487,301704,5,5,4308
9-Jul-22,149478,11125,301764,1,0,2236
9-Jul-22,149517,8424,301866,3,0,3511
9-Jul-22,149522,12701,301875,1,0,6379
9-Jul-22,149535,13765,301896,1,0,2633
9-Jul-22,149571,11150,301962,1,1,5729
9-Jul-22,149598,3610,302025,1,1,8500
9-Jul-22,149617,8378,302064,1,1,3938
9-Jul-22,149631,3606,302088,1,0,6049
9-Jul-22,149722,12487,302265,3,3,4308
9-Jul-22,149744,12547,302310,5,5,11087
9-Jul-22,149771,13699,302379,1,1,3290
9-Jul-22,149824,8444,302490,1,0,5813
9-Jul-22,149937,9915,302766,30,30,3650.04
9-Jul-22,149960,10975,302811,1,1,11741
9-Jul-22,149982,13764,302856,1,1,7746
9-Jul-22,149989,7640,302874,1,1,15638
9-Jul-22,150177,12652,303315,5,5,7956
9-Jul-22,150275,10235,303537,1,0,1432
9-Jul-22,150289,10235,303558,1,1,1387
9-Jul-22,150304,9778,303585,1,1,2801
9-Jul-22,150493,8439,303957,5,5,1913
9-Jul-22,150561,12487,304095,101,0,4220
9-Jul-22,150604,11926,304191,1,0,6997
9-Jul-22,150613,11106,304215,1,0,5423
9-Jul-22,150725,1041,304431,1,1,5090
9-Jul-22,150784,3302,304536,3,3,4623
9-Jul-22,150819,12701,304605,1,0,9542
9-Jul-22,150829,8444,304623,1,1,6343
9-Jul-22,150853,8221,304668,10,10,3770
9-Jul-22,150856,1041,304677,1,0,5453
9-Jul-22,150872,3279,304707,1,1,9724
9-Jul-22,150886,8420,304737,1,0,6683
9-Jul-22,150938,11233,304836,2,0,13540
9-Jul-22,150961,8208,304899,10,0,8429
9-Jul-22,150971,3615,304920,1,1,6041
9-Jul-22,150974,8242,304929,2,2,1636
9-Jul-22,150987,10236,304956,1,0,1341
9-Jul-22,151068,12749,305106,4,4,6370
9-Jul-22,151094,3610,305166,1,0,12797
9-Jul-22,151179,9915,305343,3,3,3617
9-Jul-22,151203,12652,305394,10,10,7956
9-Jul-22,151227,8424,305448,1,1,8421
9-Jul-22,151273,12652,305514,6,6,7956
9-Jul-22,151280,7640,305526,3,3,15638
9-Jul-22,151298,1043,305559,1,1,5854
9-Jul-22,151313,7640,305592,1,1,15638
9-Jul-22,151315,12912,305598,6,6,3844
9-Jul-22,151321,11233,305610,10,10,12904
9-Jul-22,151353,11189,305676,5,0,6292
9-Jul-22,151360,3615,305694,10,10,6041
9-Jul-22,151376,11899,305739,2,2,13782
9-Jul-22,151433,3610,305859,1,0,13268
9-Jul-22,151452,8171,305901,1,1,2299
9-Jul-22,151479,11233,305946,1,1,12904
9-Jul-22,151508,8210,306006,1,0,13860
9-Jul-22,151518,8444,306027,1,0,6374
9-Jul-22,151523,8457,306039,1,1,8117
9-Jul-22,151602,10236,306219,1,0,1341
9-Jul-22,151647,8219,306312,1,1,14934
9-Jul-22,151682,3615,306387,10,10,6043
9-Jul-22,151687,10975,306396,1,1,10337
9-Jul-22,151708,8444,306444,1,1,6343
9-Jul-22,151790,7637,306627,1,1,29580
9-Jul-22,151815,8219,306687,9,0,14934
9-Jul-22,151839,10215,306738,1,0,14551
9-Jul-22,151855,10215,306774,1,0,6425
9-Jul-22,151858,10975,306780,1,1,5893
9-Jul-22,151878,8378,306813,5,5,3938
9-Jul-22,151893,11117,306849,1,0,6434
9-Jul-22,151901,8444,306870,1,0,6589
9-Jul-22,152023,8444,307173,1,0,6034
9-Jul-22,152048,7640,307236,1,1,16490
9-Jul-22,152176,10235,307503,2,0,1455
9-Jul-22,152190,12407,307533,1,0,8906
9-Jul-22,152225,8361,307599,5,0,5651
9-Jul-22,152232,11123,307611,1,0,7223
9-Jul-22,152342,8429,307833,1,0,2679
9-Jul-22,152353,1038,307848,1,1,8052
9-Jul-22,152357,3592,307857,2,0,6510
9-Jul-22,152359,11143,307863,2,2,2937
9-Jul-22,152450,12302,308052,2,2,8175
9-Jul-22,152462,12547,308088,1,0,5726
9-Jul-22,152465,10224,308097,1,1,4619
9-Jul-22,152466,1038,308100,2,2,8179
9-Jul-22,152472,3610,308115,1,0,13177
9-Jul-22,152473,3610,308115,2,0,8233
9-Jul-22,152571,11233,308322,1,1,12650
9-Jul-22,152597,10224,308379,1,1,4619
9-Jul-22,152606,13736,308388,2,0,8928.57
9-Jul-22,152607,12487,308391,4,0,4220
9-Jul-22,152621,7640,308409,4,4,17786
9-Jul-22,152634,10215,308442,1,0,5821
9-Jul-22,152638,7586,308454,17,17,7415
9-Jul-22,152645,12487,308463,2,0,4220
9-Jul-22,152714,8378,308619,2,2,4010
9-Jul-22,152719,1043,308628,1,1,22001
9-Jul-22,152728,13524,308646,1,0,4430
9-Jul-22,152795,8444,308778,1,1,6589
9-Jul-22,152814,10235,308823,1,0,1501
9-Jul-22,152818,7643,308826,1,0,2270
9-Jul-22,152821,3613,308835,1,0,8038
9-Jul-22,152834,10224,308850,5,5,4619
9-Jul-22,152883,8457,308958,1,1,8406
9-Jul-22,152906,12487,309012,1,0,4308
9-Jul-22,152918,8348,309027,1,0,2929
9-Jul-22,152922,3610,309036,1,0,13177
9-Jul-22,153043,8210,309297,1,1,12925
9-Jul-22,153053,7607,309312,1,1,12323
9-Jul-22,153078,10236,309372,2,2,1386
9-Jul-22,153098,8425,309408,2,2,5076
9-Jul-22,153102,13506,309420,2,2,4325
9-Jul-22,153189,7860,309591,1,0,3315
9-Jul-22,153207,11150,309624,1,0,5729
9-Jul-22,153214,8444,309639,1,1,6374
9-Jul-22,153249,7596,309702,2,2,2094
9-Jul-22,153268,10236,309753,2,2,1386
9-Jul-22,153308,12652,309840,3,2,7770
9-Jul-22,153381,3592,309990,1,1,6510
9-Jul-22,153486,10236,310233,2,2,1386
9-Jul-22,153504,7640,310272,1,1,17786
9-Jul-22,153515,8482,310293,1,0,6139
9-Jul-22,153538,1038,310335,1,1,8588
9-Jul-22,153586,9899,310443,8,8,2232
9-Jul-22,153604,8219,310482,20,20,14934
9-Jul-22,153674,8443,310620,3,3,6645
9-Jul-22,153688,8378,310650,3,0,4141
9-Jul-22,153706,8760,310680,12,12,2363
9-Jul-22,153730,12677,310728,1,1,3439
9-Jul-22,153833,1041,310938,1,0,5616
9-Jul-22,153835,1041,310938,1,0,5134
9-Jul-22,153844,1038,310959,7,7,8042
9-Jul-22,153896,10975,311079,1,0,12632
9-Jul-22,153908,10247,311106,1,1,7134
9-Jul-22,153937,13524,311169,1,0,4317
9-Jul-22,153957,13524,311208,1,0,4430
9-Jul-22,153959,13524,311211,1,1,4430
9-Jul-22,153962,13524,311220,2,2,4317
9-Jul-22,153989,11233,311283,1,1,11996
9-Jul-22,154014,7653,311334,5,5,11758
9-Jul-22,154019,11233,311349,2,2,12458
9-Jul-22,154033,12749,311382,5,0,6370
9-Jul-22,154082,8424,311472,1,1,3479
9-Jul-22,154084,10235,311475,5,5,1455
9-Jul-22,154239,13524,311841,2,0,4317
9-Jul-22,154242,8260,311847,1,0,8099
9-Jul-22,154250,14409,311862,1,0,37890
9-Jul-22,154273,3611,311919,1,1,4693
9-Jul-22,154281,9916,311928,1,0,3524.04
9-Jul-22,154288,13719,311949,1,0,5875
9-Jul-22,154289,13719,311949,1,0,6032
9-Jul-22,154331,12679,312048,1,0,3085
9-Jul-22,154485,8210,312390,2,2,13846
9-Jul-22,154578,10247,312594,1,1,7134
9-Jul-22,154635,11140,312717,1,1,10189
9-Jul-22,154656,8444,312768,1,0,6343
9-Jul-22,154739,10247,312942,1,1,7724
9-Jul-22,154756,7583,312981,1,0,19084
9-Jul-22,154778,7547,313029,1,0,14961
9-Jul-22,154786,8444,313050,1,1,6589
9-Jul-22,154824,8428,313107,2,0,1793
9-Jul-22,154874,8378,313224,5,5,4141
9-Jul-22,154878,12784,313230,5,0,2134
9-Jul-22,154879,7581,313233,1,0,13394
9-Jul-22,154924,11925,313317,1,1,12210.3
9-Jul-22,154928,3621,313329,5,0,1716
9-Jul-22,154937,8439,313353,1,0,1871
9-Jul-22,155134,12917,313806,4,0,39649
9-Jul-22,155135,12917,313806,4,0,40431
9-Jul-22,155167,8444,313878,2,0,3820
9-Jul-22,155168,7860,313881,1,0,2748
9-Jul-22,155186,11146,313917,1,1,4017
9-Jul-22,155193,7575,313935,1,1,10378
9-Jul-22,155239,11925,314031,1,1,11814
9-Jul-22,155265,8439,314079,5,5,1842
9-Jul-22,155275,8424,314106,1,1,3511
9-Jul-22,155297,3610,314163,2,0,8233
9-Jul-22,155299,10204,314169,1,1,4089
9-Jul-22,155301,1041,314175,2,0,5453
9-Jul-22,155304,7640,314181,1,0,14449
9-Jul-22,155347,11163,314283,1,0,6402
9-Jul-22,155387,11189,314370,15,13,6292
9-Jul-22,155408,11152,314412,2,0,8474
9-Jul-22,155413,11133,314418,1,1,1802
9-Jul-22,155438,8410,314478,3,0,1055
9-Jul-22,155442,8444,314487,1,0,3811
9-Jul-22,155450,11154,314499,1,0,13310
9-Jul-22,155500,11107,314607,1,0,5725
9-Jul-22,155515,1041,314637,2,2,5090
9-Jul-22,155558,3611,314691,100,0,4217
9-Jul-22,155562,1043,314697,1,0,22849
9-Jul-22,155566,7553,314697,1,0,5527
9-Jul-22,155588,3611,314742,5,0,4217
9-Jul-22,155634,11136,314838,1,0,2571
9-Jul-22,155653,10236,314877,1,0,1432
9-Jul-22,155658,7586,314886,4,4,6557
9-Jul-22,155697,9815,314949,3,0,13995
9-Jul-22,155705,7596,314964,15,10,4580
9-Jul-22,155707,10975,314970,1,0,18602
9-Jul-22,155731,8425,315009,1,1,4635
9-Jul-22,155753,8292,315054,1,0,3125
9-Jul-22,155782,10224,315111,1,1,4803
9-Jul-22,155790,7596,315129,5,5,2094
9-Jul-22,155819,9815,315174,1,1,13995
9-Jul-22,155837,3610,315201,1,0,8500
9-Jul-22,155887,7860,315318,3,0,3317
9-Jul-22,155896,8452,315339,1,0,9172
9-Jul-22,155899,8428,315348,25,25,1793
9-Jul-22,155934,1041,315444,1,0,5725
9-Jul-22,155940,8210,315462,1,0,12452
9-Jul-22,155943,2367,315465,10,0,479
9-Jul-22,155957,10227,315498,1,1,1524
9-Jul-22,155993,1038,315567,1,1,8179
9-Jul-22,156158,14414,315912,3,0,10381
9-Jul-22,156165,12547,315927,5,5,5680
9-Jul-22,156210,1041,316020,1,1,5090
9-Jul-22,156270,13192,316161,1,1,13631
9-Jul-22,156290,13752,316200,1,0,9065
9-Jul-22,156316,12407,316245,1,0,8815
9-Jul-22,156385,9901,316398,1,1,3651
9-Jul-22,156398,9916,316416,4,4,3650
9-Jul-22,156468,10225,316560,1,1,4619
9-Jul-22,156492,8361,316608,1,0,5796
9-Jul-22,156562,12701,316794,1,0,9542
9-Jul-22,156595,8439,316854,3,2,1876
9-Jul-22,156601,3610,316869,1,1,8233
9-Jul-22,156624,11189,316926,1,1,6292
9-Jul-22,156630,12701,316938,1,0,6470
9-Jul-22,156690,11120,317034,1,0,10389
9-Jul-22,156696,3615,317049,2,2,6041
9-Jul-22,156768,1043,317184,2,2,22849
9-Jul-22,156797,8436,317250,1,0,2672
9-Jul-22,156813,3610,317286,1,1,12768
9-Jul-22,156841,10975,317358,1,0,17039
9-Jul-22,156880,12652,317454,45,45,190
9-Jul-22,156928,8285,317559,1,1,5851
9-Jul-22,156959,3613,317616,1,1,10273
9-Jul-22,157002,10225,317703,1,1,4619
9-Jul-22,157015,13765,317739,2,2,2633
9-Jul-22,157016,8361,317742,2,0,5836
9-Jul-22,157026,12547,317763,4,4,5730
9-Jul-22,157053,10224,317826,1,1,4803
9-Jul-22,157069,10226,317859,1,0,3972
9-Jul-22,157108,1041,317955,2,2,5090
9-Jul-22,157121,10235,317982,5,5,1386
9-Jul-22,157127,12420,317991,1,0,2019
9-Jul-22,157149,10975,318045,1,1,11087
9-Jul-22,157164,8425,318072,1,0,4635
9-Jul-22,157168,10248,318081,1,1,4857
9-Jul-22,157220,1038,318171,6,6,7679
9-Jul-22,157223,8444,318177,1,0,6343
9-Jul-22,157284,1038,318303,1,1,7543
9-Jul-22,157314,1038,318357,1,1,7724
9-Jul-22,157331,8425,318390,1,1,5363
9-Jul-22,157396,1041,318543,1,1,5090
9-Jul-22,157404,13752,318564,1,1,9065
9-Jul-22,157465,8421,318705,1,0,4581
9-Jul-22,157538,8444,318870,1,1,6589
10-Jul-22,147397,13764,297690,2,2,7746
10-Jul-22,147432,7586,297744,10,10,9677
10-Jul-22,147441,10235,297750,1,1,1432
10-Jul-22,147465,7860,297792,1,1,3315
10-Jul-22,147469,13742,297804,2,0,2250
10-Jul-22,147487,10224,297846,1,0,4349
10-Jul-22,147519,13764,297921,1,1,7746
10-Jul-22,147523,8425,297933,26,0,4930
10-Jul-22,147525,13764,297936,1,0,7746
10-Jul-22,147537,13743,297966,20,0,8
10-Jul-22,147607,10236,298119,1,0,1341
10-Jul-22,147627,3610,298167,2,0,12704
10-Jul-22,147646,10224,298206,1,0,4538.14
10-Jul-22,147654,1041,298215,1,0,5725
10-Jul-22,147737,8425,298389,1,0,4862
10-Jul-22,147758,8444,298443,1,1,5813
10-Jul-22,147775,14352,298479,30,30,3318
10-Jul-22,147847,9171,298605,1,0,6808
10-Jul-22,147875,1041,298653,3,0,5509
10-Jul-22,147946,7666,298782,2,2,11455
10-Jul-22,147951,8428,298788,5,5,1689
10-Jul-22,147955,10204,298794,1,0,4114
10-Jul-22,148046,10224,298962,1,1,4360.17
10-Jul-22,148053,8425,298974,1,1,4930
10-Jul-22,148080,8444,299028,1,0,5813
10-Jul-22,148116,3279,299112,1,0,8814.94
10-Jul-22,148128,10235,299133,10,0,1432
10-Jul-22,148208,3279,299295,1,0,9724
10-Jul-22,148227,8424,299343,1,1,3511
10-Jul-22,148275,8425,299442,10,0,4930
10-Jul-22,148318,13764,299493,1,0,7746
10-Jul-22,148358,8444,299577,1,0,6007
10-Jul-22,148519,8378,299835,50,50,4064
10-Jul-22,148533,12701,299850,2,0,6379
10-Jul-22,148546,3624,299874,1,0,5453
10-Jul-22,148573,3610,299925,2,0,12704
10-Jul-22,148675,12652,300081,10,10,7956
10-Jul-22,148676,1805,300084,1,0,9996
10-Jul-22,148693,2367,300117,60,0,469
10-Jul-22,148736,8221,300216,10,0,3770
10-Jul-22,148822,10235,300381,4,4,1432
10-Jul-22,148876,12701,300498,2,2,9297
10-Jul-22,148883,10225,300510,1,0,4302
10-Jul-22,148988,9916,300741,3,0,3372
10-Jul-22,148995,10975,300762,1,0,14211
10-Jul-22,148998,3279,300771,1,0,9724
10-Jul-22,149091,8443,300960,1,1,6735
10-Jul-22,149093,10235,300963,1,0,1432
10-Jul-22,149107,12487,301002,1,1,4308
10-Jul-22,149148,1805,301083,1,0,17527
10-Jul-22,149169,8219,301119,1,0,15166
10-Jul-22,149229,11139,301239,1,0,4671
10-Jul-22,149286,1043,301359,8,0,5854
10-Jul-22,149291,12487,301371,1,1,4220
10-Jul-22,149309,13524,301413,2,2,4362
10-Jul-22,149364,10238,301512,1,0,3189
10-Jul-22,149398,11146,301578,1,0,9196
10-Jul-22,149419,3610,301632,4,4,13177
10-Jul-22,149446,12749,301701,1,0,6211
10-Jul-22,149497,12502,301815,3,2,7526
10-Jul-22,149564,8444,301950,1,0,3811
10-Jul-22,149596,3610,302022,1,0,8500
10-Jul-22,149657,12487,302139,5,5,4220
10-Jul-22,149706,8444,302226,2,0,6589
10-Jul-22,149720,8219,302262,2,2,14934
10-Jul-22,149739,9916,302298,1,0,3650
10-Jul-22,149782,8683,302406,1,0,9699
10-Jul-22,149809,11133,302460,1,1,4085
10-Jul-22,149821,10224,302487,2,2,4349
10-Jul-22,149864,8425,302592,2,0,5118
10-Jul-22,149878,8622,302634,1,0,27752
10-Jul-22,149889,3615,302664,2,0,6041
10-Jul-22,149906,10235,302700,2,2,1399
10-Jul-22,149928,12547,302742,2,2,5726
10-Jul-22,149974,12487,302835,2,2,4220
10-Jul-22,149990,8210,302874,1,1,14612
10-Jul-22,150011,12487,302907,1,1,4308
10-Jul-22,150099,12547,303114,1,1,11087
10-Jul-22,150219,8457,303420,1,0,8251
10-Jul-22,150255,8425,303492,6,6,5118
10-Jul-22,150259,3610,303501,1,0,8233
10-Jul-22,150276,10235,303537,1,0,1387
10-Jul-22,150282,3610,303549,1,1,8500
10-Jul-22,150352,8444,303684,1,1,6343
10-Jul-22,150354,7607,303687,7,7,12323
10-Jul-22,150372,11926,303729,1,0,6997
10-Jul-22,150383,1041,303750,1,1,5908
10-Jul-22,150409,13719,303801,1,1,5875
10-Jul-22,150420,8444,303816,1,0,5813
10-Jul-22,150434,10975,303846,8,0,12632
10-Jul-22,150478,11926,303930,1,1,6997
10-Jul-22,150589,10204,304158,1,0,4190
10-Jul-22,150606,3610,304197,1,1,13177
10-Jul-22,150707,10239,304395,1,1,6050
10-Jul-22,150750,13765,304473,1,0,2633
10-Jul-22,150789,11899,304548,1,1,13782
10-Jul-22,150795,8444,304557,2,2,6034
10-Jul-22,150821,8808,304608,1,0,10437
10-Jul-22,150838,7540,304641,3,0,13740
10-Jul-22,150860,10204,304686,1,0,4190
10-Jul-22,150881,12652,304722,10,0,7956
10-Jul-22,150888,8760,304743,2,2,2363
10-Jul-22,150900,10204,304767,2,2,4024
10-Jul-22,150903,8425,304776,1,0,5300
10-Jul-22,150913,1038,304794,1,1,8588
10-Jul-22,150947,12652,304863,15,15,7956
10-Jul-22,151065,13253,305097,1,0,35033
10-Jul-22,151072,8221,305118,20,20,3770
10-Jul-22,151077,8439,305130,1,0,936
10-Jul-22,151181,12547,305349,3,3,5726
10-Jul-22,151232,11233,305457,1,1,12268
10-Jul-22,151266,10247,305499,1,1,8179
10-Jul-22,151276,1041,305520,1,1,5620
10-Jul-22,151286,1041,305535,1,1,4954
10-Jul-22,151288,7553,305535,1,1,5527
10-Jul-22,151312,11107,305589,2,2,6118
10-Jul-22,151373,11899,305730,2,0,13782
10-Jul-22,151455,8428,305907,2,0,1763
10-Jul-22,151487,10975,305961,1,0,11741
10-Jul-22,151504,11233,306000,20,20,7857
10-Jul-22,151529,7554,306051,1,0,13975
10-Jul-22,151586,10975,306180,1,1,5893
10-Jul-22,151599,11899,306213,1,0,14322
10-Jul-22,151680,8425,306384,2,2,4894
10-Jul-22,151719,8219,306462,2,0,14934
10-Jul-22,151724,3610,306477,1,1,8233
10-Jul-22,151739,8330,306510,101,0,3321
10-Jul-22,151744,3279,306522,1,0,8814.94
10-Jul-22,151748,8242,306534,4,0,1636
10-Jul-22,151759,13918,306558,1,0,2413
10-Jul-22,151767,7860,306579,1,1,3317
10-Jul-22,151777,9916,306603,5,5,3372
10-Jul-22,151779,10975,306606,10,10,12632
10-Jul-22,151791,7637,306630,1,1,29580
10-Jul-22,151819,10529,306696,1,0,6892
10-Jul-22,151833,8210,306726,2,2,13846
10-Jul-22,151840,10215,306741,1,0,14551
10-Jul-22,151848,8425,306762,3,3,4894
10-Jul-22,151899,12652,306864,20,20,7956
10-Jul-22,151962,10239,307026,1,0,6050
10-Jul-22,151965,10224,307035,1,1,4534
10-Jul-22,151976,8444,307068,1,1,5813
10-Jul-22,151998,7607,307119,1,1,12541
10-Jul-22,152007,13765,307140,4,4,2633
10-Jul-22,152024,7596,307176,2,0,4547
10-Jul-22,152034,8384,307200,10,10,5727
10-Jul-22,152107,7607,307353,2,2,12541
10-Jul-22,152121,13736,307380,1,1,8928.57
10-Jul-22,152145,7640,307431,10,10,15638
10-Jul-22,152158,10975,307458,1,1,18602
10-Jul-22,152197,8429,307542,1,0,3157
10-Jul-22,152283,9897,307698,1,0,9668
10-Jul-22,152326,10227,307797,1,1,1524
10-Jul-22,152337,8410,307824,10,0,106
10-Jul-22,152344,13209,307833,1,0,4388
10-Jul-22,152345,10224,307836,1,0,4619
10-Jul-22,152356,8435,307854,1,0,4433
10-Jul-22,152371,11233,307878,1,1,7857
10-Jul-22,152449,8440,308049,1,1,11863
10-Jul-22,152452,10529,308058,1,1,6892
10-Jul-22,152469,7860,308106,1,0,3317
10-Jul-22,152485,8378,308145,1,1,4010
10-Jul-22,152518,11107,308205,2,2,9592
10-Jul-22,152536,8352,308247,5,5,3750
10-Jul-22,152628,12945,308427,1,0,3377
10-Jul-22,152642,7596,308457,1,1,40
10-Jul-22,152673,11117,308526,1,0,6745
10-Jul-22,152684,1041,308553,2,2,5134
10-Jul-22,152746,14338,308682,1,1,5089
10-Jul-22,152748,7651,308688,1,1,30498
10-Jul-22,152765,7607,308718,3,3,13631
10-Jul-22,152811,8437,308817,1,0,2180
10-Jul-22,152823,8458,308835,1,0,3411
10-Jul-22,152849,3279,308880,1,0,10412
10-Jul-22,152855,11233,308898,1,0,12904
10-Jul-22,152867,8428,308934,2,0,1793
10-Jul-22,152875,8428,308940,2,0,1763
10-Jul-22,152876,8428,308940,5,0,1763
10-Jul-22,152943,8460,309081,1,0,3947
10-Jul-22,152955,8444,309102,20,0,5813
10-Jul-22,152967,8422,309123,1,0,3445
10-Jul-22,153010,3284,309228,1,0,5271
10-Jul-22,153096,8425,309405,3,3,4894
10-Jul-22,153100,8425,309414,2,0,5076
10-Jul-22,153126,12701,309474,1,0,9397
10-Jul-22,153137,11233,309492,1,0,11996
10-Jul-22,153246,13524,309696,7,0,4317
10-Jul-22,153258,3648,309726,2,1,11600
10-Jul-22,153378,3613,309981,1,0,8990
10-Jul-22,153417,7640,310083,1,0,17786
10-Jul-22,153454,9901,310170,1,0,3900
10-Jul-22,153487,1043,310236,2,0,21818
10-Jul-22,153510,7553,310284,1,1,5896
10-Jul-22,153516,12803,310296,1,1,5884
10-Jul-22,153589,12487,310443,1,1,4497
10-Jul-22,153662,11146,310590,1,0,4017
10-Jul-22,153726,3610,310719,1,1,12704
10-Jul-22,153737,7554,310746,1,0,13975
10-Jul-22,153738,10975,310749,1,1,13087
10-Jul-22,153829,12455,310935,2,2,5952
10-Jul-22,153944,12407,311181,1,1,8906
10-Jul-22,153949,13524,311190,1,1,4317
10-Jul-22,153981,1041,311268,1,1,5090
10-Jul-22,153982,1041,311268,4,4,4954
10-Jul-22,154025,14248,311364,1,0,8300
10-Jul-22,154035,13524,311388,60,60,4317
10-Jul-22,154042,11233,311406,1,0,13177
10-Jul-22,154054,11169,311418,1,1,7370
10-Jul-22,154145,14412,311613,1,1,11064
10-Jul-22,154149,1041,311625,1,0,4816
10-Jul-22,154194,9897,311739,1,1,9668
10-Jul-22,154211,8439,311778,5,5,1842
10-Jul-22,154223,8384,311808,11,11,5648
10-Jul-22,154245,8331,311850,1,0,5059
10-Jul-22,154251,13764,311865,1,1,7270
10-Jul-22,154269,1041,311910,1,0,5908
10-Jul-22,154308,1038,311991,1,0,7543
10-Jul-22,154411,11233,312237,1,1,12458
10-Jul-22,154488,11125,312396,5,5,2236
10-Jul-22,154592,11139,312627,1,1,4671
10-Jul-22,154593,11173,312627,1,1,8789
10-Jul-22,154628,7860,312696,4,4,3315
10-Jul-22,154704,8424,312873,1,1,3479
10-Jul-22,154730,3615,312924,2,2,6041
10-Jul-22,154744,7653,312948,5,5,11758
10-Jul-22,154758,8378,312987,3,3,4274
10-Jul-22,154771,12749,313011,9,5,6211
10-Jul-22,154779,7860,313032,1,0,3315
10-Jul-22,154781,7860,313038,1,0,3315
10-Jul-22,154882,11131,313242,1,1,11055
10-Jul-22,154918,8331,313305,1,0,6775
10-Jul-22,154930,11233,313332,1,1,12458
10-Jul-22,154951,10975,313377,1,1,12286
10-Jul-22,154995,8422,313482,1,1,6403
10-Jul-22,155018,8219,313524,50,50,14934
10-Jul-22,155026,7860,313545,6,0,3317
10-Jul-22,155114,8444,313758,1,0,3820
10-Jul-22,155162,3279,313869,15,15,9724
10-Jul-22,155176,12784,313905,1,1,2134
10-Jul-22,155183,8462,313917,1,1,5221
10-Jul-22,155210,12547,313980,2,2,11178
10-Jul-22,155218,10247,313992,1,1,8179
10-Jul-22,155247,12455,314043,3,0,5771
10-Jul-22,155252,8439,314052,1,0,940
10-Jul-22,155322,7586,314229,6,1,6557
10-Jul-22,155360,9815,314313,1,1,14449
10-Jul-22,155380,7640,314349,5,5,14449
10-Jul-22,155421,10235,314433,1,0,1501
10-Jul-22,155505,8779,314622,1,0,4346
10-Jul-22,155554,8358,314679,3,0,2152
10-Jul-22,155583,8760,314730,1,0,2363
10-Jul-22,155630,11233,314829,1,0,13177
10-Jul-22,155649,10247,314871,1,0,7724
10-Jul-22,155657,10227,314883,2,2,1478
10-Jul-22,155676,10235,314913,2,2,1501
10-Jul-22,155678,10236,314913,2,2,1386
10-Jul-22,155766,11146,315078,1,1,4017
10-Jul-22,155851,9171,315228,1,1,6470
10-Jul-22,155861,8158,315255,3,3,1489
10-Jul-22,155882,10236,315309,1,1,1432
10-Jul-22,155894,1038,315333,1,0,8188
10-Jul-22,155937,8435,315453,1,0,4479
10-Jul-22,155991,11146,315561,1,0,4086
10-Jul-22,156013,9916,315612,1,0,3650
10-Jul-22,156064,8444,315711,1,0,6920
10-Jul-22,156068,13501,315717,1,1,11832
10-Jul-22,156086,14449,315756,1,0,12797
10-Jul-22,156130,12547,315858,5,0,5680
10-Jul-22,156170,1041,315939,1,1,5620
10-Jul-22,156177,14354,315951,1,1,2501
10-Jul-22,156200,10236,316008,1,0,1432
10-Jul-22,156201,10236,316008,1,0,1386
10-Jul-22,156239,13764,316095,1,0,7088
10-Jul-22,156252,7860,316116,1,0,2748
10-Jul-22,156277,10236,316173,10,0,1386
10-Jul-22,156287,8367,316194,3,0,520
10-Jul-22,156304,10235,316230,1,0,1501
10-Jul-22,156309,7553,316239,1,0,5896
10-Jul-22,156330,10235,316275,3,0,1455
10-Jul-22,156435,1038,316479,10,10,7543
10-Jul-22,156477,8444,316575,1,0,3820
10-Jul-22,156544,8441,316740,1,0,4162
10-Jul-22,156545,9916,316743,1,0,3650
10-Jul-22,156592,8439,316848,4,0,1876
10-Jul-22,156633,11143,316947,1,0,3102
10-Jul-22,156710,10224,317070,1,0,4619
10-Jul-22,156712,8760,317073,5,5,2363
10-Jul-22,156731,7640,317115,2,2,14449
10-Jul-22,156740,8439,317133,2,0,1876
10-Jul-22,156746,1043,317136,2,2,11889
10-Jul-22,156766,14386,317181,1,0,10339
10-Jul-22,156856,7583,317397,1,1,19084
10-Jul-22,156868,10224,317430,1,1,4619
10-Jul-22,156920,12912,317544,5,0,3844
10-Jul-22,156952,7586,317604,1,1,11410
10-Jul-22,157102,12912,317940,6,6,3844
10-Jul-22,157132,8219,318000,3,3,14267
10-Jul-22,157181,14385,318108,1,1,10212
10-Jul-22,157193,7553,318126,1,0,5816
10-Jul-22,157212,1041,318156,1,1,5289
10-Jul-22,157221,1038,318171,4,4,7543
10-Jul-22,157229,3615,318186,2,2,6043
10-Jul-22,157237,8760,318198,5,5,2363
10-Jul-22,157251,8425,318222,4,0,4894
10-Jul-22,157351,1041,318432,2,1,5225
10-Jul-22,157426,13764,318615,1,1,7088
10-Jul-22,157429,12703,318621,4,4,3373
10-Jul-22,157431,10975,318627,1,1,18402
10-Jul-22,157436,8444,318639,1,1,6379
10-Jul-22,157466,11120,318708,1,1,20666
10-Jul-22,157476,8444,318735,2,2,6134
10-Jul-22,157479,12912,318744,4,4,3844
10-Jul-22,157525,1043,318849,1,0,22849
10-Jul-22,157557,7583,318903,1,0,19366
10-Jul-22,157578,14351,318954,1,0,4998
11-Jul-22,147395,3615,297684,4,4,6041
11-Jul-22,147443,8425,297753,2,0,4930
11-Jul-22,147458,12697,297780,20,0,2124
11-Jul-22,147524,8443,297933,2,0,6672
11-Jul-22,147535,11146,297963,1,0,4017
11-Jul-22,147674,8425,298257,1,0,5110
11-Jul-22,147762,12701,298452,4,0,9542
11-Jul-22,147774,11658,298476,1,0,1804
11-Jul-22,147790,10245,298500,4,0,10506
11-Jul-22,147821,13749,298569,1,1,4715
11-Jul-22,147840,8443,298596,10,5,6277
11-Jul-22,147860,10529,298626,1,0,7409
11-Jul-22,147893,13765,298689,1,1,2633
11-Jul-22,147899,12547,298701,1,0,11087
11-Jul-22,147908,11125,298719,1,0,2236
11-Jul-22,147910,12802,298719,5,5,2275
11-Jul-22,147950,10975,298788,1,1,18602
11-Jul-22,148082,7637,299034,1,0,29580
11-Jul-22,148100,8439,299076,5,0,1822
11-Jul-22,148112,8219,299103,1,1,14358
11-Jul-22,148131,8221,299139,2,0,6182
11-Jul-22,148153,1038,299178,1,0,8450
11-Jul-22,148199,12487,299274,1,0,4497
11-Jul-22,148231,3610,299352,1,0,13284
11-Jul-22,148343,9916,299550,5,0,3372
11-Jul-22,148377,8420,299604,1,0,6510
11-Jul-22,148378,8420,299604,1,0,6828
11-Jul-22,148379,8444,299604,1,0,6343
11-Jul-22,148385,3279,299610,1,1,9724
11-Jul-22,148399,1038,299613,4,4,8052
11-Jul-22,148410,14244,299634,1,0,12000
11-Jul-22,148441,10235,299697,2,2,1432
11-Jul-22,148485,8378,299778,1,0,4064
11-Jul-22,148501,1043,299796,2,2,5854
11-Jul-22,148522,8221,299838,10,10,3699
11-Jul-22,148560,1043,299904,1,1,22715
11-Jul-22,148581,8210,299940,1,1,12925
11-Jul-22,148627,11926,300015,1,1,6997
11-Jul-22,148628,13682,300018,2,2,3044
11-Jul-22,148749,10233,300234,1,1,2250
11-Jul-22,148750,8221,300237,40,0,3699
11-Jul-22,148840,8208,300423,3,0,8291
11-Jul-22,148868,13745,300477,1,1,5275
11-Jul-22,148873,11926,300489,1,1,6997
11-Jul-22,148900,10975,300549,1,0,18602
11-Jul-22,148915,10224,300582,1,1,4360.17
11-Jul-22,149024,12701,300822,2,2,9542
11-Jul-22,149042,8425,300843,1,1,5300
11-Jul-22,149098,12487,300978,2,0,4308
11-Jul-22,149119,10235,301020,5,0,1387
11-Jul-22,149144,1041,301074,5,0,5312
11-Jul-22,149153,11926,301086,10,0,6997
11-Jul-22,149210,1038,301206,1,0,8445
11-Jul-22,149220,8384,301224,10,10,5727
11-Jul-22,149244,13764,301266,1,0,7746
11-Jul-22,149253,10233,301293,2,2,2250
11-Jul-22,149258,8444,301308,1,1,5813
11-Jul-22,149310,3284,301416,1,0,5271
11-Jul-22,149424,11899,301647,1,1,13782
11-Jul-22,149437,11155,301674,1,0,7953
11-Jul-22,149467,10236,301740,1,0,1341
11-Jul-22,149470,8439,301746,10,10,1913
11-Jul-22,149528,10236,301881,1,1,1341
11-Jul-22,149530,11165,301884,1,0,21067
11-Jul-22,149558,7640,301941,2,0,16490
11-Jul-22,149577,8210,301977,2,2,13846
11-Jul-22,149578,12652,301980,2,2,7956
11-Jul-22,149603,12652,302034,1,1,7956
11-Jul-22,149680,10224,302187,1,1,4581
11-Jul-22,149688,7640,302208,1,1,16490
11-Jul-22,149745,8444,302313,8,8,5813
11-Jul-22,149783,13253,302409,1,0,35033
11-Jul-22,149793,7547,302427,1,1,14961
11-Jul-22,149796,8425,302433,1,0,5118
11-Jul-22,149856,13267,302571,1,1,4726
11-Jul-22,149895,12701,302679,1,0,9542
11-Jul-22,150015,8219,302916,1,1,15166
11-Jul-22,150016,8219,302919,2,0,14934
11-Jul-22,150018,8425,302925,12,0,5118
11-Jul-22,150079,8751,303057,1,0,3834
11-Jul-22,150119,13749,303159,1,0,5078
11-Jul-22,150120,13745,303162,5,5,5275
11-Jul-22,150127,2862,303177,2,2,4021
11-Jul-22,150157,13524,303258,3,0,4362
11-Jul-22,150196,10204,303363,1,0,4024
11-Jul-22,150197,11106,303366,10,10,6270
11-Jul-22,150214,8444,303405,1,0,3535
11-Jul-22,150231,8221,303453,4,0,3770
11-Jul-22,150253,3279,303486,6,0,8814.94
11-Jul-22,150264,10975,303513,1,1,11087
11-Jul-22,150295,10235,303570,15,15,1446
11-Jul-22,150402,8425,303786,1,0,5300
11-Jul-22,150490,8622,303957,1,1,27752
11-Jul-22,150524,12487,304017,10,10,4220
11-Jul-22,150535,3610,304044,1,1,13177
11-Jul-22,150619,11233,304230,1,1,12268
11-Jul-22,150631,11233,304257,2,0,12268
11-Jul-22,150679,8760,304332,4,0,2363
11-Jul-22,150696,8420,304377,1,0,6491
11-Jul-22,150722,3592,304422,1,0,6510
11-Jul-22,150751,12675,304476,1,0,5258
11-Jul-22,150832,7607,304626,5,5,12541
11-Jul-22,150966,8753,304905,1,0,7724
11-Jul-22,150978,12472,304941,1,1,25920
11-Jul-22,151004,8424,304977,1,1,3511
11-Jul-22,151023,8444,305007,2,2,6374
11-Jul-22,151073,13764,305121,1,0,7746
11-Jul-22,151080,11240,305136,1,0,12555
11-Jul-22,151108,7607,305205,1,0,12541
11-Jul-22,151130,7860,305253,1,0,3317
11-Jul-22,151177,8760,305337,6,0,2363
11-Jul-22,151196,8210,305379,1,0,13846
11-Jul-22,151214,8444,305418,50,0,6589
11-Jul-22,151256,11143,305484,1,0,3388
11-Jul-22,151327,8221,305619,2,0,5339.01
11-Jul-22,151333,11926,305631,2,2,6997
11-Jul-22,151336,13524,305637,1,0,4476
11-Jul-22,151432,11233,305856,1,0,12268
11-Jul-22,151437,12701,305865,2,0,5856
11-Jul-22,151545,8242,306093,1,0,1708
11-Jul-22,151583,12460,306171,1,1,14130
11-Jul-22,151699,8219,306423,2,0,14934
11-Jul-22,151701,8428,306429,1,0,1793
11-Jul-22,151735,11106,306501,2,2,6270
11-Jul-22,151749,10219,306537,4,0,5884
11-Jul-22,151763,8457,306570,1,0,15374
11-Jul-22,151768,3610,306582,1,0,12704
11-Jul-22,151806,3610,306666,2,2,13177
11-Jul-22,151863,8444,306789,2,2,6034
11-Jul-22,151883,13682,306828,2,0,3044
11-Jul-22,151905,10208,306876,1,0,432
11-Jul-22,151911,3615,306894,1,0,6125
11-Jul-22,151922,8770,306924,1,0,6530
11-Jul-22,151935,8684,306957,1,0,2986
11-Jul-22,151959,12701,307020,2,2,5856
11-Jul-22,151960,8439,307023,1,0,921
11-Jul-22,151985,10235,307089,1,1,1387
11-Jul-22,152026,11137,307182,7,7,3604
11-Jul-22,152086,10224,307317,1,1,4988
11-Jul-22,152106,13524,307350,1,0,4430
11-Jul-22,152157,3610,307455,1,0,8299
11-Jul-22,152182,8444,307515,1,0,6034
11-Jul-22,152253,8424,307650,1,1,3372
11-Jul-22,152261,8444,307659,6,6,6589
11-Jul-22,152282,8384,307695,1,1,5404
11-Jul-22,152313,8444,307767,7,7,5813
11-Jul-22,152339,11275,307830,1,0,1201
11-Jul-22,152369,12701,307872,1,0,6561
11-Jul-22,152400,10224,307938,1,0,4803
11-Jul-22,152420,11146,307983,1,1,7524
11-Jul-22,152457,10235,308073,2,2,1501
11-Jul-22,152499,8444,308178,1,1,6034
11-Jul-22,152573,13524,308322,2,2,4317
11-Jul-22,152752,9901,308697,1,0,3900
11-Jul-22,152796,8429,308781,1,0,2729
11-Jul-22,152835,9895,308853,4,0,1128.5
11-Jul-22,152844,12652,308868,1,0,7770
11-Jul-22,152885,8335,308961,1,1,3798
11-Jul-22,152920,10235,309030,1,0,1501
11-Jul-22,152931,1038,309057,1,0,8588
11-Jul-22,152988,3610,309168,1,1,13284
11-Jul-22,152994,13765,309183,1,1,2633
11-Jul-22,152995,11104,309186,1,0,12723
11-Jul-22,153000,12487,309201,1,0,4308
11-Jul-22,153054,8428,309315,2,0,1763
11-Jul-22,153072,3615,309360,5,5,6125
11-Jul-22,153087,12784,309390,1,0,2138
11-Jul-22,153112,8384,309444,10,0,5469
11-Jul-22,153113,8444,309444,8,0,6374
11-Jul-22,153118,8420,309453,1,1,6683
11-Jul-22,153163,1041,309543,1,1,5725
11-Jul-22,153192,8444,309597,1,0,6589
11-Jul-22,153209,8425,309630,1,0,4894
11-Jul-22,153211,8425,309633,1,1,4894
11-Jul-22,153217,11233,309642,1,1,11996
11-Jul-22,153239,13589,309687,1,0,6762
11-Jul-22,153240,8378,309690,2,0,4300
11-Jul-22,153254,3615,309717,1,1,6041
11-Jul-22,153272,12701,309759,2,0,6470
11-Jul-22,153279,12701,309774,2,2,9542
11-Jul-22,153331,8378,309882,1,1,4589
11-Jul-22,153346,8219,309912,1,1,14934
11-Jul-22,153367,7545,309954,1,1,7221
11-Jul-22,153382,8428,309993,1,0,1793
11-Jul-22,153419,1038,310086,1,1,8588
11-Jul-22,153431,3605,310113,1,1,3762
11-Jul-22,153468,11136,310194,1,0,2723
11-Jul-22,153469,8421,310194,1,0,1097
11-Jul-22,153564,12677,310407,1,1,3439
11-Jul-22,153567,1043,310416,1,1,22849
11-Jul-22,153590,8242,310446,1,1,2401
11-Jul-22,153620,11233,310515,1,1,11996
11-Jul-22,153635,8460,310545,1,0,3660
11-Jul-22,153708,8428,310686,5,5,1763
11-Jul-22,153710,10198,310689,3,3,3726
11-Jul-22,153714,3610,310695,2,2,13268
11-Jul-22,153731,12547,310731,1,1,5771
11-Jul-22,153799,11107,310878,1,0,6158
11-Jul-22,153889,8210,311061,1,0,13860
11-Jul-22,153947,11104,311187,1,0,12782
11-Jul-22,153953,7640,311202,1,0,17786
11-Jul-22,153954,7640,311202,1,0,16903
11-Jul-22,153965,7607,311226,1,1,13631
11-Jul-22,154086,11152,311481,1,0,8461
11-Jul-22,154103,10204,311514,3,3,3784
11-Jul-22,154114,12455,311541,2,2,5771
11-Jul-22,154142,7640,311610,1,1,17786
11-Jul-22,154144,14410,311613,1,1,15778
11-Jul-22,154157,12652,311643,1,0,7770
11-Jul-22,154226,11137,311814,1,0,3604
11-Jul-22,154227,7640,311817,5,0,16903
11-Jul-22,154324,11143,312027,2,0,3432
11-Jul-22,154343,11107,312075,2,2,5725
11-Jul-22,154362,8439,312120,2,2,1842
11-Jul-22,154399,11731,312210,1,1,5800
11-Jul-22,154417,8439,312246,5,0,921
11-Jul-22,154496,11906,312408,1,1,5998
11-Jul-22,154537,10215,312489,1,0,5821
11-Jul-22,154571,8210,312573,1,1,13846
11-Jul-22,154636,8425,312720,2,2,4894
11-Jul-22,154683,3284,312828,2,0,5271
11-Jul-22,154690,1041,312846,1,0,5799
11-Jul-22,154740,10247,312942,3,3,7134
11-Jul-22,154770,8444,313008,2,2,6589
11-Jul-22,154789,1038,313056,2,2,8042
11-Jul-22,154840,9815,313146,1,1,14177
11-Jul-22,154849,8428,313158,1,1,1793
11-Jul-22,154889,12547,313254,2,2,5771
11-Jul-22,154948,12749,313371,2,2,5763
11-Jul-22,155017,7271,313521,2,0,2673
11-Jul-22,155053,8335,313614,5,0,2998
11-Jul-22,155090,10235,313698,7,7,1455
11-Jul-22,155129,11124,313794,5,0,803
11-Jul-22,155151,13592,313842,15,15,1540
11-Jul-22,155287,1043,314136,1,0,5854
11-Jul-22,155300,12749,314172,10,10,6211
11-Jul-22,155321,12701,314226,1,1,6470
11-Jul-22,155327,8751,314235,1,0,2893
11-Jul-22,155366,8457,314325,1,0,7830
11-Jul-22,155404,13618,314403,10,10,3251
11-Jul-22,155446,8444,314493,1,0,6589
11-Jul-22,155453,14387,314508,1,0,10381
11-Jul-22,155478,11107,314565,1,0,6158
11-Jul-22,155488,11906,314583,5,0,5998
11-Jul-22,155717,3592,314985,1,1,6510
11-Jul-22,155744,8361,315039,1,0,6714
11-Jul-22,155787,8177,315123,1,0,2189
11-Jul-22,155840,8443,315207,3,0,6645
11-Jul-22,155848,1038,315228,1,1,8179
11-Jul-22,155872,3610,315282,1,1,8299
11-Jul-22,155914,13905,315384,1,0,3167
11-Jul-22,155918,8425,315396,10,0,4894
11-Jul-22,156022,13565,315636,2,0,366
11-Jul-22,156028,7546,315648,1,0,12505
11-Jul-22,156036,1038,315657,1,0,8324
11-Jul-22,156061,1038,315702,1,1,8588
11-Jul-22,156065,8444,315711,1,0,3820
11-Jul-22,156091,3615,315762,5,0,6043
11-Jul-22,156099,3279,315786,1,0,8814.94
11-Jul-22,156108,3610,315804,1,0,8500
11-Jul-22,156131,13682,315861,3,3,2899
11-Jul-22,156132,8363,315864,1,0,5842
11-Jul-22,156134,7860,315867,1,1,2748
11-Jul-22,156137,11140,315873,1,0,8305
11-Jul-22,156168,13682,315933,9,9,2899
11-Jul-22,156192,14469,315993,1,0,13304
11-Jul-22,156219,7653,316038,2,0,11474
11-Jul-22,156220,10975,316041,1,0,12632
11-Jul-22,156266,3635,316152,8,0,5761
11-Jul-22,156332,7640,316278,1,1,17786
11-Jul-22,156350,1043,316311,1,0,22849
11-Jul-22,156392,12677,316410,1,1,3439
11-Jul-22,156418,1043,316455,1,1,22849
11-Jul-22,156428,12903,316458,2,0,7625
11-Jul-22,156429,12784,316461,10,0,2134
11-Jul-22,156455,13736,316524,2,2,8928.57
11-Jul-22,156496,10235,316620,4,4,1501
11-Jul-22,156505,1041,316644,1,1,5007
11-Jul-22,156512,3613,316662,1,0,10273
11-Jul-22,156517,3613,316677,3,0,8038
11-Jul-22,156540,13592,316731,10,0,1540
11-Jul-22,156673,14407,316989,1,0,17839
11-Jul-22,156688,7596,317028,1,0,4596
11-Jul-22,156707,11104,317067,1,1,12723
11-Jul-22,156708,11107,317067,2,2,9592
11-Jul-22,156770,1043,317184,2,2,11568
11-Jul-22,156786,8425,317226,1,1,5363
11-Jul-22,156832,8439,317334,2,0,1876
11-Jul-22,156849,7860,317376,1,0,3317
11-Jul-22,156863,10224,317415,1,0,4619
11-Jul-22,156875,11107,317445,1,1,5780
11-Jul-22,156888,11169,317466,1,1,7282
11-Jul-22,156936,8457,317574,2,0,6150
11-Jul-22,157012,1041,317730,2,0,5289
11-Jul-22,157044,13192,317811,1,1,13631
11-Jul-22,157091,13592,317913,8,8,1540
11-Jul-22,157107,12701,317952,1,0,6470
11-Jul-22,157112,8444,317961,10,10,6180
11-Jul-22,157190,1041,318126,1,0,5453
11-Jul-22,157192,7553,318126,1,0,2999
11-Jul-22,157218,11172,318168,1,1,2614
11-Jul-22,157239,1038,318204,3,0,7679
11-Jul-22,157290,7651,318309,1,0,36142
11-Jul-22,157309,12749,318342,2,0,6211
11-Jul-22,157310,1038,318345,1,0,7724
11-Jul-22,157358,3615,318453,1,0,6043
11-Jul-22,157372,13764,318492,1,0,7088
11-Jul-22,157523,8444,318846,15,15,6343
11-Jul-22,157558,7583,318903,1,0,19084
12-Jul-22,147349,8444,297582,1,0,5771
12-Jul-22,147403,1038,297699,2,0,8042
12-Jul-22,147421,3615,297723,5,5,6041
12-Jul-22,147437,8210,297747,1,1,7299
12-Jul-22,147483,12701,297834,1,0,6561
12-Jul-22,147516,13764,297912,1,0,7746
12-Jul-22,147551,8444,298005,1,0,5771
12-Jul-22,147705,7860,298326,1,1,3317
12-Jul-22,147731,10236,298380,1,0,1341
12-Jul-22,147747,10975,298416,3,3,5893
12-Jul-22,147839,3279,298593,1,1,9724
12-Jul-22,147877,10227,298653,40,0,1397
12-Jul-22,147911,13618,298719,17,17,3251
12-Jul-22,147940,12652,298770,5,5,7956
12-Jul-22,147944,10224,298779,3,3,4360.17
12-Jul-22,147981,3624,298848,1,0,5453
12-Jul-22,148088,10236,299046,1,1,1341
12-Jul-22,148091,7586,299052,1,0,11410
12-Jul-22,148108,8435,299094,1,0,10617
12-Jul-22,148110,11104,299097,1,0,12723
12-Jul-22,148114,3012,299106,1,0,1015
12-Jul-22,148129,10235,299133,5,0,1387
12-Jul-22,148139,8210,299157,18,18,13607
12-Jul-22,148168,3610,299217,3,0,13284
12-Jul-22,148184,10235,299250,1,1,1446
12-Jul-22,148216,3610,299316,1,0,8500
12-Jul-22,148295,10224,299478,1,0,4360.17
12-Jul-22,148299,10236,299481,2,0,1341
12-Jul-22,148350,8210,299571,1,0,12925
12-Jul-22,148402,12652,299619,2,2,7956
12-Jul-22,148413,12652,299640,2,2,7956
12-Jul-22,148424,1038,299667,3,3,8762
12-Jul-22,148432,8378,299679,5,5,3896
12-Jul-22,148473,10236,299754,1,1,1341
12-Jul-22,148505,8219,299808,10,0,14934
12-Jul-22,148523,8221,299838,1,0,6182
12-Jul-22,148592,3603,299964,1,0,7466
12-Jul-22,148625,10235,300012,1,1,1432
12-Jul-22,148654,12487,300054,1,1,4497
12-Jul-22,148698,12749,300132,80,80,6211
12-Jul-22,148710,8425,300162,1,0,5400
12-Jul-22,148716,11146,300177,1,1,6880
12-Jul-22,148741,12710,300225,10,0,9200
12-Jul-22,148767,9895,300264,4,0,1128.5
12-Jul-22,148797,10235,300327,1,1,1432
12-Jul-22,148859,11926,300456,1,1,6997
12-Jul-22,148875,9915,300495,1,1,3599
12-Jul-22,148886,8210,300513,1,1,14212
12-Jul-22,148953,10975,300657,1,0,18031
12-Jul-22,148966,8425,300687,1,0,5587
12-Jul-22,148970,9916,300696,2,2,3372
12-Jul-22,148986,11107,300735,5,5,5725
12-Jul-22,149017,7640,300807,3,3,15638
12-Jul-22,149027,11926,300825,1,0,6997
12-Jul-22,149029,1038,300831,1,0,8445
12-Jul-22,149030,10224,300831,1,0,4349
12-Jul-22,149036,12652,300834,10,10,7956
12-Jul-22,149057,7285,300879,4,0,5114
12-Jul-22,149074,3279,300921,1,0,8814.94
12-Jul-22,149129,13524,301041,2,2,4362
12-Jul-22,149142,7637,301071,1,1,23244
12-Jul-22,149143,7637,301071,1,1,29580
12-Jul-22,149304,8428,301398,20,0,1793
12-Jul-22,149370,10235,301527,1,1,1446
12-Jul-22,149390,12487,301563,5,5,4220
12-Jul-22,149408,3603,301602,1,1,7466
12-Jul-22,149410,11146,301608,5,0,9196
12-Jul-22,149454,12487,301719,12,12,4220
12-Jul-22,149463,3568,301731,1,1,8206
12-Jul-22,149480,10236,301770,2,0,1341
12-Jul-22,149524,9915,301878,1,1,3650
12-Jul-22,149531,3624,301887,2,2,5453
12-Jul-22,149541,11140,301908,1,0,2728
12-Jul-22,149542,9915,301911,2,2,3650
12-Jul-22,149546,14252,301917,2,2,32992
12-Jul-22,149548,8457,301923,1,1,8251
12-Jul-22,149581,12547,301986,1,0,5635
12-Jul-22,149641,12701,302112,2,2,9297
12-Jul-22,149658,9895,302142,1,0,1128.5
12-Jul-22,149677,12455,302181,10,0,5771
12-Jul-22,149705,7547,302226,1,0,14961
12-Jul-22,149724,8210,302268,1,0,12452
12-Jul-22,149742,7526,302307,1,0,11450
12-Jul-22,149807,8425,302454,1,0,5118
12-Jul-22,149810,8210,302463,1,1,14612
12-Jul-22,149834,10975,302517,1,1,11741
12-Jul-22,149862,7607,302586,4,0,12541
12-Jul-22,149868,12710,302604,5,0,9200
12-Jul-22,149919,8210,302718,1,1,16302
12-Jul-22,149976,8378,302838,1,1,3938
12-Jul-22,149996,8425,302883,1,1,5587
12-Jul-22,150041,10204,302970,1,1,4033
12-Jul-22,150053,10224,302991,2,2,4357
12-Jul-22,150123,11125,303171,1,0,2247
12-Jul-22,150202,13524,303378,2,0,4362
12-Jul-22,150207,9938,303393,1,0,3726
12-Jul-22,150245,8424,303483,1,0,3511
12-Jul-22,150261,10236,303507,1,0,1341
12-Jul-22,150297,3603,303573,10,8,7466
12-Jul-22,150298,7860,303576,1,1,3317
12-Jul-22,150299,10235,303579,1,1,1446
12-Jul-22,150305,10235,303585,4,4,1399
12-Jul-22,150359,11146,303696,1,1,4017
12-Jul-22,150366,11107,303711,1,0,6118
12-Jul-22,150382,1041,303750,3,3,5620
12-Jul-22,150413,8444,303807,1,0,5813
12-Jul-22,150462,8219,303900,1,0,14934
12-Jul-22,150630,11233,304257,2,0,12904
12-Jul-22,150697,3610,304380,3,0,13177
12-Jul-22,150704,9938,304389,1,1,3726
12-Jul-22,150731,1038,304437,2,2,8309
12-Jul-22,150884,8443,304731,1,1,6735
12-Jul-22,150998,8428,304971,1,0,1799
12-Jul-22,151046,3615,305064,5,5,6041
12-Jul-22,151089,13764,305157,1,0,7746
12-Jul-22,151095,8425,305169,1,0,5175
12-Jul-22,151110,8424,305208,1,0,3479
12-Jul-22,151111,8424,305208,1,0,3341
12-Jul-22,151115,3610,305220,4,0,12704
12-Jul-22,151119,8424,305229,1,0,3341
12-Jul-22,151192,8457,305367,1,0,7830
12-Jul-22,151213,8444,305418,250,0,6374
12-Jul-22,151275,11107,305517,1,1,5725
12-Jul-22,151279,12749,305523,6,6,6370
12-Jul-22,151293,12547,305544,1,0,5726
12-Jul-22,151311,8419,305586,1,0,17115
12-Jul-22,151328,8378,305622,2,2,3938
12-Jul-22,151398,3610,305778,1,1,13177
12-Jul-22,151424,10975,305841,4,4,17039
12-Jul-22,151526,11233,306045,1,0,12650
12-Jul-22,151550,11233,306105,1,0,12650
12-Jul-22,151572,12547,306156,4,4,11087
12-Jul-22,151580,8444,306171,1,1,6343
12-Jul-22,151621,7860,306252,1,0,3317
12-Jul-22,151631,3615,306276,10,10,6043
12-Jul-22,151658,3615,306339,3,0,6180
12-Jul-22,151659,8457,306342,1,0,8117
12-Jul-22,151691,8437,306402,1,0,2181
12-Jul-22,151722,8219,306471,2,0,14934
12-Jul-22,151796,10236,306642,4,0,1341
12-Jul-22,151838,1043,306735,6,0,11568
12-Jul-22,151865,1038,306792,5,5,8188
12-Jul-22,151870,11233,306801,1,0,12268
12-Jul-22,151919,1038,306918,10,0,8042
12-Jul-22,151933,11143,306951,1,0,3102
12-Jul-22,151991,10247,307104,1,1,8179
12-Jul-22,151994,11107,307110,1,1,5725
12-Jul-22,152008,13618,307143,2,2,3251.1
12-Jul-22,152027,11117,307185,1,1,6434
12-Jul-22,152049,7640,307236,4,4,15638
12-Jul-22,152077,13548,307296,5,5,4544
12-Jul-22,152097,3603,307335,3,3,7466
12-Jul-22,152110,9171,307353,1,1,6510
12-Jul-22,152112,12697,307356,1,1,2098
12-Jul-22,152136,1038,307416,1,0,8315
12-Jul-22,152165,7596,307479,1,1,2094
12-Jul-22,152195,8424,307542,1,1,3341
12-Jul-22,152201,10215,307548,3,3,5821
12-Jul-22,152220,8219,307593,4,0,14934
12-Jul-22,152267,13524,307671,2,2,4430
12-Jul-22,152412,12547,307965,1,1,5726
12-Jul-22,152453,7554,308061,1,1,13975
12-Jul-22,152470,13745,308109,2,2,5275
12-Jul-22,152619,7596,308403,10,0,40
12-Jul-22,152663,7640,308505,10,10,16903
12-Jul-22,152666,12701,308514,2,2,9542
12-Jul-22,152667,12701,308514,1,1,6470
12-Jul-22,152671,7640,308523,1,1,16903
12-Jul-22,152707,14374,308601,1,0,19831
12-Jul-22,152751,12784,308694,5,0,2134
12-Jul-22,152806,12547,308802,1,1,5726
12-Jul-22,152813,8460,308823,1,0,3756
12-Jul-22,152817,13682,308823,1,0,3044
12-Jul-22,152824,8439,308835,1,0,1871
12-Jul-22,152843,8444,308865,1,1,3820
12-Jul-22,152851,13524,308886,4,4,4317
12-Jul-22,152852,9901,308889,1,1,3900
12-Jul-22,152928,12912,309048,1,0,3844
12-Jul-22,152939,11107,309072,2,0,5725
12-Jul-22,152964,12547,309117,1,0,5726
12-Jul-22,153018,7586,309246,1,1,11410
12-Jul-22,153075,12784,309366,1,0,2138
12-Jul-22,153082,8384,309381,1,0,5562
12-Jul-22,153090,8384,309393,2,2,5404
12-Jul-22,153094,8425,309402,3,0,4894
12-Jul-22,153131,8425,309483,2,0,4894
12-Jul-22,153142,11899,309501,1,1,13782
12-Jul-22,153148,13696,309507,3,0,6475
12-Jul-22,153185,7640,309579,10,10,16903
12-Jul-22,153267,8425,309750,1,1,5076
12-Jul-22,153280,12701,309774,2,2,6470
12-Jul-22,153290,3613,309795,1,0,10273
12-Jul-22,153295,12652,309807,5,0,7770
12-Jul-22,153319,11146,309864,1,0,4510
12-Jul-22,153368,3613,309957,100,0,8990
12-Jul-22,153400,12547,310038,1,0,5726
12-Jul-22,153418,1038,310086,1,1,8324
12-Jul-22,153420,13524,310086,1,1,4430
12-Jul-22,153434,10975,310122,1,0,18602
12-Jul-22,153445,1041,310149,2,0,4954
12-Jul-22,153465,11104,310185,2,0,12723
12-Jul-22,153519,8429,310299,1,0,2774
12-Jul-22,153521,8437,310299,1,1,2139
12-Jul-22,153540,10247,310341,1,0,7724
12-Jul-22,153588,11233,310443,1,1,11996
12-Jul-22,153592,10236,310452,1,0,1432
12-Jul-22,153701,8452,310665,1,0,8967
12-Jul-22,153722,12784,310710,1,0,2134
12-Jul-22,153745,11136,310767,1,0,2723
12-Jul-22,153823,3279,310926,1,0,8814.94
12-Jul-22,153832,13501,310935,1,1,11832
12-Jul-22,153864,8424,311001,2,2,3479
12-Jul-22,153952,13618,311199,7,0,3251
12-Jul-22,153964,8444,311223,1,1,6343
12-Jul-22,153987,8378,311277,2,2,4141
12-Jul-22,154098,10204,311508,14,0,4059
12-Jul-22,154128,11233,311574,1,0,12458
12-Jul-22,154285,1041,311940,1,1,5707
12-Jul-22,154368,8444,312135,2,2,6374
12-Jul-22,154384,12400,312168,2,0,6080
12-Jul-22,154427,1043,312264,2,2,11889
12-Jul-22,154444,13501,312303,1,0,12105
12-Jul-22,154446,13524,312306,1,0,4430
12-Jul-22,154452,8425,312321,3,3,4816
12-Jul-22,154458,12652,312339,5,0,7770
12-Jul-22,154500,13618,312420,1,1,3251
12-Jul-22,154616,7553,312675,2,2,3040
12-Jul-22,154654,1038,312762,1,0,8309
12-Jul-22,154679,7596,312819,1,0,4211
12-Jul-22,154715,8457,312897,1,0,8117
12-Jul-22,154766,12701,313002,1,0,9397
12-Jul-22,154787,8425,313053,3,3,4635
12-Jul-22,154790,1041,313059,2,0,5509
12-Jul-22,154807,3610,313092,1,1,12768
12-Jul-22,154836,8457,313137,1,0,8117
12-Jul-22,154850,8425,313161,1,0,5363
12-Jul-22,154858,8425,313185,1,1,5076
12-Jul-22,154877,13192,313227,1,1,14413
12-Jul-22,154911,7599,313290,36,0,3440
12-Jul-22,154938,8210,313356,1,1,16302
12-Jul-22,154946,9171,313368,1,1,6425
12-Jul-22,154964,8443,313410,1,0,6335
12-Jul-22,154975,12677,313434,1,1,3439
12-Jul-22,155001,13618,313488,5,5,3251
12-Jul-22,155048,1043,313599,1,0,5854
12-Jul-22,155068,11143,313653,1,0,3551
12-Jul-22,155073,12547,313659,5,5,5680
12-Jul-22,155076,11140,313665,1,0,4758
12-Jul-22,155155,11143,313851,1,0,3388
12-Jul-22,155197,12547,313947,5,2,5680
12-Jul-22,155212,3611,313983,1,1,4217
12-Jul-22,155273,7653,314100,10,5,11758
12-Jul-22,155309,8378,314196,1,1,4274
12-Jul-22,155339,13524,314265,1,1,4430
12-Jul-22,155344,8425,314277,1,1,5076
12-Jul-22,155377,7860,314346,5,5,2748
12-Jul-22,155386,8444,314367,2,2,6589
12-Jul-22,155390,1038,314373,6,6,8588
12-Jul-22,155403,1805,314403,3,3,17527
12-Jul-22,155428,12758,314451,1,1,8050
12-Jul-22,155457,8131,314514,1,0,8760
12-Jul-22,155506,8714,314625,1,0,5431
12-Jul-22,155556,1805,314685,1,0,17527
12-Jul-22,155559,12784,314694,2,2,2134
12-Jul-22,155585,1038,314736,1,0,8445
12-Jul-22,155603,11104,314772,1,1,12723
12-Jul-22,155616,8420,314802,1,1,6828
12-Jul-22,155663,8425,314892,1,0,4795
12-Jul-22,155732,8425,315009,1,1,4816
12-Jul-22,155757,1038,315060,4,4,8324
12-Jul-22,155810,1043,315147,1,1,5854
12-Jul-22,155852,9171,315228,1,1,6510
12-Jul-22,155865,11107,315264,1,1,5725
12-Jul-22,155866,8449,315267,1,0,6444
12-Jul-22,155909,13682,315369,10,0,3076.3
12-Jul-22,155913,3611,315381,2,2,4693
12-Jul-22,155926,13905,315420,1,1,3167
12-Jul-22,155981,3615,315540,2,2,6041
12-Jul-22,155985,8422,315549,1,1,3445
12-Jul-22,156024,10235,315642,1,1,1501
12-Jul-22,156063,9916,315708,1,0,3650
12-Jul-22,156072,1041,315729,1,1,4998
12-Jul-22,156075,1041,315735,1,0,5725
12-Jul-22,156083,1038,315747,1,0,8324
12-Jul-22,156088,10975,315759,1,0,12632
12-Jul-22,156093,7677,315768,4,0,9001
12-Jul-22,156095,10975,315774,1,0,10110
12-Jul-22,156100,8443,315789,7,7,6530
12-Jul-22,156110,8421,315810,1,0,2607
12-Jul-22,156111,11121,315813,1,1,1933
12-Jul-22,156150,11137,315897,6,6,3696
12-Jul-22,156181,3279,315963,9,0,9724
12-Jul-22,156188,3611,315984,2,2,4217
12-Jul-22,156198,11172,316005,1,0,2574
12-Jul-22,156278,1038,316176,1,0,8588
12-Jul-22,156298,11233,316221,1,0,7857
12-Jul-22,156339,8421,316293,1,1,4714
12-Jul-22,156341,8425,316293,1,1,5076
12-Jul-22,156393,10247,316413,5,5,7270
12-Jul-22,156421,1043,316455,1,1,11889
12-Jul-22,156427,1041,316458,1,0,4954
12-Jul-22,156525,7860,316695,1,1,2748
12-Jul-22,156585,8435,316836,1,1,4486
12-Jul-22,156647,7649,316965,1,0,11096
12-Jul-22,156758,8425,317163,2,0,4816
12-Jul-22,156865,12681,317421,2,2,5658
12-Jul-22,156903,11233,317499,2,2,13275
12-Jul-22,156963,1038,317625,1,0,7679
12-Jul-22,156965,13192,317628,1,0,13949
12-Jul-22,157022,8439,317757,5,0,1871
12-Jul-22,157072,10975,317868,1,1,18402
12-Jul-22,157078,13592,317880,2,0,1540
12-Jul-22,157147,12701,318039,1,0,9397
12-Jul-22,157161,8219,318066,1,0,14267
12-Jul-22,157173,12677,318090,2,0,3439
12-Jul-22,157199,12386,318132,1,1,7681
12-Jul-22,157252,8425,318225,2,2,4894
12-Jul-22,157263,8428,318252,1,1,1763
12-Jul-22,157295,8439,318312,2,0,1876
12-Jul-22,157313,10204,318354,1,1,3635
12-Jul-22,157335,11136,318399,40,0,2489
12-Jul-22,157342,12701,318417,1,0,9542
12-Jul-22,157400,3284,318552,5,0,6790
12-Jul-22,157405,11169,318567,1,0,6907
12-Jul-22,157413,11169,318582,1,1,6907
12-Jul-22,157440,1041,318651,1,0,5007
12-Jul-22,157512,12802,318816,20,20,2181.12
12-Jul-22,157582,8444,318963,1,0,6589
13-Jul-22,147373,13742,297639,1,0,2250
13-Jul-22,147467,7860,297798,1,0,3315
13-Jul-22,147472,8751,297807,1,1,3761
13-Jul-22,147478,10975,297822,1,0,18602
13-Jul-22,147492,13764,297861,1,1,7746
13-Jul-22,147495,1041,297864,1,0,5908
13-Jul-22,147505,8751,297885,1,0,4774
13-Jul-22,147517,3279,297915,1,0,9724
13-Jul-22,147530,11735,297948,1,0,4131
13-Jul-22,147542,3615,297981,2,0,6437
13-Jul-22,147569,10224,298047,1,0,4357
13-Jul-22,147635,8714,298188,1,0,5632
13-Jul-22,147644,8457,298206,1,0,8039
13-Jul-22,147688,7583,298296,1,0,21247
13-Jul-22,147767,9915,298461,1,1,3599
13-Jul-22,147820,9171,298566,2,2,6510
13-Jul-22,147834,1041,298587,1,0,4954
13-Jul-22,147922,8425,298743,1,0,4862
13-Jul-22,148003,8378,298890,5,0,3896
13-Jul-22,148030,12803,298935,1,0,5884
13-Jul-22,148087,10235,299046,1,1,1432
13-Jul-22,148126,8219,299130,24,24,14358
13-Jul-22,148164,12701,299205,10,0,9542
13-Jul-22,148177,11926,299229,1,0,6997
13-Jul-22,148235,10235,299358,1,1,1432
13-Jul-22,148240,3592,299367,1,0,6510
13-Jul-22,148320,11926,299499,3,3,6997
13-Jul-22,148322,10224,299505,1,0,4349
13-Jul-22,148323,10224,299505,1,0,4360.17
13-Jul-22,148440,8425,299697,1,1,5110
13-Jul-22,148536,13524,299859,8,8,4362
13-Jul-22,148548,8424,299877,1,1,3511
13-Jul-22,148559,1043,299904,1,1,5794
13-Jul-22,148737,12487,300216,4,0,4220
13-Jul-22,148739,8221,300219,15,0,3770
13-Jul-22,148817,3279,300369,1,1,8814.94
13-Jul-22,148865,12547,300474,5,5,5726
13-Jul-22,148871,8425,300486,1,0,5214
13-Jul-22,148960,10236,300678,1,0,1341
13-Jul-22,148968,9916,300690,1,1,3372
13-Jul-22,149083,11137,300939,5,5,3564
13-Jul-22,149105,9915,300999,3,3,3599
13-Jul-22,149114,8425,301014,1,1,5118
13-Jul-22,149177,13502,301134,3,3,12064
13-Jul-22,149193,1045,301161,3,2,3668
13-Jul-22,149263,10418,301317,1,0,4654
13-Jul-22,149272,13524,301335,1,1,4476
13-Jul-22,149332,12652,301449,10,10,7956
13-Jul-22,149352,11146,301491,1,0,6880
13-Jul-22,149425,3610,301650,3,3,13177
13-Jul-22,149440,11110,301683,1,0,4103
13-Jul-22,149538,8444,301905,3,3,5813
13-Jul-22,149589,7583,302007,2,0,28577
13-Jul-22,149618,3610,302067,2,0,13177
13-Jul-22,149636,8378,302100,1,1,3938
13-Jul-22,149668,1041,302157,1,0,5725
13-Jul-22,149673,11188,302172,1,1,3311
13-Jul-22,149704,3615,302226,2,0,6125
13-Jul-22,149712,12487,302241,10,10,4220
13-Jul-22,149723,8210,302268,1,0,14612
13-Jul-22,149737,10235,302295,5,0,1399
13-Jul-22,149762,10224,302355,2,1,4581
13-Jul-22,149763,10224,302358,1,0,4534
13-Jul-22,149779,9882,302400,2,2,13751
13-Jul-22,149788,1038,302415,4,3,8052
13-Jul-22,149799,8219,302439,2,2,15166
13-Jul-22,149913,10235,302709,1,0,1446
13-Jul-22,149933,11117,302754,2,2,6434
13-Jul-22,149941,10975,302778,1,0,17039
13-Jul-22,149964,11731,302820,1,0,6679
13-Jul-22,150030,10975,302949,1,0,11741
13-Jul-22,150076,8425,303051,1,1,5300
13-Jul-22,150082,10224,303066,2,2,4357
13-Jul-22,150087,12547,303081,1,0,11087
13-Jul-22,150092,8447,303096,1,0,3558
13-Jul-22,150142,13764,303216,1,0,7746
13-Jul-22,150148,12701,303231,1,0,9542
13-Jul-22,150183,3279,303330,2,0,8814.94
13-Jul-22,150195,11107,303360,1,0,6118
13-Jul-22,150205,3615,303387,3,0,6745
13-Jul-22,150208,9938,303396,1,0,3726
13-Jul-22,150343,12700,303660,1,0,12758
13-Jul-22,150347,11107,303669,2,2,6158
13-Jul-22,150386,9897,303756,1,0,9371
13-Jul-22,150390,13764,303762,3,3,7746
13-Jul-22,150403,1805,303789,1,0,18654
13-Jul-22,150411,13718,303801,5,5,5891
13-Jul-22,150455,8219,303882,1,0,14934
13-Jul-22,150459,7586,303891,1,0,6557
13-Jul-22,150532,3610,304035,1,0,13177
13-Jul-22,150544,10248,304062,1,0,5646
13-Jul-22,150594,14360,304167,1,1,10905
13-Jul-22,150628,3615,304251,1,0,6041
13-Jul-22,150633,8210,304263,1,1,12837
13-Jul-22,150640,8796,304275,1,1,3987
13-Jul-22,150771,12701,304506,1,1,6379
13-Jul-22,150779,9916,304524,1,1,3650
13-Jul-22,150931,8444,304824,1,1,3535
13-Jul-22,150950,8221,304869,6,0,6182
13-Jul-22,150953,9895,304878,5,0,1128.5
13-Jul-22,150990,10235,304965,3,0,1432
13-Jul-22,150992,8753,304965,1,1,7432
13-Jul-22,151007,3610,304986,1,1,13177
13-Jul-22,151008,8751,304989,1,0,3834
13-Jul-22,151015,10236,304998,1,1,1341
13-Jul-22,151042,7607,305052,2,2,12541
13-Jul-22,151050,7586,305076,1,0,6557
13-Jul-22,151128,13618,305247,17,0,3251
13-Jul-22,151170,8435,305322,1,0,10747
13-Jul-22,151251,10225,305478,1,0,4197
13-Jul-22,151263,8444,305499,5,5,5813
13-Jul-22,151363,2367,305703,10,10,479
13-Jul-22,151519,8425,306030,1,0,4816
13-Jul-22,151541,13743,306081,1,0,8
13-Jul-22,151543,11899,306087,1,0,13782
13-Jul-22,151604,8760,306222,3,3,2363
13-Jul-22,151626,8327,306264,1,0,751
13-Jul-22,151634,3615,306285,5,5,6041
13-Jul-22,151702,3279,306432,1,0,8814.94
13-Jul-22,151732,1038,306492,1,1,8188
13-Jul-22,151764,7640,306573,1,1,15638
13-Jul-22,151785,10235,306612,7,7,1446
13-Jul-22,151786,11899,306615,1,1,13782
13-Jul-22,151831,7640,306723,2,2,16490
13-Jul-22,151902,8444,306873,1,0,5813
13-Jul-22,151908,8219,306885,3,0,14934
13-Jul-22,152019,12701,307164,1,1,5856
13-Jul-22,152029,3615,307191,1,0,6041
13-Jul-22,152091,7607,307323,1,1,12541
13-Jul-22,152120,11233,307377,1,1,12268
13-Jul-22,152135,11146,307413,1,1,7524
13-Jul-22,152289,10236,307710,3,0,1432
13-Jul-22,152323,2862,307788,3,0,4640
13-Jul-22,152338,10975,307827,3,3,18602
13-Jul-22,152391,10247,307923,1,1,7270
13-Jul-22,152447,8429,308049,1,0,2583
13-Jul-22,152509,8210,308193,4,4,12837
13-Jul-22,152512,8424,308199,1,0,3404
13-Jul-22,152557,11233,308292,1,0,12904
13-Jul-22,152588,8219,308352,10,10,15166
13-Jul-22,152734,10236,308658,2,0,1386
13-Jul-22,152742,8425,308673,10,0,4816
13-Jul-22,152882,13764,308955,1,0,7746
13-Jul-22,152904,8429,309009,1,0,2774
13-Jul-22,152925,12701,309039,2,0,6470
13-Jul-22,152950,8437,309093,2,0,2290
13-Jul-22,152977,8358,309138,5,0,2083
13-Jul-22,153014,12547,309237,4,2,5726
13-Jul-22,153025,13524,309258,1,0,4317
13-Jul-22,153063,7607,309336,2,2,12323
13-Jul-22,153070,3611,309357,1,0,4693
13-Jul-22,153103,12749,309423,5,0,6370
13-Jul-22,153109,13765,309438,3,3,2633
13-Jul-22,153154,8378,309522,40,40,4010
13-Jul-22,153205,8444,309624,1,0,6374
13-Jul-22,153212,8425,309633,1,1,5363
13-Jul-22,153233,3610,309681,1,0,12704
13-Jul-22,153262,11899,309735,1,1,13782
13-Jul-22,153266,1043,309747,2,2,11568
13-Jul-22,153297,1043,309813,1,0,5854
13-Jul-22,153301,12652,309819,3,3,7770
13-Jul-22,153327,12652,309876,1,1,7770
13-Jul-22,153338,11140,309894,1,1,4675
13-Jul-22,153339,13524,309897,1,1,4317
13-Jul-22,153353,8418,309927,1,0,4190
13-Jul-22,153395,8422,310026,1,0,4069
13-Jul-22,153409,3615,310062,1,0,6041
13-Jul-22,153491,3610,310248,5,5,12768
13-Jul-22,153552,8760,310377,6,0,2363
13-Jul-22,153624,10226,310521,1,0,3880
13-Jul-22,153629,3610,310533,1,0,13268
13-Jul-22,153671,12407,310611,2,2,8906
13-Jul-22,153682,10975,310635,2,2,5893
13-Jul-22,153699,8378,310662,1,0,4441
13-Jul-22,153766,8760,310812,6,0,2363
13-Jul-22,153789,14407,310866,1,0,11653
13-Jul-22,153847,3279,310965,1,0,8814.94
13-Jul-22,153850,8714,310965,3,0,5431
13-Jul-22,153851,8375,310968,1,0,301
13-Jul-22,153867,8444,311010,1,0,3820
13-Jul-22,153881,11163,311043,1,0,5379
13-Jul-22,153902,11106,311097,1,0,5291
13-Jul-22,153910,8420,311112,2,0,6447
13-Jul-22,153939,3610,311172,1,1,13284
13-Jul-22,153945,7586,311184,1,1,6557
13-Jul-22,153983,3611,311271,10,10,4526
13-Jul-22,153998,2862,311304,1,1,4021
13-Jul-22,154008,11123,311328,1,0,5708
13-Jul-22,154018,7575,311346,1,1,10378
13-Jul-22,154047,12803,311415,4,2,5884
13-Jul-22,154051,3624,311418,1,1,5453
13-Jul-22,154094,10227,311502,1,0,1478
13-Jul-22,154118,11146,311550,1,1,6880
13-Jul-22,154164,8425,311661,1,1,5076
13-Jul-22,154215,12505,311787,1,0,32992
13-Jul-22,154233,1041,311829,1,0,5334
13-Jul-22,154260,8422,311889,1,0,6140
13-Jul-22,154309,10245,311994,1,0,11375
13-Jul-22,154369,8384,312138,5,5,5743
13-Jul-22,154410,3615,312234,1,0,6041
13-Jul-22,154412,1038,312240,4,0,8309
13-Jul-22,154442,8219,312297,10,10,14934
13-Jul-22,154618,7553,312675,1,1,5527
13-Jul-22,154631,7586,312705,1,1,6557
13-Jul-22,154640,1038,312729,2,0,7543
13-Jul-22,154666,8429,312792,1,0,2632
13-Jul-22,154720,11165,312903,1,0,20482
13-Jul-22,154761,8424,312990,1,0,3372
13-Jul-22,154800,12749,313077,2,2,6211
13-Jul-22,154864,3613,313197,2,0,8038
13-Jul-22,154867,13618,313206,3,0,3251
13-Jul-22,154884,1041,313248,2,2,5620
13-Jul-22,154885,1041,313248,1,1,5090
13-Jul-22,154888,12547,313251,5,5,5771
13-Jul-22,155005,12677,313494,2,2,3439
13-Jul-22,155022,11188,313533,3,3,3867
13-Jul-22,155024,10204,313539,10,10,4606.8
13-Jul-22,155051,11120,313608,1,0,10333
13-Jul-22,155056,10204,313620,1,1,4059
13-Jul-22,155057,3610,313623,1,1,13284
13-Jul-22,155098,12701,313719,5,0,9542
13-Jul-22,155138,1043,313815,1,1,5854
13-Jul-22,155139,11106,313818,1,0,6270
13-Jul-22,155175,12547,313902,2,2,5680
13-Jul-22,155221,12999,314001,5,0,2972
13-Jul-22,155222,10235,314004,2,2,1501
13-Jul-22,155256,3615,314058,5,0,6043
13-Jul-22,155303,7640,314178,1,0,14449
13-Jul-22,155359,3610,314310,4,3,12704
13-Jul-22,155400,7640,314394,7,7,14449
13-Jul-22,155415,13733,314418,1,1,6347
13-Jul-22,155458,8760,314517,8,4,2363
13-Jul-22,155504,13918,314619,1,1,2000
13-Jul-22,155598,8760,314760,1,0,2363
13-Jul-22,155656,13682,314880,6,0,3044
13-Jul-22,155864,8449,315261,1,0,6444
13-Jul-22,155893,1038,315333,1,0,8324
13-Jul-22,155904,11117,315357,1,0,6706
13-Jul-22,155920,3610,315402,1,1,8233
13-Jul-22,155951,3610,315483,1,1,8233
13-Jul-22,156046,1043,315672,1,0,22849
13-Jul-22,156119,8418,315831,1,0,4152
13-Jul-22,156121,11146,315834,2,2,6880
13-Jul-22,156154,3611,315903,26,26,4693
13-Jul-22,156257,10224,316128,1,1,4988
13-Jul-22,156301,9915,316227,1,0,3617
13-Jul-22,156302,8425,316230,1,0,4894
13-Jul-22,156365,8210,316350,1,1,14212
13-Jul-22,156366,8210,316350,1,1,7576
13-Jul-22,156380,2862,316383,5,0,4021
13-Jul-22,156408,10225,316431,1,1,4988
13-Jul-22,156463,12547,316548,8,8,5730
13-Jul-22,156536,12547,316719,1,1,5730
13-Jul-22,156586,1041,316839,1,0,5725
13-Jul-22,156594,10236,316854,2,2,1386
13-Jul-22,156644,7575,316965,1,0,6260
13-Jul-22,156656,7584,316968,1,0,42514
13-Jul-22,156718,3610,317088,1,1,8233
13-Jul-22,156764,3610,317178,1,0,8233
13-Jul-22,156782,12547,317217,1,1,5771
13-Jul-22,156788,10247,317229,1,1,8179
13-Jul-22,156805,8714,317271,1,0,4953
13-Jul-22,156809,13752,317277,1,1,9065
13-Jul-22,156819,8714,317301,1,1,4953
13-Jul-22,156850,11233,317379,1,1,7857
13-Jul-22,156859,11133,317406,1,0,1802
13-Jul-22,156873,8418,317442,1,0,4190
13-Jul-22,156895,12455,317478,1,1,5771
13-Jul-22,156934,12701,317571,2,2,9542
13-Jul-22,156960,11170,317619,1,0,14135
13-Jul-22,156992,10224,317682,1,0,4803
13-Jul-22,157043,7653,317808,10,10,11536
13-Jul-22,157075,11143,317874,1,1,3564
13-Jul-22,157081,2862,317889,1,0,4021
13-Jul-22,157088,11146,317907,2,2,4017
13-Jul-22,157124,7643,317991,1,0,2270
13-Jul-22,157145,8378,318033,1,0,4141
13-Jul-22,157150,7860,318048,1,0,2748
13-Jul-22,157159,12701,318063,1,1,9542
13-Jul-22,157165,8424,318075,1,0,3472
13-Jul-22,157166,11138,318078,1,1,66851
13-Jul-22,157195,7993,318129,10,10,10420
13-Jul-22,157214,12681,318162,1,1,5658
13-Jul-22,157216,1038,318165,20,20,7679
13-Jul-22,157224,12701,318180,2,2,6470
13-Jul-22,157241,12701,318207,1,1,6470
13-Jul-22,157305,11164,318333,1,0,7625
13-Jul-22,157369,3615,318483,2,2,6725
13-Jul-22,157389,12547,318528,25,25,5680
13-Jul-22,157401,1041,318555,1,1,5861
13-Jul-22,157424,12701,318609,4,4,9297
13-Jul-22,157433,10529,318633,1,0,7252
13-Jul-22,157446,8418,318663,1,0,4420
13-Jul-22,157463,12995,318702,10,0,1998
13-Jul-22,157489,3615,318768,2,0,6043
13-Jul-22,157516,8210,318828,1,1,14212
13-Jul-22,157526,1043,318849,1,1,11568
13-Jul-22,157543,12995,318873,10,1,1998
14-Jul-22,147363,12400,297612,1,1,6683
14-Jul-22,147366,13764,297621,1,1,7746
14-Jul-22,147370,8221,297633,6,6,3499
14-Jul-22,147424,14354,297723,1,1,2501
14-Jul-22,147433,7586,297744,35,35,6800
14-Jul-22,147605,8425,298119,1,0,4930
14-Jul-22,147657,9171,298224,2,0,6634
14-Jul-22,147679,12748,298269,5,0,2810
14-Jul-22,147685,7860,298287,2,0,2748
14-Jul-22,147703,10204,298320,1,0,4024
14-Jul-22,147750,9916,298425,1,0,3999
14-Jul-22,147776,13742,298482,1,0,2250
14-Jul-22,147811,11146,298557,1,1,4017
14-Jul-22,147841,10529,298599,1,0,7409
14-Jul-22,147898,11146,298698,1,0,4567
14-Jul-22,147984,3613,298857,1,1,8110
14-Jul-22,148010,10224,298905,1,0,4360.17
14-Jul-22,148043,8210,298956,10,0,7299
14-Jul-22,148059,10224,298977,1,1,4538.14
14-Jul-22,148127,8219,299130,6,6,14586
14-Jul-22,148146,8208,299169,1,1,8429
14-Jul-22,148157,3279,299190,1,1,8814.94
14-Jul-22,148222,13524,299328,1,0,4476
14-Jul-22,148224,1038,299334,1,0,8762
14-Jul-22,148232,3615,299355,2,0,6041
14-Jul-22,148272,2862,299433,1,0,4021
14-Jul-22,148280,10235,299451,2,2,1387
14-Jul-22,148290,10235,299475,2,0,1446
14-Jul-22,148296,10224,299478,1,0,4538.14
14-Jul-22,148352,8444,299571,1,0,6034
14-Jul-22,148368,9916,299592,4,0,3372
14-Jul-22,148369,8425,299595,1,1,4930
14-Jul-22,148427,10236,299670,2,2,1341
14-Jul-22,148466,8131,299739,3,0,8599
14-Jul-22,148486,8378,299778,2,0,3938
14-Jul-22,148520,8378,299835,50,50,3938
14-Jul-22,148524,11899,299841,1,1,13782
14-Jul-22,148563,8219,299910,1,1,15311
14-Jul-22,148590,3615,299958,5,0,6180
14-Jul-22,148662,10236,300066,1,0,1341
14-Jul-22,148708,10245,300156,4,0,9453
14-Jul-22,148726,10235,300195,5,0,1446
14-Jul-22,148746,12652,300228,4,4,7956
14-Jul-22,148860,8760,300459,3,0,2363
14-Jul-22,148899,3610,300546,1,0,8299
14-Jul-22,148912,13618,300576,1,0,3251
14-Jul-22,148942,8444,300633,1,0,3811
14-Jul-22,148949,3610,300648,1,1,13177
14-Jul-22,148965,8425,300687,8,0,5118
14-Jul-22,148994,10975,300759,2,0,14211
14-Jul-22,148997,3615,300768,3,0,6180
14-Jul-22,149068,8208,300903,3,3,8429
14-Jul-22,149094,7860,300966,5,2,3317
14-Jul-22,149126,10204,301035,1,0,4024
14-Jul-22,149175,8242,301131,4,4,1636
14-Jul-22,149236,13764,301251,1,0,7746
14-Jul-22,149246,8177,301272,1,0,2150.85
14-Jul-22,149265,7285,301323,1,0,5114
14-Jul-22,149297,9916,301383,72,72,3372
14-Jul-22,149312,3610,301416,1,0,8500
14-Jul-22,149318,10233,301428,2,0,2250
14-Jul-22,149334,12749,301455,3,0,6211
14-Jul-22,149363,10238,301512,1,0,6198
14-Jul-22,149411,10204,301611,3,0,4033
14-Jul-22,149412,10224,301614,1,1,4357
14-Jul-22,149431,8753,301662,1,1,7724
14-Jul-22,149455,12487,301719,1,1,4308
14-Jul-22,149562,11139,301950,1,0,4319
14-Jul-22,149586,10235,302001,1,1,1432
14-Jul-22,149626,3610,302082,1,0,13268
14-Jul-22,149638,11140,302106,1,0,2728
14-Jul-22,149757,13934,302340,5,5,2997.3
14-Jul-22,149811,8210,302463,1,1,12452
14-Jul-22,149813,8425,302466,1,1,5118
14-Jul-22,149833,12652,302514,5,5,7956
14-Jul-22,149836,11233,302523,1,0,12650
14-Jul-22,149853,3615,302562,2,0,6041
14-Jul-22,149858,9895,302577,1,0,1128.5
14-Jul-22,149894,12701,302676,1,0,9542
14-Jul-22,149910,12784,302703,1,1,2134
14-Jul-22,149948,7860,302790,1,0,3315
14-Jul-22,149955,8210,302799,1,0,14612
14-Jul-22,150046,14309,302973,1,0,8270
14-Jul-22,150057,8424,303003,1,1,3511
14-Jul-22,150084,8219,303072,4,4,14934
14-Jul-22,150173,10248,303303,1,0,4857
14-Jul-22,150218,9895,303417,2,0,1128.5
14-Jul-22,150225,8221,303438,40,0,3770
14-Jul-22,150234,14352,303459,1,1,3318
14-Jul-22,150242,10236,303480,3,3,1341
14-Jul-22,150258,3610,303501,1,0,13177
14-Jul-22,150265,3610,303516,50,50,12704
14-Jul-22,150272,3610,303531,5,5,12768
14-Jul-22,150273,3610,303531,1,1,8233
14-Jul-22,150316,13524,303612,5,5,4362
14-Jul-22,150327,8444,303636,13,0,6374
14-Jul-22,150350,14352,303678,1,0,3318
14-Jul-22,150444,8444,303861,1,1,5813
14-Jul-22,150475,8221,303924,1,0,6182
14-Jul-22,150484,3610,303945,2,2,12704
14-Jul-22,150494,12701,303957,1,1,6470
14-Jul-22,150549,1043,304074,1,0,11504
14-Jul-22,150552,3610,304077,1,1,8233
14-Jul-22,150568,7607,304110,1,0,12541
14-Jul-22,150603,7640,304188,1,1,15638
14-Jul-22,150626,1046,304245,2,1,6652
14-Jul-22,150715,10235,304407,1,1,1399
14-Jul-22,150752,8439,304479,1,0,1910
14-Jul-22,150753,8428,304479,2,0,1793
14-Jul-22,150799,3302,304566,2,0,4623
14-Jul-22,150818,8221,304602,1,1,6182
14-Jul-22,150859,8444,304683,1,0,6618
14-Jul-22,150868,11146,304701,1,1,7524
14-Jul-22,150874,8444,304707,1,1,6034
14-Jul-22,150895,12505,304755,1,0,32992
14-Jul-22,150896,8221,304758,11,11,3770
14-Jul-22,150981,11925,304947,1,0,11814
14-Jul-22,151030,12547,305025,28,0,5726
14-Jul-22,151081,11899,305136,1,0,13782
14-Jul-22,151102,12547,305190,10,10,5726
14-Jul-22,151165,8429,305316,1,0,2583
14-Jul-22,151178,8443,305340,1,1,6416
14-Jul-22,151193,12415,305370,1,0,19700
14-Jul-22,151207,8208,305406,1,0,8429
14-Jul-22,151243,7827,305478,1,0,6952
14-Jul-22,151255,11143,305484,1,0,3102
14-Jul-22,151257,8425,305487,1,0,5076
14-Jul-22,151265,8444,305499,3,3,6034
14-Jul-22,151307,8221,305574,3,3,3770
14-Jul-22,151324,12701,305613,1,1,6470
14-Jul-22,151325,12701,305613,1,1,6561
14-Jul-22,151434,1041,305862,1,1,5620
14-Jul-22,151520,11899,306033,1,0,14322
14-Jul-22,151590,11899,306189,1,1,14322
14-Jul-22,151607,11233,306228,1,1,12650
14-Jul-22,151619,12803,306249,1,1,5884
14-Jul-22,151678,1038,306378,1,1,8315
14-Jul-22,151694,7569,306411,1,1,29395
14-Jul-22,151714,13750,306453,1,1,4054
14-Jul-22,151746,3610,306528,1,1,12768
14-Jul-22,151792,8425,306633,1,0,4816
14-Jul-22,151836,8422,306729,1,0,4073
14-Jul-22,151859,8428,306783,5,5,1654
14-Jul-22,151917,11117,306912,1,0,6434
14-Jul-22,151977,8425,307071,5,0,4635
14-Jul-22,152015,8425,307158,1,1,5076
14-Jul-22,152063,11143,307263,1,1,3564
14-Jul-22,152066,3284,307269,2,0,5271
14-Jul-22,152099,8444,307335,1,1,6034
14-Jul-22,152118,12547,307371,2,0,5730
14-Jul-22,152219,3605,307590,1,0,3889
14-Jul-22,152234,9938,307614,1,0,3726
14-Jul-22,152254,13524,307653,1,0,4430
14-Jul-22,152271,11123,307677,1,0,6427
14-Jul-22,152281,8384,307695,7,7,5469
14-Jul-22,152297,8444,307731,1,1,6343
14-Jul-22,152303,13696,307737,2,2,5875
14-Jul-22,152328,10975,307800,1,1,5838
14-Jul-22,152354,1041,307851,1,0,4998
14-Jul-22,152423,8424,307992,1,0,3479
14-Jul-22,152436,8424,308016,1,0,8266
14-Jul-22,152444,12407,308040,1,1,8906
14-Jul-22,152492,13696,308166,30,0,5875
14-Jul-22,152524,10224,308214,1,0,4803
14-Jul-22,152535,8439,308244,1,0,1842
14-Jul-22,152601,7586,308382,17,0,6800
14-Jul-22,152678,12472,308541,2,2,25920
14-Jul-22,152739,11899,308667,1,0,13782
14-Jul-22,152747,13524,308685,1,0,4317
14-Jul-22,152789,3615,308763,8,3,6125
14-Jul-22,152791,11133,308769,1,0,1817
14-Jul-22,152797,3605,308784,1,0,4180
14-Jul-22,152850,13682,308883,1,1,3044
14-Jul-22,152874,8439,308940,2,0,1842
14-Jul-22,152899,10235,308997,5,5,1501
14-Jul-22,152957,8210,309105,1,0,7425
14-Jul-22,152960,8460,309111,1,0,3947
14-Jul-22,153001,12677,309204,1,1,3439
14-Jul-22,153033,8425,309276,1,1,4894
14-Jul-22,153057,11104,309324,1,1,12723
14-Jul-22,153117,8384,309450,5,5,5469
14-Jul-22,153164,8444,309543,2,2,3820
14-Jul-22,153191,8210,309594,1,1,14212
14-Jul-22,153194,3610,309603,3,3,8233
14-Jul-22,153307,8422,309837,2,0,6384
14-Jul-22,153310,13524,309846,5,5,4317
14-Jul-22,153332,8378,309882,9,9,4407
14-Jul-22,153405,8439,310053,5,5,1842
14-Jul-22,153414,3592,310077,2,2,6510
14-Jul-22,153422,7640,310092,1,0,17786
14-Jul-22,153451,12749,310164,1,0,6370
14-Jul-22,153485,10236,310233,2,2,1432
14-Jul-22,153501,1041,310269,1,0,5725
14-Jul-22,153522,1038,310302,1,0,8324
14-Jul-22,153537,12487,310332,1,0,4497
14-Jul-22,153580,11233,310434,1,0,12650
14-Jul-22,153637,8439,310548,1,0,921
14-Jul-22,153639,8420,310554,1,1,6447
14-Jul-22,153660,8335,310590,1,0,2998
14-Jul-22,153668,13524,310602,1,0,4317
14-Jul-22,153691,8422,310653,1,0,6384
14-Jul-22,153707,13745,310683,2,0,5275
14-Jul-22,153762,3279,310800,1,0,8814.94
14-Jul-22,153858,12701,310989,2,0,9542
14-Jul-22,153915,13524,311118,1,0,4430
14-Jul-22,153960,12652,311214,10,10,7770
14-Jul-22,154001,7599,311313,1,0,3568
14-Jul-22,154010,11140,311328,1,0,2730
14-Jul-22,154011,8751,311328,2,0,3834
14-Jul-22,154022,7586,311358,1,0,10154
14-Jul-22,154089,12547,311490,2,2,5771
14-Jul-22,154225,11165,311811,1,0,11077
14-Jul-22,154241,8425,311844,2,2,4816
14-Jul-22,154265,13524,311901,2,2,4317
14-Jul-22,154266,13524,311901,1,1,4430
14-Jul-22,154329,1038,312042,1,0,8324
14-Jul-22,154338,8461,312066,1,1,3320
14-Jul-22,154345,10224,312081,1,1,4988
14-Jul-22,154356,13905,312108,1,0,3167
14-Jul-22,154391,7921,312186,1,0,2214
14-Jul-22,154393,7640,312192,1,1,16903
14-Jul-22,154424,10247,312261,1,1,7724
14-Jul-22,154425,10247,312261,1,1,7134
14-Jul-22,154428,12652,312267,5,0,7770
14-Jul-22,154476,1043,312369,4,0,5854
14-Jul-22,154515,11233,312465,1,1,12650
14-Jul-22,154516,1041,312468,1,0,4816
14-Jul-22,154563,8384,312558,4,4,5743
14-Jul-22,154574,8219,312582,1,0,14934
14-Jul-22,154627,8444,312693,1,0,3820
14-Jul-22,154634,1038,312714,4,0,8309
14-Jul-22,154729,7596,312921,1,1,4211
14-Jul-22,154760,8424,312990,1,0,3511
14-Jul-22,154775,1041,313020,1,1,5620
14-Jul-22,154780,7547,313035,1,1,14961
14-Jul-22,154811,7553,313101,1,0,7422
14-Jul-22,154987,1043,313458,1,1,22045
14-Jul-22,154989,13618,313464,35,35,3251
14-Jul-22,155010,7529,313503,1,1,6588
14-Jul-22,155089,8424,313695,1,0,3511
14-Jul-22,155115,12703,313761,2,0,3373
14-Jul-22,155157,3613,313857,1,0,8110
14-Jul-22,155158,12701,313860,1,1,5856
14-Jul-22,155189,7640,313923,1,1,17786
14-Jul-22,155220,3615,313998,5,5,6041
14-Jul-22,155234,7640,314016,5,5,14449
14-Jul-22,155240,7860,314034,5,5,2748
14-Jul-22,155367,7575,314328,1,1,10378
14-Jul-22,155407,12697,314409,20,0,1052
14-Jul-22,155418,8444,314424,2,2,3811
14-Jul-22,155440,7860,314484,1,0,3317
14-Jul-22,155444,8751,314490,1,0,2893
14-Jul-22,155451,7860,314502,1,1,3317
14-Jul-22,155472,11925,314550,1,1,12210.3
14-Jul-22,155490,13524,314589,1,1,4430
14-Jul-22,155537,1041,314670,1,0,5616
14-Jul-22,155551,13918,314670,2,0,2000
14-Jul-22,155552,10235,314673,2,2,1501
14-Jul-22,155561,1038,314697,1,0,8450
14-Jul-22,155563,1043,314697,1,0,5854
14-Jul-22,155604,3615,314775,5,5,6043
14-Jul-22,155619,12697,314808,5,5,2098
14-Jul-22,155636,12547,314844,5,0,5680
14-Jul-22,155644,11124,314862,5,0,899
14-Jul-22,155646,11124,314862,3,0,853
14-Jul-22,155659,7586,314886,1,1,9677
14-Jul-22,155670,8444,314901,2,0,3820
14-Jul-22,155685,10224,314925,1,0,4619
14-Jul-22,155786,11169,315120,1,0,7370
14-Jul-22,155806,14252,315138,5,2,32992
14-Jul-22,155873,12912,315285,2,0,3844
14-Jul-22,155901,1043,315351,1,0,21818
14-Jul-22,155912,1043,315378,2,2,11889
14-Jul-22,155936,1041,315450,1,0,5616
14-Jul-22,155979,3624,315537,1,1,5453
14-Jul-22,155994,11110,315570,1,0,4048
14-Jul-22,156018,8245,315624,1,0,6341
14-Jul-22,156090,14367,315759,1,0,10492
14-Jul-22,156123,1041,315840,1,0,5620
14-Jul-22,156142,12677,315876,1,1,3439
14-Jul-22,156148,13749,315894,1,1,4715
14-Jul-22,156193,11143,315996,1,0,3102
14-Jul-22,156233,11124,316077,1,0,2247
14-Jul-22,156310,7553,316239,1,0,5527
14-Jul-22,156351,12912,316314,3,0,3844
14-Jul-22,156362,11925,316344,10,10,11814
14-Jul-22,156383,2862,316392,5,4,4021
14-Jul-22,156396,8714,316416,1,1,5632
14-Jul-22,156404,8421,316431,3,3,4389
14-Jul-22,156437,11172,316485,1,0,2614
14-Jul-22,156444,13749,316497,3,0,4715
14-Jul-22,156457,13752,316530,1,1,9412
14-Jul-22,156478,3568,316578,1,0,8206
14-Jul-22,156539,8425,316728,1,0,4894
14-Jul-22,156577,13765,316824,2,2,2633
14-Jul-22,156643,7555,316965,1,0,21735
14-Jul-22,156645,7584,316965,1,0,42514
14-Jul-22,156736,1041,317130,2,0,5453
14-Jul-22,156754,7575,317151,3,0,10378
14-Jul-22,156824,8438,317316,1,0,4967
14-Jul-22,156861,12547,317409,5,5,11178
14-Jul-22,156864,13699,317418,2,2,3230
14-Jul-22,156890,7576,317472,1,0,18566
14-Jul-22,156949,12784,317595,3,3,2134
14-Jul-22,156956,8444,317607,1,1,3820
14-Jul-22,156973,8424,317643,2,0,3511
14-Jul-22,157005,8421,317709,3,0,4776
14-Jul-22,157055,10224,317832,1,1,4803
14-Jul-22,157076,11143,317874,1,1,3113
14-Jul-22,157080,7677,317886,1,0,9001
14-Jul-22,157106,8335,317949,1,1,4148
14-Jul-22,157160,12701,318063,1,1,6470
14-Jul-22,157205,3610,318144,1,0,8233
14-Jul-22,157208,11138,318153,2,2,66851
14-Jul-22,157248,1041,318216,4,4,5007
14-Jul-22,157318,8425,318366,2,0,4894
14-Jul-22,157336,1041,318402,2,0,5225
14-Jul-22,157370,7575,318486,1,1,10378
14-Jul-22,157382,7271,318513,2,2,2673
14-Jul-22,157415,8444,318585,2,0,6134
14-Jul-22,157450,8325,318669,1,0,8633
14-Jul-22,157457,8439,318684,3,0,1876
14-Jul-22,157481,10529,318750,1,0,7252
14-Jul-22,157517,12697,318831,2,2,1052
14-Jul-22,157556,7583,318900,1,0,19084
15-Jul-22,147391,11165,297672,1,0,21005
15-Jul-22,147547,11172,297993,1,0,2812
15-Jul-22,147567,8444,298041,1,1,6007
15-Jul-22,147641,8457,298200,1,0,8194
15-Jul-22,147672,8425,298257,1,0,4930
15-Jul-22,147676,7586,298263,2,0,6557
15-Jul-22,147728,12407,298377,1,1,9866
15-Jul-22,147763,12701,298452,2,0,6470
15-Jul-22,147815,8378,298560,25,25,3938
15-Jul-22,147823,10975,298575,1,1,5893
15-Jul-22,147870,8424,298647,1,1,3511
15-Jul-22,147879,10235,298653,40,0,1387
15-Jul-22,147989,8331,298866,1,1,4838
15-Jul-22,147994,11146,298875,1,0,4086
15-Jul-22,147996,8210,298878,1,1,12452
15-Jul-22,148090,3615,299052,1,0,6745
15-Jul-22,148212,8424,299307,1,0,3511
15-Jul-22,148332,11925,299523,1,1,11814
15-Jul-22,148344,3284,299553,2,0,5271
15-Jul-22,148367,8444,299589,1,1,6007
15-Jul-22,148384,3610,299607,5,0,12704
15-Jul-22,148388,1041,299610,1,1,4954
15-Jul-22,148455,12864,299718,1,0,57724
15-Jul-22,148457,1043,299724,1,0,5794
15-Jul-22,148491,11233,299778,1,0,12650
15-Jul-22,148494,3615,299784,1,1,6041
15-Jul-22,148558,8439,299901,50,0,1822
15-Jul-22,148588,14246,299952,1,0,20500
15-Jul-22,148598,13745,299973,3,3,5275
15-Jul-22,148604,13548,299985,1,1,4544
15-Jul-22,148607,8420,299988,1,1,3631
15-Jul-22,148649,8439,300051,1,0,1952
15-Jul-22,148650,8439,300051,1,0,1913
15-Jul-22,148660,8384,300063,2,2,5825
15-Jul-22,148691,8221,300111,1,0,3545
15-Jul-22,148728,9916,300198,2,2,3650
15-Jul-22,148771,7586,300276,1,0,11410
15-Jul-22,148788,10975,300306,1,0,17392
15-Jul-22,148793,8215,300318,2,0,2837
15-Jul-22,148803,13524,300339,1,0,4362
15-Jul-22,148806,10233,300345,3,3,2250
15-Jul-22,148857,11157,300450,1,0,14076
15-Jul-22,148861,8760,300462,2,0,2363
15-Jul-22,148902,10224,300552,2,2,4581
15-Jul-22,148939,12487,300627,1,1,4308
15-Jul-22,148996,9915,300765,2,0,3650
15-Jul-22,149095,10233,300969,1,0,2250
15-Jul-22,149102,12758,300990,1,0,8050
15-Jul-22,149199,3610,301179,1,1,13177
15-Jul-22,149266,3610,301326,1,1,13177
15-Jul-22,149282,8210,301350,2,2,14212
15-Jul-22,149293,8444,301374,8,0,5813
15-Jul-22,149360,8444,301509,1,0,6589
15-Jul-22,149368,12679,301521,5,5,3085
15-Jul-22,149395,13765,301572,2,2,2633
15-Jul-22,149404,11118,301593,1,1,4158
15-Jul-22,149473,11133,301749,1,1,3988
15-Jul-22,149474,11129,301752,1,1,7704
15-Jul-22,149500,3611,301824,1,0,4526
15-Jul-22,149505,7860,301839,1,0,3317
15-Jul-22,149506,8428,301839,1,0,1793
15-Jul-22,149509,8425,301848,5,0,5118
15-Jul-22,149684,1038,302196,1,0,8762
15-Jul-22,149752,8444,302328,1,1,6343
15-Jul-22,149774,13764,302385,1,0,7746
15-Jul-22,149778,11163,302397,1,0,6402
15-Jul-22,149885,10235,302652,1,0,1432
15-Jul-22,149921,13524,302724,2,2,4362
15-Jul-22,149926,11899,302736,1,1,13782
15-Jul-22,150048,7827,302979,1,0,6043
15-Jul-22,150166,10233,303282,1,1,2250
15-Jul-22,150167,11146,303285,1,0,9196
15-Jul-22,150192,7860,303354,5,0,3317
15-Jul-22,150199,10975,303369,1,0,11741
15-Jul-22,150203,8219,303381,1,0,14934
15-Jul-22,150213,8444,303405,1,0,6343
15-Jul-22,150274,7607,303534,3,3,12541
15-Jul-22,150284,10235,303552,1,0,1432
15-Jul-22,150290,12415,303561,1,0,19700
15-Jul-22,150320,12460,303624,1,1,14550
15-Jul-22,150346,7860,303666,1,0,2748
15-Jul-22,150398,14309,303777,1,0,8451
15-Jul-22,150461,11186,303897,1,0,4061
15-Jul-22,150476,8219,303927,1,1,14934
15-Jul-22,150496,10975,303960,2,0,12632
15-Jul-22,150547,8208,304068,2,2,8429
15-Jul-22,150562,12487,304095,37,0,4308
15-Jul-22,150622,7607,304236,1,0,12541
15-Jul-22,150624,11233,304239,1,1,12268
15-Jul-22,150648,1041,304290,1,1,5090
15-Jul-22,150673,8359,304320,1,0,2360
15-Jul-22,150692,12487,304368,1,0,4497
15-Jul-22,150705,7607,304392,1,1,12323
15-Jul-22,150742,11926,304455,2,2,6997
15-Jul-22,150744,7860,304461,1,1,3317
15-Jul-22,150807,10247,304581,7,7,7134
15-Jul-22,150844,11115,304650,1,0,9805
15-Jul-22,150850,8444,304662,14,14,6374
15-Jul-22,150871,8443,304704,1,0,6735
15-Jul-22,150910,14309,304788,1,1,8270
15-Jul-22,150977,12547,304938,21,0,5726
15-Jul-22,151058,1038,305097,1,1,8309
15-Jul-22,151064,8683,305097,1,0,9699
15-Jul-22,151133,10235,305262,2,2,1432
15-Jul-22,151142,7860,305283,1,0,3315
15-Jul-22,151146,10227,305289,2,2,1411
15-Jul-22,151160,10225,305304,1,1,4197
15-Jul-22,151171,8760,305325,1,0,2363
15-Jul-22,151222,8208,305433,1,0,8429
15-Jul-22,151259,11107,305493,1,1,5725
15-Jul-22,151261,10204,305493,1,1,4024
15-Jul-22,151272,8782,305511,1,0,5456
15-Jul-22,151342,13745,305655,1,0,5275
15-Jul-22,151382,10224,305748,1,1,4349
15-Jul-22,151383,10224,305748,1,1,4360.17
15-Jul-22,151402,8444,305787,1,1,3811
15-Jul-22,151444,11233,305880,5,0,12904
15-Jul-22,151462,13524,305922,2,0,4362
15-Jul-22,151466,3615,305928,1,1,6041
15-Jul-22,151485,10224,305955,2,0,4538.14
15-Jul-22,151488,3624,305964,6,6,5453
15-Jul-22,151501,8444,305994,2,2,6374
15-Jul-22,151511,10975,306015,1,0,5838
15-Jul-22,151514,10224,306018,2,0,4538.14
15-Jul-22,151546,7529,306096,1,0,7634
15-Jul-22,151587,12701,306183,3,3,6440
15-Jul-22,151595,10224,306201,6,0,4360.17
15-Jul-22,151649,8444,306315,5,5,6589
15-Jul-22,151693,12547,306408,5,0,11087
15-Jul-22,151723,7607,306474,1,0,12323
15-Jul-22,151728,8219,306486,2,0,14934
15-Jul-22,151733,13764,306495,1,1,7746
15-Jul-22,151741,12652,306513,1,0,7956
15-Jul-22,151812,11233,306681,4,0,12904
15-Jul-22,151837,12547,306732,20,20,5726
15-Jul-22,151866,1038,306792,5,5,8588
15-Jul-22,151871,7575,306804,1,1,10378
15-Jul-22,151880,12697,306819,4,4,1052
15-Jul-22,151975,10224,307065,2,0,4357
15-Jul-22,151996,10236,307113,2,2,1258
15-Jul-22,152020,14364,307167,1,1,3453
15-Jul-22,152037,13524,307209,3,0,4362
15-Jul-22,152114,10204,307362,2,2,4024
15-Jul-22,152149,11107,307437,1,1,5725
15-Jul-22,152154,11143,307446,1,1,3113
15-Jul-22,152215,11233,307581,10,0,12268
15-Jul-22,152266,13524,307671,2,2,4317
15-Jul-22,152275,12912,307683,1,0,3844
15-Jul-22,152316,1038,307770,1,0,8324
15-Jul-22,152324,8219,307791,2,2,14934
15-Jul-22,152362,8767,307866,1,0,7299
15-Jul-22,152374,11188,307884,1,0,3311
15-Jul-22,152394,8457,307929,1,0,8406
15-Jul-22,152437,8388,308019,1,0,4142
15-Jul-22,152493,11233,308169,1,0,12268
15-Jul-22,152541,3610,308256,2,2,13177
15-Jul-22,152582,8208,308340,14,12,8429
15-Jul-22,152602,7596,308382,10,0,40
15-Jul-22,152612,8437,308397,1,0,2076
15-Jul-22,152614,8454,308397,1,0,5117
15-Jul-22,152627,11926,308424,1,1,6997
15-Jul-22,152639,7596,308454,5,5,40
15-Jul-22,152668,7640,308517,5,5,16903
15-Jul-22,152670,8219,308520,2,2,15166
15-Jul-22,152681,8425,308547,2,2,5076
15-Jul-22,152687,3610,308556,2,0,12704
15-Jul-22,152693,12749,308568,1,1,6370
15-Jul-22,152711,13524,308613,2,2,4317
15-Jul-22,152782,13524,308748,1,1,4430
15-Jul-22,152799,7860,308787,3,0,3317
15-Jul-22,152827,8444,308838,1,0,6589
15-Jul-22,152872,10235,308940,2,0,1455
15-Jul-22,152896,8424,308988,1,1,3372
15-Jul-22,152902,7607,309006,1,0,12323
15-Jul-22,152903,8429,309009,1,0,2583
15-Jul-22,152946,8440,309087,1,0,12341
15-Jul-22,152968,8422,309123,1,0,6384
15-Jul-22,153016,8425,309243,1,0,4894
15-Jul-22,153106,12455,309432,1,0,5952
15-Jul-22,153116,8444,309447,3,3,6034
15-Jul-22,153136,3610,309492,1,0,12704
15-Jul-22,153190,8210,309594,1,1,13846
15-Jul-22,153429,8421,310107,1,0,1097
15-Jul-22,153447,1043,310152,1,1,5854
15-Jul-22,153476,8425,310209,1,0,4680
15-Jul-22,153506,8457,310275,1,0,8406
15-Jul-22,153524,1038,310302,1,0,8588
15-Jul-22,153528,10235,310311,2,2,1501
15-Jul-22,153534,3615,310326,1,0,6041
15-Jul-22,153544,12487,310353,1,0,4497
15-Jul-22,153558,1041,310392,1,0,5090
15-Jul-22,153591,11104,310449,1,1,12723
15-Jul-22,153612,14248,310500,1,0,8300
15-Jul-22,153644,7539,310560,1,0,3793
15-Jul-22,153676,3568,310623,1,1,8206
15-Jul-22,153683,12749,310638,5,5,6370
15-Jul-22,153700,8378,310662,3,0,4141
15-Jul-22,153716,3610,310695,2,2,8299
15-Jul-22,153750,12487,310779,1,0,4497
15-Jul-22,153752,10235,310782,1,0,1501
15-Jul-22,153758,3605,310794,2,2,3762
15-Jul-22,153804,11106,310887,4,0,6270
15-Jul-22,153809,8457,310896,1,1,8117
15-Jul-22,153839,13279,310947,1,0,13378
15-Jul-22,153876,7554,311028,1,0,13975
15-Jul-22,153893,13524,311073,1,0,4317
15-Jul-22,153905,8457,311103,1,1,8117
15-Jul-22,153916,8425,311121,1,1,5363
15-Jul-22,153922,11163,311130,1,0,6402
15-Jul-22,153924,10235,311136,1,0,1501
15-Jul-22,153927,8425,311145,6,6,4894
15-Jul-22,153948,8424,311187,1,0,3479
15-Jul-22,153976,3610,311256,1,1,12768
15-Jul-22,153990,7599,311286,1,0,3568
15-Jul-22,154034,12784,311385,2,2,2138
15-Jul-22,154068,11233,311439,1,1,13177
15-Jul-22,154292,10235,311955,1,0,1455
15-Jul-22,154318,13524,312018,1,1,4430
15-Jul-22,154357,1041,312111,1,1,5908
15-Jul-22,154423,11117,312258,1,1,6434
15-Jul-22,154471,8439,312360,1,0,1880
15-Jul-22,154493,10225,312408,1,1,4434
15-Jul-22,154531,10975,312480,1,1,17039
15-Jul-22,154532,10975,312480,1,1,12632
15-Jul-22,154541,1041,312501,1,0,5616
15-Jul-22,154545,11146,312510,1,0,9196
15-Jul-22,154572,10975,312576,1,1,18602
15-Jul-22,154589,7607,312624,3,3,12214
15-Jul-22,154598,8437,312636,2,2,2076
15-Jul-22,154621,8444,312681,1,0,6608
15-Jul-22,154646,7860,312744,10,0,2748
15-Jul-22,154657,8444,312768,1,0,3535
15-Jul-22,154737,1041,312942,1,1,5090
15-Jul-22,154755,8751,312978,5,0,12293
15-Jul-22,154772,12701,313014,1,0,9397
15-Jul-22,154829,11233,313119,2,2,13177
15-Jul-22,154870,8424,313212,1,1,3372
15-Jul-22,154875,13192,313227,3,3,13631
15-Jul-22,154883,11137,313245,1,1,3609
15-Jul-22,154894,3613,313263,1,0,8038
15-Jul-22,154903,3615,313278,5,5,6041
15-Jul-22,154972,11168,313425,1,0,6941
15-Jul-22,155067,11143,313650,1,0,3551
15-Jul-22,155086,12400,313689,1,0,6080
15-Jul-22,155103,3606,313728,1,0,6164
15-Jul-22,155107,14387,313737,1,0,10381
15-Jul-22,155136,3305,313809,2,0,6341
15-Jul-22,155202,8210,313959,1,0,13846
15-Jul-22,155213,3279,313986,1,0,8814.94
15-Jul-22,155230,10236,314010,1,0,1432
15-Jul-22,155245,8439,314040,2,0,921
15-Jul-22,155258,8443,314064,1,1,6224
15-Jul-22,155271,8425,314094,2,0,4635
15-Jul-22,155285,11233,314130,1,1,12650
15-Jul-22,155349,8444,314289,1,0,6822
15-Jul-22,155376,7860,314346,3,0,3315
15-Jul-22,155455,12701,314511,2,0,6470
15-Jul-22,155485,11121,314574,1,0,2382
15-Jul-22,155498,13745,314601,1,0,5275
15-Jul-22,155520,1041,314643,1,0,5090
15-Jul-22,155529,10975,314652,2,2,12632
15-Jul-22,155536,1038,314670,1,0,8324
15-Jul-22,155611,10224,314790,5,0,4619
15-Jul-22,155664,7545,314895,1,0,7018
15-Jul-22,155683,13901,314922,1,1,2000
15-Jul-22,155696,7596,314946,15,0,4211
15-Jul-22,155714,3615,314982,1,1,6043
15-Jul-22,155747,8370,315039,5,0,1565
15-Jul-22,155755,11146,315057,1,0,4017
15-Jul-22,155781,10224,315111,1,1,4619
15-Jul-22,155828,8422,315189,1,0,4069
15-Jul-22,155849,1041,315228,1,1,5425
15-Jul-22,155881,10235,315309,3,3,1501
15-Jul-22,155903,13209,315354,1,0,4388
15-Jul-22,155935,10975,315447,1,1,18602
15-Jul-22,155944,3615,315468,20,0,6041
15-Jul-22,155969,12697,315519,20,19,2098
15-Jul-22,155995,12502,315573,1,0,7526
15-Jul-22,156015,3611,315618,2,1,4217
15-Jul-22,156019,10224,315627,1,0,4803
15-Jul-22,156045,1038,315672,1,0,8450
15-Jul-22,156129,8384,315855,3,3,5648
15-Jul-22,156157,10204,315909,16,16,4089
15-Jul-22,156159,1041,315915,1,1,5620
15-Jul-22,156160,1041,315915,1,1,5090
15-Jul-22,156164,13682,315924,9,0,2899
15-Jul-22,156180,12677,315960,1,1,3439
15-Jul-22,156182,8425,315966,2,2,4894
15-Jul-22,156241,12749,316098,2,0,6211
15-Jul-22,156250,11163,316113,1,0,6402
15-Jul-22,156286,8210,316191,1,0,6914
15-Jul-22,156346,8482,316299,1,0,6139
15-Jul-22,156375,8437,316368,1,1,2076
15-Jul-22,156379,12677,316380,1,1,3439
15-Jul-22,156407,10225,316431,2,2,4434
15-Jul-22,156443,8410,316494,10,0,1055
15-Jul-22,156483,10235,316590,2,0,1455
15-Jul-22,156507,8425,316647,2,0,4816
15-Jul-22,156532,8444,316707,2,2,6379
15-Jul-22,156548,1041,316752,1,0,5007
15-Jul-22,156612,3613,316893,2,2,8110
15-Jul-22,156628,11138,316935,1,1,14487
15-Jul-22,156650,8817,316965,1,0,7494
15-Jul-22,156655,7575,316968,1,0,6260
15-Jul-22,156720,8454,317094,1,0,5262
15-Jul-22,156742,1038,317136,1,1,8588
15-Jul-22,156777,7529,317202,1,1,6588
15-Jul-22,156799,9916,317256,3,0,3524.04
15-Jul-22,156800,8384,317259,2,0,5581
15-Jul-22,156840,13682,317355,3,3,2899
15-Jul-22,156897,10235,317481,2,2,1501
15-Jul-22,156898,12547,317484,2,2,11178
15-Jul-22,156984,11121,317667,2,0,2057
15-Jul-22,156991,10224,317682,1,0,4619
15-Jul-22,157021,10975,317754,1,1,18402
15-Jul-22,157032,7653,317781,10,0,11536
15-Jul-22,157040,13548,317805,4,4,4544
15-Jul-22,157087,8444,317907,1,1,6343
15-Jul-22,157142,12677,318030,1,1,3439
15-Jul-22,157158,11188,318060,1,1,3867
15-Jul-22,157184,13765,318111,1,1,2633
15-Jul-22,157187,7583,318117,4,4,19084
15-Jul-22,157209,1038,318156,2,2,7815
15-Jul-22,157378,12460,318504,1,0,14550
15-Jul-22,157407,12803,318570,2,0,6090
15-Jul-22,157418,1041,318594,1,1,5620
15-Jul-22,157498,12455,318789,5,5,5952
15-Jul-22,157504,7653,318798,3,3,11536
15-Jul-22,157521,3613,318840,1,1,8110
15-Jul-22,157533,11120,318861,1,0,6092
15-Jul-22,157539,1041,318873,1,1,5007
15-Jul-22,157568,12802,318930,10,10,2181.12
16-Jul-22,147386,8219,297666,1,1,14358
16-Jul-22,147429,7586,297735,142,0,6800
16-Jul-22,147457,12697,297780,5,0,2098
16-Jul-22,147476,13764,297816,1,0,7746
16-Jul-22,147482,12701,297831,1,0,6561
16-Jul-22,147511,3279,297900,1,0,8814.94
16-Jul-22,147513,10975,297906,1,1,18602
16-Jul-22,147553,10235,298011,5,0,1432
16-Jul-22,147561,10235,298023,5,0,1387
16-Jul-22,147586,8444,298074,1,0,6007
16-Jul-22,147612,11658,298128,1,0,1804
16-Jul-22,147673,8425,298257,1,0,5394
16-Jul-22,147709,7555,298335,1,0,21735
16-Jul-22,147720,8428,298362,2,0,1689
16-Jul-22,147754,10224,298431,2,0,4360.17
16-Jul-22,147798,13742,298524,1,0,2250
16-Jul-22,147808,7586,298551,2,0,11410
16-Jul-22,147872,8425,298650,1,1,4930
16-Jul-22,147876,1041,298653,3,0,5312
16-Jul-22,147915,7285,298731,1,0,5114
16-Jul-22,147949,8425,298788,2,2,5110
16-Jul-22,147971,12652,298824,1,1,7956
16-Jul-22,147978,11120,298842,1,0,10228
16-Jul-22,147982,10204,298851,1,1,4033
16-Jul-22,147999,12652,298881,5,5,7956
16-Jul-22,148007,10975,298896,1,1,5893
16-Jul-22,148009,8751,298902,3,0,3761
16-Jul-22,148028,8384,298935,2,2,5660
16-Jul-22,148042,8210,298956,18,0,13607
16-Jul-22,148076,3615,299016,1,1,6125
16-Jul-22,148143,9916,299163,16,0,3372
16-Jul-22,148150,3269,299175,1,0,9904
16-Jul-22,148193,9897,299262,1,0,9668
16-Jul-22,148205,1041,299289,1,0,5509
16-Jul-22,148300,10236,299481,3,0,1295
16-Jul-22,148348,8221,299565,10,10,3770
16-Jul-22,148380,8444,299604,1,0,6034
16-Jul-22,148434,3606,299685,2,2,6166
16-Jul-22,148447,8221,299706,15,15,3770
16-Jul-22,148469,3613,299745,1,1,8110
16-Jul-22,148521,8221,299838,4,0,3770
16-Jul-22,148525,13752,299844,1,1,10475
16-Jul-22,148538,3613,299862,1,0,8038
16-Jul-22,148555,10975,299895,1,0,5893
16-Jul-22,148564,8444,299910,2,2,5771
16-Jul-22,148575,9171,299928,1,1,6470
16-Jul-22,148665,8428,300066,2,0,1799
16-Jul-22,148684,10975,300102,1,0,5893
16-Jul-22,148785,1041,300303,1,0,5616
16-Jul-22,148855,12701,300447,1,1,6470
16-Jul-22,148870,8425,300483,3,3,5118
16-Jul-22,148879,11233,300504,3,0,11996
16-Jul-22,148914,10224,300582,2,2,4349
16-Jul-22,149070,11925,300909,1,0,11814
16-Jul-22,149085,1041,300945,2,0,5707
16-Jul-22,149125,3279,301035,1,0,9724
16-Jul-22,149141,10235,301068,10,0,1387
16-Jul-22,149158,3279,301101,1,1,9724
16-Jul-22,149162,8219,301107,29,29,15311
16-Jul-22,149283,8210,301350,1,1,7576
16-Jul-22,149342,3615,301473,1,0,6558
16-Jul-22,149376,8444,301536,1,0,5813
16-Jul-22,149385,8428,301554,130,130,1793
16-Jul-22,149415,3279,301623,1,1,9724
16-Jul-22,149429,12701,301656,1,0,6561
16-Jul-22,149585,7488,301998,10,10,3908
16-Jul-22,149608,8425,302049,1,0,4971
16-Jul-22,149637,12784,302103,1,0,2138
16-Jul-22,149749,12652,302322,1,1,7956
16-Jul-22,149750,13764,302325,85,0,7746
16-Jul-22,149758,14350,302343,1,1,16754
16-Jul-22,149857,12661,302574,1,1,7543
16-Jul-22,149863,3624,302589,1,0,5453
16-Jul-22,149879,8444,302637,10,0,6618
16-Jul-22,149915,10238,302712,1,0,6198
16-Jul-22,150001,13357,302889,1,0,5459
16-Jul-22,150008,12487,302901,5,5,4497
16-Jul-22,150022,8751,302928,1,1,2899
16-Jul-22,150083,8221,303069,30,30,6182
16-Jul-22,150085,3615,303075,3,0,6041
16-Jul-22,150088,8425,303084,1,0,4971
16-Jul-22,150094,3615,303102,3,3,6041
16-Jul-22,150097,12701,303108,1,0,6470
16-Jul-22,150155,3279,303252,1,1,8814.94
16-Jul-22,150161,11899,303267,1,0,13782
16-Jul-22,150168,12487,303288,5,0,4220
16-Jul-22,150186,8444,303339,2,0,3933
16-Jul-22,150226,8221,303441,5,0,6182
16-Jul-22,150236,1038,303462,2,2,8588
16-Jul-22,150280,11107,303546,1,1,6118
16-Jul-22,150283,11117,303549,1,1,6434
16-Jul-22,150348,7860,303672,1,0,2748
16-Jul-22,150362,7640,303702,4,4,16490
16-Jul-22,150392,3610,303765,1,1,8233
16-Jul-22,150406,12487,303798,9,9,4220
16-Jul-22,150428,3615,303828,3,0,6558
16-Jul-22,150526,11136,304023,2,2,2571
16-Jul-22,150528,11146,304029,16,0,6880
16-Jul-22,150557,8444,304089,2,2,5813
16-Jul-22,150581,11233,304137,2,2,7857
16-Jul-22,150591,8808,304161,1,0,10437
16-Jul-22,150623,11233,304239,1,1,12904
16-Jul-22,150644,11233,304284,1,1,12268
16-Jul-22,150686,8221,304353,1,1,3770
16-Jul-22,150691,9915,304365,1,1,3617
16-Jul-22,150710,10236,304401,1,0,1341
16-Jul-22,150717,8767,304410,1,0,7299
16-Jul-22,150765,3610,304497,5,5,13268
16-Jul-22,150773,10236,304509,2,2,1341
16-Jul-22,150798,3302,304566,2,0,4334
16-Jul-22,150879,8221,304716,22,0,3770
16-Jul-22,150980,11107,304947,1,0,5725
16-Jul-22,150982,11107,304950,1,1,5725
16-Jul-22,151012,1038,304995,2,2,8179
16-Jul-22,151032,8444,305031,3,0,6589
16-Jul-22,151052,3284,305082,1,0,5271
16-Jul-22,151056,12547,305094,1,0,11087
16-Jul-22,151062,9778,305097,1,0,2801
16-Jul-22,151074,12487,305124,76,76,4220
16-Jul-22,151082,10539,305136,1,0,12004
16-Jul-22,151083,10233,305139,2,2,2250
16-Jul-22,151109,10215,305208,1,0,14551
16-Jul-22,151139,3610,305277,1,1,13284
16-Jul-22,151158,10224,305304,1,1,4349
16-Jul-22,151161,11112,305304,1,0,22869
16-Jul-22,151186,8424,305358,1,0,3511
16-Jul-22,151208,13618,305409,2,2,3251
16-Jul-22,151267,10247,305499,1,1,7724
16-Jul-22,151339,12710,305646,5,0,9200
16-Jul-22,151356,3624,305685,1,1,5453
16-Jul-22,151361,8622,305697,1,1,27752
16-Jul-22,151362,9916,305700,4,4,3372
16-Jul-22,151388,10225,305754,1,1,4197
16-Jul-22,151492,10236,305973,2,0,1258
16-Jul-22,151588,10224,306186,3,0,4349
16-Jul-22,151618,11899,306246,1,1,13782
16-Jul-22,151638,12701,306294,6,6,9297
16-Jul-22,151676,10236,306372,2,2,1341
16-Jul-22,151686,10975,306396,1,1,17039
16-Jul-22,151729,1043,306489,1,1,22849
16-Jul-22,151738,1038,306507,1,1,8324
16-Jul-22,151778,10975,306606,8,8,17039
16-Jul-22,151811,8439,306678,2,0,1871
16-Jul-22,151816,7640,306690,2,0,16490
16-Jul-22,151918,11105,306915,1,1,25315
16-Jul-22,151936,3279,306960,1,0,9724
16-Jul-22,151938,11127,306966,7,7,3010
16-Jul-22,151955,3592,307008,1,0,6510
16-Jul-22,152004,7596,307134,2,0,2094
16-Jul-22,152028,8421,307188,4,0,4444
16-Jul-22,152033,8384,307200,2,2,5825
16-Jul-22,152080,12547,307305,5,0,5730
16-Jul-22,152082,10236,307311,1,1,1341
16-Jul-22,152134,8210,307410,1,0,13846
16-Jul-22,152210,11119,307572,1,0,17901
16-Jul-22,152216,8424,307584,2,2,3479
16-Jul-22,152245,1038,307632,8,0,8309
16-Jul-22,152273,8444,307680,1,1,6034
16-Jul-22,152286,11233,307707,1,1,12268
16-Jul-22,152294,11233,307722,1,0,12904
16-Jul-22,152298,11169,307731,1,1,3773
16-Jul-22,152322,11140,307785,1,1,2761
16-Jul-22,152336,10204,307821,1,0,4024
16-Jul-22,152346,10224,307836,1,0,4803
16-Jul-22,152352,1038,307845,1,0,8324
16-Jul-22,152435,11925,308013,1,1,11814
16-Jul-22,152440,7640,308028,5,5,16903
16-Jul-22,152441,11233,308031,1,1,12268
16-Jul-22,152471,10235,308112,1,1,1501
16-Jul-22,152500,11146,308178,1,1,6880
16-Jul-22,152568,9895,308319,1,0,1128.5
16-Jul-22,152580,12803,308337,1,1,5884
16-Jul-22,152600,10238,308379,1,1,3372
16-Jul-22,152611,10215,308394,1,0,5821
16-Jul-22,152617,12487,308400,2,0,4497
16-Jul-22,152633,12652,308439,1,1,7770
16-Jul-22,152690,8210,308559,1,0,13860
16-Jul-22,152701,10975,308589,1,0,17039
16-Jul-22,152715,10975,308622,1,1,17039
16-Jul-22,152727,13524,308646,4,0,4317
16-Jul-22,152729,10235,308649,2,2,1455
16-Jul-22,152730,12302,308652,1,0,8175
16-Jul-22,152736,13506,308661,1,1,3705
16-Jul-22,152877,7860,308943,1,0,2748
16-Jul-22,152886,8424,308964,1,0,7941
16-Jul-22,152915,13524,309018,1,0,4430
16-Jul-22,152952,8444,309096,1,0,6374
16-Jul-22,152954,11925,309099,1,1,11814
16-Jul-22,152961,11134,309111,1,0,9020
16-Jul-22,152965,1041,309120,1,0,5090
16-Jul-22,152983,3615,309153,4,4,6041
16-Jul-22,152985,8421,309159,1,0,4581
16-Jul-22,153036,8438,309282,1,0,4429
16-Jul-22,153038,8444,309288,1,1,5813
16-Jul-22,153046,3610,309300,2,2,13284
16-Jul-22,153086,8444,309387,4,0,6034
16-Jul-22,153091,8457,309396,3,3,8406
16-Jul-22,153143,12701,309501,1,1,9397
16-Jul-22,153151,12460,309516,5,5,14130
16-Jul-22,153184,12472,309576,2,2,25920
16-Jul-22,153231,11152,309675,2,2,7722
16-Jul-22,153235,11233,309681,1,0,11996
16-Jul-22,153273,8219,309762,6,0,14934
16-Jul-22,153318,11146,309864,1,0,3988
16-Jul-22,153352,11906,309924,2,2,5998
16-Jul-22,153375,8210,309972,1,0,13846
16-Jul-22,153466,11163,310188,1,1,5379
16-Jul-22,153518,9901,310299,2,2,3900
16-Jul-22,153583,10975,310437,1,0,11814
16-Jul-22,153601,10975,310473,3,3,18602
16-Jul-22,153646,12407,310563,2,0,8906
16-Jul-22,153653,7726,310575,2,0,4439
16-Jul-22,153685,3613,310644,1,0,8110
16-Jul-22,153697,11233,310656,2,0,11996
16-Jul-22,153723,8444,310713,1,1,6343
16-Jul-22,153735,11133,310743,1,0,1802
16-Jul-22,153739,3610,310752,1,1,12768
16-Jul-22,153741,7640,310758,2,2,17786
16-Jul-22,153772,10442,310827,1,1,5735
16-Jul-22,153811,12455,310899,4,0,5771
16-Jul-22,153831,12677,310935,3,3,3439
16-Jul-22,153841,8425,310953,1,0,4953
16-Jul-22,153870,11123,311016,1,1,6427
16-Jul-22,153919,10975,311127,1,1,18602
16-Jul-22,153931,10442,311157,1,0,5735
16-Jul-22,153994,13524,311295,2,2,4317
16-Jul-22,154006,11121,311328,1,0,2382
16-Jul-22,154024,10225,311361,3,3,4434
16-Jul-22,154028,11169,311370,1,1,7370
16-Jul-22,154083,10235,311475,2,2,1501
16-Jul-22,154198,8425,311748,1,1,4816
16-Jul-22,154205,8424,311760,1,1,3511
16-Jul-22,154216,8482,311790,1,0,6155
16-Jul-22,154235,13279,311829,1,0,13378
16-Jul-22,154243,13618,311847,5,5,3251
16-Jul-22,154247,12652,311856,3,3,7770
16-Jul-22,154259,7810,311886,1,1,4147
16-Jul-22,154275,14375,311919,1,1,19966
16-Jul-22,154320,10236,312024,1,0,1432
16-Jul-22,154353,8219,312102,5,0,14934
16-Jul-22,154431,12986,312273,2,0,8166
16-Jul-22,154437,12652,312285,9,9,7770
16-Jul-22,154498,9895,312414,4,4,1128.5
16-Jul-22,154499,8439,312417,1,1,1842
16-Jul-22,154524,11173,312468,1,0,4969
16-Jul-22,154550,7640,312522,2,2,14449
16-Jul-22,154558,14309,312543,1,0,8270
16-Jul-22,154584,14309,312612,1,1,8270
16-Jul-22,154595,13548,312627,1,1,4544
16-Jul-22,154600,8437,312636,1,1,2173
16-Jul-22,154603,7640,312645,2,2,17786
16-Jul-22,154644,9815,312741,1,0,13722
16-Jul-22,154659,11117,312771,12,12,6434
16-Jul-22,154673,13592,312810,4,4,1540
16-Jul-22,154741,11106,312945,1,0,4906
16-Jul-22,154818,10225,313101,1,1,4434
16-Jul-22,154876,13192,313227,2,2,13949
16-Jul-22,154898,12460,313269,1,1,14550
16-Jul-22,154953,11121,313383,1,1,3031
16-Jul-22,154997,10227,313485,5,5,1478
16-Jul-22,155031,11189,313557,1,0,6534
16-Jul-22,155096,12912,313713,1,0,3844
16-Jul-22,155180,12701,313914,5,5,9542
16-Jul-22,155185,11117,313917,1,1,6434
16-Jul-22,155194,3611,313938,2,0,4693
16-Jul-22,155268,8425,314088,1,0,4816
16-Jul-22,155284,10204,314127,5,0,4089
16-Jul-22,155308,10975,314193,1,0,18602
16-Jul-22,155314,8425,314205,1,0,4971
16-Jul-22,155363,10236,314319,1,1,1432
16-Jul-22,155392,1041,314379,1,0,5707
16-Jul-22,155441,8327,314487,10,0,776
16-Jul-22,155508,8425,314631,1,0,4816
16-Jul-22,155517,8171,314640,5,0,2299
16-Jul-22,155531,10235,314658,1,1,1455
16-Jul-22,155533,12701,314661,2,2,6470
16-Jul-22,155666,10236,314898,1,1,1432
16-Jul-22,155687,11118,314925,1,0,3685
16-Jul-22,155746,8375,315039,1,0,301
16-Jul-22,155756,8457,315057,1,0,7905
16-Jul-22,155758,10235,315063,1,0,1501
16-Jul-22,155762,7553,315075,1,0,7422
16-Jul-22,155770,8422,315087,3,0,3385
16-Jul-22,155772,7553,315090,1,0,7422
16-Jul-22,155776,13905,315096,1,1,3094
16-Jul-22,155785,9895,315120,10,0,1128.5
16-Jul-22,155789,13905,315126,1,1,3094
16-Jul-22,155836,3610,315198,1,1,8233
16-Jul-22,155839,8422,315204,4,0,6272
16-Jul-22,155841,3269,315210,5,0,9904
16-Jul-22,155862,8361,315255,2,2,5836
16-Jul-22,155925,3279,315417,2,0,9724
16-Jul-22,155959,3613,315501,1,0,8110
16-Jul-22,155965,12697,315510,1,0,1052
16-Jul-22,155980,1038,315537,1,1,8197
16-Jul-22,156005,14248,315597,1,0,8300
16-Jul-22,156032,8418,315654,1,0,4076
16-Jul-22,156047,1043,315672,1,0,11889
16-Jul-22,156092,1805,315765,1,0,17527
16-Jul-22,156103,8425,315798,2,2,4894
16-Jul-22,156104,8439,315798,2,0,1915
16-Jul-22,156115,12547,315822,10,0,5680
16-Jul-22,156146,10975,315888,1,1,18402
16-Jul-22,156153,1041,315900,2,2,4954
16-Jul-22,156195,8173,315999,1,0,3839
16-Jul-22,156267,9895,316152,10,0,1288
16-Jul-22,156303,8425,316230,1,0,5076
16-Jul-22,156446,13749,316497,1,0,5078
16-Jul-22,156448,3611,316503,1,0,4217
16-Jul-22,156487,10235,316599,2,2,1455
16-Jul-22,156491,13749,316605,1,0,5078
16-Jul-22,156497,10235,316620,2,2,1455
16-Jul-22,156498,10975,316623,1,0,17039
16-Jul-22,156554,13765,316770,2,2,2633
16-Jul-22,156558,12701,316782,1,0,9542
16-Jul-22,156579,12661,316827,1,1,7724
16-Jul-22,156599,10235,316866,2,0,1501
16-Jul-22,156609,7677,316884,1,0,9001
16-Jul-22,156617,8457,316905,1,0,8272
16-Jul-22,156639,1041,316962,1,0,5289
16-Jul-22,156719,1041,317091,2,2,5725
16-Jul-22,156774,8221,317196,2,0,3770
16-Jul-22,156803,7607,317268,2,2,13631
16-Jul-22,156874,8439,317442,2,0,1876
16-Jul-22,156894,12455,317478,1,1,5952
16-Jul-22,156926,10235,317553,5,0,1455
16-Jul-22,156937,2862,317577,1,0,4021
16-Jul-22,156983,14424,317664,2,0,11356
16-Jul-22,156999,10215,317694,1,0,14350
16-Jul-22,157004,13592,317706,6,0,1540
16-Jul-22,157011,10975,317727,1,0,5816
16-Jul-22,157074,7640,317874,1,1,17786
16-Jul-22,157079,10975,317883,2,2,12632
16-Jul-22,157084,11186,317898,2,0,4061
16-Jul-22,157093,11117,317919,1,0,6434
16-Jul-22,157115,11137,317970,1,1,3609
16-Jul-22,157146,8444,318036,1,1,3820
16-Jul-22,157169,10248,318081,1,1,5646
16-Jul-22,157238,1043,318201,1,0,22045
16-Jul-22,157249,1041,318216,6,6,4816
16-Jul-22,157330,11169,318387,2,0,7084
16-Jul-22,157349,9882,318429,3,3,13751
16-Jul-22,157373,3613,318495,1,1,10273
16-Jul-22,157410,3269,318576,1,0,10771
16-Jul-22,157435,8444,318639,1,1,6180
16-Jul-22,157437,8219,318642,2,2,14267
16-Jul-22,157444,12547,318660,20,0,5680
16-Jul-22,157456,8425,318684,2,2,5363
16-Jul-22,157475,8444,318732,2,2,5907
16-Jul-22,157500,12455,318789,4,4,6225
16-Jul-22,157519,10204,318837,1,1,4033
16-Jul-22,157528,11138,318852,2,0,66851
16-Jul-22,157567,3610,318927,1,1,12768
16-Jul-22,157587,3284,318969,1,0,5271
17-Jul-22,147352,8425,297588,10,10,4771
17-Jul-22,147393,8221,297678,4,4,3770
17-Jul-22,147399,8425,297693,3,0,4771
17-Jul-22,147401,1038,297699,2,0,8315
17-Jul-22,147446,8425,297756,1,0,5110
17-Jul-22,147558,8444,298014,1,0,3635
17-Jul-22,147566,7666,298038,1,0,11455
17-Jul-22,147571,12749,298047,1,1,6211
17-Jul-22,147617,10235,298140,2,0,1387
17-Jul-22,147629,10235,298173,4,0,1432
17-Jul-22,147636,1041,298191,1,0,5134
17-Jul-22,147651,9916,298212,1,1,3999
17-Jul-22,147684,8210,298284,1,0,13860
17-Jul-22,147710,3269,298338,1,0,10048
17-Jul-22,147734,10236,298383,1,1,1341
17-Jul-22,147785,8425,298494,3,3,5110
17-Jul-22,147805,10233,298542,2,0,2250
17-Jul-22,147827,11157,298581,1,0,14076
17-Jul-22,147828,11165,298581,1,0,11077
17-Jul-22,147853,1041,298620,1,1,5509
17-Jul-22,147863,11233,298635,10,10,11996
17-Jul-22,147874,1041,298653,1,0,5799
17-Jul-22,147901,12803,298707,1,1,5884
17-Jul-22,147912,8221,298722,27,0,3699
17-Jul-22,147939,8221,298770,10,10,3770
17-Jul-22,147947,9916,298785,3,3,3650
17-Jul-22,147956,11120,298797,1,0,10228
17-Jul-22,148013,9882,298908,1,1,14024
17-Jul-22,148031,12400,298935,1,0,6080
17-Jul-22,148058,10224,298977,1,1,4360.17
17-Jul-22,148086,10526,299043,1,1,2670
17-Jul-22,148140,8210,299157,10,10,7299
17-Jul-22,148165,11143,299208,1,0,3102
17-Jul-22,148200,7651,299277,1,0,30498
17-Jul-22,148278,10235,299448,2,0,1387
17-Jul-22,148314,11127,299487,1,0,2897
17-Jul-22,148347,7666,299562,5,0,11455
17-Jul-22,148357,8444,299577,2,0,5771
17-Jul-22,148375,1041,299604,1,0,5090
17-Jul-22,148387,1041,299610,1,1,5090
17-Jul-22,148561,8751,299907,2,2,3761
17-Jul-22,148570,8219,299919,2,2,15166
17-Jul-22,148694,2862,300120,1,0,4021
17-Jul-22,148717,11146,300177,2,2,4017
17-Jul-22,148756,13905,300243,1,0,3167
17-Jul-22,148770,10975,300273,1,0,14211
17-Jul-22,148794,12684,300321,30,1,2500
17-Jul-22,148796,8424,300324,1,0,3341
17-Jul-22,148827,8457,300393,1,0,7905
17-Jul-22,148828,3279,300396,1,1,8814.94
17-Jul-22,148839,11926,300420,1,1,6997
17-Jul-22,148941,1041,300633,1,0,5616
17-Jul-22,148951,10975,300651,1,0,18031
17-Jul-22,149020,11146,300810,1,1,3988
17-Jul-22,149054,8425,300873,3,0,5118
17-Jul-22,149055,8425,300873,2,0,5300
17-Jul-22,149122,8219,301029,5,5,14934
17-Jul-22,149147,1805,301080,2,0,17527
17-Jul-22,149150,13905,301083,1,0,3094
17-Jul-22,149161,8219,301107,60,60,15166
17-Jul-22,149164,3610,301110,70,0,12704
17-Jul-22,149165,3610,301110,10,0,8299
17-Jul-22,149200,8760,301182,6,0,2363
17-Jul-22,149204,13565,301188,1,0,366
17-Jul-22,149213,11150,301209,1,0,5729
17-Jul-22,149245,3610,301269,1,0,13268
17-Jul-22,149273,13764,301338,3,3,7746
17-Jul-22,149292,12487,301371,1,1,4308
17-Jul-22,149294,8444,301374,2,0,6034
17-Jul-22,149306,13524,301404,2,0,4362
17-Jul-22,149316,7576,301422,1,0,18816
17-Jul-22,149321,12701,301434,1,1,9542
17-Jul-22,149496,1805,301812,10,10,17527
17-Jul-22,149516,13764,301863,1,1,7746
17-Jul-22,149543,7271,301914,1,0,2591
17-Jul-22,149587,10235,302001,1,1,1387
17-Jul-22,149612,8378,302058,1,0,4064
17-Jul-22,149649,12547,302124,1,1,5726
17-Jul-22,149740,11152,302301,1,0,7678
17-Jul-22,149815,11107,302472,1,0,5725
17-Jul-22,149846,10235,302544,3,0,1432
17-Jul-22,149849,9895,302553,10,0,1128.5
17-Jul-22,149891,7533,302670,1,0,7636.8
17-Jul-22,149927,8444,302739,2,0,6374
17-Jul-22,149934,11925,302757,1,0,11814
17-Jul-22,149953,7640,302796,2,0,16490
17-Jul-22,149981,11146,302853,1,1,4017
17-Jul-22,150005,10233,302898,2,2,2250
17-Jul-22,150027,7827,302943,1,1,6043
17-Jul-22,150029,8219,302946,3,3,14934
17-Jul-22,150100,337,303117,10,0,516
17-Jul-22,150117,13749,303159,2,0,4715
17-Jul-22,150151,7860,303240,1,0,2748
17-Jul-22,150169,11124,303291,5,4,820
17-Jul-22,150180,8422,303324,1,0,6384
17-Jul-22,150331,7810,303642,2,0,3953
17-Jul-22,150375,11163,303738,1,0,6402
17-Jul-22,150387,11138,303756,1,0,17967
17-Jul-22,150424,8444,303822,1,0,5813
17-Jul-22,150430,3610,303834,3,3,12704
17-Jul-22,150448,3615,303864,1,0,6437
17-Jul-22,150477,8219,303927,1,1,15166
17-Jul-22,150497,10975,303960,5,0,11087
17-Jul-22,150517,10975,304005,1,0,11741
17-Jul-22,150540,8378,304053,5,5,3938
17-Jul-22,150548,10975,304071,1,1,11741
17-Jul-22,150570,3615,304116,1,0,6041
17-Jul-22,150636,10975,304266,1,0,11087
17-Jul-22,150637,10204,304269,1,0,4190
17-Jul-22,150641,3952,304278,10,0,1634
17-Jul-22,150745,8457,304464,1,0,15643
17-Jul-22,150757,9899,304485,8,0,2232
17-Jul-22,150774,10236,304509,3,3,1258
17-Jul-22,150785,12487,304539,5,5,4497
17-Jul-22,150837,7607,304638,5,5,12541
17-Jul-22,150848,8219,304659,9,9,15166
17-Jul-22,150849,8219,304659,1,1,15311
17-Jul-22,150862,3284,304689,5,5,5271
17-Jul-22,150898,8787,304761,4,0,777
17-Jul-22,150923,8760,304812,2,0,2363
17-Jul-22,150955,12652,304884,2,0,7956
17-Jul-22,150973,12652,304926,1,1,7956
17-Jul-22,151009,3610,304992,1,1,13284
17-Jul-22,151031,8444,305028,5,0,6374
17-Jul-22,151070,12547,305112,1,0,11087
17-Jul-22,151085,10235,305145,4,0,1446
17-Jul-22,151149,10224,305295,1,0,4360.17
17-Jul-22,151175,8424,305334,1,0,8421
17-Jul-22,151242,7860,305475,1,0,2748
17-Jul-22,151248,10215,305478,1,0,6307
17-Jul-22,151269,1041,305502,1,1,5425
17-Jul-22,151289,7553,305535,1,1,5389
17-Jul-22,151348,11105,305670,5,0,25315
17-Jul-22,151385,10224,305754,2,2,4349
17-Jul-22,151387,10224,305754,1,1,4538.14
17-Jul-22,151397,10227,305775,1,0,1456
17-Jul-22,151439,10975,305871,1,0,17039
17-Jul-22,151480,8444,305949,2,2,6374
17-Jul-22,151535,10224,306066,1,1,4349
17-Jul-22,151568,8444,306144,2,2,6476
17-Jul-22,151620,3279,306252,1,1,8814.94
17-Jul-22,151622,8444,306255,20,20,6374
17-Jul-22,151653,10224,306327,1,0,4349
17-Jul-22,151710,12945,306447,1,0,3441
17-Jul-22,151718,12547,306459,5,5,11087
17-Jul-22,151762,8242,306567,4,4,1636
17-Jul-22,151769,7640,306582,1,0,15638
17-Jul-22,151770,1043,306585,20,16,11568
17-Jul-22,151773,10219,306591,1,1,5884
17-Jul-22,151828,7640,306717,5,0,15638
17-Jul-22,151884,13682,306831,2,0,3044
17-Jul-22,151898,10975,306861,1,1,18602
17-Jul-22,151920,8378,306921,1,1,4064
17-Jul-22,152031,7541,307194,5,0,1754
17-Jul-22,152032,7860,307197,1,0,2748
17-Jul-22,152073,8424,307284,1,1,3341
17-Jul-22,152083,10236,307311,1,1,1295
17-Jul-22,152101,11233,307338,1,1,12268
17-Jul-22,152151,12701,307440,1,0,6470
17-Jul-22,152162,1041,307470,1,0,5225
17-Jul-22,152172,7860,307494,2,0,3317
17-Jul-22,152174,7607,307500,1,1,12541
17-Jul-22,152185,12652,307518,10,10,7956
17-Jul-22,152221,8219,307593,1,0,15166
17-Jul-22,152230,10224,307608,1,0,4803
17-Jul-22,152269,8444,307674,5,0,6608
17-Jul-22,152288,1038,307710,1,0,8309
17-Jul-22,152300,8420,307731,1,1,3631
17-Jul-22,152302,12701,307734,2,2,6440
17-Jul-22,152315,8444,307767,2,2,6034
17-Jul-22,152330,11233,307806,1,1,12268
17-Jul-22,152340,12697,307830,1,0,1052
17-Jul-22,152409,10224,307956,1,1,4988
17-Jul-22,152474,13765,308118,3,0,2633
17-Jul-22,152479,13765,308127,3,0,2633
17-Jul-22,152502,3610,308184,1,1,13268
17-Jul-22,152506,10204,308190,5,5,4024
17-Jul-22,152613,8437,308397,1,0,2173
17-Jul-22,152646,8424,308466,1,1,8343
17-Jul-22,152700,12784,308586,1,0,2138
17-Jul-22,152724,10227,308643,2,2,1478
17-Jul-22,152735,13506,308661,1,1,4325
17-Jul-22,152777,10235,308739,1,0,1501
17-Jul-22,152905,8429,309009,1,0,2679
17-Jul-22,152911,7545,309018,1,0,7617
17-Jul-22,152970,7586,309126,1,0,10154
17-Jul-22,153061,8335,309333,1,1,2914
17-Jul-22,153158,8444,309531,1,1,6034
17-Jul-22,153161,11107,309540,1,0,5725
17-Jul-22,153183,13765,309573,4,4,2633
17-Jul-22,153196,12697,309606,1,0,1052
17-Jul-22,153260,3610,309729,1,1,12768
17-Jul-22,153293,3613,309801,1,0,8110
17-Jul-22,153304,8424,309828,1,0,3544
17-Jul-22,153373,8362,309966,1,0,3025
17-Jul-22,153391,11188,310020,1,0,3729
17-Jul-22,153410,12652,310065,25,25,7770
17-Jul-22,153430,7583,310110,1,0,22976
17-Jul-22,153432,3610,310116,1,1,8233
17-Jul-22,153464,3615,310185,1,0,6041
17-Jul-22,153471,11136,310197,1,0,2723
17-Jul-22,153507,10235,310278,1,1,1501
17-Jul-22,153514,11104,310290,2,2,12723
17-Jul-22,153553,3610,310380,3,3,8233
17-Jul-22,153605,8444,310485,20,20,6034
17-Jul-22,153608,11105,310491,5,0,25315
17-Jul-22,153642,8460,310554,1,1,3660
17-Jul-22,153656,8219,310581,8,8,843
17-Jul-22,153679,3615,310626,1,0,6725
17-Jul-22,153698,8378,310659,3,0,4141
17-Jul-22,153764,12652,310806,5,5,7770
17-Jul-22,153768,1041,310818,1,0,5620
17-Jul-22,153778,8378,310845,10,0,4141
17-Jul-22,153820,3284,310920,1,0,5271
17-Jul-22,153825,12701,310929,1,0,6440
17-Jul-22,153842,11189,310956,1,0,6534
17-Jul-22,153877,3279,311031,1,0,8814.94
17-Jul-22,153880,1041,311040,1,0,5908
17-Jul-22,153946,9778,311187,1,0,2801
17-Jul-22,153966,3269,311229,10,0,9904
17-Jul-22,153995,1043,311298,1,1,11889
17-Jul-22,154016,3610,311340,3,3,8233
17-Jul-22,154085,11152,311478,1,0,8461
17-Jul-22,154109,10235,311532,2,2,1501
17-Jul-22,154139,13764,311601,1,1,7270
17-Jul-22,154153,11137,311631,1,1,3623
17-Jul-22,154176,11162,311694,1,1,3511
17-Jul-22,154186,3279,311721,3,3,9724
17-Jul-22,154224,11165,311811,1,0,21067
17-Jul-22,154228,8444,311820,1,0,3820
17-Jul-22,154270,10975,311913,1,0,17039
17-Jul-22,154297,13733,311967,2,0,5935
17-Jul-22,154300,14383,311973,1,0,9958
17-Jul-22,154302,1805,311979,2,0,17527
17-Jul-22,154383,14402,312165,1,0,30890
17-Jul-22,154396,12652,312201,10,10,7770
17-Jul-22,154397,12652,312204,10,0,7770
17-Jul-22,154413,1041,312243,1,0,5632
17-Jul-22,154503,11925,312429,5,5,11814
17-Jul-22,154527,13618,312468,1,0,3251
17-Jul-22,154566,11107,312561,1,1,5725
17-Jul-22,154585,3615,312615,1,1,6041
17-Jul-22,154611,10247,312663,4,0,7270
17-Jul-22,154632,3615,312708,5,5,6041
17-Jul-22,154638,10975,312723,1,0,12632
17-Jul-22,154675,3635,312816,1,0,5761
17-Jul-22,154677,11187,312819,1,0,7700
17-Jul-22,154693,11124,312852,1,0,2247
17-Jul-22,154711,3611,312885,15,15,4217
17-Jul-22,154751,1041,312969,1,0,5620
17-Jul-22,154767,12701,313002,1,0,6440
17-Jul-22,154788,8425,313053,2,2,4816
17-Jul-22,154808,12547,313095,6,6,5680
17-Jul-22,154815,7827,313101,1,1,3643
17-Jul-22,154869,8424,313212,1,1,3511
17-Jul-22,154873,3613,313221,1,0,8038
17-Jul-22,154917,7553,313302,1,1,5527
17-Jul-22,154940,8210,313356,1,1,14212
17-Jul-22,155027,8210,313548,1,1,13846
17-Jul-22,155030,10242,313554,1,0,5973
17-Jul-22,155055,7581,313620,2,2,13190
17-Jul-22,155080,12400,313674,1,0,6080
17-Jul-22,155092,3610,313704,1,0,12704
17-Jul-22,155095,3611,313710,1,1,4693
17-Jul-22,155097,13501,313716,1,0,11287
17-Jul-22,155117,12400,313767,1,1,6080
17-Jul-22,155120,11731,313773,1,0,6679
17-Jul-22,155156,12685,313854,1,0,2861
17-Jul-22,155206,8335,313971,1,1,4148
17-Jul-22,155208,11161,313977,1,1,8329
17-Jul-22,155217,1038,313992,1,1,8588
17-Jul-22,155224,11117,314007,1,1,6434
17-Jul-22,155254,10236,314052,1,1,1432
17-Jul-22,155329,12749,314238,1,1,6211
17-Jul-22,155368,1043,314331,1,0,22849
17-Jul-22,155426,12758,314445,1,0,8050
17-Jul-22,155483,11121,314574,1,0,2080
17-Jul-22,155639,12697,314850,12,12,1052
17-Jul-22,155719,8424,314991,1,0,3404
17-Jul-22,155760,10235,315069,1,0,1501
17-Jul-22,155798,7641,315138,1,1,20147
17-Jul-22,155826,8422,315189,1,0,3445
17-Jul-22,155829,13764,315192,1,1,7088
17-Jul-22,155961,10513,315504,3,0,11303
17-Jul-22,155986,8422,315549,1,1,4069
17-Jul-22,156073,1043,315732,1,1,22849
17-Jul-22,156074,1041,315735,2,0,5453
17-Jul-22,156114,8796,315819,1,0,3987
17-Jul-22,156231,2358,316071,1,0,1360
17-Jul-22,156245,7553,316110,1,1,5896
17-Jul-22,156248,8420,316110,1,1,6683
17-Jul-22,156283,11107,316188,1,0,6158
17-Jul-22,156306,13565,316230,2,0,366
17-Jul-22,156342,10235,316293,3,3,1455
17-Jul-22,156345,11121,316299,1,0,2759
17-Jul-22,156406,8421,316431,2,2,4523
17-Jul-22,156447,13682,316500,4,0,2899
17-Jul-22,156464,11117,316551,4,2,6652
17-Jul-22,156474,3624,316575,1,0,5453
17-Jul-22,156511,3592,316659,1,1,6510
17-Jul-22,156530,12703,316701,3,0,3373
17-Jul-22,156542,10235,316737,3,3,1501
17-Jul-22,156555,7653,316773,2,0,11536
17-Jul-22,156574,3305,316818,5,0,6480
17-Jul-22,156584,8444,316836,1,1,6134
17-Jul-22,156625,10245,316929,1,1,10322
17-Jul-22,156648,8762,316965,1,0,7732
17-Jul-22,156659,8762,316968,1,0,7732
17-Jul-22,156664,11107,316971,2,0,9592
17-Jul-22,156679,12685,317007,1,1,2861
17-Jul-22,156705,3284,317067,1,0,5271
17-Jul-22,156725,7529,317106,1,1,6588
17-Jul-22,156750,13752,317139,1,0,9065
17-Jul-22,156838,8378,317349,2,2,4274
17-Jul-22,156839,7620,317352,2,2,8488
17-Jul-22,156980,11136,317655,1,0,2536
17-Jul-22,156996,10224,317691,1,0,4619
17-Jul-22,157038,13745,317799,2,1,5275
17-Jul-22,157059,13765,317841,1,1,2633
17-Jul-22,157086,11186,317904,2,0,4061
17-Jul-22,157120,10224,317979,1,1,4988
17-Jul-22,157194,11165,318126,1,0,11934
17-Jul-22,157196,8753,318129,2,2,8781
17-Jul-22,157258,8444,318240,1,1,6343
17-Jul-22,157277,1041,318291,1,0,4998
17-Jul-22,157364,11172,318471,1,0,2614
17-Jul-22,157374,3613,318495,1,0,8110
17-Jul-22,157381,7640,318510,1,1,17786
17-Jul-22,157409,12701,318573,2,0,6470
17-Jul-22,157412,8428,318579,10,10,1654
17-Jul-22,157459,8384,318690,2,2,5743
17-Jul-22,157560,8457,318906,2,0,6150
17-Jul-22,157572,8424,318939,1,0,3372
18-Jul-22,147346,8425,297579,1,1,4930
18-Jul-22,147371,3610,297636,10,10,13268
18-Jul-22,147406,8425,297702,1,0,4771
18-Jul-22,147412,8444,297711,1,1,6343
18-Jul-22,147431,13764,297741,1,1,7746
18-Jul-22,147450,8425,297768,1,1,4544
18-Jul-22,147501,8422,297882,1,0,6084
18-Jul-22,147534,10233,297960,1,1,2250
18-Jul-22,147538,11658,297969,1,0,1804
18-Jul-22,147546,11123,297990,2,1,6499
18-Jul-22,147580,12701,298062,1,0,6440
18-Jul-22,147600,8422,298107,1,0,6325
18-Jul-22,147638,12460,298194,1,0,14550
18-Jul-22,147665,12701,298236,1,0,6440
18-Jul-22,147693,8420,298302,1,0,6510
18-Jul-22,147742,12697,298404,2,2,2124
18-Jul-22,147753,10224,298431,1,0,4349
18-Jul-22,147760,14352,298446,1,1,3318
18-Jul-22,147768,3279,298464,2,2,9724
18-Jul-22,147861,11157,298629,1,0,14076
18-Jul-22,147917,8384,298734,2,0,5660
18-Jul-22,147932,10224,298758,2,0,4360.17
18-Jul-22,147966,8425,298812,1,0,4862
18-Jul-22,147970,3610,298821,1,0,12704
18-Jul-22,147993,11899,298872,1,0,13782
18-Jul-22,148002,8378,298890,15,15,3938
18-Jul-22,148014,10224,298911,2,0,4349
18-Jul-22,148027,8219,298935,1,1,14358
18-Jul-22,148029,12407,298935,1,1,9866
18-Jul-22,148069,11146,299001,1,0,4017
18-Jul-22,148097,1043,299070,1,0,22715
18-Jul-22,148117,10235,299115,1,0,1432
18-Jul-22,148190,7860,299256,1,0,3317
18-Jul-22,148197,1041,299274,1,0,5616
18-Jul-22,148226,9916,299340,2,0,3372
18-Jul-22,148268,10975,299421,1,0,17392
18-Jul-22,148279,10235,299451,1,1,1432
18-Jul-22,148294,10224,299478,1,0,4349
18-Jul-22,148306,1041,299487,1,0,4954
18-Jul-22,148308,8420,299487,1,0,6828
18-Jul-22,148316,1041,299490,1,1,5090
18-Jul-22,148328,7860,299517,1,1,3317
18-Jul-22,148345,3615,299556,3,3,6180
18-Jul-22,148372,9916,299601,4,0,3372
18-Jul-22,148400,11926,299616,1,0,6997
18-Jul-22,148426,8444,299667,2,2,3658
18-Jul-22,148429,13506,299673,1,1,4325
18-Jul-22,148430,10204,299676,2,0,4024
18-Jul-22,148438,8425,299697,3,3,4930
18-Jul-22,148443,10204,299700,2,2,4024
18-Jul-22,148481,11107,299772,4,4,6158
18-Jul-22,148489,8444,299778,1,0,6007
18-Jul-22,148518,12701,299832,2,0,6379
18-Jul-22,148544,12487,299868,1,0,4497
18-Jul-22,148554,8221,299892,15,12,6182
18-Jul-22,148580,3613,299937,15,0,8038
18-Jul-22,148591,8219,299961,2,2,14934
18-Jul-22,148605,13618,299985,2,2,3251
18-Jul-22,148614,8444,299994,5,5,5771
18-Jul-22,148622,14309,300003,1,1,8451
18-Jul-22,148629,3615,300021,1,1,6041
18-Jul-22,148632,14309,300027,1,0,8451
18-Jul-22,148699,3610,300135,5,0,13268
18-Jul-22,148711,10224,300165,1,1,4360.17
18-Jul-22,148816,8208,300366,1,1,8291
18-Jul-22,148826,7586,300390,1,0,6800
18-Jul-22,148850,10227,300441,1,1,1438
18-Jul-22,148858,8760,300453,20,0,2363
18-Jul-22,148893,12701,300534,5,0,9542
18-Jul-22,148903,1043,300552,1,1,22715
18-Jul-22,148908,12487,300564,5,5,4220
18-Jul-22,148990,12652,300747,4,4,7956
18-Jul-22,149018,10224,300810,2,2,4349
18-Jul-22,149021,10204,300813,5,0,4024
18-Jul-22,149081,12701,300936,1,0,9542
18-Jul-22,149135,1041,301053,1,0,5090
18-Jul-22,149203,12758,301188,1,0,8050
18-Jul-22,149211,8177,301209,1,0,2150.85
18-Jul-22,149223,8384,301230,1,1,6077
18-Jul-22,149235,14354,301248,1,1,2501
18-Jul-22,149281,8210,301350,2,2,13846
18-Jul-22,149301,3610,301389,10,10,8299
18-Jul-22,149328,11117,301443,1,1,6434
18-Jul-22,149382,8428,301545,20,0,1793
18-Jul-22,149534,10227,301893,1,1,1411
18-Jul-22,149610,12460,302052,1,1,14550
18-Jul-22,149621,8425,302070,1,1,4971
18-Jul-22,149629,8425,302085,1,1,5587
18-Jul-22,149678,12652,302181,1,0,7956
18-Jul-22,149710,9916,302235,1,0,3372
18-Jul-22,149852,9895,302559,10,10,1128.5
18-Jul-22,149881,3610,302640,1,1,13177
18-Jul-22,149890,8444,302667,1,0,3933
18-Jul-22,149900,3610,302688,1,1,13284
18-Jul-22,149911,13765,302703,1,1,2633
18-Jul-22,149983,11233,302859,1,0,11996
18-Jul-22,150025,10235,302937,5,5,1399
18-Jul-22,150033,10245,302955,1,0,9688
18-Jul-22,150044,8221,302973,3,3,3770
18-Jul-22,150093,12547,303099,1,0,11087
18-Jul-22,150135,12703,303195,2,0,3373
18-Jul-22,150227,8221,303444,5,1,6182
18-Jul-22,150240,3615,303474,30,30,6043
18-Jul-22,150266,10224,303519,1,1,4349
18-Jul-22,150414,8444,303807,1,0,6034
18-Jul-22,150447,3615,303864,2,0,6558
18-Jul-22,150479,12455,303933,2,0,5771
18-Jul-22,150501,3613,303966,1,0,10273
18-Jul-22,150507,10235,303981,5,5,1387
18-Jul-22,150545,8221,304065,3,0,3770
18-Jul-22,150550,3610,304077,2,2,13177
18-Jul-22,150555,8437,304086,1,0,2344
18-Jul-22,150565,10248,304104,5,5,5646
18-Jul-22,150569,8221,304113,4,0,5339.01
18-Jul-22,150612,11106,304215,1,0,6270
18-Jul-22,150621,11233,304233,3,0,12268
18-Jul-22,150647,1041,304290,1,1,5620
18-Jul-22,150650,7586,304293,1,0,6557
18-Jul-22,150667,8439,304317,2,0,1871
18-Jul-22,150694,3610,304374,3,0,13177
18-Jul-22,150712,10236,304404,1,1,1341
18-Jul-22,150720,10235,304419,1,1,1432
18-Jul-22,150761,12487,304485,1,0,4497
18-Jul-22,150769,11233,304503,5,5,12268
18-Jul-22,150815,10238,304596,1,0,3281
18-Jul-22,150823,10218,304614,1,0,2561
18-Jul-22,150839,7540,304644,3,3,13740
18-Jul-22,150893,1041,304752,1,1,5334
18-Jul-22,150917,10238,304803,1,1,3281
18-Jul-22,150919,7860,304806,1,0,2748
18-Jul-22,150970,9915,304917,2,2,3650.04
18-Jul-22,151047,8378,305067,4,0,3938
18-Jul-22,151055,12749,305091,5,5,6370
18-Jul-22,151071,10529,305115,1,1,6892
18-Jul-22,151093,8425,305163,1,0,5175
18-Jul-22,151155,10224,305301,1,0,4538.14
18-Jul-22,151156,10235,305301,3,0,1432
18-Jul-22,151308,7607,305577,1,1,12541
18-Jul-22,151349,8219,305673,1,0,14934
18-Jul-22,151431,12547,305853,1,1,5726
18-Jul-22,151461,2862,305919,1,0,4640
18-Jul-22,151476,10236,305940,1,0,1295
18-Jul-22,151505,11233,306000,2,2,11996
18-Jul-22,151608,11233,306228,1,1,7857
18-Jul-22,151612,10975,306234,1,1,5838
18-Jul-22,151613,13745,306237,3,3,5275
18-Jul-22,151629,3615,306270,1,0,6043
18-Jul-22,151637,12652,306291,4,4,7956
18-Jul-22,151651,11233,306321,1,1,12268
18-Jul-22,151665,8444,306351,2,2,6343
18-Jul-22,151671,10975,306357,1,0,11087
18-Jul-22,151706,11233,306441,1,1,11996
18-Jul-22,151788,8425,306621,3,0,4894
18-Jul-22,151809,7640,306675,1,0,16490
18-Jul-22,151823,13764,306702,1,1,7746
18-Jul-22,151875,11107,306810,1,0,5725
18-Jul-22,151879,8439,306816,1,0,955
18-Jul-22,151921,8378,306921,1,1,3938
18-Jul-22,151937,11117,306963,1,0,6434
18-Jul-22,151952,10204,306999,5,5,4024
18-Jul-22,151971,1043,307053,1,0,5854
18-Jul-22,152000,12472,307125,1,1,25920
18-Jul-22,152045,1041,307227,1,0,5334
18-Jul-22,152052,12749,307245,4,4,6370
18-Jul-22,152054,9171,307251,1,0,6510
18-Jul-22,152060,1805,307257,2,2,17527
18-Jul-22,152071,3615,307281,1,1,6043
18-Jul-22,152109,9171,307353,2,2,6470
18-Jul-22,152143,12701,307428,1,0,9542
18-Jul-22,152148,11104,307437,1,1,12723
18-Jul-22,152171,2367,307491,10,10,479
18-Jul-22,152247,11105,307638,5,0,25315
18-Jul-22,152270,8444,307674,40,0,3820
18-Jul-22,152278,1043,307689,8,8,11568
18-Jul-22,152291,11107,307713,1,0,6118
18-Jul-22,152358,10975,307860,1,0,5838
18-Jul-22,152551,7607,308277,1,1,13631
18-Jul-22,152565,7596,308310,2,0,40
18-Jul-22,152569,11140,308322,2,2,4675
18-Jul-22,152590,1041,308358,1,0,4954
18-Jul-22,152593,7640,308367,1,1,17786
18-Jul-22,152604,1038,308385,2,0,8179
18-Jul-22,152689,7641,308559,1,0,20147
18-Jul-22,152716,10975,308622,1,1,12632
18-Jul-22,152755,8422,308697,1,0,3997
18-Jul-22,152762,11275,308712,1,0,1201
18-Jul-22,152775,10235,308733,2,1,1455
18-Jul-22,152793,12917,308772,1,0,39649
18-Jul-22,152801,12547,308790,2,2,5726
18-Jul-22,152863,3615,308922,3,0,6041
18-Jul-22,152888,12784,308970,4,4,2134
18-Jul-22,152892,8428,308982,15,0,1793
18-Jul-22,152923,3610,309036,1,0,8233
18-Jul-22,152927,8335,309045,1,0,3798
18-Jul-22,152958,9895,309108,4,0,1128.5
18-Jul-22,153024,7821,309258,1,0,6009
18-Jul-22,153027,10236,309264,5,5,1386
18-Jul-22,153030,7271,309270,2,2,2566
18-Jul-22,153045,10247,309297,1,1,7724
18-Jul-22,153080,8428,309375,5,0,1793
18-Jul-22,153165,3610,309546,2,2,12768
18-Jul-22,153181,11233,309567,1,1,11996
18-Jul-22,153265,12652,309744,30,30,7770
18-Jul-22,153276,8219,309768,6,6,15166
18-Jul-22,153277,7808,309771,2,0,3154
18-Jul-22,153288,8210,309789,1,1,14212
18-Jul-22,153309,8457,309843,1,0,8272
18-Jul-22,153322,8219,309870,1,0,14934
18-Jul-22,153337,13524,309891,1,1,4430
18-Jul-22,153342,1038,309903,5,5,8052
18-Jul-22,153347,11906,309915,2,0,5998
18-Jul-22,153393,8210,310023,1,0,12837
18-Jul-22,153462,8444,310179,1,0,6034
18-Jul-22,153470,11121,310197,1,0,2080
18-Jul-22,153482,8425,310224,1,0,4816
18-Jul-22,153494,10236,310254,1,0,1386
18-Jul-22,153498,10235,310266,2,0,1501
18-Jul-22,153517,12803,310296,1,1,6090
18-Jul-22,153530,7819,310314,1,0,4133
18-Jul-22,153631,8210,310536,1,1,13846
18-Jul-22,153782,13524,310854,10,10,4317
18-Jul-22,153786,11146,310860,1,1,4017
18-Jul-22,153793,8444,310872,1,0,6374
18-Jul-22,153803,3610,310884,1,0,12768
18-Jul-22,153819,1041,310917,1,0,5725
18-Jul-22,153826,10975,310932,1,0,17039
18-Jul-22,153855,11189,310980,1,0,6292
18-Jul-22,153892,10235,311070,1,0,1501
18-Jul-22,153920,10975,311127,1,1,14211
18-Jul-22,153932,11233,311160,1,0,12458
18-Jul-22,154072,11233,311448,1,1,13177
18-Jul-22,154119,8457,311550,1,1,7979
18-Jul-22,154127,11233,311571,2,0,13177
18-Jul-22,154154,10236,311634,10,0,1386
18-Jul-22,154167,10235,311667,3,3,1455
18-Jul-22,154175,7810,311691,1,1,4147
18-Jul-22,154208,9897,311769,1,1,9668
18-Jul-22,154240,13524,311841,1,0,4430
18-Jul-22,154255,8367,311874,2,0,2547
18-Jul-22,154262,11233,311892,1,0,12458
18-Jul-22,154349,1041,312090,5,0,4816
18-Jul-22,154351,12749,312096,4,4,6211
18-Jul-22,154405,13524,312222,10,10,4317
18-Jul-22,154416,8439,312246,1,0,940
18-Jul-22,154422,8219,312255,1,1,14934
18-Jul-22,154448,13501,312312,1,1,12105
18-Jul-22,154465,12945,312348,2,0,3441
18-Jul-22,154470,8439,312360,1,0,940
18-Jul-22,154513,14309,312459,1,0,8270
18-Jul-22,154544,10235,312507,10,10,1455
18-Jul-22,154548,11133,312519,1,1,1802
18-Jul-22,154564,8384,312558,10,10,5648
18-Jul-22,154617,7553,312675,1,1,5896
18-Jul-22,154620,3624,312678,1,1,5453
18-Jul-22,154663,7596,312783,2,2,4211
18-Jul-22,154687,10235,312840,1,0,1501
18-Jul-22,154705,11233,312876,1,0,12458
18-Jul-22,154733,3279,312930,2,2,9724
18-Jul-22,154749,12547,312963,1,0,5771
18-Jul-22,154750,12547,312966,1,0,5771
18-Jul-22,154753,7586,312975,1,0,10154
18-Jul-22,154754,7860,312975,1,0,2748
18-Jul-22,154759,8378,312987,27,27,4141
18-Jul-22,154828,12749,313116,10,10,6211
18-Jul-22,154844,7640,313152,3,3,17786
18-Jul-22,154902,9897,313275,1,0,9668
18-Jul-22,154904,7637,313278,1,1,33157
18-Jul-22,154933,1041,313341,1,1,5616
18-Jul-22,154962,13524,313404,1,1,4430
18-Jul-22,154973,11168,313428,1,0,6941
18-Jul-22,155002,7820,313491,1,0,3498
18-Jul-22,155013,3611,313509,6,6,4217
18-Jul-22,155021,11110,313533,1,1,4128
18-Jul-22,155032,1038,313560,1,0,8324
18-Jul-22,155038,3279,313578,1,1,8814.94
18-Jul-22,155041,9882,313584,1,1,14024
18-Jul-22,155059,8335,313629,5,5,2998
18-Jul-22,155083,3592,313683,1,0,6865
18-Jul-22,155122,14383,313779,2,0,9958
18-Jul-22,155149,12701,313839,1,1,6470
18-Jul-22,155295,3610,314157,1,0,13177
18-Jul-22,155324,7596,314229,3,0,2094
18-Jul-22,155356,11129,314301,1,0,7704
18-Jul-22,155389,1038,314373,5,5,8188
18-Jul-22,155405,11137,314406,2,0,3696
18-Jul-22,155422,8418,314436,1,0,4269
18-Jul-22,155495,10224,314598,1,0,4803
18-Jul-22,155499,7860,314604,3,0,2748
18-Jul-22,155503,12547,314616,1,1,11178
18-Jul-22,155565,1041,314697,1,0,4954
18-Jul-22,155602,8444,314769,1,0,6608
18-Jul-22,155609,10975,314784,2,2,18602
18-Jul-22,155671,1041,314904,1,0,4998
18-Jul-22,155693,3610,314937,1,1,13177
18-Jul-22,155741,3615,315030,4,4,6041
18-Jul-22,155752,3610,315051,9,9,12768
18-Jul-22,155830,1038,315195,1,0,8315
18-Jul-22,155831,1038,315195,1,0,8179
18-Jul-22,155878,7860,315300,10,0,3317
18-Jul-22,155891,12692,315327,1,0,4237
18-Jul-22,155905,11163,315357,1,0,5522
18-Jul-22,155931,8386,315435,1,0,4011
18-Jul-22,155948,9915,315477,1,1,3617
18-Jul-22,155952,11163,315486,1,0,5522
18-Jul-22,155983,11118,315546,1,0,4171
18-Jul-22,156000,8444,315588,1,0,6374
18-Jul-22,156012,3279,315612,1,0,8814.94
18-Jul-22,156014,13524,315615,1,1,5408
18-Jul-22,156048,8444,315672,1,0,6343
18-Jul-22,156081,10236,315744,10,0,1386
18-Jul-22,156101,8425,315792,1,1,4894
18-Jul-22,156209,8452,316017,1,0,9172
18-Jul-22,156234,2367,316080,50,50,479
18-Jul-22,156326,1043,316272,1,1,11889
18-Jul-22,156333,8421,316281,1,0,4523
18-Jul-22,156382,10235,316389,3,0,1501
18-Jul-22,156484,7640,316593,1,1,17786
18-Jul-22,156501,8425,316632,2,0,4816
18-Jul-22,156518,11107,316680,1,0,6158
18-Jul-22,156533,8437,316710,2,2,2084
18-Jul-22,156587,8444,316839,1,0,3820
18-Jul-22,156614,7583,316899,1,0,19366
18-Jul-22,156635,10248,316950,1,1,4857
18-Jul-22,156658,7649,316968,1,0,11096
18-Jul-22,156662,3284,316971,2,0,5271
18-Jul-22,156749,13752,317139,3,0,8817
18-Jul-22,156776,7529,317202,1,1,7634
18-Jul-22,156789,10247,317229,1,1,7724
18-Jul-22,156812,3610,317283,3,3,8233
18-Jul-22,156827,10975,317322,1,0,12632
18-Jul-22,156833,13764,317337,1,0,7088
18-Jul-22,156876,8378,317448,2,2,4274
18-Jul-22,156886,8439,317463,2,0,1876
18-Jul-22,156943,8760,317586,1,0,2363
18-Jul-22,156997,10224,317691,1,0,4803
18-Jul-22,157017,11146,317745,1,0,6176
18-Jul-22,157039,7653,317802,2,2,11536
18-Jul-22,157041,13548,317805,1,1,4953
18-Jul-22,157061,7583,317844,1,0,19084
18-Jul-22,157067,3610,317856,1,0,8261
18-Jul-22,157095,10529,317925,1,1,6892
18-Jul-22,157098,1041,317931,1,1,5620
18-Jul-22,157110,8459,317958,1,0,2846
18-Jul-22,157118,8444,317973,4,0,6134
18-Jul-22,157136,12678,318012,2,0,3066
18-Jul-22,157152,11123,318048,1,0,5708
18-Jul-22,157171,7640,318087,4,0,17786
18-Jul-22,157278,9171,318294,1,0,6983
18-Jul-22,157279,11133,318297,1,1,1848
18-Jul-22,157311,10204,318348,1,1,4089
18-Jul-22,157350,9882,318429,2,1,14024
18-Jul-22,157383,1038,318516,1,1,7815
18-Jul-22,157443,10975,318657,1,0,18402
18-Jul-22,157453,8384,318678,1,1,5992
18-Jul-22,157458,10204,318687,2,2,4089
18-Jul-22,157487,8444,318765,2,2,6374
19-Jul-22,147359,3610,297603,4,0,13284
19-Jul-22,147375,1805,297645,5,0,9996
19-Jul-22,147389,3615,297672,4,0,6041
19-Jul-22,147394,10975,297681,1,1,5893
19-Jul-22,147409,14354,297708,1,0,2501
19-Jul-22,147461,8751,297783,1,0,3761
19-Jul-22,147466,8425,297795,5,0,4930
19-Jul-22,147479,12487,297825,1,0,4497
19-Jul-22,147527,11658,297942,2,1,1804
19-Jul-22,147562,11146,298026,1,0,4510
19-Jul-22,147634,3279,298188,1,0,8814.94
19-Jul-22,147652,9916,298212,1,1,3650
19-Jul-22,147675,12748,298260,5,0,2810
19-Jul-22,147696,8457,298308,1,0,8039
19-Jul-22,147770,11658,298470,1,1,1804
19-Jul-22,147777,13764,298485,1,0,7746
19-Jul-22,147809,3615,298554,1,1,6041
19-Jul-22,147926,8444,298752,1,0,6343
19-Jul-22,147927,8444,298752,1,0,6034
19-Jul-22,147962,1041,298806,1,1,4954
19-Jul-22,147998,8219,298878,1,1,14813
19-Jul-22,148020,8210,298920,2,2,14212
19-Jul-22,148039,11899,298953,1,0,13782
19-Jul-22,148050,3615,298968,1,0,6180
19-Jul-22,148070,8221,299004,40,35,3699
19-Jul-22,148121,1041,299124,1,0,5616
19-Jul-22,148135,1805,299151,5,5,17527
19-Jul-22,148137,8210,299157,40,40,15536
19-Jul-22,148170,8444,299217,1,0,6343
19-Jul-22,148178,11926,299232,1,1,6997
19-Jul-22,148245,7586,299379,1,0,6557
19-Jul-22,148261,10204,299409,2,2,4024
19-Jul-22,148281,12701,299454,2,0,9397
19-Jul-22,148339,1038,299538,1,1,8762
19-Jul-22,148395,9915,299610,2,2,3599
19-Jul-22,148396,8457,299610,1,1,7905
19-Jul-22,148406,11154,299628,1,1,13904
19-Jul-22,148433,8221,299682,1,0,3770
19-Jul-22,148462,3605,299733,1,1,3762
19-Jul-22,148552,8444,299889,1,0,3635
19-Jul-22,148565,11117,299910,1,1,6745
19-Jul-22,148578,13662,299931,1,0,7634
19-Jul-22,148633,14349,300030,1,0,32992
19-Jul-22,148636,8208,300039,2,0,8291
19-Jul-22,148704,13682,300147,2,2,3044
19-Jul-22,148721,12802,300186,1,1,2275
19-Jul-22,148829,8428,300396,1,1,1793
19-Jul-22,148838,12749,300417,1,0,6211
19-Jul-22,148842,13745,300429,1,1,5275
19-Jul-22,148885,8210,300513,1,1,13846
19-Jul-22,148898,3610,300546,6,0,12704
19-Jul-22,148901,10224,300552,1,1,4534
19-Jul-22,148954,9916,300660,1,0,3999
19-Jul-22,148969,3592,300693,1,0,6510
19-Jul-22,148980,12912,300723,6,0,3544
19-Jul-22,149053,8425,300870,1,0,5400
19-Jul-22,149084,10235,300942,2,2,1432
19-Jul-22,149120,1041,301023,1,0,5725
19-Jul-22,149243,11731,301263,1,0,5800
19-Jul-22,149269,3610,301329,1,0,8233
19-Jul-22,149341,1805,301470,1,0,9996
19-Jul-22,149383,8428,301548,20,20,1793
19-Jul-22,149397,10235,301575,3,0,1387
19-Jul-22,149414,13765,301620,1,1,2633
19-Jul-22,149430,3610,301659,5,5,12704
19-Jul-22,149450,13765,301707,5,5,2633
19-Jul-22,149464,8444,301731,1,1,6374
19-Jul-22,149471,8428,301746,10,10,1799
19-Jul-22,149488,8424,301788,1,0,3341
19-Jul-22,149493,3613,301803,1,0,8266
19-Jul-22,149494,1041,301806,1,1,5725
19-Jul-22,149508,11105,301845,5,0,25315
19-Jul-22,149575,7860,301971,1,0,3315
19-Jul-22,149576,12652,301974,5,5,7956
19-Jul-22,149623,2862,302076,1,0,4021
19-Jul-22,149635,8378,302097,1,0,3938
19-Jul-22,149674,11188,302172,1,1,3696
19-Jul-22,149703,1041,302226,1,0,5334
19-Jul-22,149777,9916,302394,2,0,3372
19-Jul-22,149784,1038,302412,1,0,8445
19-Jul-22,149817,10235,302475,3,3,1399
19-Jul-22,149837,11233,302523,2,0,11996
19-Jul-22,149869,13548,302607,1,1,4544
19-Jul-22,149930,8428,302748,1,0,1832
19-Jul-22,149931,1038,302751,1,0,8588
19-Jul-22,149943,8384,302781,1,0,5727
19-Jul-22,149945,12487,302787,3,3,4220
19-Jul-22,149978,8425,302844,1,0,4971
19-Jul-22,149992,7640,302877,4,4,16490
19-Jul-22,150000,8449,302889,1,0,6682
19-Jul-22,150028,8210,302946,2,2,14612
19-Jul-22,150034,12661,302958,1,0,7543
19-Jul-22,150089,8219,303087,2,2,15166
19-Jul-22,150091,8219,303093,2,2,14934
19-Jul-22,150185,12400,303336,3,3,6080
19-Jul-22,150201,3610,303375,1,0,12797
19-Jul-22,150215,11233,303408,1,0,11996
19-Jul-22,150235,1038,303462,2,2,8726
19-Jul-22,150250,11107,303483,1,0,5725
19-Jul-22,150323,8210,303630,1,1,12452
19-Jul-22,150365,14309,303708,1,0,8451
19-Jul-22,150381,11138,303747,1,0,17967
19-Jul-22,150384,8714,303753,1,1,5431
19-Jul-22,150443,1038,303858,1,1,8179
19-Jul-22,150469,12460,303915,1,0,15040
19-Jul-22,150579,8444,304131,1,1,3535
19-Jul-22,150600,8424,304179,2,2,3372
19-Jul-22,150629,9938,304254,1,0,3726
19-Jul-22,150632,1041,304260,1,0,5090
19-Jul-22,150693,11233,304371,2,0,12268
19-Jul-22,150738,11169,304449,2,2,6710
19-Jul-22,150772,10235,304509,3,3,1432
19-Jul-22,150788,12487,304545,1,1,4362
19-Jul-22,150808,10235,304584,5,5,1432
19-Jul-22,150824,8760,304617,10,10,2363
19-Jul-22,150892,14338,304749,1,0,5089
19-Jul-22,150906,8760,304782,2,0,2363
19-Jul-22,150935,12701,304833,2,0,9397
19-Jul-22,150969,12652,304914,3,0,7956
19-Jul-22,150985,3613,304953,1,1,8110
19-Jul-22,150993,7640,304968,1,1,15638
19-Jul-22,151016,1041,305001,1,0,5620
19-Jul-22,151022,3610,305004,1,0,12768
19-Jul-22,151025,11162,305010,2,0,3511
19-Jul-22,151028,10248,305019,1,1,5646
19-Jul-22,151037,12701,305037,1,1,6470
19-Jul-22,151100,7860,305184,1,0,3317
19-Jul-22,151162,11899,305307,1,1,14322
19-Jul-22,151163,8439,305310,2,2,1842
19-Jul-22,151176,8424,305334,1,0,3372
19-Jul-22,151191,8457,305367,1,0,8117
19-Jul-22,151252,13565,305478,2,0,366
19-Jul-22,151268,10247,305499,3,3,7134
19-Jul-22,151323,10235,305613,1,1,1387
19-Jul-22,151332,11926,305628,2,0,6997
19-Jul-22,151369,1043,305718,1,1,5854
19-Jul-22,151381,10224,305745,1,0,4360.17
19-Jul-22,151394,10224,305772,2,2,4349
19-Jul-22,151421,8435,305832,1,1,10579
19-Jul-22,151548,11233,306102,1,0,12650
19-Jul-22,151609,8378,306231,2,2,3938
19-Jul-22,151610,11139,306231,1,1,4945
19-Jul-22,151666,8444,306351,6,6,6034
19-Jul-22,151841,3610,306744,1,1,13177
19-Jul-22,151932,11143,306948,1,0,3102
19-Jul-22,151958,12701,307017,2,0,5856
19-Jul-22,151972,8444,307056,1,0,3535
19-Jul-22,151980,7640,307077,2,2,16490
19-Jul-22,151988,8424,307095,1,1,3479
19-Jul-22,151990,1043,307101,1,1,11568
19-Jul-22,152088,8221,307320,1,1,3770
19-Jul-22,152175,10235,307503,3,0,1501
19-Jul-22,152321,8335,307782,1,1,3798
19-Jul-22,152331,8386,307809,1,0,3514
19-Jul-22,152383,11926,307899,1,0,6997
19-Jul-22,152407,11107,307953,1,1,5725
19-Jul-22,152429,8429,308010,1,0,2583
19-Jul-22,152486,2862,308148,5,4,4640
19-Jul-22,152490,12652,308160,3,3,7770
19-Jul-22,152501,8208,308181,2,2,8429
19-Jul-22,152522,3615,308211,1,1,6125
19-Jul-22,152542,3610,308256,3,3,12768
19-Jul-22,152552,11233,308280,1,0,12904
19-Jul-22,152578,11165,308334,1,0,21067
19-Jul-22,152629,8219,308430,3,2,15166
19-Jul-22,152664,3610,308508,8,8,12704
19-Jul-22,152674,8219,308529,10,10,15166
19-Jul-22,152725,10236,308643,2,2,1432
19-Jul-22,152792,8421,308769,1,0,1097
19-Jul-22,152803,11146,308796,1,0,6880
19-Jul-22,152822,8253,308835,1,0,1778
19-Jul-22,152917,13524,309024,1,0,4430
19-Jul-22,152932,7640,309060,1,1,17786
19-Jul-22,152956,8444,309102,2,0,6343
19-Jul-22,152974,1038,309132,1,0,8726
19-Jul-22,152981,9913,309147,2,0,5079
19-Jul-22,153021,13682,309252,2,2,3044
19-Jul-22,153032,12701,309273,1,0,9542
19-Jul-22,153041,3610,309291,4,4,8500
19-Jul-22,153085,8444,309387,6,0,5813
19-Jul-22,153104,7860,309426,1,1,3317
19-Jul-22,153140,11233,309498,1,1,11996
19-Jul-22,153168,8384,309552,2,2,5562
19-Jul-22,153213,3615,309636,5,5,6041
19-Jul-22,153220,8457,309651,1,1,8406
19-Jul-22,153232,12547,309678,5,5,5726
19-Jul-22,153244,1043,309693,1,1,5854
19-Jul-22,153245,8219,309696,45,45,14934
19-Jul-22,153275,3610,309765,1,1,8500
19-Jul-22,153305,12652,309831,7,0,7770
19-Jul-22,153314,8424,309855,1,1,3372
19-Jul-22,153401,8439,310041,10,0,1842
19-Jul-22,153402,8439,310044,5,0,1842
19-Jul-22,153446,1038,310152,1,1,8726
19-Jul-22,153461,3615,310176,1,0,6043
19-Jul-22,153475,10225,310206,3,0,4434
19-Jul-22,153503,8751,310269,1,0,3834
19-Jul-22,153511,7553,310284,1,1,5527
19-Jul-22,153536,4435,310332,1,0,2268
19-Jul-22,153549,8425,310368,1,1,4894
19-Jul-22,153554,12749,310383,90,0,6211
19-Jul-22,153594,1043,310455,1,1,22849
19-Jul-22,153628,13591,310530,1,1,15994
19-Jul-22,153669,1041,310605,1,0,5616
19-Jul-22,153689,8420,310653,2,0,6550
19-Jul-22,153694,12469,310653,2,0,6579
19-Jul-22,153724,8622,310716,1,1,27733
19-Jul-22,153742,11146,310761,1,1,9238
19-Jul-22,153798,8425,310878,1,0,4953
19-Jul-22,153813,7653,310902,10,9,11758
19-Jul-22,153814,7599,310905,1,0,3568
19-Jul-22,153815,12677,310908,3,0,3439
19-Jul-22,153817,11117,310914,1,1,6745
19-Jul-22,153837,3613,310944,1,0,8110
19-Jul-22,153840,7860,310950,1,0,2748
19-Jul-22,153890,8454,311064,1,0,5117
19-Jul-22,153901,11138,311094,1,0,14487
19-Jul-22,153904,8425,311100,1,0,5363
19-Jul-22,153907,1041,311106,1,1,4954
19-Jul-22,153911,8420,311112,1,0,6762
19-Jul-22,153942,11163,311178,1,1,6402
19-Jul-22,153979,3610,311262,2,2,8233
19-Jul-22,153984,1805,311274,1,0,9996
19-Jul-22,153996,8424,311298,1,0,3511
19-Jul-22,154063,7607,311430,1,1,13631
19-Jul-22,154079,3613,311466,1,1,10273
19-Jul-22,154202,7285,311757,1,0,5114
19-Jul-22,154256,13618,311877,8,0,3251
19-Jul-22,154267,13618,311904,8,8,3251
19-Jul-22,154279,8805,311925,1,0,2733
19-Jul-22,154290,10235,311952,1,1,1501
19-Jul-22,154303,9916,311982,1,0,3650
19-Jul-22,154311,13736,312000,1,1,8928.57
19-Jul-22,154328,3613,312039,1,0,8110
19-Jul-22,154337,11233,312063,1,1,12458
19-Jul-22,154358,12407,312114,1,0,8815
19-Jul-22,154435,12697,312279,5,5,1052
19-Jul-22,154436,13524,312282,4,0,4317
19-Jul-22,154440,12986,312294,2,0,8012
19-Jul-22,154449,11107,312315,1,0,5725
19-Jul-22,154454,13452,312327,1,0,4984
19-Jul-22,154460,1038,312342,1,1,8179
19-Jul-22,154468,8384,312357,2,2,5743
19-Jul-22,154549,11137,312519,3,2,3604
19-Jul-22,154588,12547,312621,3,3,5771
19-Jul-22,154614,11136,312672,10,0,2640
19-Jul-22,154626,7722,312690,1,0,1880
19-Jul-22,154633,8622,312711,1,0,29807
19-Jul-22,154647,3605,312747,1,1,3762
19-Jul-22,154701,8424,312864,1,0,3479
19-Jul-22,154712,7583,312888,1,0,19084
19-Jul-22,154830,8428,313122,2,0,1793
19-Jul-22,154841,9815,313146,1,1,13722
19-Jul-22,154846,8219,313152,5,5,14934
19-Jul-22,154893,7640,313260,1,1,14449
19-Jul-22,154954,12701,313383,1,1,6561
19-Jul-22,154991,14407,313470,1,0,17839
19-Jul-22,155020,1038,313530,3,0,8309
19-Jul-22,155070,11143,313653,1,0,3388
19-Jul-22,155082,3592,313680,1,1,6865
19-Jul-22,155084,8444,313686,1,0,6589
19-Jul-22,155118,3592,313767,1,1,6865
19-Jul-22,155131,8427,313800,1,0,6962
19-Jul-22,155137,3279,313812,10,0,9724
19-Jul-22,155174,8444,313899,1,0,6266
19-Jul-22,155191,3611,313929,1,1,4217
19-Jul-22,155249,7653,314049,10,0,11758
19-Jul-22,155410,8444,314415,1,0,6608
19-Jul-22,155464,12697,314532,5,0,2098
19-Jul-22,155526,13963,314643,7,0,8660
19-Jul-22,155549,13501,314670,1,0,11832
19-Jul-22,155580,7586,314721,1,1,6557
19-Jul-22,155628,11105,314823,6,0,25315
19-Jul-22,155640,8335,314853,1,1,4148
19-Jul-22,155654,10236,314877,1,0,1386
19-Jul-22,155694,14349,314940,1,1,32992
19-Jul-22,155698,8428,314952,1,1,1763
19-Jul-22,155699,8457,314952,2,2,7830
19-Jul-22,155701,8363,314955,1,0,5842
19-Jul-22,155702,10224,314958,1,1,4619
19-Jul-22,155788,13752,315123,1,1,9065
19-Jul-22,155871,8449,315279,1,1,6444
19-Jul-22,155916,13524,315390,2,2,5408
19-Jul-22,155972,8384,315525,2,2,5992
19-Jul-22,155974,8366,315528,1,0,5013
19-Jul-22,155977,13209,315534,1,0,4388
19-Jul-22,156050,7637,315675,1,0,37122
19-Jul-22,156106,8422,315798,1,0,3997
19-Jul-22,156162,3611,315918,2,2,4217
19-Jul-22,156194,14469,315996,1,0,13304
19-Jul-22,156208,13501,316014,1,1,12105
19-Jul-22,156235,8375,316083,1,0,301
19-Jul-22,156318,11189,316251,1,0,6534
19-Jul-22,156327,8421,316275,1,0,4389
19-Jul-22,156343,11136,316293,2,1,2489
19-Jul-22,156373,12547,316362,20,20,5680
19-Jul-22,156391,13682,316407,1,1,2899
19-Jul-22,156436,11899,316482,1,1,14322
19-Jul-22,156442,8796,316494,1,1,3987
19-Jul-22,156467,10225,316560,2,2,4434
19-Jul-22,156472,10235,316569,10,10,1501
19-Jul-22,156481,10204,316587,1,0,3993
19-Jul-22,156534,12697,316713,40,40,1052
19-Jul-22,156564,12701,316797,1,0,6470
19-Jul-22,156597,12681,316860,1,1,5658
19-Jul-22,156615,7583,316899,1,0,19084
19-Jul-22,156616,8210,316902,1,1,7178
19-Jul-22,156676,11118,316998,2,0,4158
19-Jul-22,156700,1041,317058,1,1,5090
19-Jul-22,156713,7653,317076,2,0,11536
19-Jul-22,156751,3610,317142,1,1,8233
19-Jul-22,156775,10235,317199,20,20,1386
19-Jul-22,156787,8425,317226,1,0,5076
19-Jul-22,156818,8714,317301,1,1,5162
19-Jul-22,156846,7583,317367,1,1,19366
19-Jul-22,156872,8418,317442,1,0,4076
19-Jul-22,156908,11188,317511,1,1,3867
19-Jul-22,156913,11233,317526,2,2,13275
19-Jul-22,156916,8770,317535,1,1,3680
19-Jul-22,156927,12547,317556,1,0,11178
19-Jul-22,156947,1041,317592,1,0,5090
19-Jul-22,157013,12701,317733,2,0,6440
19-Jul-22,157024,1041,317763,1,1,5453
19-Jul-22,157033,8439,317784,2,0,1871
19-Jul-22,157034,7644,317787,1,0,7295
19-Jul-22,157105,7583,317946,1,1,19366
19-Jul-22,157125,8158,317991,1,0,1489
19-Jul-22,157130,11146,317994,2,0,9130
19-Jul-22,157135,10224,318009,1,0,4988
19-Jul-22,157138,8459,318018,2,2,2846
19-Jul-22,157140,8219,318024,1,0,14267
19-Jul-22,157163,9895,318069,1,0,1128.5
19-Jul-22,157228,8424,318183,1,0,3341
19-Jul-22,157234,14349,318189,1,1,32992
19-Jul-22,157281,1038,318300,1,0,7543
19-Jul-22,157288,7571,318309,1,0,7079
19-Jul-22,157339,8425,318411,2,2,5363
19-Jul-22,157469,1041,318717,2,0,5007
19-Jul-22,157491,12692,318774,1,0,4237
19-Jul-22,157502,1038,318795,1,0,8445
19-Jul-22,157506,12701,318804,4,0,9297
19-Jul-22,157527,11925,318849,5,4,11814
19-Jul-22,157540,1041,318873,1,1,4816
19-Jul-22,157549,1038,318888,1,1,7815
20-Jul-22,147355,8219,297594,2,0,14358
20-Jul-22,147364,7583,297615,1,0,16365
20-Jul-22,147380,8444,297654,1,0,6343
20-Jul-22,147382,11107,297654,2,0,5725
20-Jul-22,147383,2862,297657,1,1,4021
20-Jul-22,147408,3615,297708,1,0,6041
20-Jul-22,147435,8210,297747,4,4,12452
20-Jul-22,147477,9915,297819,2,2,3599
20-Jul-22,147506,8751,297885,1,0,12293
20-Jul-22,147601,11140,298110,1,1,5154
20-Jul-22,147625,3641,298161,2,2,8406
20-Jul-22,147683,13765,298281,2,0,2633
20-Jul-22,147687,3279,298293,1,0,8814.94
20-Jul-22,147690,8444,298299,1,0,6343
20-Jul-22,147724,10224,298368,1,0,4538.14
20-Jul-22,147729,8441,298380,1,0,4028
20-Jul-22,147787,8443,298494,1,1,6355
20-Jul-22,147824,12701,298578,2,0,9297
20-Jul-22,147897,8457,298698,1,0,8194
20-Jul-22,147900,12701,298704,2,2,9542
20-Jul-22,147913,8425,298725,1,0,4862
20-Jul-22,147928,12697,298755,5,5,2098
20-Jul-22,148004,1038,298893,1,0,8726
20-Jul-22,148056,8428,298974,1,1,1689
20-Jul-22,148096,8441,299067,1,0,4028
20-Jul-22,148145,8208,299169,1,1,8291
20-Jul-22,148154,3615,299181,1,0,6041
20-Jul-22,148174,10235,299220,2,2,1432
20-Jul-22,148206,12701,299289,1,0,9542
20-Jul-22,148223,7666,299331,2,1,11455
20-Jul-22,148326,3603,299511,1,1,7466
20-Jul-22,148355,11926,299574,10,10,6997
20-Jul-22,148417,11926,299652,1,1,6997
20-Jul-22,148459,8208,299727,2,0,8291
20-Jul-22,148543,8444,299868,1,0,3521
20-Jul-22,148550,9916,299883,5,0,3372
20-Jul-22,148579,11658,299934,1,1,1804
20-Jul-22,148611,8378,299994,1,1,4064
20-Jul-22,148697,13682,300129,3,0,3044
20-Jul-22,148798,10235,300327,3,3,1387
20-Jul-22,148807,8325,300348,1,0,11999
20-Jul-22,148851,10235,300441,1,1,1432
20-Jul-22,148853,10236,300441,1,1,1341
20-Jul-22,148877,12701,300498,1,1,6379
20-Jul-22,148878,1207,300501,1,1,18374
20-Jul-22,148948,8425,300645,2,2,5118
20-Jul-22,148962,11117,300681,1,0,6706
20-Jul-22,148991,9916,300750,3,0,3372
20-Jul-22,148992,9916,300753,3,0,3372
20-Jul-22,149010,10204,300789,1,0,4033
20-Jul-22,149047,8425,300852,1,0,5300
20-Jul-22,149050,9915,300861,4,0,3599
20-Jul-22,149062,3615,300891,2,2,6125
20-Jul-22,149154,1805,301089,2,2,17527
20-Jul-22,149206,1045,301194,3,0,3668
20-Jul-22,149218,2862,301221,1,0,4021
20-Jul-22,149231,11731,301242,1,0,5800
20-Jul-22,149237,14352,301254,1,1,3318
20-Jul-22,149287,7607,301362,1,0,12541
20-Jul-22,149325,12547,301440,1,0,5635
20-Jul-22,149355,8428,301500,20,0,1793
20-Jul-22,149367,11925,301518,1,0,11814
20-Jul-22,149432,13209,301662,1,1,4388
20-Jul-22,149485,8422,301782,1,0,4042
20-Jul-22,149526,10224,301881,1,1,4360.17
20-Jul-22,149550,12547,301926,8,8,5726
20-Jul-22,149644,8439,302115,3,3,1913
20-Jul-22,149726,12784,302271,10,10,2138
20-Jul-22,149734,8208,302289,3,0,8429
20-Jul-22,149765,13764,302364,1,0,7746
20-Jul-22,149768,12487,302373,1,0,4220
20-Jul-22,149772,13699,302379,1,1,3350
20-Jul-22,149801,11233,302439,1,1,7857
20-Jul-22,149841,8425,302535,6,0,5118
20-Jul-22,149865,13682,302595,1,0,3076.3
20-Jul-22,149893,11163,302673,1,0,6402
20-Jul-22,149901,3610,302688,1,1,8500
20-Jul-22,149946,12487,302787,1,1,4308
20-Jul-22,150007,12487,302901,15,15,4308
20-Jul-22,150108,3284,303135,2,2,5271
20-Jul-22,150130,9895,303186,4,4,1128.5
20-Jul-22,150134,8444,303192,1,0,6034
20-Jul-22,150163,13524,303273,2,2,4476
20-Jul-22,150200,13696,303372,1,1,5875
20-Jul-22,150212,3615,303405,1,0,6041
20-Jul-22,150247,8444,303483,1,0,5813
20-Jul-22,150263,3284,303510,1,0,5271
20-Jul-22,150432,8444,303840,1,0,3933
20-Jul-22,150513,1038,303993,2,0,8309
20-Jul-22,150536,1805,304047,1,1,9996
20-Jul-22,150582,11110,304140,1,0,3993
20-Jul-22,150586,7607,304149,1,1,12541
20-Jul-22,150611,8210,304212,1,1,12452
20-Jul-22,150638,12749,304269,1,0,6211
20-Jul-22,150639,7607,304272,1,0,12541
20-Jul-22,150755,3302,304482,3,0,4334
20-Jul-22,150793,8444,304557,3,3,5813
20-Jul-22,150826,8770,304620,1,1,3391
20-Jul-22,150843,3279,304650,1,0,10412
20-Jul-22,150851,8444,304662,6,6,6589
20-Jul-22,150880,10235,304719,5,0,1387
20-Jul-22,150936,12701,304833,1,0,6440
20-Jul-22,150965,10235,304905,1,0,1387
20-Jul-22,150997,11189,304971,1,0,6292
20-Jul-22,151014,8425,304998,1,1,5300
20-Jul-22,151020,8444,305001,1,0,3535
20-Jul-22,151127,12995,305247,5,0,2001
20-Jul-22,151136,10227,305268,2,0,1411
20-Jul-22,151157,10235,305301,1,0,1387
20-Jul-22,151167,8429,305316,1,0,2774
20-Jul-22,151238,10975,305469,1,0,11087
20-Jul-22,151290,11140,305538,1,0,10189
20-Jul-22,151317,12701,305604,3,3,6470
20-Jul-22,151334,3615,305634,3,0,6043
20-Jul-22,151340,11899,305649,1,1,13782
20-Jul-22,151372,8219,305727,1,1,14631
20-Jul-22,151414,8435,305820,1,1,10878
20-Jul-22,151503,13524,305997,1,0,4476
20-Jul-22,151524,10236,306039,1,1,1341
20-Jul-22,151525,10224,306042,1,1,4360.17
20-Jul-22,151533,10975,306060,1,0,5838
20-Jul-22,151553,3279,306111,1,0,8814.94
20-Jul-22,151562,11143,306126,1,1,3564
20-Jul-22,151582,8444,306171,1,1,3535
20-Jul-22,151589,10224,306186,5,0,4360.17
20-Jul-22,151645,8425,306309,5,0,4635
20-Jul-22,151670,8457,306354,1,0,8117
20-Jul-22,151713,11163,306453,2,2,6259
20-Jul-22,151743,12912,306519,5,0,3844
20-Jul-22,151787,11233,306618,1,1,12268
20-Jul-22,151801,10204,306654,2,2,4059
20-Jul-22,151810,7640,306675,1,0,15638
20-Jul-22,151820,8444,306699,270,270,6374
20-Jul-22,151877,8378,306813,1,0,4223
20-Jul-22,151906,11112,306879,1,0,22917
20-Jul-22,151943,3279,306978,1,0,8814.94
20-Jul-22,151967,10224,307041,1,1,4581
20-Jul-22,151984,10235,307089,1,1,1432
20-Jul-22,152030,11925,307191,1,0,11814
20-Jul-22,152074,7860,307287,1,1,2748
20-Jul-22,152119,12547,307374,2,2,5730
20-Jul-22,152168,8361,307485,2,0,5767
20-Jul-22,152180,13524,307512,1,0,4430
20-Jul-22,152181,8444,307515,1,0,5813
20-Jul-22,152184,7640,307518,30,30,15638
20-Jul-22,152189,10236,307530,2,0,1386
20-Jul-22,152227,13524,307602,1,0,4430
20-Jul-22,152235,8457,307614,1,0,8406
20-Jul-22,152280,8384,307695,2,2,5562
20-Jul-22,152307,3284,307749,1,0,5271
20-Jul-22,152309,7626,307755,1,0,8788
20-Jul-22,152361,8767,307866,1,0,6960
20-Jul-22,152382,10235,307896,3,3,1455
20-Jul-22,152388,10235,307914,3,0,1501
20-Jul-22,152396,10224,307932,1,0,4619
20-Jul-22,152459,8457,308079,1,0,8406
20-Jul-22,152497,7553,308178,1,1,5527
20-Jul-22,152570,11140,308322,2,2,5159
20-Jul-22,152581,12803,308337,1,1,6090
20-Jul-22,152649,8444,308466,3,3,6034
20-Jul-22,152657,8436,308490,1,0,2574
20-Jul-22,152705,7640,308595,5,0,16903
20-Jul-22,152743,8425,308676,1,0,4635
20-Jul-22,152754,8439,308697,1,0,940
20-Jul-22,152756,8428,308697,1,0,1763
20-Jul-22,152800,3611,308790,1,1,4693
20-Jul-22,152825,8760,308835,1,0,2840
20-Jul-22,152845,1041,308871,1,0,5134
20-Jul-22,152936,1041,309069,1,0,5134
20-Jul-22,152940,7860,309075,1,0,3315
20-Jul-22,152953,3610,309099,1,0,13284
20-Jul-22,153044,8335,309297,1,1,2914
20-Jul-22,153065,3615,309342,1,1,6041
20-Jul-22,153076,8425,309369,3,0,4894
20-Jul-22,153088,8384,309393,1,1,5562
20-Jul-22,153120,8422,309456,1,1,6140
20-Jul-22,153167,7640,309552,3,3,16903
20-Jul-22,153216,11233,309642,1,1,7857
20-Jul-22,153243,1043,309693,1,1,22849
20-Jul-22,153376,3613,309975,2,2,8990
20-Jul-22,153411,11925,310068,1,1,11814
20-Jul-22,153425,10235,310101,2,2,1501
20-Jul-22,153438,8439,310134,5,5,1842
20-Jul-22,153448,10235,310155,2,2,1501
20-Jul-22,153452,9895,310167,1,0,1128.5
20-Jul-22,153539,3615,310338,1,0,6041
20-Jul-22,153555,13682,310386,1,0,3076.3
20-Jul-22,153557,1041,310392,1,0,5620
20-Jul-22,153562,13765,310401,7,5,2633
20-Jul-22,153577,10224,310431,1,1,4619
20-Jul-22,153640,8439,310554,1,0,940
20-Jul-22,153654,7726,310575,2,0,3800
20-Jul-22,153747,8425,310770,1,1,4816
20-Jul-22,153753,10235,310782,3,0,1455
20-Jul-22,153763,3610,310803,1,0,8233
20-Jul-22,153801,11188,310878,1,0,3729
20-Jul-22,153802,3610,310881,1,0,12768
20-Jul-22,153834,1041,310938,1,0,5334
20-Jul-22,153906,8457,311103,1,1,7830
20-Jul-22,153940,3610,311175,1,1,8233
20-Jul-22,153974,11137,311250,2,2,3623
20-Jul-22,154032,12547,311379,17,17,5771
20-Jul-22,154100,12749,311511,3,3,6370
20-Jul-22,154110,11118,311535,1,0,4136
20-Jul-22,154155,12652,311637,15,15,7770
20-Jul-22,154220,12455,311799,5,5,5771
20-Jul-22,154249,14407,311862,1,0,17839
20-Jul-22,154264,12749,311898,3,3,6211
20-Jul-22,154272,13592,311916,15,15,1540
20-Jul-22,154282,7820,311931,1,0,3993
20-Jul-22,154332,7596,312051,1,0,2094
20-Jul-22,154371,13524,312138,4,0,4317
20-Jul-22,154387,7640,312177,4,4,16903
20-Jul-22,154407,7533,312228,1,1,7636.8
20-Jul-22,154490,1041,312399,1,1,5090
20-Jul-22,154547,11146,312516,1,0,9196
20-Jul-22,154555,9815,312537,6,6,14177
20-Jul-22,154568,3611,312564,1,1,4217
20-Jul-22,154713,7583,312891,1,0,19084
20-Jul-22,154814,7827,313101,1,1,6952
20-Jul-22,154825,8428,313107,1,0,1793
20-Jul-22,154838,8428,313140,1,0,1793
20-Jul-22,154907,1038,313284,1,1,8445
20-Jul-22,154915,11117,313299,4,0,6434
20-Jul-22,154921,13765,313314,5,5,2633
20-Jul-22,154970,8424,313419,1,0,3372
20-Jul-22,154977,3610,313440,1,1,13268
20-Jul-22,154984,12749,313452,5,5,6211
20-Jul-22,155025,7860,313542,8,0,3317
20-Jul-22,155058,8420,313626,1,0,3631
20-Jul-22,155065,12912,313644,4,0,3844
20-Jul-22,155145,13682,313830,1,0,3044
20-Jul-22,155181,12701,313914,2,2,6470
20-Jul-22,155215,8444,313989,1,0,3535
20-Jul-22,155281,3615,314118,30,30,6043
20-Jul-22,155298,9171,314166,3,3,6634
20-Jul-22,155315,13524,314208,1,1,4430
20-Jul-22,155336,8425,314256,2,2,4635
20-Jul-22,155373,7810,314340,3,3,3762
20-Jul-22,155382,11117,314355,1,1,6652
20-Jul-22,155419,11899,314427,1,1,13782
20-Jul-22,155430,14469,314457,1,1,13304
20-Jul-22,155435,3635,314469,2,0,5761
20-Jul-22,155447,12749,314496,2,0,6211
20-Jul-22,155469,8444,314544,2,2,6374
20-Jul-22,155522,1041,314643,1,0,5908
20-Jul-22,155540,7543,314670,1,0,7194
20-Jul-22,155543,11162,314670,1,0,4136
20-Jul-22,155546,11169,314670,1,0,4059
20-Jul-22,155560,1038,314697,1,0,8588
20-Jul-22,155595,1038,314757,1,0,8445
20-Jul-22,155600,8444,314763,1,0,3820
20-Jul-22,155635,11233,314841,2,2,13177
20-Jul-22,155655,10235,314880,1,0,1501
20-Jul-22,155660,7596,314886,2,2,2094
20-Jul-22,155778,13905,315102,1,1,3167
20-Jul-22,155820,3615,315177,3,3,6043
20-Jul-22,155842,11240,315213,9,0,12555
20-Jul-22,155885,3611,315312,3,3,4217
20-Jul-22,155928,3615,315426,2,2,6041
20-Jul-22,155942,8210,315462,1,0,6914
20-Jul-22,155956,13745,315495,2,0,5275
20-Jul-22,155998,12400,315582,1,0,3626
20-Jul-22,156035,8428,315654,1,0,1763
20-Jul-22,156060,3610,315699,1,1,12768
20-Jul-22,156125,3611,315846,10,10,4693
20-Jul-22,156133,1041,315867,1,1,5453
20-Jul-22,156167,13682,315930,5,5,2899
20-Jul-22,156199,8427,316008,1,0,6770
20-Jul-22,156262,11172,316140,1,0,2739
20-Jul-22,156279,1043,316176,1,0,11889
20-Jul-22,156295,13618,316212,3,0,3251
20-Jul-22,156307,7271,316233,2,0,2591
20-Jul-22,156337,8335,316290,1,0,4148
20-Jul-22,156405,8421,316431,1,1,4714
20-Jul-22,156424,1043,316458,1,0,22849
20-Jul-22,156438,7638,316488,1,0,6310
20-Jul-22,156450,8425,316509,2,2,5076
20-Jul-22,156456,8428,316527,1,0,1832
20-Jul-22,156459,8386,316536,1,0,3763
20-Jul-22,156460,13918,316539,1,1,2413
20-Jul-22,156462,12547,316545,10,0,5730
20-Jul-22,156490,13749,316605,2,0,4896
20-Jul-22,156527,8444,316698,1,0,6134
20-Jul-22,156559,13618,316785,3,3,3251
20-Jul-22,156663,3615,316971,1,0,6041
20-Jul-22,156666,10247,316977,2,2,7361
20-Jul-22,156691,8425,317037,3,0,4894
20-Jul-22,156695,1041,317049,1,1,5620
20-Jul-22,156733,7653,317121,2,2,11536
20-Jul-22,156773,8221,317193,1,0,3770
20-Jul-22,156793,8437,317238,1,0,2213
20-Jul-22,156806,10975,317274,1,1,18402
20-Jul-22,156857,11122,317400,1,1,9760
20-Jul-22,156882,14418,317457,2,2,10805
20-Jul-22,156975,10204,317646,2,0,3635
20-Jul-22,157027,12547,317766,180,150,5730
20-Jul-22,157030,8449,317775,1,0,13158
20-Jul-22,157046,8751,317814,2,2,3834
20-Jul-22,157068,10226,317859,3,0,3880
20-Jul-22,157188,8459,318120,1,1,2943
20-Jul-22,157197,8439,318132,3,0,938
20-Jul-22,157231,3610,318189,1,1,8261
20-Jul-22,157282,8796,318300,1,0,3987
20-Jul-22,157289,7583,318309,1,0,20656
20-Jul-22,157340,8460,318414,1,0,3723
20-Jul-22,157414,11169,318582,3,3,3590
20-Jul-22,157477,10529,318738,1,0,7252
20-Jul-22,157542,10204,318873,1,0,4059
21-Jul-22,147376,11117,297648,3,3,6434
21-Jul-22,147405,12701,297699,2,0,6379
21-Jul-22,147434,8210,297747,4,4,14612
21-Jul-22,147451,8425,297768,2,2,4771
21-Jul-22,147496,7271,297867,12,0,2566
21-Jul-22,147521,11188,297927,1,0,3762
21-Jul-22,147602,9882,298113,1,0,14024
21-Jul-22,147726,11658,298371,2,0,1804
21-Jul-22,147772,10236,298473,2,2,1341
21-Jul-22,147783,8425,298494,1,1,4930
21-Jul-22,147813,8378,298560,5,5,4223
21-Jul-22,147819,11165,298563,1,0,11077
21-Jul-22,147832,1041,298587,1,0,5620
21-Jul-22,147836,8425,298590,1,0,5110
21-Jul-22,147904,3279,298713,1,0,9724
21-Jul-22,147936,14353,298761,5,3,2010
21-Jul-22,147945,10224,298779,1,1,4538.14
21-Jul-22,147985,3610,298860,1,1,12704
21-Jul-22,147986,3624,298863,1,1,5453
21-Jul-22,147990,14291,298866,1,1,3988
21-Jul-22,148019,8210,298920,2,2,13846
21-Jul-22,148032,8221,298938,10,10,3770
21-Jul-22,148034,8221,298938,2,2,6182
21-Jul-22,148035,13764,298941,1,0,7746
21-Jul-22,148071,10224,299007,2,2,4357
21-Jul-22,148085,12547,299040,1,0,5726
21-Jul-22,148101,10235,299079,10,0,1432
21-Jul-22,148118,10235,299115,1,0,1387
21-Jul-22,148215,11926,299313,1,1,6997
21-Jul-22,148254,8428,299388,2,0,1599
21-Jul-22,148273,2862,299436,1,0,4021
21-Jul-22,148287,8444,299466,1,0,3635
21-Jul-22,148381,8444,299604,1,0,3535
21-Jul-22,148382,9915,299604,2,0,3599
21-Jul-22,148471,1043,299751,1,0,5794
21-Jul-22,148479,8208,299769,2,0,8291
21-Jul-22,148500,9171,299793,2,0,6470
21-Jul-22,148527,13524,299844,1,1,4362
21-Jul-22,148567,8428,299913,5,0,1689
21-Jul-22,148571,8219,299919,1,1,15311
21-Jul-22,148617,11233,299994,1,1,12650
21-Jul-22,148635,13764,300036,1,0,7746
21-Jul-22,148642,8428,300045,2,2,1799
21-Jul-22,148702,10529,300141,1,0,7441
21-Jul-22,148705,10529,300150,1,0,7441
21-Jul-22,148722,13765,300186,2,2,2633
21-Jul-22,148774,13745,300285,1,0,5275
21-Jul-22,148802,13682,300336,5,5,3044
21-Jul-22,148811,3610,300354,8,0,12768
21-Jul-22,148820,10225,300378,2,0,4197
21-Jul-22,148835,12460,300408,1,0,14550
21-Jul-22,148854,9895,300444,10,10,1128.5
21-Jul-22,148869,8439,300480,50,0,1913
21-Jul-22,148872,14351,300486,5,5,4998
21-Jul-22,148967,8425,300687,5,0,5300
21-Jul-22,148984,3279,300729,3,3,8814.94
21-Jul-22,149044,11926,300849,1,1,6997
21-Jul-22,149064,8751,300897,1,0,4829
21-Jul-22,149112,10225,301011,1,1,4302
21-Jul-22,149181,3615,301146,1,0,6041
21-Jul-22,149186,8444,301152,2,2,5813
21-Jul-22,149192,8444,301158,1,0,6034
21-Jul-22,149207,9916,301197,1,0,3372
21-Jul-22,149242,12487,301260,1,0,4497
21-Jul-22,149259,8177,301311,1,0,2150.85
21-Jul-22,149288,1041,301365,1,0,5616
21-Jul-22,149290,10233,301371,1,1,2250
21-Jul-22,149330,11169,301443,1,1,3773
21-Jul-22,149337,8325,301464,1,0,11999
21-Jul-22,149436,3610,301671,3,0,13177
21-Jul-22,149452,8327,301713,10,0,751
21-Jul-22,149498,2862,301818,5,5,4021
21-Jul-22,149503,10235,301833,3,3,1446
21-Jul-22,149561,8177,301950,1,0,2150.85
21-Jul-22,149567,13699,301953,1,1,3290
21-Jul-22,149604,12487,302037,5,5,4220
21-Jul-22,149633,9895,302094,5,0,1288
21-Jul-22,149676,12652,302178,5,5,7956
21-Jul-22,149689,7640,302208,10,10,15638
21-Jul-22,149700,3284,302220,5,3,5271
21-Jul-22,149729,10224,302280,2,0,4349
21-Jul-22,149789,1043,302418,1,1,5794
21-Jul-22,149802,3611,302442,1,0,4526
21-Jul-22,149814,11119,302469,1,0,17901
21-Jul-22,149845,7640,302541,3,3,15638
21-Jul-22,149861,1043,302583,1,0,5854
21-Jul-22,149882,13682,302643,1,1,3044
21-Jul-22,150021,11139,302928,1,1,4818
21-Jul-22,150102,11140,303120,1,1,4675
21-Jul-22,150105,13592,303126,63,0,1540
21-Jul-22,150144,14338,303222,2,0,5089
21-Jul-22,150145,14352,303225,3,3,3318
21-Jul-22,150162,3615,303270,2,0,6041
21-Jul-22,150164,8221,303276,4,0,6182
21-Jul-22,150189,8444,303345,1,0,6374
21-Jul-22,150191,7860,303351,4,0,3317
21-Jul-22,150193,7860,303357,4,0,3317
21-Jul-22,150239,3012,303471,1,0,1015
21-Jul-22,150257,9938,303498,1,1,3726
21-Jul-22,150310,7583,303594,2,2,17039
21-Jul-22,150332,9915,303642,1,0,3650
21-Jul-22,150334,9915,303645,1,0,3650
21-Jul-22,150351,14352,303681,1,0,3318
21-Jul-22,150399,14309,303780,1,0,8270
21-Jul-22,150412,12697,303804,4,4,2098
21-Jul-22,150418,3615,303813,3,0,6558
21-Jul-22,150436,10975,303846,16,0,11741
21-Jul-22,150510,10236,303984,5,0,1295
21-Jul-22,150575,7607,304125,1,0,12323
21-Jul-22,150655,12678,304308,1,0,3066
21-Jul-22,150666,8439,304317,1,0,936
21-Jul-22,150688,12487,304356,1,0,4497
21-Jul-22,150699,10248,304383,1,0,4857
21-Jul-22,150706,10238,304395,1,1,6198
21-Jul-22,150709,11926,304398,1,0,6997
21-Jul-22,150741,10204,304455,2,2,4024
21-Jul-22,150809,3615,304587,1,1,6125
21-Jul-22,150813,10235,304590,5,0,1432
21-Jul-22,150816,10238,304599,1,0,3281
21-Jul-22,150820,12701,304605,1,0,6470
21-Jul-22,150834,12652,304632,10,0,7956
21-Jul-22,150857,10235,304680,1,0,1446
21-Jul-22,150902,3610,304773,2,1,13177
21-Jul-22,150912,1038,304794,1,1,8726
21-Jul-22,150939,8221,304839,2,0,5339.01
21-Jul-22,150951,14360,304872,1,0,10905
21-Jul-22,150956,10235,304887,1,0,1432
21-Jul-22,150968,8208,304911,10,0,8429
21-Jul-22,151018,11107,305001,1,0,5725
21-Jul-22,151087,10235,305151,2,2,1446
21-Jul-22,151140,10235,305280,4,4,1446
21-Jul-22,151183,12487,305355,20,20,4220
21-Jul-22,151236,3613,305469,1,0,8038
21-Jul-22,151254,1041,305484,1,0,5620
21-Jul-22,151278,11143,305520,1,1,3388
21-Jul-22,151299,11165,305559,1,1,21005
21-Jul-22,151309,1041,305580,1,0,5725
21-Jul-22,151320,11107,305607,1,1,6118
21-Jul-22,151322,10235,305613,4,4,1432
21-Jul-22,151343,8443,305658,1,1,6416
21-Jul-22,151370,12652,305721,1,1,7956
21-Jul-22,151473,8429,305937,2,0,2583
21-Jul-22,151517,8424,306024,1,0,3544
21-Jul-22,151538,11899,306072,1,1,14322
21-Jul-22,151556,13719,306117,1,1,6284
21-Jul-22,151581,8444,306171,2,2,6034
21-Jul-22,151690,8760,306402,1,0,2363
21-Jul-22,151774,10219,306594,1,1,6075
21-Jul-22,151789,8242,306624,4,0,1636
21-Jul-22,151807,2367,306669,10,10,479
21-Jul-22,151886,1043,306837,1,1,22849
21-Jul-22,151909,8219,306888,1,1,14934
21-Jul-22,151927,11143,306939,4,0,3564
21-Jul-22,151930,3284,306945,2,0,5271
21-Jul-22,151981,12749,307080,10,10,6370
21-Jul-22,151995,10236,307113,2,2,1341
21-Jul-22,152012,7596,307155,1,0,2094
21-Jul-22,152085,3610,307314,2,2,8299
21-Jul-22,152093,13524,307326,1,0,4362
21-Jul-22,152095,8457,307329,2,0,7979
21-Jul-22,152105,10224,307347,6,6,4803
21-Jul-22,152108,9171,307353,5,5,6425
21-Jul-22,152144,12701,307428,1,0,6470
21-Jul-22,152206,7860,307560,1,0,3317
21-Jul-22,152299,10204,307731,5,2,4024
21-Jul-22,152343,8440,307833,1,0,11863
21-Jul-22,152367,12701,307872,2,0,9542
21-Jul-22,152375,10204,307887,1,0,4190
21-Jul-22,152389,14364,307917,2,0,3453
21-Jul-22,152393,10224,307926,1,0,4988
21-Jul-22,152403,10224,307944,1,0,4803
21-Jul-22,152480,11233,308130,1,0,12268
21-Jul-22,152511,11899,308196,1,0,13782
21-Jul-22,152564,7596,308310,6,0,10
21-Jul-22,152595,8219,308373,1,1,15166
21-Jul-22,152598,10224,308379,1,1,4988
21-Jul-22,152615,12487,308400,4,0,4220
21-Jul-22,152648,8444,308466,3,3,5813
21-Jul-22,152704,10235,308592,2,2,1501
21-Jul-22,152718,8131,308625,1,1,4908
21-Jul-22,152776,12784,308736,2,0,2134
21-Jul-22,152838,11138,308859,1,0,40959
21-Jul-22,152859,8361,308910,1,0,5651
21-Jul-22,152864,9938,308925,1,0,3726
21-Jul-22,152910,7545,309018,1,0,7018
21-Jul-22,152962,8444,309114,20,10,5813
21-Jul-22,152996,8299,309189,1,0,3701
21-Jul-22,153026,3615,309261,5,0,6041
21-Jul-22,153123,8428,309465,3,3,1763
21-Jul-22,153156,8384,309525,2,2,5404
21-Jul-22,153157,12472,309528,1,0,25920
21-Jul-22,153224,12487,309660,1,0,4308
21-Jul-22,153228,8444,309669,1,1,6343
21-Jul-22,153238,8210,309687,1,0,14212
21-Jul-22,153321,13736,309867,1,1,17085.7
21-Jul-22,153384,7810,309999,1,0,4147
21-Jul-22,153407,8444,310059,1,1,6589
21-Jul-22,153457,11124,310170,1,0,903
21-Jul-22,153483,3615,310227,2,2,6043
21-Jul-22,153596,8444,310461,1,0,6034
21-Jul-22,153597,10235,310464,2,2,1501
21-Jul-22,153623,8457,310521,1,0,8117
21-Jul-22,153626,11106,310527,1,1,6270
21-Jul-22,153638,10236,310551,2,2,1432
21-Jul-22,153652,1038,310572,1,1,8052
21-Jul-22,153686,7860,310644,1,0,3315
21-Jul-22,153744,11121,310767,1,0,2080
21-Jul-22,153816,12547,310911,1,1,5730
21-Jul-22,153865,3610,311004,1,0,12768
21-Jul-22,153866,12749,311007,35,35,6211
21-Jul-22,153921,11163,311130,1,0,5522
21-Jul-22,153925,8443,311139,2,2,3662
21-Jul-22,153977,8210,311259,1,1,13846
21-Jul-22,154027,7586,311370,2,2,10154
21-Jul-22,154135,3610,311592,5,5,8233
21-Jul-22,154147,9916,311619,2,0,3524.04
21-Jul-22,154190,13905,311733,1,1,3094
21-Jul-22,154209,12652,311772,20,20,7770
21-Jul-22,154286,13918,311943,1,0,2000
21-Jul-22,154291,10235,311955,1,0,1501
21-Jul-22,154306,1041,311985,2,0,5312
21-Jul-22,154420,10247,312249,1,0,7134
21-Jul-22,154441,12986,312294,1,0,8166
21-Jul-22,154451,8425,312321,2,2,4635
21-Jul-22,154463,13618,312345,1,1,3251
21-Jul-22,154474,12547,312366,1,0,5771
21-Jul-22,154556,9815,312537,3,3,13722
21-Jul-22,154804,1038,313086,5,5,8309
21-Jul-22,154823,13736,313104,1,1,8928.57
21-Jul-22,154966,13524,313413,4,4,4317
21-Jul-22,154967,11233,313416,1,1,12458
21-Jul-22,155007,8378,313500,5,5,4441
21-Jul-22,155034,10975,313566,1,1,5893
21-Jul-22,155045,8424,313593,1,1,3511
21-Jul-22,155091,12547,313701,26,26,5634
21-Jul-22,155101,12749,313722,1,0,6211
21-Jul-22,155111,14383,313749,2,0,9958
21-Jul-22,155140,7860,313821,20,0,2748
21-Jul-22,155141,3592,313824,1,1,6510
21-Jul-22,155144,8269,313827,1,0,6393
21-Jul-22,155173,13765,313896,1,1,2633
21-Jul-22,155332,12680,314244,1,1,3664
21-Jul-22,155337,11233,314259,1,1,12458
21-Jul-22,155370,1043,314331,2,0,11889
21-Jul-22,155371,12678,314334,2,2,3066
21-Jul-22,155383,9938,314358,1,0,3726
21-Jul-22,155391,9938,314376,1,0,3726
21-Jul-22,155443,10236,314490,1,0,1432
21-Jul-22,155460,10235,314520,2,2,1455
21-Jul-22,155470,8444,314544,1,1,6589
21-Jul-22,155480,3279,314571,1,0,9724
21-Jul-22,155532,12701,314661,4,4,9542
21-Jul-22,155538,7575,314670,1,0,6260
21-Jul-22,155539,7644,314670,1,0,6873
21-Jul-22,155614,11107,314796,1,0,5780
21-Jul-22,155617,14418,314802,1,1,10805
21-Jul-22,155648,10236,314868,2,0,1432
21-Jul-22,155651,10227,314877,1,0,1524
21-Jul-22,155668,1041,314901,1,0,5453
21-Jul-22,155686,10224,314925,1,0,4803
21-Jul-22,155734,12677,315012,1,1,3439
21-Jul-22,155771,8422,315087,4,0,6272
21-Jul-22,155797,7641,315138,1,1,20571
21-Jul-22,155827,8422,315189,1,0,6384
21-Jul-22,155846,8457,315225,1,1,7979
21-Jul-22,155915,14248,315387,1,0,8300
21-Jul-22,156009,1041,315606,1,0,5090
21-Jul-22,156017,12400,315621,2,0,3070
21-Jul-22,156038,3279,315660,1,0,8814.94
21-Jul-22,156067,11124,315714,1,0,870
21-Jul-22,156128,8384,315855,1,1,5743
21-Jul-22,156144,11233,315882,1,1,11996
21-Jul-22,156222,10224,316044,2,2,4803
21-Jul-22,156251,8444,316113,1,0,3820
21-Jul-22,156275,11129,316170,1,0,12279
21-Jul-22,156325,1043,316272,1,1,22849
21-Jul-22,156352,12912,316317,4,4,3844
21-Jul-22,156363,8210,316347,1,1,12452
21-Jul-22,156364,8210,316350,1,0,13846
21-Jul-22,156371,12547,316359,80,80,5680
21-Jul-22,156400,9171,316419,1,1,6470
21-Jul-22,156432,12547,316470,10,0,5730
21-Jul-22,156471,14408,316566,1,0,33992
21-Jul-22,156515,14443,316671,1,0,18593
21-Jul-22,156529,10235,316701,2,0,1501
21-Jul-22,156550,3610,316758,1,1,8233
21-Jul-22,156580,10245,316830,2,0,10322
21-Jul-22,156604,13682,316878,2,0,2899
21-Jul-22,156623,8373,316923,1,0,9837
21-Jul-22,156670,8424,316986,1,1,3511
21-Jul-22,156732,8179,317118,1,1,6793
21-Jul-22,156744,1043,317136,2,2,20720
21-Jul-22,156748,1041,317136,1,1,5090
21-Jul-22,156756,3635,317157,1,0,5761
21-Jul-22,156763,11104,317175,3,3,12723
21-Jul-22,156783,8221,317220,1,1,2240
21-Jul-22,156796,11133,317247,1,0,1802
21-Jul-22,156801,12784,317262,2,0,2138
21-Jul-22,156810,8335,317280,1,1,4148
21-Jul-22,156906,10235,317508,3,3,1501
21-Jul-22,156982,14424,317661,2,0,11356
21-Jul-22,157029,12749,317772,2,2,6211
21-Jul-22,157066,8439,317853,1,0,1910
21-Jul-22,157123,1041,317988,5,5,5225
21-Jul-22,157129,11146,317994,2,0,10692
21-Jul-22,157141,8219,318027,1,1,14267
21-Jul-22,157155,10236,318054,2,2,1432
21-Jul-22,157244,1038,318216,4,4,7815
21-Jul-22,157323,8210,318381,1,1,14212
21-Jul-22,157360,2367,318459,20,20,479
21-Jul-22,157461,13618,318696,33,0,3251
21-Jul-22,157468,9171,318714,2,2,6470
21-Jul-22,157532,11120,318861,1,0,20779
21-Jul-22,157537,8444,318870,2,2,6374
21-Jul-22,157552,13736,318891,1,1,8928.57
22-Jul-22,147360,3610,297603,2,0,8500
22-Jul-22,147418,12701,297714,2,2,6379
22-Jul-22,147427,8425,297732,1,0,4862
22-Jul-22,147449,9915,297765,1,0,3134.4
22-Jul-22,147486,10235,297843,2,0,1387
22-Jul-22,147500,3610,297879,1,0,13268
22-Jul-22,147565,12684,298035,1,0,2500
22-Jul-22,147647,8439,298206,5,0,1822
22-Jul-22,147695,10204,298305,2,0,4024
22-Jul-22,147699,10238,298314,1,0,6384
22-Jul-22,147769,12748,298467,4,0,2810
22-Jul-22,147883,10235,298665,8,0,1446
22-Jul-22,147906,11124,298719,1,1,2042
22-Jul-22,147976,2367,298836,50,0,469
22-Jul-22,148006,1038,298893,1,0,8450
22-Jul-22,148024,13764,298929,1,0,7746
22-Jul-22,148051,11899,298971,1,1,13782
22-Jul-22,148055,10236,298974,2,2,1341
22-Jul-22,148103,10975,299082,1,1,5893
22-Jul-22,148111,1043,299100,1,1,22715
22-Jul-22,148233,9938,299358,1,0,3383
22-Jul-22,148271,11107,299430,1,0,5725
22-Jul-22,148282,12802,299457,1,0,2275
22-Jul-22,148334,8444,299526,1,0,6407
22-Jul-22,148335,8444,299526,2,0,3658
22-Jul-22,148336,14351,299529,1,1,4998
22-Jul-22,148337,12547,299532,3,0,5726
22-Jul-22,148346,3284,299559,2,0,5271
22-Jul-22,148351,8444,299571,1,0,5813
22-Jul-22,148366,8444,299589,1,1,5771
22-Jul-22,148463,10235,299736,3,3,1432
22-Jul-22,148465,10975,299736,1,1,5893
22-Jul-22,148490,8444,299778,1,0,3521
22-Jul-22,148526,13764,299844,1,1,7746
22-Jul-22,148530,9171,299850,1,0,6425
22-Jul-22,148535,13764,299856,1,1,7746
22-Jul-22,148589,8425,299955,1,0,4862
22-Jul-22,148601,10529,299982,1,1,7226
22-Jul-22,148619,13524,300000,2,2,4362
22-Jul-22,148624,8444,300009,10,10,3590
22-Jul-22,148626,10235,300012,1,1,1387
22-Jul-22,148637,8208,300039,1,0,8429
22-Jul-22,148669,8428,300069,2,2,1799
22-Jul-22,148700,3610,300135,1,0,12704
22-Jul-22,148707,14352,300153,1,0,3318
22-Jul-22,148709,10233,300159,1,0,2250
22-Jul-22,148740,8221,300222,20,20,3770
22-Jul-22,148759,11108,300249,2,2,4741
22-Jul-22,148812,11178,300357,1,0,17490
22-Jul-22,148815,12864,300363,2,0,39329
22-Jul-22,148834,9915,300405,1,0,3599
22-Jul-22,148836,13745,300411,3,0,5275
22-Jul-22,148913,11146,300579,1,0,6880
22-Jul-22,148929,10975,300615,5,5,19344
22-Jul-22,148932,12803,300618,1,1,5884
22-Jul-22,148963,11163,300681,1,0,5192
22-Jul-22,148999,3284,300771,1,0,5271
22-Jul-22,149040,8425,300840,1,0,5118
22-Jul-22,149060,9915,300885,1,1,3599
22-Jul-22,149069,12547,300906,15,15,11087
22-Jul-22,149073,3610,300918,1,0,13177
22-Jul-22,149088,9915,300954,1,0,3617
22-Jul-22,149092,10224,300963,1,0,4349
22-Jul-22,149106,12487,301002,4,1,4220
22-Jul-22,149110,12547,301008,3,3,5726
22-Jul-22,149115,8425,301014,1,1,5587
22-Jul-22,149116,8425,301014,1,1,5300
22-Jul-22,149128,7860,301038,1,0,2748
22-Jul-22,149159,3615,301104,1,0,6125
22-Jul-22,149198,10233,301176,2,0,2250
22-Jul-22,149239,8424,301257,1,1,3511
22-Jul-22,149248,13764,301278,1,1,7746
22-Jul-22,149271,11107,301335,1,1,6118
22-Jul-22,149314,11169,301416,1,0,3773
22-Jul-22,149317,12487,301425,5,0,4220
22-Jul-22,149324,12547,301440,1,0,5726
22-Jul-22,149351,1041,301491,1,0,5620
22-Jul-22,149402,10204,301587,1,1,4024
22-Jul-22,149434,8219,301665,2,2,15166
22-Jul-22,149523,14338,301875,2,0,5089
22-Jul-22,149532,3615,301890,1,1,6180
22-Jul-22,149533,10226,301893,1,1,3697
22-Jul-22,149572,12487,301962,1,1,4497
22-Jul-22,149580,12547,301986,1,0,5726
22-Jul-22,149624,12547,302079,15,15,5726
22-Jul-22,149625,12547,302079,10,10,5635
22-Jul-22,149627,3610,302082,4,0,12704
22-Jul-22,149692,8622,302211,1,0,27752
22-Jul-22,149732,2358,302283,2,2,1360
22-Jul-22,149775,1038,302388,1,1,8315
22-Jul-22,149800,8219,302439,1,0,15311
22-Jul-22,149819,12652,302481,7,7,7956
22-Jul-22,149822,10224,302487,1,1,4360.17
22-Jul-22,149830,10975,302505,1,1,11087
22-Jul-22,149840,1805,302532,15,15,17527
22-Jul-22,149842,8425,302535,2,2,5587
22-Jul-22,149916,10238,302712,1,0,3189
22-Jul-22,149939,10975,302772,1,1,12632
22-Jul-22,149942,8384,302781,1,0,5825
22-Jul-22,149951,8421,302793,1,0,5118
22-Jul-22,149979,1041,302847,1,0,5928
22-Jul-22,150006,12487,302901,30,30,4220
22-Jul-22,150017,11105,302922,5,0,25315
22-Jul-22,150063,8378,303018,1,0,4064
22-Jul-22,150065,13765,303021,1,1,2633
22-Jul-22,150078,11107,303057,1,0,6158
22-Jul-22,150096,12701,303108,3,0,9542
22-Jul-22,150121,8444,303165,1,0,3933
22-Jul-22,150124,7271,303174,2,0,2566
22-Jul-22,150146,8378,303228,1,1,4223
22-Jul-22,150181,11125,303324,2,0,2247
22-Jul-22,150238,11233,303468,1,0,11996
22-Jul-22,150285,10235,303552,1,0,1387
22-Jul-22,150300,10235,303579,1,1,1399
22-Jul-22,150370,11129,303723,1,0,7704
22-Jul-22,150385,9897,303756,1,0,9941
22-Jul-22,150419,12701,303813,1,0,9397
22-Jul-22,150423,7640,303819,2,2,15638
22-Jul-22,150438,12487,303852,1,0,4220
22-Jul-22,150453,1038,303876,2,0,8309
22-Jul-22,150456,8219,303882,1,0,15166
22-Jul-22,150504,12749,303972,4,4,6211
22-Jul-22,150506,11233,303978,1,1,11996
22-Jul-22,150515,3610,303999,1,0,13177
22-Jul-22,150534,1043,304041,2,0,5795
22-Jul-22,150538,8378,304053,1,1,4223
22-Jul-22,150543,8429,304059,3,0,2729
22-Jul-22,150566,8221,304107,3,0,3770
22-Jul-22,150574,12912,304122,3,0,3544
22-Jul-22,150649,11117,304290,1,0,6434
22-Jul-22,150729,12701,304434,1,1,9397
22-Jul-22,150734,3606,304443,2,2,6049
22-Jul-22,150852,7583,304665,3,3,17039
22-Jul-22,150854,1041,304671,1,0,5090
22-Jul-22,150858,10235,304680,4,0,1399
22-Jul-22,150890,14298,304743,1,1,1610
22-Jul-22,150932,11926,304824,1,1,6997
22-Jul-22,150976,13524,304935,1,0,4476
22-Jul-22,150995,10236,304971,2,0,1295
22-Jul-22,151057,1038,305097,1,1,8445
22-Jul-22,151066,3615,305100,1,0,6041
22-Jul-22,151099,8438,305181,1,0,5195
22-Jul-22,151123,13749,305241,10,0,4715
22-Jul-22,151131,8420,305256,1,0,6550
22-Jul-22,151137,8439,305271,1,0,1842
22-Jul-22,151168,8429,305316,1,0,2679
22-Jul-22,151182,11189,305352,1,1,6292
22-Jul-22,151215,8425,305421,1,1,4894
22-Jul-22,151216,8425,305421,1,1,5076
22-Jul-22,151230,1043,305454,1,1,22849
22-Jul-22,151310,12701,305583,3,0,6470
22-Jul-22,151330,13618,305622,1,1,3251
22-Jul-22,151377,11899,305742,1,0,13782
22-Jul-22,151409,7607,305805,1,1,12541
22-Jul-22,151467,3305,305931,1,0,6166
22-Jul-22,151540,13743,306078,1,0,8
22-Jul-22,151547,8760,306099,1,0,2363
22-Jul-22,151563,10215,306129,1,0,14551
22-Jul-22,151594,10224,306201,3,0,4349
22-Jul-22,151632,3615,306279,1,1,6041
22-Jul-22,151662,10224,306345,1,1,4357
22-Jul-22,151681,8425,306384,1,1,5076
22-Jul-22,151720,3610,306465,1,1,12704
22-Jul-22,151765,12652,306573,1,1,7956
22-Jul-22,151766,12701,306576,3,3,5856
22-Jul-22,151772,11123,306588,1,0,6364
22-Jul-22,151803,10975,306657,1,1,5893
22-Jul-22,151814,10236,306684,1,1,1295
22-Jul-22,151821,8444,306699,90,90,6589
22-Jul-22,151832,7640,306723,8,8,15638
22-Jul-22,151834,3615,306729,1,1,6041
22-Jul-22,151894,8242,306852,4,0,1636
22-Jul-22,151900,1041,306867,1,0,5620
22-Jul-22,151954,7607,307005,1,1,12541
22-Jul-22,151956,12749,307011,152,0,6370
22-Jul-22,151969,3284,307047,5,5,5271
22-Jul-22,152075,13524,307290,1,0,4362
22-Jul-22,152098,8444,307335,3,3,6343
22-Jul-22,152130,13524,307401,1,1,4317
22-Jul-22,152146,12652,307431,10,10,7956
22-Jul-22,152179,8457,307509,1,0,8272
22-Jul-22,152207,13696,307563,3,0,5875
22-Jul-22,152292,12912,307716,5,5,3844
22-Jul-22,152387,13696,307911,3,0,5875
22-Jul-22,152390,10204,307920,5,0,4024
22-Jul-22,152416,2358,307974,1,0,1360
22-Jul-22,152491,12749,308163,10,10,6370
22-Jul-22,152495,8424,308175,1,0,3479
22-Jul-22,152508,8210,308193,20,20,12452
22-Jul-22,152553,3613,308283,1,0,8038
22-Jul-22,152589,9916,308355,5,5,3372
22-Jul-22,152596,8428,308376,3,0,1793
22-Jul-22,152723,13696,308640,10,10,5875
22-Jul-22,152820,2862,308832,1,0,4021
22-Jul-22,152830,1041,308841,1,0,4954
22-Jul-22,152847,8420,308874,1,1,6683
22-Jul-22,152933,12652,309060,1,1,7770
22-Jul-22,152973,8805,309129,1,0,2929
22-Jul-22,153052,1043,309309,1,0,5854
22-Jul-22,153062,8444,309333,1,1,6034
22-Jul-22,153177,14364,309561,1,1,3453
22-Jul-22,153302,12652,309822,1,1,7770
22-Jul-22,153306,12652,309834,1,1,7770
22-Jul-22,153333,8378,309882,40,40,4271
22-Jul-22,153355,8460,309927,1,0,3756
22-Jul-22,153408,3279,310062,1,0,9724
22-Jul-22,153449,12749,310158,5,0,6370
22-Jul-22,153495,12784,310257,4,0,2138
22-Jul-22,153508,10235,310278,1,1,1455
22-Jul-22,153531,8457,310317,1,0,8272
22-Jul-22,153542,8425,310347,1,1,4894
22-Jul-22,153563,3592,310404,1,1,6865
22-Jul-22,153587,11233,310443,1,1,12650
22-Jul-22,153630,3610,310533,1,0,12704
22-Jul-22,153687,13745,310647,2,0,5275
22-Jul-22,153712,10198,310689,2,2,6907
22-Jul-22,153827,10975,310932,1,0,12632
22-Jul-22,153848,7860,310965,1,0,3317
22-Jul-22,153849,8714,310965,2,0,5632
22-Jul-22,153967,11105,311232,11,0,25315
22-Jul-22,153985,8378,311277,1,1,4441
22-Jul-22,154056,1041,311424,1,0,5453
22-Jul-22,154076,13524,311457,2,2,4317
22-Jul-22,154080,8760,311469,4,4,2363
22-Jul-22,154096,8787,311505,13,0,1755
22-Jul-22,154099,10204,311508,3,0,3784
22-Jul-22,154170,12749,311676,5,0,6211
22-Jul-22,154178,8425,311697,1,1,5363
22-Jul-22,154180,12701,311703,1,0,9397
22-Jul-22,154219,8444,311799,5,5,6589
22-Jul-22,154293,10235,311958,1,0,1501
22-Jul-22,154339,10975,312066,1,1,5838
22-Jul-22,154348,1041,312090,1,0,5616
22-Jul-22,154392,3610,312189,1,1,12768
22-Jul-22,154469,8384,312357,5,5,5648
22-Jul-22,154492,13524,312405,61,36,4317
22-Jul-22,154509,10236,312447,2,2,1386
22-Jul-22,154521,8460,312468,1,0,4016
22-Jul-22,154526,13548,312468,1,0,4544
22-Jul-22,154540,8384,312498,2,2,5648
22-Jul-22,154586,13765,312618,2,2,2633
22-Jul-22,154645,7860,312744,5,0,3315
22-Jul-22,154695,9815,312858,2,2,14177
22-Jul-22,154746,11925,312954,1,1,12210.3
22-Jul-22,154837,8428,313140,2,0,1793
22-Jul-22,154847,8425,313155,1,1,5520
22-Jul-22,154860,7640,313191,1,0,17786
22-Jul-22,154861,7640,313191,1,0,14449
22-Jul-22,154872,12677,313218,1,1,3439
22-Jul-22,154906,8336,313281,1,0,2533
22-Jul-22,154909,3568,313287,1,1,8206
22-Jul-22,154913,12677,313293,1,1,3439
22-Jul-22,154920,3621,313311,5,0,1716
22-Jul-22,154934,8348,313344,1,0,3025
22-Jul-22,154957,8424,313389,1,0,3372
22-Jul-22,154990,3610,313467,1,0,12704
22-Jul-22,155009,7529,313503,1,1,7634
22-Jul-22,155019,11731,313527,1,1,6935
22-Jul-22,155054,11233,313617,1,0,12458
22-Jul-22,155061,8219,313635,10,0,14934
22-Jul-22,155088,14383,313692,1,0,9958
22-Jul-22,155093,11107,313707,2,0,5725
22-Jul-22,155142,8158,313827,2,0,1489
22-Jul-22,155182,12701,313914,2,1,6561
22-Jul-22,155187,10204,313917,3,3,4606.8
22-Jul-22,155188,1041,313920,1,0,5334
22-Jul-22,155228,8439,314010,1,0,940
22-Jul-22,155272,7653,314097,5,5,11758
22-Jul-22,155354,3610,314301,1,0,13268
22-Jul-22,155431,14354,314460,2,0,2501
22-Jul-22,155513,10225,314634,1,1,4619
22-Jul-22,155601,7860,314766,1,0,3315
22-Jul-22,155638,8444,314847,2,2,6343
22-Jul-22,155665,11141,314895,1,0,6494
22-Jul-22,155673,11233,314910,1,1,13177
22-Jul-22,155704,11117,314961,2,2,6745
22-Jul-22,155726,1041,315003,2,2,5942
22-Jul-22,155735,12784,315015,20,20,2134
22-Jul-22,155738,13745,315021,1,1,5275
22-Jul-22,155739,3615,315024,3,0,6041
22-Jul-22,155745,8361,315039,1,1,6203
22-Jul-22,155750,2862,315048,2,2,4352
22-Jul-22,155812,3610,315153,2,2,12768
22-Jul-22,155838,8422,315204,5,0,3385
22-Jul-22,155858,13764,315246,4,4,7088
22-Jul-22,155908,1041,315366,2,2,5725
22-Jul-22,155927,3615,315423,3,0,6041
22-Jul-22,155988,8439,315555,1,0,1915
22-Jul-22,155996,8411,315576,1,0,390
22-Jul-22,156001,8444,315588,1,0,6589
22-Jul-22,156033,8418,315654,1,0,4190
22-Jul-22,156054,7607,315687,1,1,13631
22-Jul-22,156066,7643,315714,1,0,2270
22-Jul-22,156094,11925,315771,1,1,11814
22-Jul-22,156105,8439,315798,10,0,1876
22-Jul-22,156127,8425,315852,2,2,5076
22-Jul-22,156163,11189,315921,1,1,6292
22-Jul-22,156172,11138,315942,24,0,18203
22-Jul-22,156236,8410,316086,5,0,1055
22-Jul-22,156242,7607,316101,1,1,13631
22-Jul-22,156308,11240,316236,1,0,12555
22-Jul-22,156313,7553,316242,1,1,5527
22-Jul-22,156401,1043,316422,1,1,22045
22-Jul-22,156409,3611,316434,5,5,4217
22-Jul-22,156420,1043,316455,1,1,5854
22-Jul-22,156439,8378,316488,1,0,4141
22-Jul-22,156473,13736,316572,1,0,8928.57
22-Jul-22,156528,12547,316698,2,0,5730
22-Jul-22,156556,11120,316776,20,0,20666
22-Jul-22,156610,3606,316887,1,0,5935
22-Jul-22,156637,1038,316956,1,0,7815
22-Jul-22,156672,8457,316989,1,0,8406
22-Jul-22,156726,8449,317109,1,1,6444
22-Jul-22,156778,12692,317205,1,1,4237
22-Jul-22,156802,10224,317265,2,2,4619
22-Jul-22,156835,8425,317340,2,2,5076
22-Jul-22,156847,2367,317370,25,25,479
22-Jul-22,156862,12677,317412,1,1,3439
22-Jul-22,156904,8760,317502,5,5,2363
22-Jul-22,156905,12912,317505,5,0,3844
22-Jul-22,156921,8418,317547,2,1,4076
22-Jul-22,156931,14410,317562,1,0,15778
22-Jul-22,156932,10975,317565,1,1,18402
22-Jul-22,157025,1041,317763,1,1,5134
22-Jul-22,157083,10245,317895,3,0,9688
22-Jul-22,157122,3635,317985,1,0,5761
22-Jul-22,157174,10224,318093,1,0,4988
22-Jul-22,157179,3610,318102,1,1,8233
22-Jul-22,157245,1038,318216,6,6,7679
22-Jul-22,157269,11731,318270,1,0,6761
22-Jul-22,157320,1041,318372,1,0,5289
22-Jul-22,157327,12460,318384,1,0,14130
22-Jul-22,157493,3615,318780,2,2,6043
22-Jul-22,157496,8444,318786,2,0,6180
22-Jul-22,157501,13506,318792,1,1,4325
22-Jul-22,157536,10975,318867,2,2,12632
22-Jul-22,157583,10975,318966,1,1,17039
23-Jul-22,147388,1041,297669,2,2,5312
23-Jul-22,147398,8425,297693,7,0,4544
23-Jul-22,147445,8425,297756,1,0,4930
23-Jul-22,147455,9915,297777,1,1,3134.4
23-Jul-22,147471,7599,297807,2,2,3568
23-Jul-22,147488,12701,297849,1,0,6561
23-Jul-22,147494,1041,297864,1,0,5620
23-Jul-22,147548,3279,297996,1,0,8814.94
23-Jul-22,147550,8425,298002,1,0,4930
23-Jul-22,147575,10975,298056,3,0,5893
23-Jul-22,147587,8422,298077,1,0,3959
23-Jul-22,147637,11117,298194,1,0,6434
23-Jul-22,147653,1041,298215,1,0,5453
23-Jul-22,147661,12748,298230,5,0,2810
23-Jul-22,147697,8457,298308,1,0,7613
23-Jul-22,147862,11233,298632,10,0,11996
23-Jul-22,147868,8332,298647,1,1,4036
23-Jul-22,147882,3610,298662,1,1,8500
23-Jul-22,147903,11146,298710,1,1,4567
23-Jul-22,147943,10224,298779,6,6,4349
23-Jul-22,147948,8425,298788,3,3,4930
23-Jul-22,147963,10204,298806,1,0,3430
23-Jul-22,147968,3610,298818,2,0,13177
23-Jul-22,147983,10235,298854,10,10,1432
23-Jul-22,148001,11107,298887,2,2,5725
23-Jul-22,148094,1041,299061,1,1,5725
23-Jul-22,148147,3269,299172,1,0,9904
23-Jul-22,148151,8449,299175,1,0,6619
23-Jul-22,148228,8444,299346,5,0,6343
23-Jul-22,148239,9916,299364,5,0,3372
23-Jul-22,148250,8444,299385,2,0,5813
23-Jul-22,148257,8444,299397,1,1,3535
23-Jul-22,148263,8444,299412,1,0,3521
23-Jul-22,148292,10236,299475,2,0,1341
23-Jul-22,148305,1041,299487,1,0,5090
23-Jul-22,148310,8444,299487,1,0,6034
23-Jul-22,148407,11154,299628,1,1,14674
23-Jul-22,148528,13524,299844,1,1,4476
23-Jul-22,148602,8444,299985,1,1,5771
23-Jul-22,148643,12701,300045,1,1,6470
23-Jul-22,148648,12701,300048,1,1,6561
23-Jul-22,148661,8384,300063,7,7,5727
23-Jul-22,148685,7586,300105,5,5,6557
23-Jul-22,148686,7586,300105,10,10,9677
23-Jul-22,148696,3610,300126,1,0,13268
23-Jul-22,148706,8714,300153,1,1,5632
23-Jul-22,148714,10233,300171,1,1,2250
23-Jul-22,148718,11146,300177,1,1,4567
23-Jul-22,148727,10235,300195,5,0,1399
23-Jul-22,148734,8221,300210,25,15,3770
23-Jul-22,148752,8219,300240,10,0,15166
23-Jul-22,148792,8622,300315,1,0,27752
23-Jul-22,148804,7554,300342,1,0,12123
23-Jul-22,148808,10238,300351,1,0,6198
23-Jul-22,148818,12697,300372,1,1,2124
23-Jul-22,148830,8428,300396,4,0,1793
23-Jul-22,148864,12460,300471,1,1,15040
23-Jul-22,148955,8424,300663,3,0,3479
23-Jul-22,148957,9916,300669,1,0,3372
23-Jul-22,149006,8428,300783,2,0,1793
23-Jul-22,149104,12703,300996,4,0,3373
23-Jul-22,149134,1041,301053,1,0,5620
23-Jul-22,149302,12547,301392,5,5,5635
23-Jul-22,149326,3610,301443,4,4,13284
23-Jul-22,149345,10227,301479,1,0,1456
23-Jul-22,149372,10238,301527,1,1,3189
23-Jul-22,149373,12547,301530,3,0,5726
23-Jul-22,149378,8457,301536,1,0,7905
23-Jul-22,149379,12652,301539,2,2,7956
23-Jul-22,149477,11125,301761,1,0,2236
23-Jul-22,149504,3279,301836,1,0,8814.94
23-Jul-22,149560,1805,301947,1,0,17527
23-Jul-22,149574,11105,301968,5,0,25315
23-Jul-22,149602,7640,302034,4,4,15638
23-Jul-22,149609,10204,302052,1,1,4024
23-Jul-22,149647,10975,302118,10,10,11596
23-Jul-22,149665,10975,302151,5,5,11087
23-Jul-22,149666,10975,302151,5,5,11741
23-Jul-22,149733,12784,302286,4,4,2138
23-Jul-22,149760,10224,302349,2,0,4581
23-Jul-22,149761,13682,302352,2,2,3044
23-Jul-22,149905,10235,302700,1,1,1446
23-Jul-22,149952,11138,302793,1,0,16741
23-Jul-22,149987,12547,302871,2,0,5726
23-Jul-22,149994,8359,302880,1,1,2360
23-Jul-22,150004,7640,302895,6,0,15638
23-Jul-22,150032,10245,302955,1,0,9453
23-Jul-22,150038,12487,302964,3,3,4308
23-Jul-22,150074,13765,303045,1,0,2633
23-Jul-22,150081,11117,303063,1,1,6434
23-Jul-22,150156,7808,303255,1,0,2953
23-Jul-22,150204,12460,303384,2,0,15040
23-Jul-22,150262,10236,303507,5,0,1295
23-Jul-22,150279,7553,303543,1,0,5965
23-Jul-22,150318,7541,303618,2,0,1754
23-Jul-22,150378,7860,303744,1,0,2748
23-Jul-22,150393,9915,303768,1,1,3617
23-Jul-22,150422,11165,303816,1,0,11934
23-Jul-22,150427,12652,303825,5,5,7956
23-Jul-22,150435,10975,303846,20,0,11087
23-Jul-22,150458,7607,303888,1,0,12541
23-Jul-22,150483,8219,303942,1,1,15166
23-Jul-22,150485,14309,303948,1,0,8270
23-Jul-22,150509,10236,303984,2,0,1341
23-Jul-22,150516,8221,304002,6,6,3770
23-Jul-22,150601,8210,304182,1,1,14612
23-Jul-22,150634,8219,304263,1,0,15311
23-Jul-22,150668,11113,304317,1,0,4147
23-Jul-22,150695,3610,304374,2,0,8233
23-Jul-22,150700,10235,304386,1,1,1446
23-Jul-22,150723,14349,304425,1,1,32992
23-Jul-22,150736,8210,304446,1,1,7425
23-Jul-22,150836,12701,304635,1,1,6470
23-Jul-22,150878,7581,304713,1,0,13190
23-Jul-22,150983,11925,304950,1,1,11814
23-Jul-22,150994,10236,304971,2,0,1341
23-Jul-22,151044,8219,305058,5,5,15166
23-Jul-22,151063,11240,305097,4,0,12555
23-Jul-22,151088,8221,305154,2,0,5339.01
23-Jul-22,151103,1805,305193,2,0,18343
23-Jul-22,151104,8805,305196,5,0,2658
23-Jul-22,151148,10224,305295,1,0,4349
23-Jul-22,151180,12547,305346,2,2,5726
23-Jul-22,151200,8444,305385,3,3,6589
23-Jul-22,151212,8444,305415,25,0,6374
23-Jul-22,151249,10224,305478,2,0,4349
23-Jul-22,151281,14248,305529,1,1,8300
23-Jul-22,151297,1041,305556,1,1,5090
23-Jul-22,151300,11233,305562,1,1,12268
23-Jul-22,151403,8428,305790,1,0,1793
23-Jul-22,151419,10515,305826,1,0,2404
23-Jul-22,151450,3615,305895,1,0,6041
23-Jul-22,151458,12652,305913,4,0,7956
23-Jul-22,151471,12663,305931,1,0,9249
23-Jul-22,151481,8424,305952,3,3,3544
23-Jul-22,151493,10215,305976,1,0,14551
23-Jul-22,151515,10224,306021,1,1,4349
23-Jul-22,151521,12701,306036,1,0,6440
23-Jul-22,151527,11233,306045,1,0,7857
23-Jul-22,151578,1043,306171,1,1,5854
23-Jul-22,151605,10235,306225,4,4,1432
23-Jul-22,151643,8425,306306,5,0,4635
23-Jul-22,151652,11233,306324,2,0,12268
23-Jul-22,151669,8421,306354,1,0,4714
23-Jul-22,151704,7586,306435,1,0,10154
23-Jul-22,151707,3610,306444,1,1,8500
23-Jul-22,151783,10975,306609,1,0,17039
23-Jul-22,151793,12945,306636,3,0,3441
23-Jul-22,151794,12547,306639,20,20,5726
23-Jul-22,151802,10236,306657,4,4,1341
23-Jul-22,151843,11106,306750,3,0,6270
23-Jul-22,151882,13682,306825,2,2,3044
23-Jul-22,151912,11233,306897,2,2,7857
23-Jul-22,151950,10235,306996,2,2,1432
23-Jul-22,151964,8457,307032,1,1,8117
23-Jul-22,152009,8428,307146,1,1,1763
23-Jul-22,152065,3279,307269,1,1,9724
23-Jul-22,152122,11140,307383,1,1,4675
23-Jul-22,152233,3269,307614,1,0,10048
23-Jul-22,152243,13764,307629,1,1,7746
23-Jul-22,152284,12547,307701,150,150,5730
23-Jul-22,152295,14309,307725,1,1,8270
23-Jul-22,152327,10227,307797,6,6,1478
23-Jul-22,152334,10235,307815,2,2,1455
23-Jul-22,152355,8435,307854,1,0,10747
23-Jul-22,152386,13764,307908,2,2,7746
23-Jul-22,152411,10235,307962,3,3,1501
23-Jul-22,152445,7607,308043,1,1,13631
23-Jul-22,152464,12749,308094,10,0,6370
23-Jul-22,152467,1038,308100,3,3,8042
23-Jul-22,152507,8210,308193,20,20,14612
23-Jul-22,152547,7596,308268,6,0,208
23-Jul-22,152549,11233,308274,1,0,12904
23-Jul-22,152555,11233,308286,1,0,12268
23-Jul-22,152567,13682,308316,4,4,3044
23-Jul-22,152591,8424,308361,1,1,3479
23-Jul-22,152636,7860,308448,1,0,3317
23-Jul-22,152779,8444,308742,1,1,6374
23-Jul-22,152914,11155,309018,1,0,17503
23-Jul-22,153005,3615,309216,1,0,6125
23-Jul-22,153007,10236,309222,2,0,1432
23-Jul-22,153008,10236,309222,3,0,1386
23-Jul-22,153048,11147,309303,1,1,1540
23-Jul-22,153097,8425,309405,1,1,5363
23-Jul-22,153101,11163,309417,1,1,5192
23-Jul-22,153166,12652,309549,20,20,7770
23-Jul-22,153204,8428,309621,2,2,1763
23-Jul-22,153237,8210,309687,2,0,13846
23-Jul-22,153291,8208,309798,1,1,8864
23-Jul-22,153300,14309,309816,1,0,8270
23-Jul-22,153325,7640,309876,3,3,17786
23-Jul-22,153350,13524,309921,2,0,4317
23-Jul-22,153436,10975,310128,1,1,18602
23-Jul-22,153442,11143,310143,1,1,3388
23-Jul-22,153443,11143,310143,1,1,3927
23-Jul-22,153450,12749,310161,5,0,6370
23-Jul-22,153479,8457,310218,1,0,8117
23-Jul-22,153490,3279,310245,1,0,9724
23-Jul-22,153560,12749,310395,5,5,6370
23-Jul-22,153655,11138,310578,1,1,66851
23-Jul-22,153667,12697,310602,5,0,1052
23-Jul-22,153733,10224,310737,1,1,4803
23-Jul-22,153746,8421,310767,1,0,1097
23-Jul-22,153771,8787,310824,6,6,1555
23-Jul-22,153779,8342,310848,2,0,3166
23-Jul-22,153783,7721,310857,1,0,1712
23-Jul-22,153824,12701,310929,1,0,9397
23-Jul-22,153857,13696,310986,2,0,6032
23-Jul-22,153913,1805,311115,1,1,9996
23-Jul-22,153926,8443,311142,3,3,3662
23-Jul-22,153938,13524,311169,1,0,4430
23-Jul-22,153961,12652,311217,1,1,7770
23-Jul-22,153972,2367,311244,1,0,479
23-Jul-22,154074,13524,311454,1,0,4317
23-Jul-22,154105,7596,311520,4,4,4547.04
23-Jul-22,154116,13736,311544,3,3,8928.57
23-Jul-22,154174,12749,311688,4,0,6211
23-Jul-22,154183,10245,311712,1,1,10506
23-Jul-22,154218,8482,311796,1,0,6155
23-Jul-22,154274,3611,311919,1,1,4217
23-Jul-22,154298,13733,311967,1,0,6075
23-Jul-22,154340,10225,312069,1,0,4619
23-Jul-22,154359,10225,312117,1,1,4619
23-Jul-22,154414,10204,312243,1,0,4323
23-Jul-22,154538,8425,312492,1,1,5076
23-Jul-22,154546,1041,312513,1,0,5509
23-Jul-22,154605,11188,312648,5,5,3729
23-Jul-22,154613,8714,312669,1,0,5632
23-Jul-22,154639,13524,312726,1,0,4430
23-Jul-22,154670,8272,312804,1,0,1918
23-Jul-22,154691,8425,312846,1,0,5076
23-Jul-22,154717,10235,312900,2,2,1455
23-Jul-22,154773,12701,313014,1,0,6440
23-Jul-22,154835,10529,313134,1,1,7441
23-Jul-22,154842,8428,313149,1,0,1793
23-Jul-22,154865,8425,313200,1,1,4894
23-Jul-22,154891,8210,313257,1,0,13731
23-Jul-22,154895,8336,313263,1,0,2533
23-Jul-22,154923,3615,313317,5,5,6041
23-Jul-22,154931,8335,313335,5,0,2998
23-Jul-22,154955,12697,313386,15,0,1052
23-Jul-22,154963,14408,313407,1,0,33992
23-Jul-22,155033,8210,313563,1,0,13366
23-Jul-22,155036,11731,313572,1,0,5779
23-Jul-22,155066,9897,313647,4,0,9668
23-Jul-22,155259,11104,314067,1,0,12723
23-Jul-22,155311,11143,314196,1,1,3113
23-Jul-22,155326,8420,314232,1,1,6828
23-Jul-22,155398,1041,314388,1,0,4816
23-Jul-22,155414,8428,314418,2,2,1763
23-Jul-22,155527,14387,314646,12,0,10381
23-Jul-22,155553,11104,314676,1,0,12723
23-Jul-22,155570,14469,314700,1,0,13304
23-Jul-22,155573,3611,314709,25,25,4217
23-Jul-22,155633,11136,314838,5,0,2489
23-Jul-22,155650,8462,314874,1,1,5221
23-Jul-22,155773,8751,315090,1,1,5126
23-Jul-22,155795,1041,315138,1,1,5090
23-Jul-22,155811,3611,315150,50,50,4217
23-Jul-22,155816,13764,315165,1,0,7088
23-Jul-22,155853,8219,315231,1,1,14934
23-Jul-22,155876,7653,315294,5,5,11758
23-Jul-22,155880,13592,315306,8,0,1540
23-Jul-22,155889,10224,315324,1,0,4803
23-Jul-22,155895,8779,315336,1,0,4346
23-Jul-22,155907,7860,315363,1,0,3317
23-Jul-22,155982,8215,315543,1,1,3098
23-Jul-22,156051,3615,315678,1,1,6043
23-Jul-22,156102,7607,315795,1,0,13631
23-Jul-22,156107,8384,315801,2,2,5743
23-Jul-22,156136,1041,315870,5,5,5225
23-Jul-22,156215,3611,316029,1,0,4693
23-Jul-22,156217,12455,316035,2,2,5952
23-Jul-22,156225,11124,316053,2,2,820
23-Jul-22,156228,7653,316062,2,2,11474
23-Jul-22,156240,11133,316098,1,0,1802
23-Jul-22,156276,10227,316173,10,0,1478
23-Jul-22,156297,14364,316218,1,0,3453
23-Jul-22,156312,7553,316242,1,1,5896
23-Jul-22,156355,8444,316326,2,2,6374
23-Jul-22,156425,1043,316458,1,0,11889
23-Jul-22,156485,7860,316596,1,0,2748
23-Jul-22,156503,14112,316638,2,0,2887.2
23-Jul-22,156531,14351,316704,1,0,4998
23-Jul-22,156538,8424,316725,1,0,3341
23-Jul-22,156557,11120,316779,1,1,20666
23-Jul-22,156573,8335,316815,2,0,2998
23-Jul-22,156588,8444,316842,3,3,5907
23-Jul-22,156602,11110,316872,1,0,4103
23-Jul-22,156629,12701,316938,1,0,9542
23-Jul-22,156638,8457,316959,1,0,8272
23-Jul-22,156649,8767,316965,1,0,7505
23-Jul-22,156651,3284,316968,1,0,7053
23-Jul-22,156657,7638,316968,1,0,6956
23-Jul-22,156692,7653,317040,3,3,11536
23-Jul-22,156698,8457,317055,1,1,8406
23-Jul-22,156729,10975,317112,1,0,18402
23-Jul-22,156743,1043,317136,2,1,22849
23-Jul-22,156745,1043,317136,1,1,5854
23-Jul-22,156771,12784,317187,1,0,2138
23-Jul-22,156772,12749,317190,3,0,6211
23-Jul-22,156790,10247,317229,1,1,7361
23-Jul-22,156828,11899,317325,2,0,13782
23-Jul-22,156851,11146,317382,1,1,4017
23-Jul-22,156854,11185,317391,1,1,6941
23-Jul-22,156855,7575,317394,1,1,10378
23-Jul-22,156891,7576,317472,1,0,19229
23-Jul-22,156911,7653,317520,1,1,11536
23-Jul-22,156925,10235,317553,1,0,1501
23-Jul-22,156938,10225,317580,2,2,4434
23-Jul-22,157014,7860,317736,1,1,2748
23-Jul-22,157035,8378,317790,1,1,4141
23-Jul-22,157070,3610,317862,1,1,8233
23-Jul-22,157071,10975,317865,1,1,5816
23-Jul-22,157172,7640,318087,6,0,14449
23-Jul-22,157210,1038,318156,1,0,8088
23-Jul-22,157273,1041,318282,2,0,5453
23-Jul-22,157359,12701,318456,9,9,6379
23-Jul-22,157398,11925,318549,3,3,12210.3
23-Jul-22,157411,8444,318576,1,0,6782
23-Jul-22,157427,12701,318618,1,1,9542
23-Jul-22,157445,12547,318660,4,0,11178
23-Jul-22,157483,8219,318756,5,5,14267
23-Jul-22,157485,8444,318759,1,0,6589
23-Jul-22,157547,8443,318882,4,0,6645
23-Jul-22,157580,11121,318960,1,0,2382
24-Jul-22,147379,3610,297654,1,0,8500
24-Jul-22,147426,8425,297729,1,0,4862
24-Jul-22,147493,3279,297864,1,0,9724
24-Jul-22,147497,1805,297870,10,0,18343
24-Jul-22,147582,10975,298065,3,0,5893
24-Jul-22,147585,8444,298074,1,0,5771
24-Jul-22,147591,1043,298086,1,0,5795
24-Jul-22,147649,11146,298209,1,0,4567
24-Jul-22,147671,1041,298254,1,0,5799
24-Jul-22,147689,8444,298299,1,0,5813
24-Jul-22,147701,10224,298317,1,0,4360.17
24-Jul-22,147704,14353,298323,1,0,2010
24-Jul-22,147711,3269,298338,1,0,10889
24-Jul-22,147740,10204,298398,1,0,4024
24-Jul-22,147744,3279,298410,2,0,9724
24-Jul-22,147759,8444,298443,1,1,6034
24-Jul-22,147786,8443,298494,1,1,6582
24-Jul-22,147803,9916,298536,5,4,3372
24-Jul-22,147858,8208,298623,1,1,8291
24-Jul-22,147889,8428,298680,2,2,1599
24-Jul-22,147892,11146,298686,1,0,4017
24-Jul-22,147941,12547,298773,5,5,11087
24-Jul-22,148038,8221,298950,2,2,6398
24-Jul-22,148047,10235,298962,1,1,1432
24-Jul-22,148054,8425,298974,1,1,5110
24-Jul-22,148062,13618,298983,5,5,3251
24-Jul-22,148068,10235,298998,2,2,1387
24-Jul-22,148092,14110,299055,1,1,670
24-Jul-22,148095,8428,299064,2,2,1689
24-Jul-22,148123,1041,299124,1,0,5134
24-Jul-22,148161,3279,299199,1,0,8814.94
24-Jul-22,148207,12701,299292,3,0,9397
24-Jul-22,148248,11165,299382,2,0,21067
24-Jul-22,148276,12749,299445,10,0,6211
24-Jul-22,148439,8425,299697,1,1,5394
24-Jul-22,148495,3610,299784,1,1,8500
24-Jul-22,148511,3279,299817,2,2,9724
24-Jul-22,148539,3613,299862,1,0,8266
24-Jul-22,148547,11146,299877,1,1,4017
24-Jul-22,148651,8428,300051,2,0,1799
24-Jul-22,148671,7586,300075,5,0,6557
24-Jul-22,148723,13764,300186,1,0,7746
24-Jul-22,148772,12699,300279,10,9,4133
24-Jul-22,148779,13662,300294,1,0,7415
24-Jul-22,148880,13591,300507,1,0,17721
24-Jul-22,148891,10975,300528,1,0,5893
24-Jul-22,148924,14349,300603,1,1,32992
24-Jul-22,148930,10975,300615,5,5,17392
24-Jul-22,149046,8425,300852,1,0,5587
24-Jul-22,149077,3610,300927,1,0,12768
24-Jul-22,149090,8449,300960,1,1,6682
24-Jul-22,149157,7860,301098,1,1,3317
24-Jul-22,149174,8242,301131,1,1,1708
24-Jul-22,149230,11150,301239,1,0,5729
24-Jul-22,149270,8221,301332,10,10,3770
24-Jul-22,149354,8455,301497,4,4,4162
24-Jul-22,149381,11163,301545,1,0,5192
24-Jul-22,149386,3613,301557,1,0,8266
24-Jul-22,149388,9915,301560,1,1,3617
24-Jul-22,149435,11156,301668,10,0,5038
24-Jul-22,149441,10204,301686,2,2,4024
24-Jul-22,149442,11146,301689,1,0,9196
24-Jul-22,149476,3279,301758,1,0,8814.94
24-Jul-22,149483,9915,301776,2,0,3650
24-Jul-22,149510,1805,301851,6,0,18343
24-Jul-22,149521,12701,301875,1,0,9297
24-Jul-22,149563,11150,301950,1,0,5729
24-Jul-22,149573,11117,301965,3,0,6434
24-Jul-22,149583,12675,301992,1,0,5258
24-Jul-22,149588,7583,302004,6,6,28577
24-Jul-22,149591,10235,302013,10,10,1446
24-Jul-22,149595,1041,302019,1,0,5620
24-Jul-22,149632,3610,302091,1,1,12704
24-Jul-22,149640,3610,302109,4,0,12704
24-Jul-22,149650,12547,302124,1,1,5635
24-Jul-22,149652,10235,302127,1,0,1446
24-Jul-22,149698,12487,302217,2,2,4308
24-Jul-22,149708,12547,302229,2,2,5635
24-Jul-22,149767,8221,302370,1,0,3770
24-Jul-22,149792,1041,302427,1,1,5334
24-Jul-22,149825,10975,302493,1,1,11087
24-Jul-22,149829,8384,302502,30,30,5727
24-Jul-22,149844,7860,302538,1,0,2748
24-Jul-22,149847,8428,302547,4,4,1793
24-Jul-22,149870,11233,302610,1,0,11996
24-Jul-22,149871,9895,302613,4,0,1128.5
24-Jul-22,149874,7860,302622,1,0,2748
24-Jul-22,149887,3610,302658,1,1,12704
24-Jul-22,149912,7607,302706,2,2,12323
24-Jul-22,149958,8424,302805,1,0,3372
24-Jul-22,149963,11731,302820,1,0,5779
24-Jul-22,149998,12547,302886,2,2,5726
24-Jul-22,150023,8428,302931,10,0,1793
24-Jul-22,150054,7827,302994,1,0,6043
24-Jul-22,150104,3610,303123,4,4,12704
24-Jul-22,150107,7569,303132,1,0,63324
24-Jul-22,150114,3279,303150,1,0,8814.94
24-Jul-22,150176,11926,303312,1,0,6997
24-Jul-22,150224,14354,303435,2,0,2501
24-Jul-22,150337,8221,303651,5,5,6182
24-Jul-22,150410,13719,303801,4,4,6032
24-Jul-22,150417,7271,303813,1,0,2591
24-Jul-22,150468,3615,303912,1,0,6041
24-Jul-22,150503,8443,303969,5,5,6335
24-Jul-22,150527,12460,304026,1,1,15040
24-Jul-22,150537,7860,304050,1,0,3317
24-Jul-22,150554,2367,304083,50,50,479
24-Jul-22,150593,8444,304164,3,0,6589
24-Jul-22,150610,8210,304209,1,1,12837
24-Jul-22,150625,8785,304242,1,0,4965
24-Jul-22,150656,11172,304311,1,0,2398
24-Jul-22,150671,11178,304317,1,0,16830
24-Jul-22,150756,3610,304485,1,0,13268
24-Jul-22,150797,10235,304563,2,0,1432
24-Jul-22,150814,11233,304593,3,3,12904
24-Jul-22,150855,10204,304674,2,2,4024
24-Jul-22,150867,11146,304701,1,1,9130
24-Jul-22,150870,11146,304701,1,1,4510
24-Jul-22,150952,8429,304875,1,0,2729
24-Jul-22,150967,3615,304908,1,0,6041
24-Jul-22,151000,8457,304977,1,1,8406
24-Jul-22,151021,3610,305004,1,0,13177
24-Jul-22,151034,1041,305034,1,0,5090
24-Jul-22,151041,8221,305049,10,10,3770
24-Jul-22,151051,13764,305079,1,1,7746
24-Jul-22,151224,12400,305439,2,2,6080
24-Jul-22,151258,8424,305490,1,0,3511
24-Jul-22,151337,13696,305640,2,2,5875
24-Jul-22,151405,8425,305796,4,0,4894
24-Jul-22,151470,9171,305931,1,0,6983
24-Jul-22,151483,10224,305955,1,0,4349
24-Jul-22,151494,8461,305979,1,0,3382
24-Jul-22,151552,12460,306108,1,1,15040
24-Jul-22,151648,8444,306315,25,25,6374
24-Jul-22,151695,7607,306414,1,1,12541
24-Jul-22,151698,8219,306420,2,0,14934
24-Jul-22,151716,10224,306456,1,1,4349
24-Jul-22,151717,10224,306456,2,2,4360.17
24-Jul-22,151747,12945,306531,1,0,3377
24-Jul-22,151844,10233,306753,2,0,2250
24-Jul-22,151852,7640,306771,2,0,16490
24-Jul-22,151881,7640,306822,10,10,15638
24-Jul-22,151924,9895,306930,1,0,1288
24-Jul-22,151949,11233,306993,1,0,12268
24-Jul-22,151957,11233,307014,1,0,11996
24-Jul-22,151973,9916,307059,10,10,3372
24-Jul-22,152013,7596,307155,10,0,4547
24-Jul-22,152068,12701,307272,2,2,5856
24-Jul-22,152132,8378,307404,2,2,4138
24-Jul-22,152170,7586,307488,1,0,6557
24-Jul-22,152199,8429,307542,1,0,2679
24-Jul-22,152218,11233,307587,1,0,12268
24-Jul-22,152244,1038,307632,6,0,8445
24-Jul-22,152248,9778,307641,6,0,2801
24-Jul-22,152368,12701,307872,1,0,6470
24-Jul-22,152405,3606,307947,2,0,6049
24-Jul-22,152525,1041,308217,1,1,5090
24-Jul-22,152558,10227,308295,1,0,1478
24-Jul-22,152624,13736,308415,1,1,8928.57
24-Jul-22,152640,7586,308457,5,5,7415
24-Jul-22,152644,3610,308463,1,0,12704
24-Jul-22,152652,13696,308475,1,0,5875
24-Jul-22,152685,13618,308553,3,3,3251
24-Jul-22,152694,7586,308571,2,2,7415
24-Jul-22,152706,10975,308598,1,0,12632
24-Jul-22,152708,8425,308604,1,0,4971
24-Jul-22,152741,8425,308673,10,0,4635
24-Jul-22,152816,8424,308823,1,0,3479
24-Jul-22,152862,3610,308919,5,5,13177
24-Jul-22,152870,10227,308940,1,0,1478
24-Jul-22,152878,8438,308946,2,0,4429
24-Jul-22,152879,10215,308946,1,0,14551
24-Jul-22,152891,10227,308979,1,1,1478
24-Jul-22,152935,13524,309066,2,0,4317
24-Jul-22,153022,8444,309255,1,0,5813
24-Jul-22,153058,7542,309327,1,0,18536
24-Jul-22,153068,7827,309351,2,1,6043
24-Jul-22,153079,10235,309372,2,2,1455
24-Jul-22,153081,10975,309378,2,2,5893
24-Jul-22,153133,8444,309486,1,0,6034
24-Jul-22,153169,8384,309552,10,10,5469
24-Jul-22,153222,1038,309654,3,3,8324
24-Jul-22,153234,11233,309681,1,0,12650
24-Jul-22,153250,12652,309705,6,6,7770
24-Jul-22,153316,11162,309858,1,0,3511
24-Jul-22,153324,8210,309873,1,1,7576
24-Jul-22,153345,13524,309909,1,0,4430
24-Jul-22,153354,8460,309927,1,0,3660
24-Jul-22,153358,8428,309936,3,3,1793
24-Jul-22,153363,12701,309948,2,0,9297
24-Jul-22,153366,8460,309951,1,0,3756
24-Jul-22,153370,8436,309963,3,0,2574
24-Jul-22,153392,8210,310023,1,0,12452
24-Jul-22,153413,3615,310074,1,0,6041
24-Jul-22,153492,3615,310251,1,0,6041
24-Jul-22,153493,10236,310254,2,0,1432
24-Jul-22,153513,3615,310290,1,1,6041
24-Jul-22,153523,1038,310302,1,0,8188
24-Jul-22,153546,8457,310359,1,1,8117
24-Jul-22,153576,12652,310428,1,1,7770
24-Jul-22,153621,12487,310518,1,0,4308
24-Jul-22,153647,13524,310566,1,1,4317
24-Jul-22,153657,13919,310584,1,0,2318
24-Jul-22,153659,8335,310590,1,0,3906
24-Jul-22,153664,13524,310593,3,3,4430
24-Jul-22,153678,8739,310623,1,0,6451
24-Jul-22,153770,8760,310821,6,6,2363
24-Jul-22,153796,8714,310878,1,0,5632
24-Jul-22,153807,8444,310890,2,0,6374
24-Jul-22,153810,12455,310899,2,0,5952
24-Jul-22,153853,10236,310974,1,0,1432
24-Jul-22,153868,12749,311013,15,0,6211
24-Jul-22,153884,11146,311052,1,0,10692
24-Jul-22,153899,11107,311088,1,0,5725
24-Jul-22,153914,13524,311118,2,0,4317
24-Jul-22,154043,12701,311409,1,0,6561
24-Jul-22,154045,11146,311415,2,2,4510
24-Jul-22,154058,8751,311424,1,0,5467
24-Jul-22,154062,8435,311427,1,0,4433
24-Jul-22,154069,11163,311442,1,0,5522
24-Jul-22,154070,1041,311445,1,1,5425
24-Jul-22,154078,13591,311463,1,0,15994
24-Jul-22,154102,10204,311514,14,14,4059
24-Jul-22,154124,7583,311562,1,1,19084
24-Jul-22,154134,7860,311589,10,0,2748
24-Jul-22,154166,10235,311667,3,3,1501
24-Jul-22,154168,12749,311670,3,0,6370
24-Jul-22,154177,11162,311694,1,0,3146
24-Jul-22,154188,7811,311727,2,0,3135
24-Jul-22,154212,8482,311781,2,0,6155
24-Jul-22,154277,10236,311922,1,1,1432
24-Jul-22,154301,11123,311976,1,0,6427
24-Jul-22,154305,1041,311985,2,0,5509
24-Jul-22,154312,8760,312003,1,0,2363
24-Jul-22,154321,8424,312027,1,0,8343
24-Jul-22,154363,12407,312123,1,0,8815
24-Jul-22,154377,8219,312150,2,2,14934
24-Jul-22,154385,12652,312171,10,0,7770
24-Jul-22,154438,7599,312288,1,0,3363
24-Jul-22,154439,3615,312291,2,2,6041
24-Jul-22,154491,14309,312402,1,0,8270
24-Jul-22,154522,8461,312468,1,0,3285
24-Jul-22,154557,7640,312540,1,1,14449
24-Jul-22,154581,1041,312603,1,0,5707
24-Jul-22,154602,8444,312642,1,1,6034
24-Jul-22,154610,8272,312660,2,0,1918
24-Jul-22,154660,13524,312774,7,0,4317
24-Jul-22,154676,1041,312819,1,0,5616
24-Jul-22,154686,8444,312837,1,0,6343
24-Jul-22,154700,11172,312861,1,0,2365
24-Jul-22,154731,11925,312924,1,1,11814
24-Jul-22,154817,8425,313101,1,1,5076
24-Jul-22,154848,8428,313158,1,1,1793
24-Jul-22,154881,1043,313239,2,2,11889
24-Jul-22,154949,7553,313374,1,1,5896
24-Jul-22,154958,7553,313392,1,1,5896
24-Jul-22,154961,7640,313401,1,1,14449
24-Jul-22,154969,8424,313419,1,0,3511
24-Jul-22,154981,3610,313443,1,0,12704
24-Jul-22,154985,12749,313452,3,3,5763
24-Jul-22,155040,9882,313584,1,1,13751
24-Jul-22,155044,8424,313593,1,1,8343
24-Jul-22,155062,13736,313635,1,0,8928.57
24-Jul-22,155112,10235,313752,2,0,1501
24-Jul-22,155113,10236,313755,1,0,1386
24-Jul-22,155163,8284,313872,1,0,2466
24-Jul-22,155195,3610,313941,2,2,13177
24-Jul-22,155201,10204,313956,1,1,4606.8
24-Jul-22,155223,11107,314007,1,1,5725
24-Jul-22,155244,8439,314040,1,0,940
24-Jul-22,155257,3603,314061,1,0,9689
24-Jul-22,155264,8439,314079,1,0,1880
24-Jul-22,155269,3610,314091,1,1,13268
24-Jul-22,155312,8425,314199,1,0,4971
24-Jul-22,155318,8444,314217,2,0,3820
24-Jul-22,155437,7860,314475,1,0,3317
24-Jul-22,155439,11104,314481,1,1,12723
24-Jul-22,155445,8215,314490,1,0,1541
24-Jul-22,155459,10235,314520,2,2,1501
24-Jul-22,155475,9815,314556,1,1,14449
24-Jul-22,155487,11233,314580,1,0,13177
24-Jul-22,155502,3610,314613,1,0,13177
24-Jul-22,155516,1041,314637,2,2,4954
24-Jul-22,155548,8444,314670,1,0,3811
24-Jul-22,155716,11123,314985,1,1,6364
24-Jul-22,155723,3610,315000,15,15,13268
24-Jul-22,155774,8458,315090,1,0,3348
24-Jul-22,155777,10235,315099,2,2,1455
24-Jul-22,155783,11104,315114,1,1,12723
24-Jul-22,155854,3610,315234,1,0,8500
24-Jul-22,155917,7860,315393,1,0,2748
24-Jul-22,155962,7808,315507,1,0,2769
24-Jul-22,155968,10235,315516,2,0,1501
24-Jul-22,155971,10235,315522,2,0,1501
24-Jul-22,156004,9915,315594,2,0,3134.4
24-Jul-22,156040,1805,315663,1,1,18654
24-Jul-22,156122,10529,315837,1,0,6892
24-Jul-22,156124,10235,315843,1,0,1501
24-Jul-22,156147,12749,315891,2,0,6211
24-Jul-22,156186,11138,315978,1,1,18203
24-Jul-22,156187,3610,315981,1,1,13727
24-Jul-22,156203,12912,316008,1,0,3844
24-Jul-22,156226,2367,316056,50,0,479
24-Jul-22,156258,7653,316131,10,0,11474
24-Jul-22,156272,7553,316164,1,0,5896
24-Jul-22,156273,7553,316164,1,0,5527
24-Jul-22,156296,10204,316215,1,0,3795
24-Jul-22,156315,8444,316242,1,1,3535
24-Jul-22,156384,7547,316395,1,0,15040
24-Jul-22,156411,7860,316440,2,0,2748
24-Jul-22,156416,1038,316455,1,1,8588
24-Jul-22,156419,1043,316455,1,1,20720
24-Jul-22,156465,10975,316554,1,1,12632
24-Jul-22,156543,8425,316740,1,0,4894
24-Jul-22,156546,3610,316746,1,1,13268
24-Jul-22,156596,13905,316857,3,3,3167
24-Jul-22,156620,8139,316914,1,0,8073
24-Jul-22,156640,3284,316965,1,0,7053
24-Jul-22,156646,7638,316965,1,0,6956
24-Jul-22,156715,1041,317079,5,5,5225
24-Jul-22,156877,8378,317448,3,3,4141
24-Jul-22,156878,8384,317451,1,0,5743
24-Jul-22,156912,11233,317523,1,1,13275
24-Jul-22,156929,8421,317559,1,1,4523
24-Jul-22,156941,1041,317583,1,1,5861
24-Jul-22,156948,1041,317592,1,0,4954
24-Jul-22,156970,8751,317637,2,2,3834
24-Jul-22,157009,7586,317721,1,0,6994
24-Jul-22,157031,14309,317778,1,1,8270
24-Jul-22,157077,8328,317877,68,68,765
24-Jul-22,157100,9895,317934,1,0,1128.5
24-Jul-22,157109,1041,317955,2,2,4954
24-Jul-22,157306,10225,318336,4,4,4434
24-Jul-22,157315,1038,318357,1,1,7588
24-Jul-22,157386,10975,318519,1,0,10110
24-Jul-22,157397,13918,318546,1,1,2000
24-Jul-22,157399,11925,318549,2,2,11814
24-Jul-22,157439,3615,318648,2,2,6043
24-Jul-22,157454,1041,318681,1,1,5007
24-Jul-22,157494,8683,318783,1,1,9606
24-Jul-22,157497,8444,318786,1,0,6379
24-Jul-22,157509,10975,318813,1,0,12632
24-Jul-22,157535,1805,318867,2,2,17527
24-Jul-22,157546,10224,318879,1,0,4619
24-Jul-22,157551,1038,318888,1,1,7543
24-Jul-22,157559,8457,318906,2,2,7833
24-Jul-22,157565,3279,318921,2,0,8724
24-Jul-22,157569,10975,318933,3,0,11087
25-Jul-22,147345,8425,297576,1,0,4862
25-Jul-22,147413,8444,297711,1,1,3535
25-Jul-22,147428,7586,297735,10,0,9677
25-Jul-22,147438,3605,297750,1,1,3762
25-Jul-22,147440,8425,297750,1,1,5110
25-Jul-22,147502,8422,297882,1,0,3414
25-Jul-22,147533,13902,297957,1,0,2455
25-Jul-22,147579,12701,298062,1,0,9397
25-Jul-22,147590,10236,298083,5,0,1258
25-Jul-22,147593,10235,298092,4,4,1432
25-Jul-22,147596,1043,298098,1,0,5795
25-Jul-22,147598,13764,298104,1,1,7746
25-Jul-22,147616,10235,298140,2,0,1432
25-Jul-22,147618,11233,298143,1,1,12650
25-Jul-22,147628,3610,298170,1,0,12704
25-Jul-22,147656,1805,298221,1,0,18343
25-Jul-22,147658,9171,298224,1,0,6808
25-Jul-22,147714,11107,298347,1,0,5725
25-Jul-22,147773,10236,298473,3,3,1258
25-Jul-22,147810,1043,298557,1,1,5854
25-Jul-22,147887,8444,298674,1,0,3521
25-Jul-22,147920,8221,298737,27,27,3699
25-Jul-22,147923,8425,298746,2,2,5110
25-Jul-22,147925,8444,298752,1,0,5813
25-Jul-22,147954,12487,298791,1,0,4497
25-Jul-22,148000,8325,298884,10,0,11999
25-Jul-22,148138,8210,299157,30,30,13222
25-Jul-22,148167,3279,299214,1,0,9724
25-Jul-22,148198,8444,299274,1,0,3521
25-Jul-22,148214,8424,299310,1,0,3372
25-Jul-22,148253,8444,299385,1,0,3535
25-Jul-22,148283,13765,299457,2,0,2633
25-Jul-22,148293,10236,299475,3,0,1295
25-Jul-22,148324,10224,299505,1,0,4538.14
25-Jul-22,148359,7666,299580,11,11,11455
25-Jul-22,148412,12487,299637,2,2,4308
25-Jul-22,148425,8444,299667,1,1,6407
25-Jul-22,148431,8378,299679,1,0,4064
25-Jul-22,148436,12701,299691,5,0,9542
25-Jul-22,148437,8221,299694,5,4,6182
25-Jul-22,148456,12710,299721,20,0,9200
25-Jul-22,148480,8208,299769,1,0,8429
25-Jul-22,148487,8348,299778,5,0,3345
25-Jul-22,148493,8208,299781,1,1,8429
25-Jul-22,148587,14246,299952,1,0,10250
25-Jul-22,148621,13764,300003,1,0,7746
25-Jul-22,148638,8219,300042,2,2,14934
25-Jul-22,148647,12701,300048,1,1,6470
25-Jul-22,148668,8439,300069,1,1,1913
25-Jul-22,148689,7596,300105,5,5,4547
25-Jul-22,148712,10224,300165,1,1,4538.14
25-Jul-22,148719,12652,300180,1,0,7956
25-Jul-22,148732,10235,300204,3,3,1399
25-Jul-22,148744,12487,300228,4,4,4220
25-Jul-22,148747,8221,300231,5,5,3770
25-Jul-22,148769,11926,300270,1,0,6997
25-Jul-22,148784,10236,300300,1,0,1341
25-Jul-22,148787,1041,300303,1,0,5134
25-Jul-22,148795,8438,300324,1,0,4860
25-Jul-22,148852,10235,300441,1,1,1387
25-Jul-22,148952,12652,300654,1,1,7956
25-Jul-22,148972,12912,300702,20,0,3544
25-Jul-22,149003,3610,300777,1,0,12704
25-Jul-22,149007,10236,300786,2,1,1341
25-Jul-22,149168,8428,301116,12,12,1654
25-Jul-22,149171,3610,301122,25,25,12704
25-Jul-22,149209,12749,301203,10,10,6211
25-Jul-22,149262,12724,301314,1,0,100000
25-Jul-22,149300,3610,301389,70,70,12704
25-Jul-22,149303,3610,301395,1,1,13177
25-Jul-22,149338,8422,301467,1,0,3430
25-Jul-22,149344,8444,301476,1,1,6034
25-Jul-22,149362,10235,301512,1,0,1446
25-Jul-22,149371,10238,301527,1,1,6198
25-Jul-22,149396,10235,301575,5,0,1432
25-Jul-22,149426,11156,301653,7,0,5038
25-Jul-22,149460,12652,301725,7,0,7956
25-Jul-22,149482,8622,301773,1,0,27752
25-Jul-22,149499,8210,301821,1,0,14212
25-Jul-22,149525,10224,301881,2,2,4349
25-Jul-22,149529,10236,301881,6,6,1258
25-Jul-22,149590,12749,302010,10,10,6211
25-Jul-22,149620,3610,302067,2,0,8233
25-Jul-22,149630,8425,302085,1,1,5300
25-Jul-22,149653,10236,302127,1,0,1341
25-Jul-22,149690,8444,302208,15,15,6374
25-Jul-22,149715,11107,302250,1,1,5725
25-Jul-22,149721,12487,302265,4,4,4220
25-Jul-22,149755,10224,302334,1,1,4534
25-Jul-22,149797,12701,302436,1,0,9297
25-Jul-22,149806,7607,302451,1,0,12541
25-Jul-22,149876,10235,302628,6,0,1432
25-Jul-22,149886,3610,302655,1,0,12704
25-Jul-22,149897,3284,302682,1,1,5271
25-Jul-22,149904,3615,302697,1,1,6041
25-Jul-22,150024,11107,302934,1,0,6118
25-Jul-22,150031,10224,302952,2,0,4357
25-Jul-22,150047,3284,302976,1,0,5271
25-Jul-22,150086,12547,303078,2,0,5726
25-Jul-22,150118,13749,303159,1,0,4896
25-Jul-22,150136,8425,303198,1,0,5118
25-Jul-22,150152,12912,303243,3,0,3544
25-Jul-22,150170,13736,303294,2,2,8928.57
25-Jul-22,150243,10236,303480,4,4,1295
25-Jul-22,150286,11233,303555,1,1,12650
25-Jul-22,150294,1041,303567,1,1,4954
25-Jul-22,150317,9915,303615,5,5,3650
25-Jul-22,150321,10236,303627,2,2,1341
25-Jul-22,150328,8444,303636,6,0,6589
25-Jul-22,150353,8444,303684,1,1,3535
25-Jul-22,150369,11186,303720,1,0,4061
25-Jul-22,150377,8221,303741,10,10,6182
25-Jul-22,150379,9897,303747,1,0,9941
25-Jul-22,150429,11926,303831,2,0,6997
25-Jul-22,150439,12487,303852,1,0,4308
25-Jul-22,150571,7640,304119,1,1,16490
25-Jul-22,150587,3615,304152,1,0,6041
25-Jul-22,150595,8444,304170,7,7,6374
25-Jul-22,150596,8444,304170,3,3,6589
25-Jul-22,150602,11925,304185,1,1,11814
25-Jul-22,150614,1805,304218,5,0,17527
25-Jul-22,150701,10235,304386,2,2,1399
25-Jul-22,150724,11189,304428,1,0,6314
25-Jul-22,150776,10235,304515,6,0,1387
25-Jul-22,150794,8444,304557,1,1,6343
25-Jul-22,150908,14298,304782,1,0,1610
25-Jul-22,150934,8444,304830,1,0,6343
25-Jul-22,150960,12652,304896,1,0,7956
25-Jul-22,151019,11143,305001,1,0,3432
25-Jul-22,151045,11899,305061,1,0,14322
25-Jul-22,151048,11899,305070,1,0,14322
25-Jul-22,151076,8444,305127,1,0,6589
25-Jul-22,151126,8221,305247,5,0,3770
25-Jul-22,151141,10235,305280,2,2,1399
25-Jul-22,151174,13682,305331,8,8,3044
25-Jul-22,151318,11106,305607,2,2,6270
25-Jul-22,151335,13524,305637,1,0,4362
25-Jul-22,151441,10975,305871,1,0,10337
25-Jul-22,151475,10236,305940,1,0,1341
25-Jul-22,151482,8424,305952,2,2,3404
25-Jul-22,151489,8760,305967,6,0,2363
25-Jul-22,151495,8435,305979,2,0,4479
25-Jul-22,151528,1805,306048,1,0,17527
25-Jul-22,151654,10224,306327,2,0,4360.17
25-Jul-22,151684,8444,306393,1,0,6343
25-Jul-22,151726,1043,306480,1,1,11568
25-Jul-22,151730,1043,306489,1,1,5854
25-Jul-22,151742,8439,306516,1,0,1910
25-Jul-22,151753,12749,306546,15,15,6370
25-Jul-22,151776,10219,306600,1,1,6486
25-Jul-22,151824,9916,306705,5,5,3372
25-Jul-22,151846,10235,306756,3,0,1399
25-Jul-22,151854,12652,306771,10,0,7956
25-Jul-22,151857,10236,306780,3,3,1341
25-Jul-22,151925,10975,306933,1,0,5838
25-Jul-22,151947,1043,306990,60,0,11568
25-Jul-22,151978,13524,307074,4,4,4362
25-Jul-22,152011,13618,307152,2,2,3251.1
25-Jul-22,152017,8437,307158,1,1,2139
25-Jul-22,152051,12912,307242,8,8,3844
25-Jul-22,152123,11172,307383,1,1,2398
25-Jul-22,152167,10235,307482,2,0,1501
25-Jul-22,152186,10215,307521,3,0,5289
25-Jul-22,152200,11233,307545,2,0,12904
25-Jul-22,152268,8444,307674,5,0,6393
25-Jul-22,152277,13524,307686,3,3,4430
25-Jul-22,152293,13524,307719,1,0,4430
25-Jul-22,152455,3615,308067,1,0,6043
25-Jul-22,152504,3610,308184,2,2,8299
25-Jul-22,152520,11169,308205,2,2,6996
25-Jul-22,152579,11165,308334,1,1,11077
25-Jul-22,152641,7596,308457,6,6,10
25-Jul-22,152702,10975,308589,1,0,12632
25-Jul-22,152769,8422,308721,1,0,3997
25-Jul-22,152778,10235,308739,1,0,1455
25-Jul-22,152783,8444,308751,1,0,6374
25-Jul-22,152786,8437,308754,3,0,2044
25-Jul-22,152833,8447,308847,1,0,4045
25-Jul-22,152853,13764,308892,1,1,7746
25-Jul-22,152865,3615,308928,5,0,6043
25-Jul-22,152887,10236,308967,1,0,1432
25-Jul-22,152924,12701,309039,2,0,9542
25-Jul-22,152938,8444,309069,1,0,6374
25-Jul-22,152948,3615,309090,1,0,6125
25-Jul-22,153019,3610,309249,1,1,13284
25-Jul-22,153056,3284,309321,2,0,5271
25-Jul-22,153064,7607,309339,1,1,13631
25-Jul-22,153092,8457,309396,3,3,7979
25-Jul-22,153179,8444,309564,2,2,6589
25-Jul-22,153199,12701,309612,1,1,9542
25-Jul-22,153203,10224,309618,1,0,4619
25-Jul-22,153206,11133,309624,1,0,8052
25-Jul-22,153218,7860,309645,1,0,3315
25-Jul-22,153225,3615,309663,2,2,6041
25-Jul-22,153256,12547,309720,1,1,5726
25-Jul-22,153312,7575,309849,1,1,10378
25-Jul-22,153323,12652,309870,1,0,7770
25-Jul-22,153369,3605,309960,1,0,3762
25-Jul-22,153433,7271,310119,1,1,2591
25-Jul-22,153481,8425,310224,2,0,4635
25-Jul-22,153499,10235,310266,2,0,1455
25-Jul-22,153520,8437,310299,1,1,2254
25-Jul-22,153525,13764,310305,1,0,7746
25-Jul-22,153543,12487,310350,1,0,4497
25-Jul-22,153565,3606,310410,1,1,6049
25-Jul-22,153614,10224,310506,12,2,4803
25-Jul-22,153632,11899,310539,1,1,13782
25-Jul-22,153641,8439,310554,1,0,921
25-Jul-22,153673,12652,310617,15,15,7770
25-Jul-22,153684,10975,310641,2,0,5893
25-Jul-22,153769,1041,310818,1,0,5090
25-Jul-22,153812,13501,310899,1,0,11832
25-Jul-22,153898,12701,311085,1,0,6379
25-Jul-22,153936,8424,311166,1,0,3479
25-Jul-22,153958,13524,311211,1,1,4317
25-Jul-22,153963,13524,311220,1,1,4430
25-Jul-22,153968,11105,311232,1,0,16449
25-Jul-22,154015,11105,311337,1,1,25315
25-Jul-22,154037,14374,311394,1,1,19831
25-Jul-22,154057,3624,311424,1,0,5453
25-Jul-22,154061,8435,311427,1,0,10747
25-Jul-22,154106,7637,311523,2,2,29580
25-Jul-22,154123,11107,311559,2,2,6118
25-Jul-22,154152,11118,311631,1,1,4136
25-Jul-22,154171,7810,311679,2,0,4147
25-Jul-22,154173,8435,311685,1,0,10350
25-Jul-22,154221,12505,311802,1,1,32992
25-Jul-22,154307,8208,311988,1,0,9405
25-Jul-22,154313,11899,312006,2,2,13782
25-Jul-22,154323,8424,312027,1,0,3372
25-Jul-22,154364,1043,312126,1,1,22045
25-Jul-22,154366,12652,312132,10,0,7770
25-Jul-22,154382,13592,312162,32,32,1540
25-Jul-22,154398,8437,312207,1,0,2076
25-Jul-22,154494,10225,312408,1,1,4619
25-Jul-22,154518,8240,312468,1,0,7952
25-Jul-22,154543,10975,312504,10,10,12632
25-Jul-22,154599,8437,312636,1,1,2290
25-Jul-22,154641,11233,312732,4,4,13177
25-Jul-22,154699,11172,312861,1,0,2574
25-Jul-22,154721,8439,312906,5,0,1842
25-Jul-22,154745,12749,312951,15,15,6211
25-Jul-22,154783,13524,313041,2,0,4430
25-Jul-22,154802,1805,313083,1,1,18654
25-Jul-22,154822,8219,313104,10,10,14934
25-Jul-22,154854,10975,313173,1,1,10110
25-Jul-22,154857,9171,313182,10,10,6808
25-Jul-22,154899,14388,313269,1,1,10508
25-Jul-22,154901,7860,313272,1,0,2748
25-Jul-22,154916,7553,313302,1,1,5896
25-Jul-22,154926,11123,313323,1,1,7223
25-Jul-22,154980,11129,313440,1,1,7704
25-Jul-22,154996,13592,313482,2,2,1540
25-Jul-22,155011,7640,313506,4,4,17786
25-Jul-22,155106,12784,313734,1,0,2134
25-Jul-22,155127,3279,313791,1,0,8814.94
25-Jul-22,155133,12710,313803,1,0,9200
25-Jul-22,155160,8425,313866,1,0,4894
25-Jul-22,155190,11146,313926,2,0,4086
25-Jul-22,155280,8425,314115,1,0,4816
25-Jul-22,155282,9171,314121,7,0,6634
25-Jul-22,155317,3610,314214,2,0,13177
25-Jul-22,155330,7596,314241,1,1,2094
25-Jul-22,155338,11162,314262,1,0,3377
25-Jul-22,155350,7860,314292,1,0,3315
25-Jul-22,155393,1041,314379,1,0,5225
25-Jul-22,155394,9938,314382,2,2,3726
25-Jul-22,155409,11152,314412,1,0,7337
25-Jul-22,155454,12701,314511,5,0,9542
25-Jul-22,155473,8424,314550,1,1,3372
25-Jul-22,155518,3279,314643,2,0,9724
25-Jul-22,155545,11168,314670,1,0,6941
25-Jul-22,155612,14418,314793,1,0,10805
25-Jul-22,155618,13764,314805,1,0,7088
25-Jul-22,155736,8425,315018,1,0,4894
25-Jul-22,155751,3610,315051,1,1,13177
25-Jul-22,155850,9171,315228,3,3,6425
25-Jul-22,155898,8452,315345,1,0,9172
25-Jul-22,155938,2367,315456,10,10,479
25-Jul-22,155960,10513,315504,2,0,11714
25-Jul-22,155967,8210,315513,1,1,14212
25-Jul-22,156042,11136,315669,1,0,2723
25-Jul-22,156112,7637,315816,1,1,33157
25-Jul-22,156184,10235,315972,1,0,1501
25-Jul-22,156232,13764,316074,1,1,7088
25-Jul-22,156246,8335,316110,1,1,3906
25-Jul-22,156256,1041,316125,1,1,5289
25-Jul-22,156280,12547,316179,1,1,11178
25-Jul-22,156289,10236,316197,3,3,1386
25-Jul-22,156329,8421,316275,2,0,4523
25-Jul-22,156368,10225,316356,1,1,4434
25-Jul-22,156369,10225,316356,1,1,4619
25-Jul-22,156370,10225,316356,1,1,4988
25-Jul-22,156395,7860,316416,3,3,3317
25-Jul-22,156414,3611,316449,57,57,4217
25-Jul-22,156454,8386,316521,1,0,4011
25-Jul-22,156469,10225,316560,1,1,4988
25-Jul-22,156502,11143,316635,1,1,3564
25-Jul-22,156551,1041,316761,1,0,5007
25-Jul-22,156560,3610,316788,1,0,13727
25-Jul-22,156567,13501,316800,1,0,11832
25-Jul-22,156622,8255,316920,1,0,2495
25-Jul-22,156627,10224,316932,1,1,4619
25-Jul-22,156642,7554,316965,1,0,12123
25-Jul-22,156680,14383,317010,3,3,9958
25-Jul-22,156709,11925,317067,1,1,11814
25-Jul-22,156711,10224,317070,1,0,4988
25-Jul-22,156735,11233,317127,2,2,13275
25-Jul-22,156765,14383,317181,1,0,9958
25-Jul-22,156767,14418,317181,1,0,10805
25-Jul-22,156784,7529,317223,1,1,7634
25-Jul-22,156896,8425,317481,1,1,5076
25-Jul-22,156901,2367,317493,20,20,479
25-Jul-22,156910,7653,317517,1,1,11536
25-Jul-22,156914,8444,317529,1,0,6822
25-Jul-22,156922,8418,317547,1,0,4190
25-Jul-22,156940,1041,317583,1,1,5453
25-Jul-22,156953,10975,317604,1,1,18402
25-Jul-22,156964,1038,317625,1,0,7543
25-Jul-22,156995,8210,317688,1,0,14612
25-Jul-22,157006,10975,317712,1,0,18402
25-Jul-22,157045,8751,317814,1,1,5467
25-Jul-22,157064,7583,317850,2,0,19366
25-Jul-22,157113,1041,317964,1,0,5725
25-Jul-22,157128,8787,317991,1,0,1599
25-Jul-22,157167,7546,318081,1,1,12505
25-Jul-22,157254,8384,318228,1,1,5743
25-Jul-22,157266,13905,318261,1,1,3094
25-Jul-22,157274,1041,318282,1,0,5725
25-Jul-22,157293,11146,318309,1,0,7524
25-Jul-22,157326,10204,318384,1,0,4089
25-Jul-22,157333,10224,318393,2,2,4988
25-Jul-22,157337,10225,318405,1,0,4988
25-Jul-22,157344,1038,318420,1,1,8179
25-Jul-22,157365,11172,318474,1,1,2614
25-Jul-22,157380,12547,318507,10,0,5771
25-Jul-22,157462,11120,318699,1,0,20666
25-Jul-22,157577,7808,318951,1,0,2769
25-Jul-22,157581,8444,318963,1,0,6374
25-Jul-22,157586,10975,318966,1,1,10110
26-Jul-22,147347,8425,297579,1,1,5394
26-Jul-22,147350,1043,297585,1,1,5854
26-Jul-22,147385,11925,297663,1,0,11814
26-Jul-22,147404,12701,297699,2,0,9297
26-Jul-22,147419,12487,297717,3,0,4308
26-Jul-22,147436,8210,297747,3,3,13607
26-Jul-22,147484,12701,297837,1,0,6561
26-Jul-22,147512,14352,297903,1,0,3318
26-Jul-22,147514,10975,297906,1,1,5893
26-Jul-22,147515,13764,297909,1,0,7746
26-Jul-22,147526,12502,297939,1,0,7526
26-Jul-22,147531,11138,297951,5,0,16741
26-Jul-22,147540,11117,297975,1,0,6434
26-Jul-22,147592,10236,298089,3,0,1341
26-Jul-22,147630,2367,298176,4,0,469
26-Jul-22,147648,10975,298206,1,0,5893
26-Jul-22,147727,11658,298374,1,1,1804
26-Jul-22,147794,11658,298512,1,0,1804
26-Jul-22,147873,8425,298650,1,1,5110
26-Jul-22,147881,11162,298659,1,1,3511
26-Jul-22,147885,8378,298668,3,3,4064
26-Jul-22,147886,12701,298671,2,0,9542
26-Jul-22,147890,8428,298680,3,0,1618
26-Jul-22,147933,10224,298758,1,0,4538.14
26-Jul-22,147937,8221,298764,1,0,3699
26-Jul-22,148011,10224,298905,1,0,4538.14
26-Jul-22,148073,12652,299010,20,20,7956
26-Jul-22,148078,8444,299022,1,0,6343
26-Jul-22,148093,8221,299058,10,10,3699
26-Jul-22,148134,8760,299148,20,20,2363
26-Jul-22,148141,3610,299160,2,2,13177
26-Jul-22,148156,13591,299187,1,1,15994
26-Jul-22,148171,8444,299217,1,0,3535
26-Jul-22,148179,3615,299235,1,0,6041
26-Jul-22,148219,3603,299322,1,1,7466
26-Jul-22,148230,11138,299349,1,0,14487
26-Jul-22,148274,11105,299439,7,0,25315
26-Jul-22,148284,13764,299457,1,0,7746
26-Jul-22,148304,1041,299487,1,0,5620
26-Jul-22,148315,9915,299487,2,0,3599
26-Jul-22,148392,8444,299610,1,1,6034
26-Jul-22,148393,8444,299610,1,1,3535
26-Jul-22,148398,1038,299613,2,2,8188
26-Jul-22,148420,13591,299658,1,0,15994
26-Jul-22,148483,8208,299775,1,0,8429
26-Jul-22,148599,12699,299976,20,20,4133
26-Jul-22,148600,9915,299979,1,1,3599
26-Jul-22,148609,8422,299991,1,1,3959
26-Jul-22,148680,10224,300093,1,0,4538.14
26-Jul-22,148760,10245,300252,2,0,10506
26-Jul-22,148762,3603,300258,4,4,7466
26-Jul-22,148781,13764,300297,1,0,7746
26-Jul-22,148783,10235,300300,1,0,1432
26-Jul-22,148823,10235,300381,1,1,1387
26-Jul-22,148909,1805,300567,1,1,17527
26-Jul-22,148918,12487,300591,1,1,4497
26-Jul-22,148927,3610,300609,15,15,12768
26-Jul-22,148934,10224,300621,4,0,4349
26-Jul-22,148936,8425,300624,1,0,5587
26-Jul-22,149013,3615,300795,4,4,6180
26-Jul-22,149014,9915,300798,2,2,3650
26-Jul-22,149015,12505,300801,1,0,32992
26-Jul-22,149016,9916,300804,1,0,3650
26-Jul-22,149137,14352,301059,30,30,3318
26-Jul-22,149254,7640,301296,1,1,16490
26-Jul-22,149335,9789,301458,1,1,2908
26-Jul-22,149380,1041,301542,1,1,5620
26-Jul-22,149416,10204,301623,2,2,4033
26-Jul-22,149420,8760,301635,10,0,2363
26-Jul-22,149468,3615,301743,2,0,6041
26-Jul-22,149537,9915,301902,2,0,3650
26-Jul-22,149619,3610,302067,2,0,12768
26-Jul-22,149664,10975,302151,5,5,12632
26-Jul-22,149717,14309,302253,1,1,8451
26-Jul-22,149747,7640,302316,4,3,15638
26-Jul-22,149773,1038,302382,1,0,8179
26-Jul-22,149798,8219,302439,6,6,14934
26-Jul-22,149835,8221,302520,4,4,3770
26-Jul-22,149850,10975,302556,1,0,11087
26-Jul-22,149860,8439,302580,1,0,1952
26-Jul-22,149867,12652,302601,1,1,7956
26-Jul-22,149909,11163,302703,1,1,5049
26-Jul-22,149922,13524,302724,1,1,4476
26-Jul-22,149935,3284,302760,1,0,5271
26-Jul-22,149938,10975,302769,1,1,11087
26-Jul-22,149991,8210,302874,1,1,12452
26-Jul-22,150111,3610,303144,2,2,12768
26-Jul-22,150112,3610,303144,1,1,8233
26-Jul-22,150158,13524,303258,1,0,4476
26-Jul-22,150244,8424,303483,1,0,8343
26-Jul-22,150267,9895,303522,3,3,1128.5
26-Jul-22,150277,3610,303540,1,1,13177
26-Jul-22,150336,8221,303651,40,40,3770
26-Jul-22,150431,13524,303837,15,15,4362
26-Jul-22,150441,8208,303855,2,2,8429
26-Jul-22,150530,13524,304032,2,0,4362
26-Jul-22,150531,13524,304032,1,0,4476
26-Jul-22,150539,8378,304053,5,5,4064
26-Jul-22,150559,8444,304092,2,0,6343
26-Jul-22,150719,3615,304416,1,1,6041
26-Jul-22,150758,10233,304485,2,0,2250
26-Jul-22,150770,12701,304506,4,4,9297
26-Jul-22,150778,8424,304521,1,1,3372
26-Jul-22,150812,8428,304587,2,2,1793
26-Jul-22,150835,12701,304635,1,1,9542
26-Jul-22,150897,8221,304758,11,11,3699
26-Jul-22,150926,12697,304815,10,10,1052
26-Jul-22,150929,10238,304821,1,0,3281
26-Jul-22,150946,3610,304860,1,1,12768
26-Jul-22,150999,10235,304974,2,2,1432
26-Jul-22,151114,7607,305217,1,0,12541
26-Jul-22,151134,3610,305265,1,0,13284
26-Jul-22,151147,8760,305292,2,0,2363
26-Jul-22,151172,8435,305328,1,1,10747
26-Jul-22,151277,11143,305520,1,1,3102
26-Jul-22,151354,8425,305679,4,0,4894
26-Jul-22,151386,10224,305754,1,1,4360.17
26-Jul-22,151396,10224,305772,1,1,4538.14
26-Jul-22,151454,10236,305904,2,0,1258
26-Jul-22,151472,8443,305934,1,1,6224
26-Jul-22,151498,10204,305985,1,1,4323
26-Jul-22,151507,11146,306003,1,0,3960
26-Jul-22,151516,10224,306021,1,1,4360.17
26-Jul-22,151558,10227,306120,3,3,1411
26-Jul-22,151565,1038,306135,1,0,8762
26-Jul-22,151576,7544,306168,5,0,5967
26-Jul-22,151799,12487,306648,3,0,4308
26-Jul-22,151856,12678,306777,1,1,3066
26-Jul-22,151951,3284,306999,5,5,5271
26-Jul-22,151979,13524,307074,1,1,4476
26-Jul-22,151992,10247,307104,1,1,7724
26-Jul-22,152053,1041,307248,1,1,5334
26-Jul-22,152058,1041,307254,1,0,5090
26-Jul-22,152104,10224,307347,3,3,4619
26-Jul-22,152142,8428,307425,1,1,1763
26-Jul-22,152159,3610,307461,1,0,13364
26-Jul-22,152202,3605,307551,1,0,3762
26-Jul-22,152209,1038,307569,1,0,8197
26-Jul-22,152242,10224,307626,1,0,4988
26-Jul-22,152312,8422,307764,1,0,3385
26-Jul-22,152320,11137,307779,17,17,3696
26-Jul-22,152332,12302,307812,1,0,8175
26-Jul-22,152401,10224,307938,1,0,4988
26-Jul-22,152402,11926,307941,2,0,6997
26-Jul-22,152510,8210,308193,4,4,6914
26-Jul-22,152526,1041,308217,1,1,4954
26-Jul-22,152538,8444,308250,1,0,6034
26-Jul-22,152572,11233,308322,1,1,7857
26-Jul-22,152618,7586,308403,17,0,6800
26-Jul-22,152635,2367,308445,200,200,479
26-Jul-22,152655,13764,308484,1,0,7746
26-Jul-22,152682,7641,308550,2,2,20571
26-Jul-22,152699,13524,308583,1,1,4430
26-Jul-22,152749,1038,308691,2,2,8315
26-Jul-22,152804,8424,308796,1,0,3372
26-Jul-22,152871,10235,308940,4,0,1501
26-Jul-22,152890,8244,308976,1,0,2859
26-Jul-22,152913,7545,309018,1,0,6825
26-Jul-22,152921,8335,309033,1,0,3798
26-Jul-22,152982,8215,309150,2,0,1541
26-Jul-22,152999,8428,309198,1,0,1763
26-Jul-22,153011,1041,309231,1,0,5620
26-Jul-22,153020,8425,309252,2,1,4894
26-Jul-22,153035,10224,309279,3,0,4619
26-Jul-22,153050,8425,309306,1,0,4894
26-Jul-22,153119,8378,309456,2,2,4010
26-Jul-22,153124,8760,309468,6,0,2363
26-Jul-22,153129,8425,309480,2,0,4894
26-Jul-22,153146,10235,309507,1,0,1455
26-Jul-22,153174,13682,309555,2,1,3044
26-Jul-22,153210,8425,309630,1,0,5363
26-Jul-22,153248,7860,309699,1,0,3315
26-Jul-22,153255,11925,309717,1,1,11814
26-Jul-22,153303,12652,309825,40,40,7770
26-Jul-22,153334,7599,309885,1,0,3568
26-Jul-22,153351,13524,309921,1,0,4430
26-Jul-22,153380,8424,309987,2,0,3511
26-Jul-22,153421,7640,310089,1,0,17786
26-Jul-22,153467,8428,310191,5,0,1793
26-Jul-22,153489,11117,310242,1,0,6434
26-Jul-22,153574,10975,310425,1,0,12632
26-Jul-22,153633,7640,310542,5,5,16903
26-Jul-22,153665,8335,310596,2,2,4148
26-Jul-22,153705,8452,310677,1,0,8967
26-Jul-22,153734,10235,310740,1,0,2910
26-Jul-22,153767,13682,310815,10,0,3044
26-Jul-22,153788,9895,310863,2,2,1128.5
26-Jul-22,153822,12652,310923,1,1,7770
26-Jul-22,153856,7643,310983,1,0,2270
26-Jul-22,153861,10235,310995,1,1,1501
26-Jul-22,153879,11137,311037,1,0,3623
26-Jul-22,153888,10247,311058,1,0,7134
26-Jul-22,153929,8332,311151,1,0,4208
26-Jul-22,153933,8422,311163,1,1,3385
26-Jul-22,153955,7640,311205,1,1,16903
26-Jul-22,153992,10224,311292,1,1,4988
26-Jul-22,154002,8444,311316,1,0,3820
26-Jul-22,154007,11123,311328,1,0,3867
26-Jul-22,154050,1041,311418,1,1,5453
26-Jul-22,154091,10235,311496,1,1,1501
26-Jul-22,154095,10236,311502,4,0,1386
26-Jul-22,154143,8219,311610,1,1,15166
26-Jul-22,154162,3615,311655,1,0,6041
26-Jul-22,154179,8760,311700,20,0,2363
26-Jul-22,154213,12701,311781,1,0,6561
26-Jul-22,154238,8435,311838,1,1,10350
26-Jul-22,154246,13682,311853,1,1,3044
26-Jul-22,154257,13618,311880,8,0,3251
26-Jul-22,154296,8425,311964,10,0,4816
26-Jul-22,154319,11233,312021,1,1,12650
26-Jul-22,154346,7860,312084,1,0,3317
26-Jul-22,154367,8422,312135,3,3,6384
26-Jul-22,154374,8428,312144,1,0,1793
26-Jul-22,154415,9901,312246,1,0,3900
26-Jul-22,154430,12986,312273,4,0,8012
26-Jul-22,154484,8335,312387,1,1,4148
26-Jul-22,154497,8219,312411,5,2,14934
26-Jul-22,154508,11104,312444,1,0,13442
26-Jul-22,154542,10975,312504,5,5,17039
26-Jul-22,154569,10235,312567,3,0,1455
26-Jul-22,154652,10975,312759,1,0,12632
26-Jul-22,154681,8272,312822,2,0,1918
26-Jul-22,154736,9915,312939,3,0,3617
26-Jul-22,154748,7607,312960,2,2,12214
26-Jul-22,154765,8422,312999,1,1,4069
26-Jul-22,154774,8425,313017,3,3,5076
26-Jul-22,154812,7553,313101,1,1,7190
26-Jul-22,154845,7640,313152,10,10,14449
26-Jul-22,154866,11105,313203,1,1,25315
26-Jul-22,154927,3621,313326,5,0,1716
26-Jul-22,154992,12864,313473,1,1,39329
26-Jul-22,155004,11168,313491,1,1,6941
26-Jul-22,155075,12547,313662,10,0,11178
26-Jul-22,155110,12784,313746,1,0,2134
26-Jul-22,155128,11124,313794,5,0,899
26-Jul-22,155267,8424,314085,1,0,3511
26-Jul-22,155283,10235,314124,1,1,1455
26-Jul-22,155310,8378,314196,1,1,4141
26-Jul-22,155425,12758,314442,1,0,8050
26-Jul-22,155436,13524,314472,1,0,4430
26-Jul-22,155491,1805,314592,1,1,9996
26-Jul-22,155589,12697,314745,10,0,1052
26-Jul-22,155599,11146,314763,1,0,4086
26-Jul-22,155677,10236,314913,1,1,1432
26-Jul-22,155692,1041,314934,1,1,5725
26-Jul-22,155724,3610,315000,25,25,12704
26-Jul-22,155733,8335,315012,1,1,4148
26-Jul-22,155737,12547,315021,1,1,5680
26-Jul-22,155742,3615,315033,3,3,6041
26-Jul-22,155748,3610,315042,5,5,12768
26-Jul-22,155818,1038,315171,1,0,8588
26-Jul-22,155823,10224,315186,1,1,4619
26-Jul-22,155845,10235,315222,4,0,1501
26-Jul-22,155870,12701,315276,5,5,9397
26-Jul-22,155879,7860,315303,1,0,3317
26-Jul-22,155886,14408,315315,1,0,33992
26-Jul-22,155939,10975,315459,1,1,17039
26-Jul-22,155966,8210,315513,1,1,13846
26-Jul-22,156016,8139,315621,1,0,8238
26-Jul-22,156021,8420,315633,1,0,6550
26-Jul-22,156026,10248,315645,1,0,4857
26-Jul-22,156029,10248,315648,1,0,4857
26-Jul-22,156140,11138,315873,2,0,6696
26-Jul-22,156183,8335,315969,2,2,4148
26-Jul-22,156189,14354,315987,5,0,2501
26-Jul-22,156191,11143,315993,1,0,3102
26-Jul-22,156207,7810,316014,2,2,4147
26-Jul-22,156221,10224,316044,5,5,4619
26-Jul-22,156274,9895,316167,4,0,1128.5
26-Jul-22,156324,10445,316269,5,5,3066
26-Jul-22,156356,10236,316329,3,3,1386
26-Jul-22,156359,8482,316338,1,0,6139
26-Jul-22,156415,8444,316452,2,0,6374
26-Jul-22,156475,11107,316575,1,0,6158
26-Jul-22,156510,8428,316656,10,10,1654
26-Jul-22,156519,7607,316683,5,0,12214
26-Jul-22,156524,8444,316692,2,0,6134
26-Jul-22,156547,13589,316749,2,2,6762
26-Jul-22,156582,10245,316833,1,0,10322
26-Jul-22,156667,11143,316980,1,0,3388
26-Jul-22,156684,11112,317019,2,0,22917
26-Jul-22,156779,7583,317208,1,1,19366
26-Jul-22,156792,11133,317235,1,0,1802
26-Jul-22,156794,11133,317241,1,0,1802
26-Jul-22,156804,8714,317271,1,0,5162
26-Jul-22,156823,3610,317313,1,1,8299
26-Jul-22,156902,12912,317496,6,6,3844
26-Jul-22,156909,12703,317514,4,0,3373
26-Jul-22,156966,13736,317631,1,1,8928.57
26-Jul-22,156967,11140,317634,1,0,4758
26-Jul-22,156977,3592,317649,1,0,6510
26-Jul-22,157131,13765,317997,1,0,2633
26-Jul-22,157157,12701,318057,1,0,6470
26-Jul-22,157178,3610,318102,1,1,12768
26-Jul-22,157226,8753,318183,1,0,9057
26-Jul-22,157268,8444,318267,1,0,5907
26-Jul-22,157270,7545,318273,1,0,7018
26-Jul-22,157302,10236,318327,1,1,1432
26-Jul-22,157321,3615,318375,2,2,6043
26-Jul-22,157403,11117,318561,1,1,6652
26-Jul-22,157423,9171,318606,2,2,6510
26-Jul-22,157432,7653,318630,10,10,11536
26-Jul-22,157472,13765,318723,10,10,2633
26-Jul-22,157478,10235,318741,3,0,1431
26-Jul-22,157480,8378,318747,1,1,4141
26-Jul-22,157492,3615,318777,2,0,6043
26-Jul-22,157508,12701,318810,1,1,6470
26-Jul-22,157510,10975,318813,4,0,11087
27-Jul-22,147367,11187,297624,1,1,7354
27-Jul-22,147400,9916,297696,3,3,3650
27-Jul-22,147402,1038,297699,2,0,8179
27-Jul-22,147420,11925,297720,1,1,11814
27-Jul-22,147485,12487,297840,1,0,4308
27-Jul-22,147509,1805,297894,1,0,18343
27-Jul-22,147529,2367,297948,20,0,469
27-Jul-22,147599,8422,298107,1,0,3414
27-Jul-22,147626,13742,298164,2,0,2250
27-Jul-22,147633,8441,298185,1,0,4028
27-Jul-22,147766,1041,298458,4,4,5312
27-Jul-22,147780,10975,298491,1,0,19344
27-Jul-22,147782,14112,298491,1,0,2884
27-Jul-22,147884,10235,298665,2,0,1399
27-Jul-22,147995,8210,298878,2,2,14612
27-Jul-22,148049,8221,298965,2,2,6182
27-Jul-22,148119,8428,299118,5,0,1599
27-Jul-22,148160,8208,299196,2,2,8291
27-Jul-22,148180,11926,299238,1,0,6997
27-Jul-22,148187,12749,299250,1,1,6211
27-Jul-22,148189,12661,299253,2,0,7724
27-Jul-22,148195,8425,299268,1,0,4862
27-Jul-22,148209,8425,299298,1,0,4680
27-Jul-22,148255,9916,299391,1,0,3372
27-Jul-22,148259,9916,299403,5,0,3372
27-Jul-22,148309,8444,299487,1,0,6343
27-Jul-22,148331,10204,299523,6,6,4024
27-Jul-22,148354,13662,299571,1,0,7634
27-Jul-22,148416,10418,299649,1,0,4818
27-Jul-22,148419,9915,299655,2,0,3599
27-Jul-22,148442,3603,299700,1,1,7466
27-Jul-22,148444,7827,299703,20,0,6043
27-Jul-22,148468,11105,299742,15,0,25315
27-Jul-22,148470,11240,299748,19,0,12555
27-Jul-22,148488,8444,299778,5,0,5771
27-Jul-22,148499,9171,299793,5,0,6425
27-Jul-22,148551,10975,299886,1,0,5893
27-Jul-22,148672,7586,300075,10,0,9677
27-Jul-22,148682,8219,300096,1,0,15166
27-Jul-22,148687,7586,300105,24,24,6800
27-Jul-22,148730,8221,300201,175,150,3699
27-Jul-22,148742,8221,300228,10,10,3770
27-Jul-22,148780,13662,300294,1,0,7634
27-Jul-22,148790,7860,300309,1,0,3315
27-Jul-22,148801,13524,300333,1,0,4362
27-Jul-22,148832,11925,300399,1,1,11814
27-Jul-22,148844,8444,300432,1,1,6034
27-Jul-22,148846,11146,300432,1,0,4567
27-Jul-22,148874,12487,300492,2,2,4308
27-Jul-22,148881,13591,300507,1,1,15994
27-Jul-22,148889,11124,300522,2,1,1991
27-Jul-22,148946,12547,300639,5,0,11087
27-Jul-22,148982,3610,300726,6,6,12704
27-Jul-22,149008,3284,300789,1,1,5271
27-Jul-22,149061,11233,300888,1,0,11996
27-Jul-22,149099,12407,300981,1,0,9866
27-Jul-22,149113,8215,301011,1,1,2837
27-Jul-22,149138,9915,301062,1,0,3650
27-Jul-22,149149,9915,301083,1,0,3650
27-Jul-22,149160,8219,301107,100,100,14934
27-Jul-22,149170,3610,301122,25,25,13268
27-Jul-22,149227,12487,301236,10,10,4220
27-Jul-22,149249,3615,301281,1,0,6125
27-Jul-22,149289,3610,301368,1,0,12704
27-Jul-22,149305,11118,301401,1,1,4158
27-Jul-22,149307,3610,301407,1,0,12704
27-Jul-22,149350,10224,301488,1,0,4357
27-Jul-22,149445,7607,301698,1,1,12323
27-Jul-22,149481,10236,301770,3,0,1258
27-Jul-22,149487,8424,301788,1,0,3479
27-Jul-22,149539,8444,301905,1,1,6034
27-Jul-22,149569,13699,301959,2,2,3350
27-Jul-22,149599,3610,302028,1,1,8233
27-Jul-22,149606,1041,302043,1,0,5620
27-Jul-22,149648,9915,302121,1,1,3134.4
27-Jul-22,149675,10204,302175,4,4,4024
27-Jul-22,149685,13696,302199,1,0,5875
27-Jul-22,149696,11926,302214,2,2,6997
27-Jul-22,149709,8242,302232,1,1,1708
27-Jul-22,149741,1207,302304,1,1,18374
27-Jul-22,149812,8210,302463,1,1,12837
27-Jul-22,149875,7860,302625,1,0,2748
27-Jul-22,149967,1041,302823,2,2,5725
27-Jul-22,149988,7640,302874,2,2,16490
27-Jul-22,150020,11107,302928,1,1,6158
27-Jul-22,150110,12652,303141,50,50,7956
27-Jul-22,150175,10238,303309,1,0,6198
27-Jul-22,150223,14354,303432,2,0,2501
27-Jul-22,150254,12415,303489,41,0,19700
27-Jul-22,150278,3610,303540,1,1,12768
27-Jul-22,150292,1041,303567,1,1,5620
27-Jul-22,150307,13745,303588,1,1,5275
27-Jul-22,150374,1041,303735,1,0,5725
27-Jul-22,150394,3279,303771,1,1,8814.94
27-Jul-22,150440,12487,303852,1,0,4497
27-Jul-22,150442,1038,303858,1,1,8315
27-Jul-22,150450,10224,303867,1,0,4349
27-Jul-22,150464,8444,303903,10,10,6374
27-Jul-22,150519,11163,304011,1,0,5192
27-Jul-22,150577,11123,304128,1,1,6427
27-Jul-22,150584,8444,304143,20,20,6374
27-Jul-22,150652,10975,304299,1,1,17039
27-Jul-22,150654,11141,304305,2,0,6494
27-Jul-22,150661,8787,304317,5,0,739
27-Jul-22,150675,12701,304326,5,0,9542
27-Jul-22,150680,10235,304335,2,2,1446
27-Jul-22,150721,10236,304419,2,2,1341
27-Jul-22,150746,10975,304464,1,0,11087
27-Jul-22,150760,11233,304485,1,0,11996
27-Jul-22,150766,3610,304497,3,3,12704
27-Jul-22,150777,10235,304518,6,6,1387
27-Jul-22,150790,10224,304551,1,0,4349
27-Jul-22,150806,10247,304581,3,3,7724
27-Jul-22,150864,10233,304695,2,0,2250
27-Jul-22,150887,10235,304740,5,0,1387
27-Jul-22,150901,3605,304770,1,0,4180
27-Jul-22,150905,8425,304779,1,0,5300
27-Jul-22,150942,13918,304848,1,0,2413
27-Jul-22,150948,12803,304866,2,2,5884
27-Jul-22,150957,10235,304890,1,0,1432
27-Jul-22,150984,3613,304953,1,1,10273
27-Jul-22,150986,10235,304956,1,0,1432
27-Jul-22,150991,10235,304965,1,0,1387
27-Jul-22,151043,11899,305055,1,0,14322
27-Jul-22,151122,8444,305238,1,1,6782
27-Jul-22,151132,1038,305259,1,0,8324
27-Jul-22,151143,8219,305286,1,0,14934
27-Jul-22,151164,8435,305313,1,0,10747
27-Jul-22,151206,8208,305403,1,0,8429
27-Jul-22,151218,10224,305424,1,1,4538.14
27-Jul-22,151244,8429,305478,2,0,2583
27-Jul-22,151271,7596,305508,1,0,4547
27-Jul-22,151292,3610,305541,1,1,12768
27-Jul-22,151305,1041,305568,1,0,5090
27-Jul-22,151329,8242,305622,1,1,1636
27-Jul-22,151355,10224,305682,4,4,4581
27-Jul-22,151413,10226,305817,1,1,3883
27-Jul-22,151430,12701,305850,10,0,6440
27-Jul-22,151435,8335,305862,5,5,2914
27-Jul-22,151478,8418,305943,1,0,4190
27-Jul-22,151551,11233,306105,1,0,7857
27-Jul-22,151585,10975,306177,1,0,5893
27-Jul-22,151591,12749,306192,10,0,6211
27-Jul-22,151598,7607,306210,1,1,12541
27-Jul-22,151633,8439,306282,4,4,1842
27-Jul-22,151641,11137,306300,40,0,3604
27-Jul-22,151663,8221,306348,12,12,3699
27-Jul-22,151673,8444,306363,1,1,5813
27-Jul-22,151804,9915,306660,2,2,3720
27-Jul-22,151861,8444,306789,7,7,5813
27-Jul-22,151887,1043,306837,1,1,5854
27-Jul-22,151929,14364,306942,10,0,3453
27-Jul-22,151931,11169,306945,1,0,6996
27-Jul-22,152039,9916,307212,3,0,3372
27-Jul-22,152090,13524,307320,1,1,4476
27-Jul-22,152117,8760,307368,6,6,2363
27-Jul-22,152188,12547,307527,5,5,5730
27-Jul-22,152239,11233,307617,1,0,12268
27-Jul-22,152264,8444,307665,2,0,3820
27-Jul-22,152265,13524,307668,1,0,4430
27-Jul-22,152317,1041,307773,1,1,5620
27-Jul-22,152418,11926,307980,2,2,6997
27-Jul-22,152427,12749,308004,5,5,6370
27-Jul-22,152443,3613,308037,1,1,8110
27-Jul-22,152454,12749,308064,10,0,6370
27-Jul-22,152481,12749,308133,10,0,6370
27-Jul-22,152519,11169,308205,2,2,6710
27-Jul-22,152529,10975,308226,1,1,17039
27-Jul-22,152530,7637,308229,1,1,29580
27-Jul-22,152546,12460,308265,1,1,15040
27-Jul-22,152594,12547,308370,2,2,5726
27-Jul-22,152651,13928,308472,2,2,6202
27-Jul-22,152659,10235,308496,2,2,1501
27-Jul-22,152695,10529,308574,1,1,7785
27-Jul-22,152750,1038,308691,2,2,8179
27-Jul-22,152802,2367,308793,22,22,479
27-Jul-22,152831,8335,308844,1,0,3168
27-Jul-22,152839,11165,308859,1,0,10842
27-Jul-22,152856,8428,308901,1,0,1763
27-Jul-22,152901,8439,309003,1,0,1842
27-Jul-22,152912,7545,309018,1,0,7221
27-Jul-22,152945,3610,309084,1,0,8500
27-Jul-22,153108,12455,309435,5,0,5771
27-Jul-22,153122,14309,309462,1,1,8270
27-Jul-22,153135,13682,309489,2,0,3044
27-Jul-22,153138,12701,309495,5,5,9397
27-Jul-22,153149,8425,309510,2,2,5076
27-Jul-22,153178,8444,309564,8,8,6374
27-Jul-22,153241,8378,309690,3,0,4138
27-Jul-22,153259,3648,309726,2,2,11322
27-Jul-22,153274,3610,309765,1,1,13284
27-Jul-22,153282,11121,309780,1,0,2759
27-Jul-22,153313,12652,309852,1,0,7770
27-Jul-22,153320,8424,309867,1,0,3544
27-Jul-22,153343,10975,309906,1,1,18602
27-Jul-22,153388,3610,310011,2,2,8233
27-Jul-22,153390,9916,310017,1,0,3650
27-Jul-22,153427,11188,310104,2,0,3696
27-Jul-22,153441,11143,310143,1,1,3102
27-Jul-22,153496,1043,310260,2,2,21818
27-Jul-22,153509,13745,310281,3,3,5275
27-Jul-22,153545,8210,310356,1,1,14212
27-Jul-22,153578,3610,310434,1,0,13268
27-Jul-22,153610,8444,310497,2,0,6782
27-Jul-22,153616,8332,310512,1,1,3973
27-Jul-22,153617,8335,310512,1,1,2998
27-Jul-22,153649,8210,310569,1,1,7576
27-Jul-22,153728,10236,310725,1,1,1432
27-Jul-22,153755,8424,310788,1,0,3544
27-Jul-22,153765,3610,310809,1,1,13268
27-Jul-22,153845,13279,310962,1,0,13576
27-Jul-22,153950,7607,311193,1,1,13631
27-Jul-22,153988,11137,311280,2,0,3623
27-Jul-22,153993,8457,311292,1,1,7830
27-Jul-22,154111,8425,311538,1,1,4971
27-Jul-22,154146,12407,311616,2,2,8815
27-Jul-22,154161,1041,311652,1,1,5620
27-Jul-22,154163,12749,311658,5,5,6370
27-Jul-22,154210,8444,311775,1,0,3820
27-Jul-22,154352,8760,312099,1,0,3020
27-Jul-22,154376,7640,312150,2,2,16903
27-Jul-22,154379,1043,312156,1,0,21775
27-Jul-22,154380,12677,312159,8,8,3407
27-Jul-22,154434,11143,312276,1,0,3432
27-Jul-22,154445,13524,312306,2,0,4317
27-Jul-22,154462,8299,312345,1,1,3617
27-Jul-22,154475,1043,312369,1,0,22849
27-Jul-22,154481,1043,312378,4,4,11568
27-Jul-22,154487,12697,312393,4,4,1052
27-Jul-22,154501,13905,312423,1,1,3167
27-Jul-22,154559,1041,312546,1,1,5312
27-Jul-22,154560,12547,312549,26,0,5680
27-Jul-22,154573,3610,312579,1,1,8233
27-Jul-22,154703,13682,312870,10,0,3076.3
27-Jul-22,154732,10975,312927,1,1,18602
27-Jul-22,154742,11106,312945,1,0,5236
27-Jul-22,154743,11106,312945,1,0,5478
27-Jul-22,154777,13592,313026,6,6,1540
27-Jul-22,154796,8384,313068,25,0,5648
27-Jul-22,154799,11189,313077,1,1,6292
27-Jul-22,154806,3610,313089,1,0,12768
27-Jul-22,154821,7702,313104,1,0,13141
27-Jul-22,154853,13905,313170,1,0,3094
27-Jul-22,154856,13548,313179,1,1,4544
27-Jul-22,154942,10235,313359,2,0,1455
27-Jul-22,155008,8378,313500,3,3,4274
27-Jul-22,155037,7583,313575,1,1,26603
27-Jul-22,155043,12749,313590,3,3,6211
27-Jul-22,155099,12701,313719,3,0,6470
27-Jul-22,155146,13524,313833,1,0,4430
27-Jul-22,155166,3613,313875,1,0,10273
27-Jul-22,155192,3611,313932,1,0,4693
27-Jul-22,155205,10235,313968,1,1,1455
27-Jul-22,155253,8439,314052,2,0,921
27-Jul-22,155288,12749,314139,10,10,6370
27-Jul-22,155294,7640,314154,3,3,14449
27-Jul-22,155323,7586,314229,1,0,9677
27-Jul-22,155355,11129,314301,1,0,13799
27-Jul-22,155395,11172,314385,1,0,2614
27-Jul-22,155412,9901,314418,1,1,3831
27-Jul-22,155432,11143,314463,1,0,3432
27-Jul-22,155476,12547,314559,1,0,11178
27-Jul-22,155481,11121,314574,1,0,2057
27-Jul-22,155497,12547,314601,1,0,5680
27-Jul-22,155574,11121,314712,1,0,1400
27-Jul-22,155576,1041,314718,1,0,5090
27-Jul-22,155584,3606,314733,1,0,5935
27-Jul-22,155669,7860,314901,1,0,3315
27-Jul-22,155675,12701,314910,1,1,6379
27-Jul-22,155727,1041,315003,3,3,5639
27-Jul-22,155759,10235,315066,1,0,1501
27-Jul-22,155844,7637,315219,1,1,41541
27-Jul-22,155867,8439,315270,5,5,1876
27-Jul-22,155921,10975,315405,1,1,5838
27-Jul-22,155941,8210,315462,1,0,12837
27-Jul-22,155963,7808,315507,1,0,2934
27-Jul-22,155964,7808,315507,1,0,3154
27-Jul-22,155978,1041,315537,1,1,4998
27-Jul-22,156027,10248,315645,1,0,5646
27-Jul-22,156041,3610,315666,1,0,12768
27-Jul-22,156049,8444,315672,2,0,3535
27-Jul-22,156052,8418,315681,1,1,4152
27-Jul-22,156058,8444,315693,2,0,3820
27-Jul-22,156080,11169,315741,1,1,7370
27-Jul-22,156135,8444,315867,2,2,3820
27-Jul-22,156206,14248,316011,14,14,8300
27-Jul-22,156230,8760,316068,2,0,2363
27-Jul-22,156281,10227,316182,10,10,1478
27-Jul-22,156282,11118,316185,1,0,3685
27-Jul-22,156349,13682,316308,3,0,2899
27-Jul-22,156461,7640,316542,2,2,17786
27-Jul-22,156470,13736,316563,2,2,8928.57
27-Jul-22,156522,13752,316689,1,0,9065
27-Jul-22,156636,1043,316953,1,0,22849
27-Jul-22,156652,3284,316968,1,0,6913
27-Jul-22,156677,11189,317001,1,1,6292
27-Jul-22,156869,7583,317433,2,2,19084
27-Jul-22,156870,12547,317436,3,0,5730
27-Jul-22,156939,10235,317580,4,4,1455
27-Jul-22,157007,1043,317715,1,0,5854
27-Jul-22,157036,7860,317793,1,1,2748
27-Jul-22,157051,8444,317823,1,1,6589
27-Jul-22,157056,7271,317835,2,2,2591
27-Jul-22,157082,3613,317892,2,2,8257
27-Jul-22,157103,3613,317943,2,2,8110
27-Jul-22,157139,8447,318021,1,0,3635
27-Jul-22,157176,11168,318099,1,1,6897
27-Jul-22,157183,14418,318108,1,0,10805
27-Jul-22,157202,8428,318138,12,0,1793
27-Jul-22,157203,12681,318141,1,0,5658
27-Jul-22,157213,8325,318159,1,0,8633
27-Jul-22,157246,1038,318216,15,15,7543
27-Jul-22,157253,8384,318228,1,1,5992
27-Jul-22,157257,1041,318237,1,0,5225
27-Jul-22,157275,1038,318285,1,0,7815
27-Jul-22,157322,3610,318378,1,0,12768
27-Jul-22,157332,10224,318393,1,1,4803
27-Jul-22,157343,1038,318420,1,1,8315
27-Jul-22,157376,8158,318501,1,1,1489
27-Jul-22,157545,13592,318876,5,5,1540
27-Jul-22,157553,1043,318894,1,1,21775
28-Jul-22,147392,8221,297675,20,20,3770
28-Jul-22,147414,11107,297711,3,2,5725
28-Jul-22,147452,8221,297771,4,4,3545
28-Jul-22,147468,13742,297801,2,0,2250
28-Jul-22,147504,8422,297882,1,0,4032
28-Jul-22,147576,10235,298059,2,0,1432
28-Jul-22,147615,8457,298137,1,1,8194
28-Jul-22,147686,3610,298290,1,0,13177
28-Jul-22,147718,1043,298359,1,0,5794
28-Jul-22,147761,3615,298449,2,0,6180
28-Jul-22,147781,14110,298491,4,0,670
28-Jul-22,147784,8425,298494,3,3,5394
28-Jul-22,147797,8221,298521,1,0,6182
28-Jul-22,147844,2862,298602,1,0,4021
28-Jul-22,147878,10236,298653,40,0,1258
28-Jul-22,147888,8424,298677,1,0,3511
28-Jul-22,147894,13764,298689,1,1,7746
28-Jul-22,147969,3610,298818,3,0,12768
28-Jul-22,147991,14292,298866,1,1,3041
28-Jul-22,148063,3279,298986,1,0,8814.94
28-Jul-22,148081,371,299031,1,1,22888
28-Jul-22,148125,7860,299127,5,0,3317
28-Jul-22,148169,3610,299217,1,0,8500
28-Jul-22,148192,3279,299262,1,0,8814.94
28-Jul-22,148243,371,299373,1,1,22888
28-Jul-22,148249,11165,299382,1,0,11077
28-Jul-22,148251,8444,299385,1,0,6343
28-Jul-22,148365,12400,299586,1,1,6080
28-Jul-22,148371,9916,299598,6,6,3372
28-Jul-22,148391,8444,299610,1,1,6343
28-Jul-22,148404,11154,299625,1,0,13904
28-Jul-22,148435,10235,299688,2,2,1446
28-Jul-22,148475,11124,299760,1,1,2042
28-Jul-22,148506,8444,299808,10,0,5771
28-Jul-22,148507,8221,299811,75,75,3699
28-Jul-22,148566,12487,299910,3,3,4308
28-Jul-22,148596,8221,299970,1,1,6182
28-Jul-22,148608,11926,299988,1,1,6997
28-Jul-22,148618,10975,299997,1,0,19847
28-Jul-22,148657,3607,300057,12,0,3618
28-Jul-22,148673,7586,300075,24,0,6800
28-Jul-22,148738,12487,300216,2,0,4308
28-Jul-22,148845,11146,300432,1,1,4017
28-Jul-22,148847,8457,300432,1,1,7905
28-Jul-22,148947,3610,300642,4,4,13177
28-Jul-22,148989,9916,300744,3,0,3372
28-Jul-22,149004,14262,300777,1,0,10813
28-Jul-22,149026,10204,300825,1,0,4024
28-Jul-22,149037,8219,300837,1,1,14934
28-Jul-22,149045,8425,300852,1,0,5118
28-Jul-22,149082,12701,300936,2,0,6470
28-Jul-22,149222,1045,301227,2,0,3668
28-Jul-22,149340,3613,301470,1,0,8110
28-Jul-22,149348,7271,301482,1,1,2566
28-Jul-22,149361,8444,301509,1,0,3811
28-Jul-22,149369,8760,301524,14,14,2363
28-Jul-22,149405,8428,301593,1,0,1799
28-Jul-22,149421,3615,301638,2,2,6180
28-Jul-22,149427,12701,301656,1,0,9542
28-Jul-22,149472,11133,301749,1,1,3713
28-Jul-22,149547,12701,301920,1,0,6470
28-Jul-22,149597,1038,302025,1,1,8726
28-Jul-22,149600,10235,302031,2,2,1446
28-Jul-22,149663,8219,302148,1,0,15166
28-Jul-22,149699,12487,302217,2,2,4497
28-Jul-22,149831,10975,302508,1,1,11741
28-Jul-22,149873,10236,302619,5,0,1341
28-Jul-22,149962,10975,302817,1,1,11087
28-Jul-22,149972,8219,302835,1,1,14934
28-Jul-22,149975,8378,302838,1,1,4064
28-Jul-22,149995,8425,302883,6,6,5118
28-Jul-22,150036,12652,302961,1,1,7956
28-Jul-22,150141,14352,303213,1,0,3318
28-Jul-22,150143,8425,303219,3,0,5118
28-Jul-22,150179,8428,303321,5,0,1793
28-Jul-22,150241,10235,303477,2,0,1432
28-Jul-22,150246,8424,303483,1,0,3372
28-Jul-22,150256,8443,303495,1,0,6735
28-Jul-22,150296,10235,303570,25,25,1399
28-Jul-22,150303,12652,303582,1,1,7956
28-Jul-22,150306,8444,303588,1,1,6589
28-Jul-22,150308,7640,303591,1,1,15638
28-Jul-22,150314,11125,303606,10,10,2247
28-Jul-22,150329,8444,303636,1,0,3811
28-Jul-22,150391,3610,303765,2,2,13177
28-Jul-22,150401,8425,303783,5,0,4971
28-Jul-22,150415,11165,303807,1,0,11934
28-Jul-22,150452,3615,303873,3,0,6558
28-Jul-22,150481,12455,303939,2,2,5771
28-Jul-22,150489,7553,303957,1,1,7422
28-Jul-22,150514,8221,303996,10,0,3770
28-Jul-22,150542,8428,304056,1,1,1793
28-Jul-22,150556,8439,304086,5,0,1913
28-Jul-22,150585,8221,304146,1,1,5339.01
28-Jul-22,150620,11233,304233,1,0,12904
28-Jul-22,150642,10204,304281,1,0,3839
28-Jul-22,150646,11926,304287,1,0,6997
28-Jul-22,150674,8359,304323,1,0,2360
28-Jul-22,150676,12701,304326,1,0,6470
28-Jul-22,150682,8444,304341,2,0,5813
28-Jul-22,150780,12652,304527,1,1,7956
28-Jul-22,150782,10235,304533,1,1,1432
28-Jul-22,150791,10224,304551,1,0,4360.17
28-Jul-22,150804,7607,304575,1,0,12541
28-Jul-22,150817,8221,304602,4,4,3770
28-Jul-22,150841,1038,304647,2,0,8042
28-Jul-22,150845,3610,304653,2,2,13284
28-Jul-22,150869,11146,304701,1,1,3960
28-Jul-22,150875,8219,304710,1,1,14934
28-Jul-22,150899,12652,304764,1,1,7956
28-Jul-22,150922,8424,304809,1,0,3404
28-Jul-22,150941,12803,304845,2,0,5884
28-Jul-22,150943,11899,304851,1,0,13782
28-Jul-22,150964,10235,304905,3,0,1432
28-Jul-22,150975,8219,304932,10,10,14934
28-Jul-22,150989,12749,304962,6,6,6370
28-Jul-22,151029,1805,305022,1,1,18343
28-Jul-22,151033,1041,305034,1,0,5620
28-Jul-22,151069,12652,305109,1,1,7956
28-Jul-22,151091,1041,305160,1,1,5090
28-Jul-22,151101,8434,305187,1,0,6481
28-Jul-22,151153,3615,305298,3,0,6043
28-Jul-22,151173,11899,305331,2,2,14322
28-Jul-22,151189,12701,305361,2,0,6440
28-Jul-22,151240,2367,305472,10,0,479
28-Jul-22,151287,7553,305535,1,1,5896
28-Jul-22,151295,8208,305550,1,0,8429
28-Jul-22,151351,8444,305676,4,0,6782
28-Jul-22,151378,12701,305742,1,0,9397
28-Jul-22,151401,8444,305787,1,1,6589
28-Jul-22,151422,11233,305835,5,5,12904
28-Jul-22,151438,7607,305868,1,0,12541
28-Jul-22,151440,10975,305871,1,0,11087
28-Jul-22,151443,2862,305877,1,0,4640
28-Jul-22,151463,13524,305922,1,0,4476
28-Jul-22,151510,3279,306012,2,0,8814.94
28-Jul-22,151567,13524,306141,3,0,4362
28-Jul-22,151596,7860,306204,1,0,2748
28-Jul-22,151657,3279,306336,1,1,8814.94
28-Jul-22,151725,1043,306480,1,1,5854
28-Jul-22,151737,10975,306504,1,1,5893
28-Jul-22,151808,8424,306672,1,0,3372
28-Jul-22,151813,10236,306684,1,1,1341
28-Jul-22,151827,10529,306714,1,1,6892
28-Jul-22,151890,1038,306846,5,0,8324
28-Jul-22,151963,1041,307029,2,2,5725
28-Jul-22,152059,1043,307254,1,0,5854
28-Jul-22,152061,10235,307260,1,1,1446
28-Jul-22,152094,8457,307329,2,0,8406
28-Jul-22,152116,13696,307365,2,0,5875
28-Jul-22,152139,1038,307419,2,2,8179
28-Jul-22,152160,11233,307464,1,0,7857
28-Jul-22,152196,8429,307542,2,0,2583
28-Jul-22,152237,11169,307614,1,0,3916
28-Jul-22,152246,12652,307635,1,1,7770
28-Jul-22,152259,8219,307659,6,6,14934
28-Jul-22,152314,8444,307767,1,1,6343
28-Jul-22,152318,1041,307773,1,1,5090
28-Jul-22,152319,11137,307776,17,0,3696
28-Jul-22,152366,8425,307872,1,0,5076
28-Jul-22,152385,7811,307905,1,0,3135
28-Jul-22,152414,3610,307971,1,1,13177
28-Jul-22,152426,9916,308001,5,5,3372
28-Jul-22,152456,12487,308070,1,1,4308
28-Jul-22,152505,12701,308187,4,0,9297
28-Jul-22,152550,11233,308274,1,0,12268
28-Jul-22,152563,7586,308310,5,0,6800
28-Jul-22,152566,12749,308313,3,3,6370
28-Jul-22,152587,12652,308349,2,2,7770
28-Jul-22,152631,13524,308436,1,1,4317
28-Jul-22,152688,3610,308556,1,0,8299
28-Jul-22,152753,8421,308697,1,0,4389
28-Jul-22,152781,13524,308748,1,1,4317
28-Jul-22,152812,12692,308820,1,0,4237
28-Jul-22,152819,11169,308829,1,1,3630
28-Jul-22,152828,8444,308838,1,0,3811
28-Jul-22,152868,3605,308937,1,0,4180
28-Jul-22,152884,11143,308958,2,0,3388
28-Jul-22,152895,11146,308988,1,1,6880
28-Jul-22,152941,8335,309078,1,0,3798
28-Jul-22,152998,8428,309195,3,0,1763
28-Jul-22,153004,12749,309213,1,0,6211
28-Jul-22,153006,12652,309219,1,1,7770
28-Jul-22,153111,8384,309444,1,0,5562
28-Jul-22,153134,8425,309489,2,0,4894
28-Jul-22,153150,7653,309513,4,0,11577
28-Jul-22,153172,11106,309555,1,1,6112
28-Jul-22,153221,8457,309651,1,1,7905
28-Jul-22,153263,12547,309738,4,4,5730
28-Jul-22,153278,8348,309771,2,0,2929
28-Jul-22,153285,8378,309786,3,3,4407
28-Jul-22,153330,14309,309879,1,1,8270
28-Jul-22,153341,13765,309900,2,2,2633
28-Jul-22,153344,8219,309909,7,7,14934
28-Jul-22,153356,1043,309930,1,1,22849
28-Jul-22,153374,7546,309969,1,1,12186
28-Jul-22,153403,8425,310047,1,0,4717
28-Jul-22,153453,8756,310170,1,0,25488
28-Jul-22,153460,11899,310173,1,0,13782
28-Jul-22,153570,10236,310422,1,1,1432
28-Jul-22,153584,1038,310440,2,2,8588
28-Jul-22,153606,8444,310488,15,15,6034
28-Jul-22,153651,1038,310572,1,1,8188
28-Jul-22,153725,3610,310719,1,1,13268
28-Jul-22,153805,11106,310887,1,0,5423
28-Jul-22,153843,1038,310959,3,3,8179
28-Jul-22,153862,8439,310995,10,8,1842
28-Jul-22,153894,13524,311073,1,0,4430
28-Jul-22,153999,11233,311307,1,0,12458
28-Jul-22,154021,7860,311355,5,5,3315
28-Jul-22,154126,11127,311568,6,6,3010
28-Jul-22,154130,8378,311580,1,1,4274
28-Jul-22,154232,1041,311829,1,0,5616
28-Jul-22,154276,1041,311922,1,0,5799
28-Jul-22,154390,11233,312183,1,1,13177
28-Jul-22,154447,13501,312309,1,0,12105
28-Jul-22,154453,11107,312324,1,0,5725
28-Jul-22,154483,10236,312384,2,0,1386
28-Jul-22,154523,11173,312468,1,0,8789
28-Jul-22,154528,11899,312471,1,1,13782
28-Jul-22,154612,1041,312666,1,0,5725
28-Jul-22,154694,11731,312855,1,0,5779
28-Jul-22,154697,11124,312861,1,0,2247
28-Jul-22,154714,3615,312894,8,8,6041
28-Jul-22,154726,8482,312918,1,1,13079
28-Jul-22,154831,8428,313122,1,0,1793
28-Jul-22,154834,11233,313131,2,2,13177
28-Jul-22,154843,8428,313149,1,0,1793
28-Jul-22,154887,7569,313248,1,1,29395
28-Jul-22,154935,13524,313347,10,10,4430
28-Jul-22,154959,3611,313395,1,1,4217
28-Jul-22,154978,11129,313440,1,0,13294
28-Jul-22,154982,12803,313446,1,1,6090
28-Jul-22,155047,1043,313596,1,0,5854
28-Jul-22,155087,3592,313689,1,0,6865
28-Jul-22,155105,3592,313731,1,0,6865
28-Jul-22,155108,11141,313740,2,0,10384
28-Jul-22,155229,8439,314010,2,0,921
28-Jul-22,155236,13618,314022,1,1,3251
28-Jul-22,155305,8425,314184,1,0,4971
28-Jul-22,155328,8443,314238,3,3,6645
28-Jul-22,155333,12697,314247,6,6,2098
28-Jul-22,155346,12455,314280,1,1,5771
28-Jul-22,155365,3611,314322,2,2,4217
28-Jul-22,155397,1041,314388,1,0,5334
28-Jul-22,155434,8422,314466,5,0,6272
28-Jul-22,155462,10975,314526,1,1,12632
28-Jul-22,155467,10224,314538,1,0,4803
28-Jul-22,155509,8421,314634,2,0,4523
28-Jul-22,155521,1041,314643,1,0,4954
28-Jul-22,155575,8407,314715,1,0,1880
28-Jul-22,155620,12697,314808,30,30,1052
28-Jul-22,155661,11137,314889,1,0,3604
28-Jul-22,155784,13905,315117,1,1,3094
28-Jul-22,155884,3611,315312,3,3,4693
28-Jul-22,155954,12547,315489,1,1,5680
28-Jul-22,155987,10204,315552,2,0,4089
28-Jul-22,156096,12701,315777,1,1,6379
28-Jul-22,156118,11731,315828,1,0,5800
28-Jul-22,156151,1041,315900,2,2,5620
28-Jul-22,156169,1043,315936,1,1,11889
28-Jul-22,156171,1041,315939,1,1,5090
28-Jul-22,156190,14446,315990,1,0,15360
28-Jul-22,156197,11133,316005,1,1,1802
28-Jul-22,156214,1038,316029,1,0,8179
28-Jul-22,156223,7653,316047,20,19,11474
28-Jul-22,156285,11187,316191,1,0,6765
28-Jul-22,156292,13618,316206,5,0,3251
28-Jul-22,156299,8210,316224,1,0,15725
28-Jul-22,156319,11124,316254,1,0,2404
28-Jul-22,156320,11124,316257,1,0,2404
28-Jul-22,156323,3611,316266,1,0,4380
28-Jul-22,156336,3611,316287,2,2,4217
28-Jul-22,156376,9915,316371,1,0,3617
28-Jul-22,156378,13918,316377,1,1,2413
28-Jul-22,156479,8354,316581,1,1,8216
28-Jul-22,156489,13749,316605,3,0,4715
28-Jul-22,156520,10235,316686,2,0,1501
28-Jul-22,156699,8457,317055,2,2,7905
28-Jul-22,156706,3615,317067,1,1,6041
28-Jul-22,156721,8461,317094,1,0,3224
28-Jul-22,156728,8753,317109,1,0,8781
28-Jul-22,156738,11169,317130,1,0,7370
28-Jul-22,156811,8453,317280,1,0,15156
28-Jul-22,156816,13682,317295,1,0,2899
28-Jul-22,156852,13508,317385,1,1,7551
28-Jul-22,156915,13765,317532,1,1,2633
28-Jul-22,156978,8328,317652,2,0,1886
28-Jul-22,156979,3592,317652,1,0,6510
28-Jul-22,157000,12547,317697,5,0,11178
28-Jul-22,157092,8751,317916,1,0,5467
28-Jul-22,157099,1041,317931,1,1,5090
28-Jul-22,157177,8434,318099,1,1,6362
28-Jul-22,157260,8440,318246,1,0,6579
28-Jul-22,157264,12692,318255,1,0,4237
28-Jul-22,157272,12692,318279,1,0,4237
28-Jul-22,157280,13750,318297,1,1,4054
28-Jul-22,157303,10236,318327,1,1,1386
28-Jul-22,157304,7653,318330,5,5,11536
28-Jul-22,157421,3279,318603,1,1,8724
28-Jul-22,157455,10975,318681,1,1,12632
28-Jul-22,157460,11138,318693,1,1,18203
28-Jul-22,157499,12455,318789,8,8,5771
28-Jul-22,157541,10204,318873,1,0,3839
28-Jul-22,157561,8425,318909,2,2,5076
29-Jul-22,147365,11117,297618,5,5,6434
29-Jul-22,147407,8221,297705,5,0,3545
29-Jul-22,147411,3610,297711,1,1,8500
29-Jul-22,147453,10204,297774,1,0,3429
29-Jul-22,147539,3641,297972,1,0,8406
29-Jul-22,147544,12749,297984,1,1,6211
29-Jul-22,147573,1043,298050,1,0,5821
29-Jul-22,147621,10235,298149,2,2,1387
29-Jul-22,147655,3613,298218,1,0,8110
29-Jul-22,147682,7586,298278,3,0,6557
29-Jul-22,147743,10235,298407,2,2,1432
29-Jul-22,147764,12701,298455,5,5,9542
29-Jul-22,147791,11105,298503,5,0,25315
29-Jul-22,147793,12652,298509,2,2,7956
29-Jul-22,147817,10529,298563,1,0,7409
29-Jul-22,147829,12701,298584,2,2,9297
29-Jul-22,147849,12547,298608,5,5,11087
29-Jul-22,147895,12547,298692,1,1,5726
29-Jul-22,147921,7607,298740,8,8,12214
29-Jul-22,147967,9916,298815,8,6,3372
29-Jul-22,147973,7583,298827,1,0,26952
29-Jul-22,147974,11240,298830,15,0,12555
29-Jul-22,147975,11240,298833,15,0,12555
29-Jul-22,147977,10204,298839,1,0,4033
29-Jul-22,148025,8221,298932,10,10,6182
29-Jul-22,148033,8221,298938,15,15,3699
29-Jul-22,148036,3279,298944,1,0,9724
29-Jul-22,148099,10235,299073,5,5,1387
29-Jul-22,148122,1041,299124,1,0,5334
29-Jul-22,148173,11926,299217,1,0,6997
29-Jul-22,148238,10975,299361,1,1,18602
29-Jul-22,148265,8444,299415,10,0,5771
29-Jul-22,148329,8425,299517,2,2,4862
29-Jul-22,148361,10204,299586,1,1,4114
29-Jul-22,148409,11154,299631,1,0,14674
29-Jul-22,148453,10204,299715,1,0,4024
29-Jul-22,148474,14244,299757,1,0,12000
29-Jul-22,148477,14309,299766,4,0,8270
29-Jul-22,148484,3610,299778,1,0,8299
29-Jul-22,148492,8208,299781,2,2,8291
29-Jul-22,148498,3611,299790,1,1,4693
29-Jul-22,148510,8221,299814,1,1,6398
29-Jul-22,148612,8378,299994,2,2,3938
29-Jul-22,148640,8210,300045,1,1,13731
29-Jul-22,148703,13682,300144,1,0,3044
29-Jul-22,148745,12487,300228,2,2,4308
29-Jul-22,148824,9915,300384,4,0,3650
29-Jul-22,148959,9916,300675,1,0,3372
29-Jul-22,149023,7640,300819,3,0,15638
29-Jul-22,149049,3284,300858,2,2,5271
29-Jul-22,149066,8458,300897,5,0,3411
29-Jul-22,149080,3592,300933,2,2,6510
29-Jul-22,149127,12460,301035,1,0,14130
29-Jul-22,149131,3615,301044,3,3,6125
29-Jul-22,149139,12701,301065,1,1,9542
29-Jul-22,149140,12701,301065,2,2,6470
29-Jul-22,149201,8444,301185,5,5,6374
29-Jul-22,149214,12487,301209,1,0,4497
29-Jul-22,149219,11233,301221,1,0,11996
29-Jul-22,149268,3610,301329,1,0,13177
29-Jul-22,149322,3615,301437,2,0,6745
29-Jul-22,149347,7271,301482,1,1,2591
29-Jul-22,149413,10204,301617,2,0,4033
29-Jul-22,149459,12675,301722,1,0,5258
29-Jul-22,149469,3635,301746,2,2,5761
29-Jul-22,149486,12652,301785,1,0,7956
29-Jul-22,149511,10235,301854,5,0,1446
29-Jul-22,149536,9915,301899,2,0,3650
29-Jul-22,149557,10975,301938,1,0,19344
29-Jul-22,149565,12487,301950,2,0,4497
29-Jul-22,149594,12460,302016,1,0,15040
29-Jul-22,149601,10236,302031,2,2,1341
29-Jul-22,149605,13764,302040,1,0,7746
29-Jul-22,149616,8378,302064,1,1,4064
29-Jul-22,149628,8425,302085,3,3,5118
29-Jul-22,149719,8444,302259,30,30,6374
29-Jul-22,149743,12547,302310,10,0,5635
29-Jul-22,149827,10975,302499,1,0,11741
29-Jul-22,149828,8384,302502,5,5,5825
29-Jul-22,149884,1043,302649,9,9,5854
29-Jul-22,149903,1038,302694,3,0,8480
29-Jul-22,149977,3279,302841,1,1,9724
29-Jul-22,150012,14309,302910,1,1,8270
29-Jul-22,150055,7640,302997,1,0,16490
29-Jul-22,150070,7583,303036,1,0,21247
29-Jul-22,150138,8622,303204,1,0,27752
29-Jul-22,150147,8378,303228,4,3,4064
29-Jul-22,150154,13745,303249,1,0,5275
29-Jul-22,150174,11926,303306,1,0,6997
29-Jul-22,150190,12701,303348,1,0,9397
29-Jul-22,150302,10238,303579,1,1,3189
29-Jul-22,150309,8219,303591,1,1,14934
29-Jul-22,150325,13524,303630,2,2,4476
29-Jul-22,150326,10975,303633,1,1,11741
29-Jul-22,150363,7640,303702,38,38,15638
29-Jul-22,150405,11137,303795,17,0,3696
29-Jul-22,150449,1038,303867,2,0,8309
29-Jul-22,150463,8219,303900,1,0,15166
29-Jul-22,150492,10225,303957,1,1,4302
29-Jul-22,150529,11146,304029,20,0,4017
29-Jul-22,150558,8444,304089,1,1,6034
29-Jul-22,150607,9882,304200,1,0,13751
29-Jul-22,150617,1041,304227,1,1,4998
29-Jul-22,150645,10204,304287,2,0,4024
29-Jul-22,150657,7576,304314,1,0,18816
29-Jul-22,150670,11127,304317,1,0,2952
29-Jul-22,150672,8770,304317,2,0,3391
29-Jul-22,150698,3610,304380,2,0,8233
29-Jul-22,150708,10248,304395,1,1,4857
29-Jul-22,150727,9901,304434,2,2,3831
29-Jul-22,150764,11233,304494,1,1,12268
29-Jul-22,150830,8444,304623,2,2,6034
29-Jul-22,150904,10236,304776,1,0,1341
29-Jul-22,150921,8424,304809,1,0,3544
29-Jul-22,150928,7640,304818,5,5,15638
29-Jul-22,150949,8221,304869,4,4,3699
29-Jul-22,151006,11141,304983,2,2,6494
29-Jul-22,151053,7640,305085,2,0,15638
29-Jul-22,151061,3269,305097,1,1,10771
29-Jul-22,151166,8429,305316,1,0,3157
29-Jul-22,151185,8435,305358,1,0,10878
29-Jul-22,151199,8444,305382,3,3,6589
29-Jul-22,151204,13524,305397,1,0,4476
29-Jul-22,151209,8208,305412,4,0,8429
29-Jul-22,151219,10235,305424,2,2,1432
29-Jul-22,151245,8429,305478,1,0,3157
29-Jul-22,151296,8424,305553,1,1,3511
29-Jul-22,151306,7607,305571,1,1,12541
29-Jul-22,151331,7553,305625,1,0,5965
29-Jul-22,151341,12701,305652,2,2,5856
29-Jul-22,151357,8219,305688,10,10,14934
29-Jul-22,151366,8219,305712,1,1,15166
29-Jul-22,151368,7860,305715,10,10,3317
29-Jul-22,151375,8425,305736,6,6,4894
29-Jul-22,151392,11240,305766,2,2,12555
29-Jul-22,151459,13524,305916,2,2,4362
29-Jul-22,151499,8425,305988,4,4,4894
29-Jul-22,151537,7811,306069,1,0,3135
29-Jul-22,151569,12652,306147,2,2,7956
29-Jul-22,151570,3279,306150,2,0,8814.94
29-Jul-22,151623,8444,306255,5,5,6589
29-Jul-22,151775,11899,306597,1,0,13782
29-Jul-22,151782,10975,306606,6,6,10110
29-Jul-22,151817,7640,306690,8,0,15638
29-Jul-22,151826,12701,306711,2,2,5856
29-Jul-22,151913,7607,306900,1,0,12541
29-Jul-22,151970,7529,307050,1,0,7634
29-Jul-22,151993,10235,307107,1,0,1446
29-Jul-22,152010,7586,307149,20,0,6800
29-Jul-22,152021,11899,307170,1,1,13782
29-Jul-22,152040,1038,307215,2,0,8588
29-Jul-22,152046,7607,307230,1,1,12541
29-Jul-22,152047,12749,307233,5,5,6370
29-Jul-22,152055,1038,307254,1,0,8726
29-Jul-22,152062,10235,307260,2,2,1399
29-Jul-22,152069,10975,307275,1,1,18602
29-Jul-22,152070,3592,307278,1,1,6510
29-Jul-22,152100,8444,307335,1,1,3535
29-Jul-22,152203,10248,307554,1,1,4857
29-Jul-22,152228,13524,307605,3,3,4317
29-Jul-22,152276,13524,307686,17,17,4317
29-Jul-22,152310,12652,307758,1,1,7770
29-Jul-22,152351,3641,307842,2,2,8406
29-Jul-22,152377,8429,307890,1,0,2583
29-Jul-22,152380,10235,307893,2,0,1501
29-Jul-22,152381,10235,307896,2,2,1501
29-Jul-22,152399,10224,307935,1,0,4988
29-Jul-22,152404,10224,307944,1,0,4988
29-Jul-22,152408,10224,307956,1,1,4803
29-Jul-22,152460,8457,308082,1,1,8406
29-Jul-22,152478,10975,308124,1,0,11814
29-Jul-22,152503,3610,308184,1,1,12704
29-Jul-22,152543,12749,308259,1,0,6370
29-Jul-22,152544,3610,308262,1,1,12768
29-Jul-22,152584,8425,308343,1,1,5363
29-Jul-22,152625,10418,308418,1,1,4654
29-Jul-22,152660,10235,308496,2,2,1455
29-Jul-22,152717,10975,308622,1,1,10110
29-Jul-22,152766,9901,308721,1,1,3900
29-Jul-22,152787,12749,308757,5,5,6370
29-Jul-22,152790,12453,308766,4,4,3780
29-Jul-22,152794,1041,308775,2,2,5225
29-Jul-22,152837,8454,308856,1,0,5117
29-Jul-22,152842,10235,308862,2,0,1501
29-Jul-22,152854,11899,308895,1,0,13782
29-Jul-22,152866,3610,308931,2,0,8233
29-Jul-22,152907,12487,309012,1,0,4497
29-Jul-22,152959,8459,309111,1,0,3128
29-Jul-22,152984,10227,309156,4,0,1478
29-Jul-22,152993,10224,309180,11,0,4803
29-Jul-22,153002,12487,309207,1,0,4497
29-Jul-22,153051,8425,309306,1,0,5076
29-Jul-22,153060,1041,309333,1,1,5620
29-Jul-22,153074,8425,309363,1,0,5363
29-Jul-22,153114,8444,309444,2,0,6589
29-Jul-22,153115,8444,309447,7,7,5813
29-Jul-22,153121,1043,309459,1,0,6265
29-Jul-22,153139,3610,309498,1,1,12704
29-Jul-22,153147,10975,309507,1,0,18602
29-Jul-22,153155,8384,309525,3,3,5469
29-Jul-22,153159,12547,309534,10,10,5726
29-Jul-22,153187,12652,309585,2,0,7770
29-Jul-22,153195,11275,309606,1,0,1201
29-Jul-22,153215,3610,309642,1,1,12704
29-Jul-22,153257,12749,309723,50,50,6370
29-Jul-22,153296,7586,309810,1,0,6557
29-Jul-22,153298,8444,309813,1,0,6343
29-Jul-22,153315,7596,309858,1,0,2094
29-Jul-22,153326,7640,309876,7,7,16903
29-Jul-22,153340,13524,309897,1,1,4430
29-Jul-22,153398,8439,310032,25,0,1842
29-Jul-22,153426,11188,310104,1,0,3311
29-Jul-22,153439,1041,310137,1,0,4954
29-Jul-22,153455,8439,310170,5,0,921
29-Jul-22,153478,1041,310215,1,1,5620
29-Jul-22,153602,8760,310476,6,0,2363
29-Jul-22,153645,7539,310560,1,0,3901
29-Jul-22,153693,8444,310653,1,0,6374
29-Jul-22,153713,7607,310692,3,3,13631
29-Jul-22,153732,7640,310734,5,5,16903
29-Jul-22,153740,11146,310755,1,1,3988
29-Jul-22,153781,9895,310851,2,0,1128.5
29-Jul-22,153818,1041,310917,1,0,5632
29-Jul-22,153871,8482,311016,1,0,6139
29-Jul-22,153897,3610,311082,1,1,12768
29-Jul-22,153978,8210,311259,1,1,14212
29-Jul-22,154003,8444,311319,1,0,3820
29-Jul-22,154053,8751,311418,1,1,3834
29-Jul-22,154059,8751,311424,1,0,2899
29-Jul-22,154067,1041,311436,3,0,5225
29-Jul-22,154137,11118,311598,1,0,4136
29-Jul-22,154158,7586,311646,1,0,10154
29-Jul-22,154195,8439,311742,3,3,1871
29-Jul-22,154203,11233,311757,1,0,11996
29-Jul-22,154258,13524,311883,3,0,4317
29-Jul-22,154294,7271,311961,1,0,2591
29-Jul-22,154342,11925,312072,1,1,11814
29-Jul-22,154419,10236,312246,1,0,1386
29-Jul-22,154433,8444,312276,1,0,6343
29-Jul-22,154459,1038,312342,1,1,8315
29-Jul-22,154473,11233,312363,1,0,12458
29-Jul-22,154507,12701,312441,2,0,6561
29-Jul-22,154552,11925,312528,3,0,11814
29-Jul-22,154553,7575,312531,2,2,10378
29-Jul-22,154630,7860,312702,1,0,3315
29-Jul-22,154661,10975,312777,1,0,5838
29-Jul-22,154696,9815,312858,8,8,13722
29-Jul-22,154723,11117,312912,2,2,6434
29-Jul-22,154794,11233,313062,1,0,11996
29-Jul-22,154839,10529,313143,1,0,7441
29-Jul-22,154912,8335,313293,1,1,4148
29-Jul-22,154983,11233,313449,2,2,12458
29-Jul-22,155014,12749,313512,7,7,6211
29-Jul-22,155074,12547,313662,10,0,5680
29-Jul-22,155085,8444,313686,1,0,3811
29-Jul-22,155132,8427,313800,1,0,6770
29-Jul-22,155209,12547,313980,9,9,5680
29-Jul-22,155225,11925,314007,1,1,11814
29-Jul-22,155238,7586,314028,32,32,10154
29-Jul-22,155241,8444,314037,1,0,3820
29-Jul-22,155270,3610,314091,1,1,12704
29-Jul-22,155278,14449,314112,1,0,12797
29-Jul-22,155307,7653,314190,5,5,11758
29-Jul-22,155351,7860,314292,1,0,2748
29-Jul-22,155372,12407,314337,2,2,8815
29-Jul-22,155374,13764,314340,1,1,7088
29-Jul-22,155411,8444,314415,1,0,3820
29-Jul-22,155452,8434,314505,1,0,6481
29-Jul-22,155461,3279,314523,1,0,8814.94
29-Jul-22,155474,13548,314553,1,1,4544
29-Jul-22,155477,9916,314562,1,0,3650
29-Jul-22,155479,10224,314568,1,0,4619
29-Jul-22,155511,8460,314634,1,1,3756
29-Jul-22,155572,8242,314706,1,1,2401
29-Jul-22,155577,1041,314718,1,0,4954
29-Jul-22,155615,9815,314799,3,3,13995
29-Jul-22,155632,13745,314835,2,2,5275
29-Jul-22,155674,12701,314910,1,1,9297
29-Jul-22,155689,8805,314931,2,0,2713
29-Jul-22,155713,1038,314982,1,1,8450
29-Jul-22,155822,10224,315183,1,0,4619
29-Jul-22,155843,7653,315216,4,4,11758
29-Jul-22,155863,9171,315258,1,1,6634
29-Jul-22,155950,3611,315480,1,1,4217
29-Jul-22,155999,1041,315585,1,0,5725
29-Jul-22,156034,11137,315654,1,0,3604
29-Jul-22,156057,8444,315693,1,0,6608
29-Jul-22,156082,13682,315744,5,0,3044
29-Jul-22,156166,10236,315930,10,10,1386
29-Jul-22,156202,11133,316008,1,0,1802
29-Jul-22,156263,12400,316143,3,0,3070
29-Jul-22,156293,8131,316209,1,1,8760
29-Jul-22,156294,8250,316212,1,0,2890
29-Jul-22,156322,8425,316263,2,0,4816
29-Jul-22,156340,8421,316293,1,1,4523
29-Jul-22,156390,3305,316404,2,2,6341
29-Jul-22,156402,10975,316425,1,0,12632
29-Jul-22,156431,10975,316467,1,0,12632
29-Jul-22,156466,9915,316557,1,1,3617
29-Jul-22,156480,13736,316584,1,0,8928.57
29-Jul-22,156506,8444,316644,1,0,6589
29-Jul-22,156537,8437,316722,2,0,2084
29-Jul-22,156563,12701,316797,1,0,9542
29-Jul-22,156570,8452,316806,1,0,9172
29-Jul-22,156575,3305,316818,5,0,6341
29-Jul-22,156603,11142,316875,1,1,10243
29-Jul-22,156631,14351,316941,1,1,4998
29-Jul-22,156669,3615,316986,3,3,6041
29-Jul-22,156702,9882,317061,1,0,14024
29-Jul-22,156791,14383,317232,1,0,9958
29-Jul-22,156831,10225,317334,1,1,4434
29-Jul-22,156893,12547,317475,500,500,5730
29-Jul-22,156899,12912,317487,5,0,3844
29-Jul-22,156971,8444,317637,1,1,3820
29-Jul-22,156976,10204,317646,3,0,4089
29-Jul-22,156985,8299,317670,1,1,3617
29-Jul-22,156988,11107,317676,1,0,5780
29-Jul-22,157020,11188,317751,1,0,3311
29-Jul-22,157042,13618,317805,5,5,3251
29-Jul-22,157050,8444,317823,1,1,6374
29-Jul-22,157094,11110,317922,1,1,4128
29-Jul-22,157283,1041,318303,1,1,5289
29-Jul-22,157291,8146,318309,1,0,10618
29-Jul-22,157294,12452,318309,1,0,7605
29-Jul-22,157299,11246,318321,1,1,4528
29-Jul-22,157338,12701,318408,1,0,9542
29-Jul-22,157341,8460,318414,1,0,3821
29-Jul-22,157363,3615,318468,5,5,6043
29-Jul-22,157388,8435,318525,1,0,5258
29-Jul-22,157391,1043,318534,1,1,22849
30-Jul-22,147374,11125,297642,8,0,1858
30-Jul-22,147377,10236,297651,1,0,1341
30-Jul-22,147381,8444,297654,1,0,3535
30-Jul-22,147491,1805,297858,1,0,9996
30-Jul-22,147499,10975,297876,1,0,18602
30-Jul-22,147581,13253,298062,1,0,40424
30-Jul-22,147606,10227,298119,2,0,1456
30-Jul-22,147623,13508,298155,1,0,8650
30-Jul-22,147670,13745,298251,1,0,5275
30-Jul-22,147708,8444,298332,1,0,3635
30-Jul-22,147717,7553,298356,1,0,5896
30-Jul-22,147719,8428,298362,3,0,1689
30-Jul-22,147745,3284,298410,1,0,5271
30-Jul-22,147799,12652,298527,5,0,7956
30-Jul-22,147804,3279,298539,1,0,8814.94
30-Jul-22,147812,8221,298557,2,2,6182
30-Jul-22,147826,10529,298581,1,0,7409
30-Jul-22,147833,1041,298587,1,0,5090
30-Jul-22,147838,8428,298590,1,0,1689
30-Jul-22,147842,11157,298599,1,0,14076
30-Jul-22,147851,1041,298614,1,1,5616
30-Jul-22,147866,10975,298644,1,0,11269
30-Jul-22,147916,8219,298734,1,0,14358
30-Jul-22,147930,12697,298755,9,6,2124
30-Jul-22,147935,10236,298758,1,0,1341
30-Jul-22,148066,12652,298995,1,1,7956
30-Jul-22,148104,1043,299085,1,0,22715
30-Jul-22,148105,7860,299088,1,0,3315
30-Jul-22,148106,8425,299091,4,4,4930
30-Jul-22,148136,12547,299154,10,10,5635
30-Jul-22,148225,9916,299337,2,0,3650
30-Jul-22,148256,9916,299394,2,0,3372
30-Jul-22,148270,2862,299427,1,0,4021
30-Jul-22,148333,1038,299526,3,0,8197
30-Jul-22,148356,14354,299574,1,1,2501
30-Jul-22,148408,11154,299631,1,0,13904
30-Jul-22,148502,12701,299799,5,0,9542
30-Jul-22,148557,1038,299898,1,1,8309
30-Jul-22,148603,8444,299985,1,1,6007
30-Jul-22,148606,8420,299988,1,1,6828
30-Jul-22,148630,13765,300024,1,1,2633
30-Jul-22,148663,8439,300066,1,0,1952
30-Jul-22,148753,8219,300240,5,0,15311
30-Jul-22,148766,8221,300261,2,0,3545
30-Jul-22,148810,3610,300354,2,0,13177
30-Jul-22,148843,8444,300432,1,1,5813
30-Jul-22,148892,10975,300531,1,0,5893
30-Jul-22,148919,10975,300594,1,0,19847
30-Jul-22,148925,1805,300606,1,1,9996
30-Jul-22,148987,8210,300738,1,1,7576
30-Jul-22,149041,8425,300843,4,4,5118
30-Jul-22,149096,10204,300972,1,0,4024
30-Jul-22,149194,1041,301164,1,0,5425
30-Jul-22,149251,7607,301287,1,0,12541
30-Jul-22,149264,1038,301320,1,0,8445
30-Jul-22,149331,8428,301446,20,0,1793
30-Jul-22,149366,10204,301518,1,0,4024
30-Jul-22,149375,12487,301533,2,0,4362
30-Jul-22,149392,7860,301566,3,3,2748
30-Jul-22,149401,11146,301584,1,0,9196
30-Jul-22,149418,7545,301629,1,0,7321
30-Jul-22,149439,3606,301680,1,0,5735
30-Jul-22,149484,1041,301779,3,0,5225
30-Jul-22,149519,11107,301869,1,1,5725
30-Jul-22,149566,13699,301953,4,4,3230
30-Jul-22,149568,12652,301956,2,2,7956
30-Jul-22,149656,3610,302136,1,1,13268
30-Jul-22,149660,10204,302145,1,1,4024
30-Jul-22,149707,12547,302229,3,3,5726
30-Jul-22,149727,14347,302274,1,0,23198
30-Jul-22,149730,10224,302280,2,0,4360.17
30-Jul-22,149759,11152,302346,1,0,7678
30-Jul-22,149787,1038,302415,5,5,8188
30-Jul-22,149851,10975,302556,1,0,11741
30-Jul-22,149883,9910,302646,2,2,1613
30-Jul-22,149950,7637,302793,1,0,31644
30-Jul-22,149970,12547,302832,10,0,11087
30-Jul-22,149980,13764,302850,1,0,7746
30-Jul-22,149993,7640,302877,6,6,15638
30-Jul-22,150040,8378,302967,18,18,3938
30-Jul-22,150052,7827,302988,1,0,6043
30-Jul-22,150062,8378,303018,1,0,4223
30-Jul-22,150066,8444,303024,1,0,3933
30-Jul-22,150101,11140,303120,1,1,8668
30-Jul-22,150103,3610,303123,1,1,13268
30-Jul-22,150129,11166,303183,1,0,36053
30-Jul-22,150131,11899,303189,1,0,13782
30-Jul-22,150159,1043,303261,1,0,5794
30-Jul-22,150160,11143,303264,1,0,3432
30-Jul-22,150187,7607,303342,1,0,12541
30-Jul-22,150206,3615,303390,3,0,6745
30-Jul-22,150228,8444,303447,1,0,6611
30-Jul-22,150233,12784,303456,10,10,2134
30-Jul-22,150357,10236,303693,1,1,1341
30-Jul-22,150397,14309,303777,2,0,8270
30-Jul-22,150465,8444,303903,5,5,6589
30-Jul-22,150486,12677,303951,3,2,3439
30-Jul-22,150488,14309,303954,2,2,8270
30-Jul-22,150495,12701,303957,1,1,6561
30-Jul-22,150499,11731,303963,6,6,5800
30-Jul-22,150500,11731,303963,5,5,6761
30-Jul-22,150508,8751,303984,2,0,4906
30-Jul-22,150512,3615,303990,1,0,6180
30-Jul-22,150573,8221,304119,4,4,3770
30-Jul-22,150651,8457,304296,1,0,15643
30-Jul-22,150730,12701,304434,1,1,6440
30-Jul-22,150743,8422,304458,1,1,4042
30-Jul-22,150792,1805,304554,1,0,18343
30-Jul-22,150802,10224,304572,1,1,4349
30-Jul-22,150803,10224,304572,1,1,4360.17
30-Jul-22,150810,8439,304587,1,0,1910
30-Jul-22,150811,8428,304587,1,1,1793
30-Jul-22,150914,1043,304794,1,1,5854
30-Jul-22,150918,7860,304806,2,0,3315
30-Jul-22,150958,3615,304893,1,1,6041
30-Jul-22,150962,7640,304902,1,1,16490
30-Jul-22,151026,11899,305013,1,0,14322
30-Jul-22,151078,8439,305130,1,1,1871
30-Jul-22,151086,9915,305148,2,2,3134.4
30-Jul-22,151105,8805,305196,2,0,2784
30-Jul-22,151121,13765,305235,1,0,2633
30-Jul-22,151190,12701,305364,3,0,6440
30-Jul-22,151352,8444,305676,3,0,6476
30-Jul-22,151416,8424,305820,1,1,3372
30-Jul-22,151426,10975,305841,1,1,11741
30-Jul-22,151536,10224,306066,2,2,4360.17
30-Jul-22,151549,11233,306102,1,0,7857
30-Jul-22,151592,12547,306195,20,0,5726
30-Jul-22,151600,10224,306216,3,0,4349
30-Jul-22,151711,8425,306450,2,0,4894
30-Jul-22,151757,8210,306558,1,0,16302
30-Jul-22,151771,11123,306588,1,0,7223
30-Jul-22,151797,12703,306645,2,2,3373
30-Jul-22,151829,10235,306720,5,0,1446
30-Jul-22,151876,10204,306810,5,0,4024
30-Jul-22,151885,1041,306834,1,0,5725
30-Jul-22,151928,11143,306939,1,0,3113
30-Jul-22,152005,13696,307137,6,0,5875
30-Jul-22,152092,11233,307326,1,0,11996
30-Jul-22,152113,8221,307359,1,0,3770
30-Jul-22,152124,11123,307386,1,0,7223
30-Jul-22,152177,10247,307506,2,2,7724
30-Jul-22,152224,7640,307596,2,2,16903
30-Jul-22,152226,8361,307599,1,0,5612
30-Jul-22,152231,10235,307608,1,0,1501
30-Jul-22,152238,11925,307614,1,0,11814
30-Jul-22,152240,9916,307620,4,4,3372
30-Jul-22,152255,8219,307656,4,0,14934
30-Jul-22,152263,7860,307665,2,0,2748
30-Jul-22,152290,10236,307710,3,0,1386
30-Jul-22,152304,10975,307740,2,2,5893
30-Jul-22,152425,11233,307998,1,0,12268
30-Jul-22,152458,8457,308076,1,0,7830
30-Jul-22,152482,8210,308136,1,0,13860
30-Jul-22,152487,12547,308151,36,36,5730
30-Jul-22,152513,10235,308202,1,0,1501
30-Jul-22,152516,7547,308205,1,1,15040
30-Jul-22,152532,9915,308235,1,0,3650.04
30-Jul-22,152576,2358,308328,1,1,1360
30-Jul-22,152656,8428,308487,3,3,1793
30-Jul-22,152686,3610,308556,2,0,13268
30-Jul-22,152760,11233,308706,1,0,12268
30-Jul-22,152770,8428,308721,1,0,1763
30-Jul-22,152944,11134,309081,1,1,9020
30-Jul-22,152963,8444,309114,2,2,6034
30-Jul-22,153055,12547,309318,1,1,5726
30-Jul-22,153128,11233,309477,1,0,11996
30-Jul-22,153130,13682,309480,2,0,3044
30-Jul-22,153261,13548,309732,2,2,4544
30-Jul-22,153270,12472,309756,1,1,25920
30-Jul-22,153299,8444,309813,1,0,6034
30-Jul-22,153335,11124,309888,1,0,719
30-Jul-22,153371,8436,309963,1,0,3195
30-Jul-22,153379,9916,309984,3,3,3524.04
30-Jul-22,153456,8439,310170,3,0,1842
30-Jul-22,153480,3279,310221,1,1,9724
30-Jul-22,153512,8428,310287,1,1,1793
30-Jul-22,153527,1038,310308,4,4,8042
30-Jul-22,153556,11140,310389,1,1,4675
30-Jul-22,153568,1043,310416,4,4,5854
30-Jul-22,153681,10975,310632,1,1,18602
30-Jul-22,153785,11146,310860,1,1,6880
30-Jul-22,153806,8422,310890,3,0,6384
30-Jul-22,153821,8210,310923,1,1,14612
30-Jul-22,153836,11107,310941,1,0,5725
30-Jul-22,153923,8344,311133,1,0,4221
30-Jul-22,153973,2367,311247,10,10,479
30-Jul-22,153975,2862,311253,3,3,4640
30-Jul-22,153980,12547,311265,1,1,5771
30-Jul-22,153997,11233,311301,2,0,12458
30-Jul-22,154000,11233,311310,1,1,12458
30-Jul-22,154036,13524,311391,2,2,4317
30-Jul-22,154039,9895,311397,4,4,1128.5
30-Jul-22,154064,7586,311433,1,0,10154
30-Jul-22,154077,11163,311460,1,1,5522
30-Jul-22,154093,10225,311499,2,0,4434
30-Jul-22,154101,3611,311514,2,2,4693
30-Jul-22,154104,10225,311517,5,5,4434
30-Jul-22,154125,12652,311565,4,0,7770
30-Jul-22,154181,3610,311706,2,2,12768
30-Jul-22,154197,8425,311748,1,1,4635
30-Jul-22,154199,8425,311751,1,0,4635
30-Jul-22,154204,13524,311757,10,10,4317
30-Jul-22,154244,8335,311850,1,0,2998
30-Jul-22,154263,3611,311895,3,0,4217
30-Jul-22,154304,1041,311985,1,0,5799
30-Jul-22,154322,8424,312027,1,0,3511
30-Jul-22,154344,11121,312078,1,0,2586
30-Jul-22,154354,3615,312105,1,0,6041
30-Jul-22,154365,13524,312129,1,1,4430
30-Jul-22,154394,3610,312195,1,1,8500
30-Jul-22,154502,12472,312426,1,0,25920
30-Jul-22,154539,12547,312495,1,0,5771
30-Jul-22,154577,8219,312591,1,0,15166
30-Jul-22,154653,1038,312762,2,0,8445
30-Jul-22,154674,1041,312813,1,0,5616
30-Jul-22,154692,12784,312849,1,0,2138
30-Jul-22,154725,8482,312918,1,0,11192
30-Jul-22,154727,11120,312918,2,2,20779
30-Jul-22,154734,10975,312933,1,1,5893
30-Jul-22,154752,7860,312972,1,0,3315
30-Jul-22,154791,1041,313059,1,1,5312
30-Jul-22,154795,8428,313065,2,2,1793
30-Jul-22,154805,12749,313086,8,8,6211
30-Jul-22,154826,11117,313110,2,2,6652
30-Jul-22,154900,7860,313272,1,0,3315
30-Jul-22,154922,1041,313317,1,1,5090
30-Jul-22,154932,7607,313338,3,3,12214
30-Jul-22,154944,1043,313362,1,1,11889
30-Jul-22,154976,12803,313437,1,1,6090
30-Jul-22,154986,11124,313455,4,0,870
30-Jul-22,154988,10238,313461,1,1,6558
30-Jul-22,154993,10235,313476,5,3,1455
30-Jul-22,154998,3613,313488,2,0,8038
30-Jul-22,155000,12784,313488,5,5,2134
30-Jul-22,155028,8210,313548,1,1,14212
30-Jul-22,155064,3279,313641,2,0,10448
30-Jul-22,155077,12547,313668,12,12,5680
30-Jul-22,155102,13592,313725,10,0,1540
30-Jul-22,155109,12701,313743,1,1,5856
30-Jul-22,155143,8269,313827,1,0,6497
30-Jul-22,155148,8210,313836,1,0,12837
30-Jul-22,155159,12749,313863,10,10,6211
30-Jul-22,155161,8425,313866,1,0,5076
30-Jul-22,155172,14383,313893,1,0,9958
30-Jul-22,155203,8439,313962,1,0,936
30-Jul-22,155277,10236,314109,2,2,1432
30-Jul-22,155286,11124,314133,1,1,2247
30-Jul-22,155342,13618,314271,4,4,3251
30-Jul-22,155343,8425,314274,1,0,5076
30-Jul-22,155348,10975,314286,1,1,18602
30-Jul-22,155352,10224,314295,2,0,4619
30-Jul-22,155362,10227,314319,4,4,1478
30-Jul-22,155424,13764,314439,1,1,7088
30-Jul-22,155482,11121,314574,1,0,1881
30-Jul-22,155489,13682,314586,2,2,3044
30-Jul-22,155530,3615,314655,3,3,6041
30-Jul-22,155542,11157,314670,1,0,13574
30-Jul-22,155557,8770,314688,1,0,3680
30-Jul-22,155591,12697,314748,10,10,1052
30-Jul-22,155629,11233,314826,1,0,13177
30-Jul-22,155681,12407,314916,2,2,8815
30-Jul-22,155703,10224,314958,1,1,4803
30-Jul-22,155725,3610,315000,10,10,8299
30-Jul-22,155764,8458,315075,1,0,3348
30-Jul-22,155815,11104,315162,1,0,12723
30-Jul-22,155821,3610,315180,1,1,8233
30-Jul-22,155847,1038,315228,1,1,8315
30-Jul-22,155874,10235,315288,4,0,1501
30-Jul-22,155902,13209,315354,1,0,4288
30-Jul-22,155911,3605,315375,3,3,4180
30-Jul-22,155955,14351,315492,3,3,4998
30-Jul-22,156025,10235,315642,2,2,1455
30-Jul-22,156031,3284,315651,5,5,6790
30-Jul-22,156089,12512,315759,2,0,8227
30-Jul-22,156174,11138,315948,1,1,18203
30-Jul-22,156212,8375,316023,10,0,301
30-Jul-22,156265,2367,316149,10,10,479
30-Jul-22,156268,12697,316155,40,40,1052
30-Jul-22,156353,8244,316320,1,0,2859
30-Jul-22,156357,8425,316332,2,2,4894
30-Jul-22,156374,8482,316365,1,1,6139
30-Jul-22,156389,7547,316401,1,1,15040
30-Jul-22,156423,1038,316458,1,0,8450
30-Jul-22,156433,8437,316473,1,0,2298
30-Jul-22,156445,13749,316497,2,0,4896
30-Jul-22,156600,10235,316866,5,0,1455
30-Jul-22,156607,8462,316881,1,1,9961
30-Jul-22,156621,8255,316917,1,0,2495
30-Jul-22,156683,8210,317016,1,1,12452
30-Jul-22,156716,3610,317082,1,1,8233
30-Jul-22,156798,12784,317253,1,0,2138
30-Jul-22,156807,10975,317274,1,1,5816
30-Jul-22,156879,8384,317451,1,0,5648
30-Jul-22,156884,8418,317463,1,0,4076
30-Jul-22,156930,12912,317559,1,1,3844
30-Jul-22,156951,3613,317601,2,2,8110
30-Jul-22,156969,11123,317637,1,1,5708
30-Jul-22,156972,12701,317640,1,0,6470
30-Jul-22,157001,13765,317700,2,2,2633
30-Jul-22,157047,8751,317814,2,2,2899
30-Jul-22,157073,11121,317871,2,0,2265
30-Jul-22,157126,8250,317991,1,0,2890
30-Jul-22,157217,1041,318168,1,1,5289
30-Jul-22,157225,8421,318183,1,0,4523
30-Jul-22,157276,12692,318288,1,0,4237
30-Jul-22,157287,7551,318309,1,0,12612
30-Jul-22,157300,10225,318324,1,0,4619
30-Jul-22,157301,10225,318324,1,0,4988
30-Jul-22,157324,3279,318384,1,0,9497
30-Jul-22,157325,3284,318384,1,0,5271
30-Jul-22,157348,10529,318426,1,0,7441
30-Jul-22,157356,12749,318447,1,1,6211
30-Jul-22,157368,9882,318480,2,0,14024
30-Jul-22,157377,13618,318501,3,0,3251
30-Jul-22,157471,9916,318720,7,7,3524
30-Jul-22,157507,11123,318807,1,0,7223
30-Jul-22,157555,7583,318900,1,0,19366
30-Jul-22,157585,10975,318966,1,0,11814
31-Jul-22,147351,8444,297585,1,1,3535
31-Jul-22,147354,11658,297591,1,1,1804
31-Jul-22,147425,13764,297726,1,0,7746
31-Jul-22,147454,10204,297774,1,1,4024
31-Jul-22,147508,8425,297891,1,0,5110
31-Jul-22,147510,8425,297897,1,0,4862
31-Jul-22,147568,12585,298044,60,0,8506
31-Jul-22,147577,11899,298062,1,0,13782
31-Jul-22,147603,10227,298116,2,0,1456
31-Jul-22,147611,10236,298125,1,1,1341
31-Jul-22,147643,8425,298206,3,0,5110
31-Jul-22,147678,7586,298266,1,0,11410
31-Jul-22,147691,8444,298299,1,0,6034
31-Jul-22,147694,8420,298302,1,0,6683
31-Jul-22,147716,3279,298353,1,1,8814.94
31-Jul-22,147725,8428,298368,2,0,1689
31-Jul-22,147732,10235,298380,2,0,1399
31-Jul-22,147733,10227,298383,1,1,1456
31-Jul-22,147800,11925,298530,3,3,11814
31-Jul-22,147818,11157,298563,1,0,14076
31-Jul-22,147869,8457,298647,1,1,8194
31-Jul-22,147902,8457,298710,1,0,8194
31-Jul-22,147924,3615,298749,3,0,6180
31-Jul-22,147980,10235,298845,2,2,1399
31-Jul-22,148133,8428,299145,60,60,1708
31-Jul-22,148172,11107,299217,2,0,5725
31-Jul-22,148188,12661,299253,2,0,7543
31-Jul-22,148220,3610,299322,1,1,8500
31-Jul-22,148229,11925,299346,5,0,11814
31-Jul-22,148277,10235,299448,1,0,1432
31-Jul-22,148303,11146,299484,1,1,4017
31-Jul-22,148311,8444,299487,1,0,3535
31-Jul-22,148360,14309,299583,1,1,8451
31-Jul-22,148383,8457,299604,1,0,7905
31-Jul-22,148389,8420,299610,1,1,6510
31-Jul-22,148397,1038,299613,2,2,8324
31-Jul-22,148405,11154,299625,1,0,14674
31-Jul-22,148422,8221,299661,1,0,6182
31-Jul-22,148450,13736,299709,1,1,17085.7
31-Jul-22,148545,3613,299871,1,0,8038
31-Jul-22,148549,9915,299880,4,0,3599
31-Jul-22,148584,8444,299946,1,0,5771
31-Jul-22,148615,8444,299994,1,1,6007
31-Jul-22,148616,8444,299994,1,1,3521
31-Jul-22,148620,13524,300000,3,3,4476
31-Jul-22,148659,8384,300063,1,1,6077
31-Jul-22,148664,8439,300066,1,0,1913
31-Jul-22,148690,12758,300108,1,0,8050
31-Jul-22,148695,13682,300123,3,0,3044
31-Jul-22,148725,1043,300192,835,0,22849
31-Jul-22,148895,1038,300540,1,0,8445
31-Jul-22,148906,7550,300558,2,2,2462
31-Jul-22,148917,12487,300588,1,0,4497
31-Jul-22,148977,10975,300714,1,1,5893
31-Jul-22,149035,8215,300831,1,0,2837
31-Jul-22,149038,8219,300837,1,1,15166
31-Jul-22,149063,8425,300894,2,0,5020
31-Jul-22,149065,8751,300897,2,0,5049
31-Jul-22,149072,13765,300915,1,1,2633
31-Jul-22,149136,9915,301056,1,0,3650
31-Jul-22,149155,11926,301092,10,0,6997
31-Jul-22,149179,13764,301140,1,0,7746
31-Jul-22,149182,11107,301146,1,0,5725
31-Jul-22,149184,7860,301149,1,0,2748
31-Jul-22,149233,11107,301245,1,1,5725
31-Jul-22,149238,8424,301257,1,1,8343
31-Jul-22,149256,7607,301302,1,1,12541
31-Jul-22,149433,8219,301665,3,3,14934
31-Jul-22,149661,12460,302145,1,1,15040
31-Jul-22,149683,12652,302193,1,0,7956
31-Jul-22,149701,8210,302223,1,0,13366
31-Jul-22,149736,10235,302295,5,0,1446
31-Jul-22,149785,1038,302412,1,0,8309
31-Jul-22,149818,8425,302478,5,5,5118
31-Jul-22,149826,7553,302496,1,0,3040
31-Jul-22,149843,8425,302535,4,4,5300
31-Jul-22,149892,1041,302670,2,0,5725
31-Jul-22,149923,12547,302727,2,0,5726
31-Jul-22,149959,10975,302808,2,2,12632
31-Jul-22,149986,12749,302868,5,5,6211
31-Jul-22,149999,9901,302889,2,0,3900
31-Jul-22,150039,8378,302967,7,7,4064
31-Jul-22,150068,1041,303030,1,0,5090
31-Jul-22,150095,1038,303105,3,0,8309
31-Jul-22,150098,10204,303111,2,0,4024
31-Jul-22,150116,11117,303156,1,1,6434
31-Jul-22,150221,8444,303426,1,0,3933
31-Jul-22,150268,3610,303525,5,5,13177
31-Jul-22,150288,10235,303558,1,1,1432
31-Jul-22,150344,12700,303660,2,0,9134
31-Jul-22,150364,14309,303705,1,0,8270
31-Jul-22,150433,10224,303843,1,1,4534
31-Jul-22,150451,10236,303870,1,0,1341
31-Jul-22,150522,8210,304014,1,1,13846
31-Jul-22,150541,9913,304056,1,1,5079
31-Jul-22,150553,10235,304080,4,4,1399
31-Jul-22,150567,8221,304107,2,0,6182
31-Jul-22,150578,8444,304131,2,2,6343
31-Jul-22,150615,1805,304221,5,5,17527
31-Jul-22,150669,11118,304317,1,0,3718
31-Jul-22,150677,12701,304329,1,1,9397
31-Jul-22,150733,10236,304440,1,0,1341
31-Jul-22,150735,10204,304446,1,1,4024
31-Jul-22,150763,8219,304491,1,1,15166
31-Jul-22,150775,11118,304512,1,1,4158
31-Jul-22,150882,10235,304725,2,0,1432
31-Jul-22,150925,14298,304812,1,0,1610
31-Jul-22,150927,7640,304818,1,1,16490
31-Jul-22,150937,11233,304836,2,0,14431
31-Jul-22,150940,11899,304842,1,0,13782
31-Jul-22,151039,11899,305043,1,0,14322
31-Jul-22,151040,11138,305046,1,0,16741
31-Jul-22,151079,3615,305133,2,0,6180
31-Jul-22,151098,12547,305178,8,8,5726
31-Jul-22,151117,8425,305226,1,1,4635
31-Jul-22,151120,1043,305232,1,0,11504
31-Jul-22,151154,10224,305301,1,0,4360.17
31-Jul-22,151159,10224,305304,1,1,4360.17
31-Jul-22,151187,8424,305358,1,0,3372
31-Jul-22,151198,8444,305382,7,7,6374
31-Jul-22,151225,8444,305442,1,1,6343
31-Jul-22,151247,8429,305478,1,0,2679
31-Jul-22,151264,8444,305499,2,2,6343
31-Jul-22,151338,8443,305643,2,2,6224
31-Jul-22,151350,8219,305673,1,0,15166
31-Jul-22,151359,8422,305691,1,1,6159
31-Jul-22,151374,10235,305733,2,0,1446
31-Jul-22,151399,3279,305781,1,0,8814.94
31-Jul-22,151513,10224,306018,2,0,4360.17
31-Jul-22,151534,10515,306063,1,0,2404
31-Jul-22,151559,10235,306120,2,2,1446
31-Jul-22,151688,14374,306399,1,0,19831
31-Jul-22,151689,3279,306402,1,0,8814.94
31-Jul-22,151798,12487,306648,3,0,4220
31-Jul-22,151805,12784,306663,4,4,2138
31-Jul-22,151822,8444,306699,8,8,3811
31-Jul-22,151847,8428,306759,5,0,1654
31-Jul-22,151849,8425,306762,2,2,5076
31-Jul-22,151889,11117,306843,1,0,6434
31-Jul-22,151897,8423,306858,2,0,8304
31-Jul-22,151903,8444,306873,1,0,6343
31-Jul-22,151944,1043,306981,1,1,22849
31-Jul-22,151961,8424,307023,1,0,3479
31-Jul-22,152002,10236,307128,1,1,1258
31-Jul-22,152044,1041,307224,1,0,5334
31-Jul-22,152128,8378,307395,2,0,4138
31-Jul-22,152178,10247,307506,3,3,7134
31-Jul-22,152217,7607,307587,1,0,12541
31-Jul-22,152229,10224,307608,1,0,4619
31-Jul-22,152306,1038,307746,1,0,8324
31-Jul-22,152348,8429,307839,1,0,2679
31-Jul-22,152360,11143,307863,1,1,3564
31-Jul-22,152477,10975,308124,1,0,11087
31-Jul-22,152483,12749,308139,10,0,6370
31-Jul-22,152515,3615,308205,1,1,6041
31-Jul-22,152517,8457,308205,1,1,8406
31-Jul-22,152534,7607,308241,1,0,13631
31-Jul-22,152561,11233,308304,1,0,11996
31-Jul-22,152583,8425,308343,5,5,4894
31-Jul-22,152603,1038,308385,2,0,8315
31-Jul-22,152626,9916,308421,1,1,3650
31-Jul-22,152632,13524,308436,1,1,4430
31-Jul-22,152647,8424,308466,2,2,3372
31-Jul-22,152650,11233,308469,1,0,11996
31-Jul-22,152680,8425,308547,2,2,4894
31-Jul-22,152757,3615,308700,1,0,6041
31-Jul-22,152771,10224,308724,1,0,4803
31-Jul-22,152805,13918,308799,1,0,2491
31-Jul-22,152807,8437,308805,2,0,2298
31-Jul-22,152810,10213,308814,1,0,2995
31-Jul-22,152836,10213,308856,1,0,3168
31-Jul-22,152846,8420,308874,1,1,6510
31-Jul-22,152869,10227,308940,2,0,1524
31-Jul-22,152873,8439,308940,4,0,1880
31-Jul-22,152889,8428,308973,15,0,1793
31-Jul-22,152908,8210,309015,1,0,12452
31-Jul-22,152916,12547,309021,5,0,5726
31-Jul-22,152976,8444,309135,1,1,6034
31-Jul-22,153049,8439,309303,5,5,1842
31-Jul-22,153099,8425,309411,2,0,5076
31-Jul-22,153110,12652,309441,30,30,7770
31-Jul-22,153132,13682,309483,2,0,3044
31-Jul-22,153153,11233,309519,1,1,11996
31-Jul-22,153173,11106,309555,1,1,5291
31-Jul-22,153175,7547,309558,1,1,15040
31-Jul-22,153188,12547,309588,5,5,5726
31-Jul-22,153219,8335,309648,5,5,4016
31-Jul-22,153223,14349,309657,1,1,32992
31-Jul-22,153229,3279,309672,1,0,9724
31-Jul-22,153247,13524,309696,3,0,4430
31-Jul-22,153458,11124,310170,1,0,1028
31-Jul-22,153463,10529,310182,1,0,6892
31-Jul-22,153477,7586,310212,1,0,6557
31-Jul-22,153532,8428,310320,1,0,1763
31-Jul-22,153680,3615,310629,1,1,6725
31-Jul-22,153719,8219,310704,1,0,14813
31-Jul-22,153736,11137,310743,2,0,3604
31-Jul-22,153794,7637,310875,1,0,29580
31-Jul-22,153828,10975,310932,1,0,10110
31-Jul-22,153883,9901,311049,1,0,3900
31-Jul-22,154004,1041,311322,3,0,5225
31-Jul-22,154013,10235,311331,10,10,1455
31-Jul-22,154041,12749,311403,5,0,6370
31-Jul-22,154071,1041,311445,1,1,5225
31-Jul-22,154115,12400,311541,1,1,6080
31-Jul-22,154133,7860,311589,10,0,3315
31-Jul-22,154159,8461,311649,1,0,3320
31-Jul-22,154189,14374,311730,1,0,19831
31-Jul-22,154237,3592,311835,2,2,6510
31-Jul-22,154278,10236,311922,1,1,1386
31-Jul-22,154284,1041,311937,1,0,5707
31-Jul-22,154372,13524,312138,2,0,4430
31-Jul-22,154443,13524,312300,3,3,4317
31-Jul-22,154482,7781,312381,3,3,7033.9
31-Jul-22,154534,3610,312483,1,1,13268
31-Jul-22,154570,10235,312570,2,0,1501
31-Jul-22,154601,7599,312639,1,0,3568
31-Jul-22,154624,12749,312684,1,1,6211
31-Jul-22,154650,7651,312753,1,0,31466
31-Jul-22,154669,12469,312801,1,0,6579
31-Jul-22,154769,8444,313008,8,8,6374
31-Jul-22,154797,8384,313071,5,0,5743
31-Jul-22,154936,7607,313350,1,0,13631
31-Jul-22,154950,8457,313374,1,1,7979
31-Jul-22,155035,7653,313569,10,0,11758
31-Jul-22,155094,10204,313707,1,0,4606.8
31-Jul-22,155196,3610,313944,1,1,8233
31-Jul-22,155274,11137,314103,2,0,3696
31-Jul-22,155296,12701,314160,1,0,9297
31-Jul-22,155319,12917,314220,1,1,40431
31-Jul-22,155416,8449,314421,1,0,6550
31-Jul-22,155427,8444,314448,1,0,6782
31-Jul-22,155466,3279,314535,1,1,8814.94
31-Jul-22,155507,7860,314628,1,0,3317
31-Jul-22,155519,1041,314643,1,0,5620
31-Jul-22,155523,9938,314643,1,0,3726
31-Jul-22,155582,7576,314727,1,1,18357
31-Jul-22,155586,1038,314736,2,0,8309
31-Jul-22,155594,11133,314754,1,1,3453
31-Jul-22,155605,11121,314778,1,0,1868
31-Jul-22,155641,10224,314856,1,1,4619
31-Jul-22,155642,3610,314859,1,1,13284
31-Jul-22,155643,11124,314862,2,0,1605
31-Jul-22,155645,11124,314862,1,0,803
31-Jul-22,155691,3613,314934,1,1,8110
31-Jul-22,155718,13592,314988,5,5,1540
31-Jul-22,155728,1041,315003,2,2,6254
31-Jul-22,155743,3610,315036,5,0,12768
31-Jul-22,155814,7653,315159,10,10,11758
31-Jul-22,155857,12803,315243,1,0,5884
31-Jul-22,155859,10235,315249,2,0,1501
31-Jul-22,155922,8444,315408,1,1,6589
31-Jul-22,155924,13745,315414,2,2,5275
31-Jul-22,155947,9915,315477,1,1,3134.4
31-Jul-22,155953,9916,315486,1,0,3650
31-Jul-22,156011,11168,315609,1,0,7018
31-Jul-22,156117,1043,315825,2,0,21818
31-Jul-22,156178,13458,315954,1,1,19520
31-Jul-22,156224,7596,316050,4,4,4580
31-Jul-22,156347,8444,316302,2,2,6589
31-Jul-22,156354,10236,316323,2,0,1386
31-Jul-22,156381,10975,316386,1,1,12632
31-Jul-22,156397,9915,316416,2,2,3134.4
31-Jul-22,156453,12460,316518,1,1,14130
31-Jul-22,156526,11137,316695,1,1,3696
31-Jul-22,156572,14252,316812,5,0,32992
31-Jul-22,156668,14407,316983,1,1,17839
31-Jul-22,156678,10225,317004,1,1,4988
31-Jul-22,156682,12701,317013,1,1,6470
31-Jul-22,156703,9882,317064,1,1,13751
31-Jul-22,156727,10245,317109,1,1,12213
31-Jul-22,156815,12995,317292,2,2,1998
31-Jul-22,156845,11143,317364,1,0,3551
31-Jul-22,156881,8444,317457,2,2,3535
31-Jul-22,156892,7576,317472,1,0,18357
31-Jul-22,156900,10235,317490,3,3,1501
31-Jul-22,156918,3610,317541,1,1,12768
31-Jul-22,156923,10236,317547,1,1,1386
31-Jul-22,156933,8219,317568,1,0,14267
31-Jul-22,156945,10975,317589,1,0,11087
31-Jul-22,156954,11110,317604,1,1,4004
31-Jul-22,156987,11120,317673,1,0,6092
31-Jul-22,156994,12547,317685,30,30,5730
31-Jul-22,157114,7583,317967,1,1,19084
31-Jul-22,157116,8444,317973,5,0,5907
31-Jul-22,157191,1041,318126,1,0,5861
31-Jul-22,157200,7640,318135,5,5,17786
31-Jul-22,157222,3610,318174,1,1,8261
31-Jul-22,157230,3610,318189,1,1,13222
31-Jul-22,157247,1041,318216,1,1,5289
31-Jul-22,157256,10227,318234,2,0,1524
31-Jul-22,157285,8796,318303,1,1,3987
31-Jul-22,157292,8482,318309,1,0,11035
31-Jul-22,157345,12547,318420,1,1,5771
31-Jul-22,157347,10529,318426,1,0,6892
31-Jul-22,157366,8335,318477,2,1,4148
31-Jul-22,157371,8425,318489,1,1,5363
31-Jul-22,157402,11117,318558,2,0,6652
31-Jul-22,157474,14469,318729,2,2,13304
