order_date,order_id,fk_buyer_id,fk_depot_id,sales_order_status,creation_time,,,,,,,
1-Jul-21,134550,72600,3,Rejected,00:10.0,,,,,,,
1-Jul-21,133020,98332,9,Shipped,00:23.0,,,,,,,
1-Jul-21,132426,87136,8,Shipped,01:32.0,,,,,,,
1-Jul-21,297060,137536,1,Rejected,02:05.0,,,,,,,
1-Jul-21,122829,103952,5,Rejected,02:29.0,,,,,,,
1-Jul-21,136470,90940,2,Shipped,02:33.0,,,,,,,
1-Jul-21,136740,96808,4,Shipped,02:41.0,,,,,,,
1-Jul-21,133383,113960,1,Rejected,03:20.0,,,,,,,
1-Jul-21,127092,101600,2,Rejected,03:36.0,,,,,,,
1-Jul-21,132228,112896,1,Rejected,03:46.0,,,,,,,
1-Jul-21,297609,82088,8,Rejected,03:49.0,,,,,,,
1-Jul-21,137148,68384,8,Shipped,03:51.0,,,,,,,
1-Jul-21,122220,75540,3,Shipped,04:21.0,,,,,,,
1-Jul-21,130653,99416,3,Shipped,04:41.0,,,,,,,
1-Jul-21,121782,73232,5,Rejected,06:03.0,,,,,,,
1-Jul-21,134442,86256,1,Shipped,06:18.0,,,,,,,
1-Jul-21,127164,108256,2,Rejected,06:19.0,,,,,,,
1-Jul-21,135435,99576,9,Shipped,06:21.0,,,,,,,
1-Jul-21,124521,81164,3,Shipped,06:24.0,,,,,,,
1-Jul-21,121734,90500,4,Rejected,06:44.0,,,,,,,
1-Jul-21,133092,63952,3,Rejected,06:48.0,,,,,,,
1-Jul-21,298125,47336,8,Shipped,06:54.0,,,,,,,
1-Jul-21,126486,70960,1,Rejected,07:02.0,,,,,,,
1-Jul-21,122934,95696,2,Rejected,07:33.0,,,,,,,
1-Jul-21,297354,74332,2,Rejected,07:35.0,,,,,,,
1-Jul-21,131169,105456,2,Shipped,08:01.0,,,,,,,
1-Jul-21,136413,48096,8,Shipped,08:42.0,,,,,,,
1-Jul-21,138303,20932,1,Rejected,10:00.0,,,,,,,
1-Jul-21,123261,89240,8,Shipped,10:18.0,,,,,,,
1-Jul-21,128301,12336,1,Shipped,11:11.0,,,,,,,
1-Jul-21,133599,86836,3,Rejected,11:20.0,,,,,,,
1-Jul-21,122088,81772,8,Rejected,11:43.0,,,,,,,
1-Jul-21,121341,101560,4,Shipped,11:50.0,,,,,,,
1-Jul-21,131247,83964,3,Rejected,12:20.0,,,,,,,
1-Jul-21,125991,41920,9,Rejected,12:29.0,,,,,,,
1-Jul-21,127896,108772,3,Rejected,12:39.0,,,,,,,
1-Jul-21,128742,52096,8,Rejected,13:00.0,,,,,,,
1-Jul-21,137991,95116,2,Shipped,13:34.0,,,,,,,
1-Jul-21,123912,30004,1,Rejected,13:46.0,,,,,,,
1-Jul-21,133095,104128,9,Rejected,13:55.0,,,,,,,
1-Jul-21,132132,78208,2,Shipped,14:20.0,,,,,,,
1-Jul-21,132984,113600,3,Rejected,14:21.0,,,,,,,
1-Jul-21,137787,21452,1,Shipped,14:42.0,,,,,,,
1-Jul-21,127941,76516,8,Rejected,14:46.0,,,,,,,
1-Jul-21,134880,94168,3,Rejected,14:46.0,,,,,,,
1-Jul-21,296799,133916,9,Rejected,14:55.0,,,,,,,
1-Jul-21,297690,215888,5,Shipped,15:00.0,,,,,,,
1-Jul-21,129441,55240,8,Rejected,15:20.0,,,,,,,
1-Jul-21,134331,114356,2,Rejected,15:36.0,,,,,,,
1-Jul-21,125244,92656,5,Rejected,16:07.0,,,,,,,
1-Jul-21,123054,104080,2,Rejected,16:09.0,,,,,,,
1-Jul-21,133755,23140,1,Shipped,16:10.0,,,,,,,
1-Jul-21,297936,42336,5,Rejected,16:13.0,,,,,,,
1-Jul-21,136098,93132,7,Shipped,16:21.0,,,,,,,
1-Jul-21,128697,54684,9,Rejected,16:24.0,,,,,,,
1-Jul-21,134445,112588,1,Rejected,16:39.0,,,,,,,
1-Jul-21,130644,76092,1,Rejected,16:40.0,,,,,,,
1-Jul-21,125604,101892,5,Rejected,17:06.0,,,,,,,
1-Jul-21,125028,57952,5,Shipped,17:18.0,,,,,,,
1-Jul-21,134823,103448,3,Rejected,17:45.0,,,,,,,
1-Jul-21,132975,73600,2,Rejected,17:51.0,,,,,,,
1-Jul-21,122016,20592,1,Shipped,17:54.0,,,,,,,
1-Jul-21,133221,56324,8,Rejected,18:26.0,,,,,,,
1-Jul-21,120951,30776,5,Shipped,18:46.0,,,,,,,
1-Jul-21,132111,48300,8,Rejected,19:55.0,,,,,,,
1-Jul-21,298185,82928,9,Rejected,20:19.0,,,,,,,
1-Jul-21,296865,213024,1,Shipped,20:37.0,,,,,,,
1-Jul-21,127845,1520,1,Shipped,20:50.0,,,,,,,
1-Jul-21,296808,135780,3,Rejected,20:50.0,,,,,,,
1-Jul-21,137517,116828,4,Shipped,20:54.0,,,,,,,
1-Jul-21,129360,62452,4,Rejected,20:56.0,,,,,,,
1-Jul-21,137160,117248,9,Shipped,21:04.0,,,,,,,
1-Jul-21,136170,27880,5,Shipped,21:23.0,,,,,,,
1-Jul-21,130470,86520,2,Shipped,21:53.0,,,,,,,
1-Jul-21,297507,194128,4,Shipped,21:54.0,,,,,,,
1-Jul-21,125187,99180,9,Shipped,22:03.0,,,,,,,
1-Jul-21,131787,82228,5,Rejected,22:30.0,,,,,,,
1-Jul-21,135561,80524,3,Shipped,23:26.0,,,,,,,
1-Jul-21,130017,90560,8,Shipped,23:40.0,,,,,,,
1-Jul-21,135618,103940,8,Shipped,23:41.0,,,,,,,
1-Jul-21,126084,58216,1,Rejected,24:26.0,,,,,,,
1-Jul-21,130944,57004,9,Shipped,24:38.0,,,,,,,
1-Jul-21,138471,100240,9,Rejected,25:04.0,,,,,,,
1-Jul-21,297135,28200,5,Rejected,25:11.0,,,,,,,
1-Jul-21,120687,50560,9,Rejected,25:34.0,,,,,,,
1-Jul-21,127134,89400,3,Rejected,25:51.0,,,,,,,
1-Jul-21,120036,18632,1,Shipped,26:21.0,,,,,,,
1-Jul-21,135711,115992,1,Rejected,26:23.0,,,,,,,
1-Jul-21,125793,47808,5,Shipped,26:47.0,,,,,,,
1-Jul-21,129219,32760,5,Shipped,26:49.0,,,,,,,
1-Jul-21,298467,52948,8,Rejected,26:54.0,,,,,,,
1-Jul-21,123426,42860,1,Shipped,27:14.0,,,,,,,
1-Jul-21,128193,109352,1,Rejected,27:18.0,,,,,,,
1-Jul-21,130167,100632,3,Rejected,28:33.0,,,,,,,
1-Jul-21,135762,97712,8,Shipped,28:56.0,,,,,,,
1-Jul-21,135504,90268,2,Shipped,29:20.0,,,,,,,
1-Jul-21,125037,43344,1,Rejected,29:36.0,,,,,,,
1-Jul-21,123756,48032,8,Rejected,29:38.0,,,,,,,
1-Jul-21,137298,45868,9,Rejected,30:04.0,,,,,,,
1-Jul-21,128946,95092,9,Shipped,30:15.0,,,,,,,
1-Jul-21,132951,94300,1,Rejected,30:17.0,,,,,,,
1-Jul-21,123759,48572,9,Shipped,30:27.0,,,,,,,
1-Jul-21,135984,41452,8,Rejected,30:42.0,,,,,,,
1-Jul-21,124131,21332,1,Rejected,30:54.0,,,,,,,
1-Jul-21,297972,108752,1,Rejected,31:03.0,,,,,,,
1-Jul-21,297183,82780,10,Rejected,31:13.0,,,,,,,
1-Jul-21,138174,41076,1,Shipped,31:26.0,,,,,,,
1-Jul-21,131025,108752,1,Rejected,31:29.0,,,,,,,
1-Jul-21,135507,43844,9,Rejected,31:37.0,,,,,,,
1-Jul-21,297639,188116,1,Rejected,31:40.0,,,,,,,
1-Jul-21,128133,98648,3,Shipped,31:58.0,,,,,,,
1-Jul-21,124779,105912,3,Rejected,32:08.0,,,,,,,
1-Jul-21,122361,29056,1,Rejected,32:28.0,,,,,,,
1-Jul-21,128340,64932,2,Shipped,32:36.0,,,,,,,
1-Jul-21,136437,91172,9,Rejected,32:46.0,,,,,,,
1-Jul-21,298059,61616,9,Rejected,32:46.0,,,,,,,
1-Jul-21,131868,111340,9,Rejected,32:59.0,,,,,,,
1-Jul-21,125892,25920,1,Shipped,33:09.0,,,,,,,
1-Jul-21,130296,111260,8,Rejected,33:26.0,,,,,,,
1-Jul-21,121749,102372,3,Rejected,34:15.0,,,,,,,
1-Jul-21,130026,111152,4,Rejected,34:42.0,,,,,,,
1-Jul-21,122565,82088,8,Rejected,35:03.0,,,,,,,
1-Jul-21,297516,175932,1,Shipped,35:19.0,,,,,,,
1-Jul-21,124485,90392,2,Rejected,35:45.0,,,,,,,
1-Jul-21,124995,1032,1,Rejected,36:01.0,,,,,,,
1-Jul-21,297648,214776,11,Shipped,37:01.0,,,,,,,
1-Jul-21,137166,81684,2,Rejected,37:10.0,,,,,,,
1-Jul-21,128955,103568,1,Shipped,37:24.0,,,,,,,
1-Jul-21,133839,89920,2,Rejected,38:12.0,,,,,,,
1-Jul-21,128094,73072,1,Shipped,38:24.0,,,,,,,
1-Jul-21,127032,85964,3,Rejected,38:43.0,,,,,,,
1-Jul-21,137241,110172,9,Shipped,39:00.0,,,,,,,
1-Jul-21,133842,27580,1,Shipped,39:09.0,,,,,,,
1-Jul-21,298338,163000,11,Rejected,39:35.0,,,,,,,
1-Jul-21,297153,65864,9,Shipped,39:38.0,,,,,,,
1-Jul-21,138189,62796,1,Shipped,40:01.0,,,,,,,
1-Jul-21,134925,63844,9,Rejected,40:09.0,,,,,,,
1-Jul-21,134106,78040,1,Rejected,40:19.0,,,,,,,
1-Jul-21,137856,20936,1,Rejected,40:40.0,,,,,,,
1-Jul-21,125904,26912,1,Rejected,40:48.0,,,,,,,
1-Jul-21,130584,35676,1,Rejected,40:50.0,,,,,,,
1-Jul-21,128013,43272,8,Rejected,41:00.0,,,,,,,
1-Jul-21,133530,66856,3,Shipped,41:08.0,,,,,,,
1-Jul-21,127041,72212,1,Shipped,41:16.0,,,,,,,
1-Jul-21,124497,77732,4,Rejected,41:36.0,,,,,,,
1-Jul-21,136998,45844,9,Shipped,41:41.0,,,,,,,
1-Jul-21,121836,94528,5,Shipped,42:13.0,,,,,,,
1-Jul-21,133425,67552,3,Shipped,42:55.0,,,,,,,
1-Jul-21,134943,110256,1,Rejected,43:10.0,,,,,,,
1-Jul-21,127050,54880,8,Shipped,43:27.0,,,,,,,
1-Jul-21,134898,86340,9,Rejected,43:30.0,,,,,,,
1-Jul-21,125046,43344,1,Rejected,43:47.0,,,,,,,
1-Jul-21,128004,84428,8,Rejected,43:55.0,,,,,,,
1-Jul-21,122271,85584,8,Rejected,44:16.0,,,,,,,
1-Jul-21,136791,47956,1,Shipped,44:24.0,,,,,,,
1-Jul-21,132399,90444,3,Rejected,44:45.0,,,,,,,
1-Jul-21,128769,22292,1,Shipped,44:47.0,,,,,,,
1-Jul-21,130626,22200,1,Shipped,44:58.0,,,,,,,
1-Jul-21,129246,25544,1,Shipped,45:24.0,,,,,,,
1-Jul-21,127227,63652,3,Rejected,46:47.0,,,,,,,
1-Jul-21,130362,41772,5,Shipped,46:51.0,,,,,,,
1-Jul-21,297789,214900,10,Rejected,46:59.0,,,,,,,
1-Jul-21,125709,77396,1,Shipped,47:05.0,,,,,,,
1-Jul-21,127053,19272,1,Shipped,47:07.0,,,,,,,
1-Jul-21,134901,79652,8,Rejected,47:15.0,,,,,,,
1-Jul-21,126663,42516,1,Rejected,47:28.0,,,,,,,
1-Jul-21,125718,53676,5,Shipped,47:59.0,,,,,,,
1-Jul-21,129825,66832,3,Rejected,48:11.0,,,,,,,
1-Jul-21,122124,28316,1,Shipped,48:21.0,,,,,,,
1-Jul-21,136608,116788,1,Rejected,48:42.0,,,,,,,
1-Jul-21,122379,95308,3,Rejected,49:01.0,,,,,,,
1-Jul-21,298035,195112,1,Rejected,49:47.0,,,,,,,
1-Jul-21,136239,71628,2,Rejected,50:10.0,,,,,,,
1-Jul-21,128058,100708,8,Shipped,50:13.0,,,,,,,
1-Jul-21,137001,109536,9,Shipped,50:39.0,,,,,,,
1-Jul-21,137256,95952,3,Rejected,50:49.0,,,,,,,
1-Jul-21,135948,47956,1,Rejected,51:15.0,,,,,,,
1-Jul-21,134865,22784,1,Rejected,51:48.0,,,,,,,
1-Jul-21,298440,218516,8,Rejected,51:52.0,,,,,,,
1-Jul-21,138270,118012,8,Rejected,52:04.0,,,,,,,
1-Jul-21,132354,63576,3,Shipped,52:27.0,,,,,,,
1-Jul-21,297597,218120,4,Shipped,52:35.0,,,,,,,
1-Jul-21,123105,99896,9,Rejected,52:58.0,,,,,,,
1-Jul-21,131157,91656,1,Rejected,53:09.0,,,,,,,
1-Jul-21,130572,53008,8,Rejected,54:23.0,,,,,,,
1-Jul-21,297861,187352,5,Rejected,54:42.0,,,,,,,
1-Jul-21,133905,53368,9,Shipped,55:09.0,,,,,,,
1-Jul-21,120381,86416,7,Rejected,55:50.0,,,,,,,
1-Jul-21,296997,161572,11,Shipped,56:00.0,,,,,,,
1-Jul-21,122739,79536,2,Shipped,56:32.0,,,,,,,
1-Jul-21,129057,76624,2,Rejected,56:45.0,,,,,,,
1-Jul-21,126264,107156,4,Rejected,57:06.0,,,,,,,
1-Jul-21,121017,101324,3,Rejected,57:28.0,,,,,,,
1-Jul-21,122679,84612,8,Rejected,57:38.0,,,,,,,
1-Jul-21,133911,57040,9,Rejected,57:56.0,,,,,,,
1-Jul-21,124074,47312,2,Rejected,58:09.0,,,,,,,
1-Jul-21,296739,179824,11,Rejected,58:10.0,,,,,,,
1-Jul-21,128664,59696,9,Shipped,58:38.0,,,,,,,
1-Jul-21,135132,30580,1,Shipped,58:40.0,,,,,,,
1-Jul-21,123660,55284,8,Rejected,58:49.0,,,,,,,
1-Jul-21,125271,74092,8,Rejected,58:57.0,,,,,,,
1-Jul-21,126864,36128,5,Shipped,59:01.0,,,,,,,
1-Jul-21,136524,47128,5,Rejected,59:16.0,,,,,,,
2-Jul-21,126987,77116,7,Shipped,00:44.0,,,,,,,
2-Jul-21,128568,42388,5,Rejected,01:44.0,,,,,,,
2-Jul-21,123138,73688,2,Shipped,02:41.0,,,,,,,
2-Jul-21,125013,62728,8,Rejected,03:01.0,,,,,,,
2-Jul-21,120849,98504,9,Rejected,03:19.0,,,,,,,
2-Jul-21,122841,103448,3,Rejected,03:58.0,,,,,,,
2-Jul-21,121992,94972,3,Shipped,04:51.0,,,,,,,
2-Jul-21,129198,109352,1,Rejected,05:14.0,,,,,,,
2-Jul-21,135432,101064,9,Rejected,05:20.0,,,,,,,
2-Jul-21,126333,95248,8,Rejected,05:27.0,,,,,,,
2-Jul-21,297990,53424,9,Shipped,05:40.0,,,,,,,
2-Jul-21,123405,35628,1,Shipped,05:54.0,,,,,,,
2-Jul-21,120204,39432,1,Shipped,06:05.0,,,,,,,
2-Jul-21,128160,94968,3,Rejected,06:20.0,,,,,,,
2-Jul-21,120741,79872,3,Shipped,06:54.0,,,,,,,
2-Jul-21,126045,107108,2,Rejected,07:02.0,,,,,,,
2-Jul-21,134496,38008,1,Shipped,07:17.0,,,,,,,
2-Jul-21,130917,108748,9,Rejected,07:26.0,,,,,,,
2-Jul-21,128007,109160,1,Rejected,07:27.0,,,,,,,
2-Jul-21,129837,110860,9,Rejected,07:36.0,,,,,,,
2-Jul-21,129654,70124,5,Shipped,07:48.0,,,,,,,
2-Jul-21,120495,100764,2,Rejected,07:50.0,,,,,,,
2-Jul-21,297228,75356,10,Shipped,09:08.0,,,,,,,
2-Jul-21,134874,20672,1,Shipped,09:47.0,,,,,,,
2-Jul-21,126894,2712,1,Shipped,10:24.0,,,,,,,
2-Jul-21,128238,54516,1,Shipped,10:53.0,,,,,,,
2-Jul-21,134379,48016,8,Rejected,11:05.0,,,,,,,
2-Jul-21,120540,54824,8,Shipped,11:22.0,,,,,,,
2-Jul-21,124173,99256,9,Rejected,11:33.0,,,,,,,
2-Jul-21,132006,112732,1,Rejected,11:41.0,,,,,,,
2-Jul-21,123120,101992,8,Rejected,11:45.0,,,,,,,
2-Jul-21,127473,19324,1,Shipped,11:49.0,,,,,,,
2-Jul-21,134877,94168,3,Rejected,11:50.0,,,,,,,
2-Jul-21,128583,18724,1,Shipped,12:00.0,,,,,,,
2-Jul-21,123606,96644,8,Rejected,12:02.0,,,,,,,
2-Jul-21,135315,54456,8,Shipped,12:08.0,,,,,,,
2-Jul-21,124029,42088,8,Rejected,12:29.0,,,,,,,
2-Jul-21,120333,100616,2,Rejected,13:00.0,,,,,,,
2-Jul-21,129576,24412,1,Shipped,13:08.0,,,,,,,
2-Jul-21,131106,8300,1,Rejected,13:52.0,,,,,,,
2-Jul-21,133320,113748,8,Rejected,14:07.0,,,,,,,
2-Jul-21,121254,68124,2,Rejected,14:13.0,,,,,,,
2-Jul-21,124740,65864,9,Rejected,14:49.0,,,,,,,
2-Jul-21,132900,26492,1,Shipped,14:52.0,,,,,,,
2-Jul-21,124818,32808,1,Shipped,15:32.0,,,,,,,
2-Jul-21,125025,19312,1,Rejected,15:47.0,,,,,,,
2-Jul-21,129717,107648,5,Rejected,15:57.0,,,,,,,
2-Jul-21,120402,87076,8,Rejected,16:43.0,,,,,,,
2-Jul-21,124638,79652,8,Rejected,17:03.0,,,,,,,
2-Jul-21,136824,77528,9,Shipped,17:17.0,,,,,,,
2-Jul-21,125775,73608,3,Rejected,17:24.0,,,,,,,
2-Jul-21,125568,81036,5,Shipped,17:26.0,,,,,,,
2-Jul-21,296916,158056,3,Rejected,17:29.0,,,,,,,
2-Jul-21,298329,27188,1,Shipped,17:39.0,,,,,,,
2-Jul-21,127479,89344,8,Shipped,18:04.0,,,,,,,
2-Jul-21,129123,49636,1,Shipped,18:06.0,,,,,,,
2-Jul-21,133821,114312,3,Rejected,18:07.0,,,,,,,
2-Jul-21,134448,38752,1,Rejected,18:18.0,,,,,,,
2-Jul-21,125871,29292,5,Shipped,18:49.0,,,,,,,
2-Jul-21,124896,92600,9,Shipped,18:50.0,,,,,,,
2-Jul-21,133638,112320,2,Rejected,19:05.0,,,,,,,
2-Jul-21,125448,30088,5,Shipped,19:21.0,,,,,,,
2-Jul-21,128250,90500,4,Rejected,19:27.0,,,,,,,
2-Jul-21,128391,93876,9,Rejected,19:29.0,,,,,,,
2-Jul-21,134238,33112,5,Shipped,20:13.0,,,,,,,
2-Jul-21,130494,80848,8,Rejected,20:15.0,,,,,,,
2-Jul-21,127011,74724,4,Shipped,20:16.0,,,,,,,
2-Jul-21,129489,49508,9,Rejected,20:21.0,,,,,,,
2-Jul-21,132624,113304,1,Rejected,20:46.0,,,,,,,
2-Jul-21,135336,51828,9,Rejected,21:09.0,,,,,,,
2-Jul-21,138138,41772,5,Shipped,21:27.0,,,,,,,
2-Jul-21,123684,72788,1,Rejected,22:03.0,,,,,,,
2-Jul-21,132219,54080,9,Rejected,22:25.0,,,,,,,
2-Jul-21,128397,59892,8,Rejected,22:35.0,,,,,,,
2-Jul-21,124107,87992,8,Shipped,23:14.0,,,,,,,
2-Jul-21,128751,85212,4,Rejected,23:15.0,,,,,,,
2-Jul-21,130344,73832,9,Shipped,23:21.0,,,,,,,
2-Jul-21,132855,86520,2,Rejected,23:36.0,,,,,,,
2-Jul-21,132858,23140,1,Shipped,24:21.0,,,,,,,
2-Jul-21,120249,38368,1,Shipped,25:02.0,,,,,,,
2-Jul-21,298023,89864,9,Rejected,25:10.0,,,,,,,
2-Jul-21,120525,60804,2,Rejected,25:11.0,,,,,,,
2-Jul-21,137565,21164,1,Shipped,25:18.0,,,,,,,
2-Jul-21,120435,94044,9,Rejected,25:27.0,,,,,,,
2-Jul-21,134574,70808,2,Rejected,25:39.0,,,,,,,
2-Jul-21,127737,108764,9,Shipped,26:07.0,,,,,,,
2-Jul-21,127491,56604,9,Shipped,26:20.0,,,,,,,
2-Jul-21,137289,116560,1,Shipped,26:40.0,,,,,,,
2-Jul-21,124692,80192,3,Rejected,26:44.0,,,,,,,
2-Jul-21,130881,100240,9,Rejected,26:45.0,,,,,,,
2-Jul-21,125880,95600,5,Shipped,26:51.0,,,,,,,
2-Jul-21,122022,101236,1,Rejected,26:55.0,,,,,,,
2-Jul-21,124194,71744,1,Shipped,26:58.0,,,,,,,
2-Jul-21,124647,82228,5,Rejected,27:16.0,,,,,,,
2-Jul-21,136854,64088,2,Shipped,28:04.0,,,,,,,
2-Jul-21,135759,112484,9,Shipped,28:12.0,,,,,,,
2-Jul-21,121815,83784,8,Rejected,28:34.0,,,,,,,
2-Jul-21,132870,47924,1,Shipped,28:58.0,,,,,,,
2-Jul-21,132906,27120,5,Shipped,28:59.0,,,,,,,
2-Jul-21,129141,98392,2,Shipped,29:22.0,,,,,,,
2-Jul-21,127497,76516,8,Rejected,29:35.0,,,,,,,
2-Jul-21,134979,52368,9,Shipped,29:45.0,,,,,,,
2-Jul-21,120405,86692,9,Rejected,29:51.0,,,,,,,
2-Jul-21,126348,91800,1,Rejected,29:53.0,,,,,,,
2-Jul-21,135351,36128,5,Rejected,30:17.0,,,,,,,
2-Jul-21,296928,66328,8,Rejected,30:24.0,,,,,,,
2-Jul-21,120114,54492,5,Rejected,30:50.0,,,,,,,
2-Jul-21,123372,75204,4,Rejected,30:56.0,,,,,,,
2-Jul-21,124302,89344,8,Shipped,31:00.0,,,,,,,
2-Jul-21,134775,28300,5,Rejected,31:14.0,,,,,,,
2-Jul-21,122964,18652,1,Rejected,31:18.0,,,,,,,
2-Jul-21,132954,94300,1,Rejected,31:32.0,,,,,,,
2-Jul-21,126648,30856,1,Shipped,31:45.0,,,,,,,
2-Jul-21,120345,48096,8,Rejected,31:48.0,,,,,,,
2-Jul-21,124650,46944,8,Rejected,31:57.0,,,,,,,
2-Jul-21,123528,104172,9,Shipped,32:20.0,,,,,,,
2-Jul-21,127746,108876,4,Rejected,32:36.0,,,,,,,
2-Jul-21,122412,100408,3,Rejected,33:00.0,,,,,,,
2-Jul-21,127140,103548,8,Rejected,33:05.0,,,,,,,
2-Jul-21,129978,110860,9,Shipped,33:10.0,,,,,,,
2-Jul-21,127437,99596,2,Rejected,33:24.0,,,,,,,
2-Jul-21,128868,88640,4,Shipped,33:24.0,,,,,,,
2-Jul-21,129306,110292,1,Rejected,33:25.0,,,,,,,
2-Jul-21,130752,33992,8,Rejected,33:41.0,,,,,,,
2-Jul-21,122034,96572,4,Shipped,33:51.0,,,,,,,
2-Jul-21,124929,30088,5,Shipped,33:56.0,,,,,,,
2-Jul-21,129225,77336,2,Rejected,34:04.0,,,,,,,
2-Jul-21,124932,105984,9,Shipped,34:23.0,,,,,,,
2-Jul-21,125583,5020,1,Rejected,34:43.0,,,,,,,
2-Jul-21,298107,47924,1,Rejected,34:47.0,,,,,,,
2-Jul-21,127674,49164,9,Rejected,34:52.0,,,,,,,
2-Jul-21,119895,48308,5,Rejected,35:01.0,,,,,,,
2-Jul-21,135072,101728,3,Rejected,35:04.0,,,,,,,
2-Jul-21,136134,116456,3,Rejected,35:16.0,,,,,,,
2-Jul-21,128472,73384,1,Rejected,35:31.0,,,,,,,
2-Jul-21,123534,79532,2,Shipped,35:50.0,,,,,,,
2-Jul-21,133017,97984,5,Shipped,35:50.0,,,,,,,
2-Jul-21,137229,94968,3,Rejected,35:55.0,,,,,,,
2-Jul-21,130533,61960,9,Rejected,35:59.0,,,,,,,
2-Jul-21,136053,91952,4,Shipped,36:04.0,,,,,,,
2-Jul-21,126141,93788,3,Rejected,36:07.0,,,,,,,
2-Jul-21,129045,44684,8,Shipped,36:19.0,,,,,,,
2-Jul-21,135519,43844,9,Shipped,36:35.0,,,,,,,
2-Jul-21,129279,79224,3,Shipped,37:07.0,,,,,,,
2-Jul-21,122517,47444,8,Shipped,37:08.0,,,,,,,
2-Jul-21,122775,74612,4,Shipped,37:10.0,,,,,,,
2-Jul-21,133950,90784,2,Shipped,37:26.0,,,,,,,
2-Jul-21,123552,85212,4,Rejected,37:37.0,,,,,,,
2-Jul-21,129723,58072,5,Shipped,38:09.0,,,,,,,
2-Jul-21,125343,85068,8,Rejected,38:14.0,,,,,,,
2-Jul-21,120300,100488,9,Rejected,38:37.0,,,,,,,
2-Jul-21,134361,73632,3,Shipped,38:49.0,,,,,,,
2-Jul-21,134832,29788,1,Rejected,39:45.0,,,,,,,
2-Jul-21,121377,101688,1,Rejected,39:55.0,,,,,,,
2-Jul-21,125376,44684,8,Rejected,39:56.0,,,,,,,
2-Jul-21,134835,29788,1,Rejected,40:46.0,,,,,,,
2-Jul-21,125346,86976,8,Rejected,40:53.0,,,,,,,
2-Jul-21,297846,202176,9,Rejected,41:27.0,,,,,,,
2-Jul-21,136191,56736,8,Rejected,41:35.0,,,,,,,
2-Jul-21,121833,88632,2,Rejected,41:47.0,,,,,,,
2-Jul-21,135993,55308,1,Rejected,41:55.0,,,,,,,
2-Jul-21,298488,220136,5,Rejected,42:06.0,,,,,,,
2-Jul-21,135930,116360,1,Rejected,42:11.0,,,,,,,
2-Jul-21,135039,115132,9,Rejected,42:13.0,,,,,,,
2-Jul-21,129894,39464,5,Rejected,42:48.0,,,,,,,
2-Jul-21,135126,53792,9,Shipped,43:03.0,,,,,,,
2-Jul-21,126453,79548,9,Shipped,43:46.0,,,,,,,
2-Jul-21,126090,107156,4,Rejected,43:47.0,,,,,,,
2-Jul-21,136896,116732,8,Pending,44:57.0,,,,,,,
2-Jul-21,138261,93204,2,Rejected,45:19.0,,,,,,,
2-Jul-21,136797,62572,1,Shipped,45:40.0,,,,,,,
2-Jul-21,122793,78776,4,Rejected,46:14.0,,,,,,,
2-Jul-21,131466,109536,9,Rejected,47:07.0,,,,,,,
2-Jul-21,297792,179544,10,Shipped,47:10.0,,,,,,,
2-Jul-21,137637,79004,1,Shipped,48:06.0,,,,,,,
2-Jul-21,121731,84968,8,Shipped,48:21.0,,,,,,,
2-Jul-21,137085,64000,5,Rejected,48:38.0,,,,,,,
2-Jul-21,121848,76516,8,Rejected,48:51.0,,,,,,,
2-Jul-21,131064,80152,9,Rejected,49:26.0,,,,,,,
2-Jul-21,131349,101292,5,Rejected,49:40.0,,,,,,,
2-Jul-21,132411,57508,1,Rejected,49:40.0,,,,,,,
2-Jul-21,124725,105688,8,Rejected,49:43.0,,,,,,,
2-Jul-21,129252,38228,1,Rejected,49:45.0,,,,,,,
2-Jul-21,125730,83720,9,Shipped,49:53.0,,,,,,,
2-Jul-21,130770,30960,1,Shipped,49:56.0,,,,,,,
2-Jul-21,121068,66032,2,Shipped,49:59.0,,,,,,,
2-Jul-21,125637,29560,1,Rejected,50:03.0,,,,,,,
2-Jul-21,133977,59064,5,Rejected,50:07.0,,,,,,,
2-Jul-21,134994,27220,1,Rejected,50:08.0,,,,,,,
2-Jul-21,126531,99332,9,Shipped,50:12.0,,,,,,,
2-Jul-21,135225,84612,8,Rejected,50:33.0,,,,,,,
2-Jul-21,135417,77396,1,Shipped,51:13.0,,,,,,,
2-Jul-21,122130,60964,1,Rejected,51:23.0,,,,,,,
2-Jul-21,130827,50524,5,Rejected,51:26.0,,,,,,,
2-Jul-21,129339,48096,8,Rejected,51:42.0,,,,,,,
2-Jul-21,297159,55284,8,Shipped,52:16.0,,,,,,,
2-Jul-21,124728,105688,8,Rejected,52:18.0,,,,,,,
2-Jul-21,135693,60008,1,Rejected,52:21.0,,,,,,,
2-Jul-21,133251,113876,3,Rejected,53:08.0,,,,,,,
2-Jul-21,123846,53228,1,Shipped,53:19.0,,,,,,,
2-Jul-21,125988,106040,3,Rejected,53:53.0,,,,,,,
2-Jul-21,297807,114528,10,Shipped,53:54.0,,,,,,,
2-Jul-21,126168,82296,2,Rejected,54:17.0,,,,,,,
2-Jul-21,136923,49384,9,Shipped,55:02.0,,,,,,,
2-Jul-21,137649,112260,5,Shipped,55:19.0,,,,,,,
2-Jul-21,298233,24144,1,Rejected,55:20.0,,,,,,,
2-Jul-21,120819,81268,4,Shipped,55:31.0,,,,,,,
2-Jul-21,122814,45760,1,Rejected,56:13.0,,,,,,,
2-Jul-21,298524,72080,5,Rejected,56:18.0,,,,,,,
2-Jul-21,120012,84052,4,Rejected,57:20.0,,,,,,,
2-Jul-21,123165,104224,2,Rejected,57:24.0,,,,,,,
2-Jul-21,127083,18572,1,Shipped,57:25.0,,,,,,,
2-Jul-21,124236,22880,1,Shipped,57:30.0,,,,,,,
2-Jul-21,130836,112028,2,Rejected,57:40.0,,,,,,,
2-Jul-21,124947,91512,7,Shipped,57:44.0,,,,,,,
2-Jul-21,128037,109184,1,Rejected,58:03.0,,,,,,,
2-Jul-21,136023,75252,2,Rejected,58:10.0,,,,,,,
2-Jul-21,134151,114564,3,Shipped,58:12.0,,,,,,,
2-Jul-21,125007,26460,1,Shipped,58:17.0,,,,,,,
2-Jul-21,123255,89896,4,Rejected,58:51.0,,,,,,,
2-Jul-21,120360,76672,8,Rejected,59:37.0,,,,,,,
3-Jul-21,128727,61856,8,Rejected,00:24.0,,,,,,,
3-Jul-21,124683,56860,8,Shipped,00:39.0,,,,,,,
3-Jul-21,121635,20984,1,Shipped,00:44.0,,,,,,,
3-Jul-21,136086,55952,8,Shipped,01:05.0,,,,,,,
3-Jul-21,129192,23972,1,Rejected,01:29.0,,,,,,,
3-Jul-21,135786,77848,4,Shipped,01:35.0,,,,,,,
3-Jul-21,124803,21380,1,Shipped,01:39.0,,,,,,,
3-Jul-21,129915,80152,9,Rejected,02:08.0,,,,,,,
3-Jul-21,133032,23272,1,Shipped,02:09.0,,,,,,,
3-Jul-21,137268,30500,1,Shipped,02:14.0,,,,,,,
3-Jul-21,134067,86720,4,Shipped,02:17.0,,,,,,,
3-Jul-21,297006,211664,2,Rejected,02:27.0,,,,,,,
3-Jul-21,119877,40476,1,Rejected,02:43.0,,,,,,,
3-Jul-21,122541,88632,2,Rejected,02:59.0,,,,,,,
3-Jul-21,129651,44816,1,Rejected,03:38.0,,,,,,,
3-Jul-21,124332,105424,1,Rejected,03:58.0,,,,,,,
3-Jul-21,124383,54484,5,Rejected,04:34.0,,,,,,,
3-Jul-21,122226,100480,2,Rejected,04:52.0,,,,,,,
3-Jul-21,120018,20908,1,Shipped,05:13.0,,,,,,,
3-Jul-21,135429,114444,8,Rejected,05:14.0,,,,,,,
3-Jul-21,131844,29788,1,Rejected,05:39.0,,,,,,,
3-Jul-21,137895,58804,7,Shipped,06:04.0,,,,,,,
3-Jul-21,132774,108752,1,Shipped,06:40.0,,,,,,,
3-Jul-21,122544,64236,9,Rejected,06:43.0,,,,,,,
3-Jul-21,131526,112420,8,Rejected,07:00.0,,,,,,,
3-Jul-21,138114,114444,8,Shipped,07:09.0,,,,,,,
3-Jul-21,128235,51000,2,Shipped,07:23.0,,,,,,,
3-Jul-21,298290,74448,4,Rejected,07:41.0,,,,,,,
3-Jul-21,131172,56352,1,Rejected,08:08.0,,,,,,,
3-Jul-21,136536,105852,3,Rejected,08:10.0,,,,,,,
3-Jul-21,137676,96400,3,Rejected,08:30.0,,,,,,,
3-Jul-21,298239,207632,8,Rejected,08:38.0,,,,,,,
3-Jul-21,123045,53788,1,Rejected,08:40.0,,,,,,,
3-Jul-21,136200,35268,1,Shipped,08:43.0,,,,,,,
3-Jul-21,134295,110628,1,Rejected,08:44.0,,,,,,,
3-Jul-21,298455,93876,9,Shipped,08:48.0,,,,,,,
3-Jul-21,122580,94104,3,Rejected,08:59.0,,,,,,,
3-Jul-21,121785,92876,4,Shipped,09:17.0,,,,,,,
3-Jul-21,132363,45916,8,Shipped,09:18.0,,,,,,,
3-Jul-21,120237,78008,9,Rejected,09:55.0,,,,,,,
3-Jul-21,134757,88920,3,Rejected,10:10.0,,,,,,,
3-Jul-21,123210,71616,3,Rejected,10:34.0,,,,,,,
3-Jul-21,125928,106948,9,Shipped,11:02.0,,,,,,,
3-Jul-21,120363,79652,8,Rejected,11:05.0,,,,,,,
3-Jul-21,297120,6224,1,Shipped,11:16.0,,,,,,,
3-Jul-21,133212,40268,5,Shipped,11:18.0,,,,,,,
3-Jul-21,129660,19076,1,Shipped,11:58.0,,,,,,,
3-Jul-21,120501,62468,1,Rejected,12:04.0,,,,,,,
3-Jul-21,127314,73452,2,Rejected,12:16.0,,,,,,,
3-Jul-21,127938,76516,8,Rejected,12:38.0,,,,,,,
3-Jul-21,128385,45764,8,Shipped,12:58.0,,,,,,,
3-Jul-21,133545,43824,9,Rejected,12:58.0,,,,,,,
3-Jul-21,126705,95156,1,Rejected,13:05.0,,,,,,,
3-Jul-21,298323,87088,1,Rejected,13:13.0,,,,,,,
3-Jul-21,130665,61252,9,Rejected,13:14.0,,,,,,,
3-Jul-21,128844,109808,1,Rejected,13:16.0,,,,,,,
3-Jul-21,126708,77508,2,Rejected,13:21.0,,,,,,,
3-Jul-21,138066,117940,5,Rejected,13:40.0,,,,,,,
3-Jul-21,137556,21164,1,Rejected,13:41.0,,,,,,,
3-Jul-21,296862,42472,5,Shipped,14:08.0,,,,,,,
3-Jul-21,130596,57004,9,Rejected,14:20.0,,,,,,,
3-Jul-21,135321,6884,1,Rejected,14:56.0,,,,,,,
3-Jul-21,121419,101884,9,Rejected,14:58.0,,,,,,,
3-Jul-21,135795,97116,9,Shipped,15:20.0,,,,,,,
3-Jul-21,125184,77900,2,Rejected,15:32.0,,,,,,,
3-Jul-21,134232,94600,9,Shipped,15:41.0,,,,,,,
3-Jul-21,136209,78040,1,Rejected,15:49.0,,,,,,,
3-Jul-21,297360,162080,9,Shipped,16:25.0,,,,,,,
3-Jul-21,133713,84612,8,Rejected,16:28.0,,,,,,,
3-Jul-21,122589,49952,8,Rejected,16:38.0,,,,,,,
3-Jul-21,133719,53700,5,Rejected,17:11.0,,,,,,,
3-Jul-21,132846,56000,8,Rejected,17:26.0,,,,,,,
3-Jul-21,129618,8300,1,Rejected,17:29.0,,,,,,,
3-Jul-21,131400,72272,1,Rejected,17:45.0,,,,,,,
3-Jul-21,136383,99336,3,Rejected,17:53.0,,,,,,,
3-Jul-21,135333,96032,8,Rejected,17:59.0,,,,,,,
3-Jul-21,131931,112620,9,Shipped,18:16.0,,,,,,,
3-Jul-21,134394,113968,8,Shipped,18:24.0,,,,,,,
3-Jul-21,130212,65044,8,Rejected,18:28.0,,,,,,,
3-Jul-21,131190,86256,1,Shipped,18:43.0,,,,,,,
3-Jul-21,297969,191860,1,Rejected,18:44.0,,,,,,,
3-Jul-21,129621,38440,1,Shipped,18:54.0,,,,,,,
3-Jul-21,132621,113328,1,Rejected,19:08.0,,,,,,,
3-Jul-21,135756,50380,8,Shipped,19:18.0,,,,,,,
3-Jul-21,127485,108728,1,Rejected,19:31.0,,,,,,,
3-Jul-21,122637,84612,8,Rejected,19:39.0,,,,,,,
3-Jul-21,125328,33468,5,Rejected,19:49.0,,,,,,,
3-Jul-21,122706,38144,8,Shipped,19:54.0,,,,,,,
3-Jul-21,122763,97712,8,Shipped,20:51.0,,,,,,,
3-Jul-21,125787,32884,5,Rejected,21:02.0,,,,,,,
3-Jul-21,122553,43408,8,Rejected,21:04.0,,,,,,,
3-Jul-21,119976,54624,1,Shipped,21:10.0,,,,,,,
3-Jul-21,120651,38228,1,Shipped,21:35.0,,,,,,,
3-Jul-21,136434,54588,8,Rejected,21:39.0,,,,,,,
3-Jul-21,134931,82296,2,Rejected,21:53.0,,,,,,,
3-Jul-21,296733,71616,10,Rejected,22:05.0,,,,,,,
3-Jul-21,132852,97632,3,Rejected,22:29.0,,,,,,,
3-Jul-21,130599,105456,2,Shipped,22:52.0,,,,,,,
3-Jul-21,137793,94968,3,Rejected,22:57.0,,,,,,,
3-Jul-21,126918,44628,9,Shipped,23:25.0,,,,,,,
3-Jul-21,132717,64088,2,Shipped,23:30.0,,,,,,,
3-Jul-21,130449,30804,1,Shipped,23:54.0,,,,,,,
3-Jul-21,125613,66644,3,Shipped,23:55.0,,,,,,,
3-Jul-21,134511,22292,1,Shipped,23:58.0,,,,,,,
3-Jul-21,133872,66016,3,Rejected,23:59.0,,,,,,,
3-Jul-21,132939,94300,1,Rejected,24:36.0,,,,,,,
3-Jul-21,120654,45816,8,Rejected,24:43.0,,,,,,,
3-Jul-21,298170,133960,5,Rejected,24:43.0,,,,,,,
3-Jul-21,120030,59860,3,Shipped,25:18.0,,,,,,,
3-Jul-21,126639,107860,5,Rejected,25:51.0,,,,,,,
3-Jul-21,131262,24824,1,Shipped,26:00.0,,,,,,,
3-Jul-21,136851,108468,9,Rejected,26:16.0,,,,,,,
3-Jul-21,120057,84652,2,Rejected,26:20.0,,,,,,,
3-Jul-21,298278,184228,5,Rejected,26:21.0,,,,,,,
3-Jul-21,132861,41076,1,Shipped,26:24.0,,,,,,,
3-Jul-21,129852,38796,1,Rejected,26:43.0,,,,,,,
3-Jul-21,137937,70412,3,Rejected,26:48.0,,,,,,,
3-Jul-21,136971,112208,1,Rejected,26:51.0,,,,,,,
3-Jul-21,126021,75436,2,Rejected,27:00.0,,,,,,,
3-Jul-21,123366,97616,4,Rejected,27:23.0,,,,,,,
3-Jul-21,137799,86976,8,Shipped,27:24.0,,,,,,,
3-Jul-21,298281,184228,5,Rejected,28:13.0,,,,,,,
3-Jul-21,137802,56352,1,Shipped,28:22.0,,,,,,,
3-Jul-21,132867,41076,1,Rejected,28:55.0,,,,,,,
3-Jul-21,137214,61944,8,Pending,28:58.0,,,,,,,
3-Jul-21,130473,62276,3,Shipped,29:23.0,,,,,,,
3-Jul-21,132282,56656,8,Shipped,29:28.0,,,,,,,
3-Jul-21,134700,18572,1,Rejected,29:39.0,,,,,,,
3-Jul-21,124701,98600,3,Rejected,29:43.0,,,,,,,
3-Jul-21,137217,49248,9,Rejected,30:12.0,,,,,,,
3-Jul-21,137952,116936,4,Rejected,30:22.0,,,,,,,
3-Jul-21,133404,45196,8,Shipped,30:47.0,,,,,,,
3-Jul-21,297237,47484,8,Shipped,30:50.0,,,,,,,
3-Jul-21,133164,33328,1,Rejected,30:52.0,,,,,,,
3-Jul-21,136776,116700,9,Rejected,31:01.0,,,,,,,
3-Jul-21,125580,56496,8,Shipped,31:39.0,,,,,,,
3-Jul-21,128085,73692,8,Shipped,31:41.0,,,,,,,
3-Jul-21,122256,20868,1,Shipped,31:48.0,,,,,,,
3-Jul-21,129039,72272,1,Rejected,32:32.0,,,,,,,
3-Jul-21,125688,42392,1,Rejected,32:48.0,,,,,,,
3-Jul-21,135510,28300,5,Shipped,33:11.0,,,,,,,
3-Jul-21,127671,49164,9,Rejected,33:15.0,,,,,,,
3-Jul-21,297276,181636,3,Rejected,33:19.0,,,,,,,
3-Jul-21,136548,44544,8,Shipped,33:29.0,,,,,,,
3-Jul-21,120252,77900,2,Shipped,33:31.0,,,,,,,
3-Jul-21,138090,21844,1,Shipped,33:45.0,,,,,,,
3-Jul-21,120444,53744,1,Shipped,33:52.0,,,,,,,
3-Jul-21,133290,46576,5,Shipped,34:25.0,,,,,,,
3-Jul-21,134712,96268,1,Shipped,34:26.0,,,,,,,
3-Jul-21,125514,69448,9,Rejected,34:44.0,,,,,,,
3-Jul-21,126198,84144,8,Rejected,34:50.0,,,,,,,
3-Jul-21,121179,101264,3,Rejected,35:14.0,,,,,,,
3-Jul-21,133770,71516,1,Rejected,35:15.0,,,,,,,
3-Jul-21,135357,26132,1,Shipped,35:19.0,,,,,,,
3-Jul-21,137808,91112,3,Rejected,35:30.0,,,,,,,
3-Jul-21,133773,64276,8,Shipped,35:37.0,,,,,,,
3-Jul-21,130353,55308,1,Shipped,35:47.0,,,,,,,
3-Jul-21,127023,63092,4,Shipped,35:58.0,,,,,,,
3-Jul-21,124491,90392,2,Shipped,36:14.0,,,,,,,
3-Jul-21,127026,44764,1,Shipped,36:44.0,,,,,,,
3-Jul-21,298143,47924,1,Shipped,36:58.0,,,,,,,
3-Jul-21,121005,97116,9,Rejected,37:09.0,,,,,,,
3-Jul-21,137736,117660,3,Rejected,37:45.0,,,,,,,
3-Jul-21,128352,91536,7,Shipped,37:52.0,,,,,,,
3-Jul-21,127572,87352,1,Shipped,38:19.0,,,,,,,
3-Jul-21,125373,29844,5,Rejected,38:21.0,,,,,,,
3-Jul-21,136458,116544,3,Rejected,38:39.0,,,,,,,
3-Jul-21,297780,45616,1,Rejected,38:41.0,,,,,,,
3-Jul-21,129858,110452,1,Rejected,38:47.0,,,,,,,
3-Jul-21,124833,57084,8,Rejected,39:00.0,,,,,,,
3-Jul-21,138021,95816,2,Shipped,39:03.0,,,,,,,
3-Jul-21,130305,18704,1,Shipped,39:13.0,,,,,,,
3-Jul-21,134463,24036,1,Rejected,39:47.0,,,,,,,
3-Jul-21,119898,48308,5,Rejected,39:56.0,,,,,,,
3-Jul-21,120618,80428,1,Shipped,40:01.0,,,,,,,
3-Jul-21,131694,77164,5,Rejected,40:09.0,,,,,,,
3-Jul-21,134283,114748,2,Rejected,40:54.0,,,,,,,
3-Jul-21,119997,1640,1,Shipped,40:55.0,,,,,,,
3-Jul-21,127038,107912,2,Rejected,41:15.0,,,,,,,
3-Jul-21,136710,99336,3,Shipped,41:33.0,,,,,,,
3-Jul-21,136140,106864,2,Shipped,41:51.0,,,,,,,
3-Jul-21,132336,98156,2,Rejected,41:53.0,,,,,,,
3-Jul-21,120459,1520,1,Rejected,41:58.0,,,,,,,
3-Jul-21,135678,116088,4,Rejected,42:08.0,,,,,,,
3-Jul-21,131292,46024,1,Rejected,42:17.0,,,,,,,
3-Jul-21,123192,71116,9,Rejected,42:22.0,,,,,,,
3-Jul-21,298218,183148,10,Rejected,42:40.0,,,,,,,
3-Jul-21,133302,56144,8,Rejected,42:41.0,,,,,,,
3-Jul-21,297447,163632,1,Shipped,42:44.0,,,,,,,
3-Jul-21,126279,107468,1,Rejected,43:21.0,,,,,,,
3-Jul-21,129165,23972,1,Shipped,43:57.0,,,,,,,
3-Jul-21,138258,99320,2,Rejected,44:25.0,,,,,,,
3-Jul-21,132564,90240,3,Shipped,44:54.0,,,,,,,
3-Jul-21,135996,38440,1,Shipped,45:01.0,,,,,,,
3-Jul-21,297192,21508,1,Shipped,45:24.0,,,,,,,
3-Jul-21,121725,99356,5,Rejected,45:35.0,,,,,,,
3-Jul-21,134523,46536,5,Rejected,45:42.0,,,,,,,
3-Jul-21,125394,94780,9,Rejected,46:18.0,,,,,,,
3-Jul-21,133623,86256,1,Rejected,46:37.0,,,,,,,
3-Jul-21,128775,85868,9,Rejected,46:51.0,,,,,,,
3-Jul-21,128718,109720,7,Rejected,47:09.0,,,,,,,
3-Jul-21,138102,45136,9,Rejected,47:09.0,,,,,,,
3-Jul-21,122913,74568,8,Shipped,47:58.0,,,,,,,
3-Jul-21,297336,112644,2,Shipped,48:59.0,,,,,,,
3-Jul-21,130986,34044,5,Shipped,49:52.0,,,,,,,
3-Jul-21,127764,97920,9,Rejected,50:18.0,,,,,,,
3-Jul-21,136734,116912,4,Shipped,50:20.0,,,,,,,
3-Jul-21,136152,20936,1,Rejected,50:27.0,,,,,,,
3-Jul-21,297255,24864,1,Rejected,50:27.0,,,,,,,
3-Jul-21,125589,18632,1,Shipped,50:31.0,,,,,,,
3-Jul-21,127818,42120,8,Rejected,50:41.0,,,,,,,
3-Jul-21,138483,118072,3,Shipped,50:45.0,,,,,,,
3-Jul-21,127071,76400,5,Rejected,50:52.0,,,,,,,
3-Jul-21,128784,109944,3,Rejected,51:51.0,,,,,,,
3-Jul-21,131700,46856,8,Shipped,53:04.0,,,,,,,
3-Jul-21,298521,220448,1,Rejected,53:17.0,,,,,,,
3-Jul-21,137754,76092,1,Rejected,53:20.0,,,,,,,
3-Jul-21,123801,45252,8,Shipped,53:22.0,,,,,,,
3-Jul-21,296994,45616,1,Shipped,53:26.0,,,,,,,
3-Jul-21,136914,116996,8,Shipped,53:27.0,,,,,,,
3-Jul-21,125472,45616,1,Shipped,53:37.0,,,,,,,
3-Jul-21,122058,79652,8,Shipped,53:42.0,,,,,,,
3-Jul-21,124368,104736,9,Shipped,53:47.0,,,,,,,
3-Jul-21,136377,112320,2,Rejected,53:50.0,,,,,,,
3-Jul-21,130119,104936,8,Rejected,54:20.0,,,,,,,
3-Jul-21,126966,94468,4,Shipped,54:37.0,,,,,,,
3-Jul-21,129513,77848,4,Rejected,55:07.0,,,,,,,
3-Jul-21,136017,55308,1,Shipped,55:49.0,,,,,,,
3-Jul-21,129186,58824,8,Shipped,55:50.0,,,,,,,
3-Jul-21,129468,96744,8,Shipped,56:01.0,,,,,,,
3-Jul-21,297108,58340,11,Rejected,56:15.0,,,,,,,
3-Jul-21,129909,39464,5,Rejected,56:40.0,,,,,,,
3-Jul-21,126312,53700,5,Rejected,57:38.0,,,,,,,
3-Jul-21,136569,59404,8,Shipped,58:09.0,,,,,,,
3-Jul-21,127086,7812,1,Shipped,58:13.0,,,,,,,
3-Jul-21,120483,53096,8,Rejected,58:43.0,,,,,,,
3-Jul-21,125061,2712,1,Shipped,59:17.0,,,,,,,
4-Jul-21,120882,100924,2,Rejected,00:11.0,,,,,,,
4-Jul-21,135891,109424,1,Rejected,00:44.0,,,,,,,
4-Jul-21,136527,47128,5,Rejected,00:47.0,,,,,,,
4-Jul-21,122823,60988,2,Rejected,00:50.0,,,,,,,
4-Jul-21,128652,86112,8,Rejected,01:03.0,,,,,,,
4-Jul-21,125859,39500,1,Shipped,01:13.0,,,,,,,
4-Jul-21,137838,53008,8,Shipped,01:17.0,,,,,,,
4-Jul-21,120600,26228,1,Rejected,01:53.0,,,,,,,
4-Jul-21,125010,29560,1,Shipped,02:00.0,,,,,,,
4-Jul-21,124245,99052,9,Rejected,02:10.0,,,,,,,
4-Jul-21,133860,76172,4,Rejected,02:25.0,,,,,,,
4-Jul-21,130434,81268,4,Rejected,02:26.0,,,,,,,
4-Jul-21,123495,43408,8,Shipped,02:36.0,,,,,,,
4-Jul-21,120393,97476,3,Rejected,03:06.0,,,,,,,
4-Jul-21,123033,53008,8,Shipped,03:28.0,,,,,,,
4-Jul-21,125745,83780,5,Rejected,03:50.0,,,,,,,
4-Jul-21,124953,75464,3,Shipped,03:53.0,,,,,,,
4-Jul-21,127257,19404,1,Shipped,04:15.0,,,,,,,
4-Jul-21,133023,77732,4,Rejected,04:22.0,,,,,,,
4-Jul-21,138285,95816,2,Rejected,04:42.0,,,,,,,
4-Jul-21,135384,86624,9,Shipped,04:49.0,,,,,,,
4-Jul-21,126183,81860,4,Rejected,05:06.0,,,,,,,
4-Jul-21,128229,76092,1,Rejected,05:08.0,,,,,,,
4-Jul-21,130680,71400,1,Rejected,05:25.0,,,,,,,
4-Jul-21,132603,63316,2,Shipped,05:32.0,,,,,,,
4-Jul-21,133596,50308,7,Rejected,05:42.0,,,,,,,
4-Jul-21,132510,113188,9,Rejected,06:02.0,,,,,,,
4-Jul-21,132771,19056,1,Shipped,06:28.0,,,,,,,
4-Jul-21,120396,47592,8,Rejected,06:29.0,,,,,,,
4-Jul-21,132249,49472,8,Rejected,06:54.0,,,,,,,
4-Jul-21,121680,60552,2,Shipped,07:05.0,,,,,,,
4-Jul-21,132441,34460,1,Shipped,07:12.0,,,,,,,
4-Jul-21,128298,20868,1,Shipped,07:47.0,,,,,,,
4-Jul-21,133815,29264,1,Rejected,07:51.0,,,,,,,
4-Jul-21,297117,219896,1,Rejected,07:52.0,,,,,,,
4-Jul-21,123039,85712,5,Rejected,07:53.0,,,,,,,
4-Jul-21,138117,64480,4,Shipped,08:19.0,,,,,,,
4-Jul-21,136944,55828,8,Shipped,08:23.0,,,,,,,
4-Jul-21,122295,91916,3,Rejected,08:45.0,,,,,,,
4-Jul-21,129201,53140,8,Shipped,09:03.0,,,,,,,
4-Jul-21,127305,30700,1,Shipped,09:10.0,,,,,,,
4-Jul-21,126807,84240,1,Shipped,09:28.0,,,,,,,
4-Jul-21,126294,44088,8,Rejected,09:46.0,,,,,,,
4-Jul-21,133992,72272,1,Rejected,10:22.0,,,,,,,
4-Jul-21,129522,110568,4,Shipped,10:31.0,,,,,,,
4-Jul-21,129528,30020,1,Shipped,11:10.0,,,,,,,
4-Jul-21,130068,72740,1,Shipped,11:11.0,,,,,,,
4-Jul-21,132213,111880,1,Rejected,11:17.0,,,,,,,
4-Jul-21,122085,90340,9,Rejected,11:38.0,,,,,,,
4-Jul-21,135249,60716,8,Rejected,12:07.0,,,,,,,
4-Jul-21,129111,20868,1,Rejected,12:10.0,,,,,,,
4-Jul-21,120096,98592,1,Rejected,12:15.0,,,,,,,
4-Jul-21,134499,112100,1,Rejected,12:18.0,,,,,,,
4-Jul-21,125019,23048,1,Shipped,12:26.0,,,,,,,
4-Jul-21,127596,22160,1,Shipped,12:42.0,,,,,,,
4-Jul-21,120270,82980,8,Rejected,13:13.0,,,,,,,
4-Jul-21,121515,60420,1,Rejected,13:17.0,,,,,,,
4-Jul-21,297072,19256,1,Shipped,13:19.0,,,,,,,
4-Jul-21,136380,99336,3,Rejected,13:42.0,,,,,,,
4-Jul-21,298416,189956,9,Shipped,14:14.0,,,,,,,
4-Jul-21,132369,85968,2,Shipped,14:20.0,,,,,,,
4-Jul-21,121905,98156,2,Rejected,14:28.0,,,,,,,
4-Jul-21,127107,62276,3,Rejected,14:48.0,,,,,,,
4-Jul-21,125325,30784,5,Rejected,14:55.0,,,,,,,
4-Jul-21,135195,105316,9,Shipped,15:00.0,,,,,,,
4-Jul-21,128241,109184,1,Rejected,15:23.0,,,,,,,
4-Jul-21,134562,31832,5,Rejected,15:43.0,,,,,,,
4-Jul-21,120150,59904,8,Rejected,15:48.0,,,,,,,
4-Jul-21,125772,84968,8,Shipped,16:12.0,,,,,,,
4-Jul-21,132015,20436,1,Rejected,16:13.0,,,,,,,
4-Jul-21,122631,69936,8,Rejected,16:34.0,,,,,,,
4-Jul-21,121134,86884,5,Rejected,16:46.0,,,,,,,
4-Jul-21,132135,78208,2,Rejected,17:03.0,,,,,,,
4-Jul-21,129294,67972,3,Rejected,17:33.0,,,,,,,
4-Jul-21,120750,1600,1,Rejected,18:16.0,,,,,,,
4-Jul-21,134178,112768,1,Rejected,18:40.0,,,,,,,
4-Jul-21,297132,219888,10,Rejected,18:43.0,,,,,,,
4-Jul-21,120024,41728,8,Rejected,18:57.0,,,,,,,
4-Jul-21,132453,89344,8,Rejected,19:08.0,,,,,,,
4-Jul-21,125304,44260,8,Rejected,19:13.0,,,,,,,
4-Jul-21,126057,106860,2,Rejected,19:13.0,,,,,,,
4-Jul-21,135459,17180,1,Rejected,19:13.0,,,,,,,
4-Jul-21,133152,113748,8,Rejected,19:16.0,,,,,,,
4-Jul-21,120510,100820,1,Rejected,19:23.0,,,,,,,
4-Jul-21,120906,42248,8,Rejected,19:37.0,,,,,,,
4-Jul-21,132138,49472,8,Rejected,19:44.0,,,,,,,
4-Jul-21,130152,107648,5,Rejected,19:53.0,,,,,,,
4-Jul-21,131004,66000,9,Rejected,20:20.0,,,,,,,
4-Jul-21,128700,54684,9,Rejected,20:48.0,,,,,,,
4-Jul-21,132627,99180,9,Rejected,20:49.0,,,,,,,
4-Jul-21,125571,50968,9,Shipped,21:05.0,,,,,,,
4-Jul-21,132027,68864,2,Shipped,21:06.0,,,,,,,
4-Jul-21,137922,96532,3,Rejected,21:19.0,,,,,,,
4-Jul-21,133644,112320,2,Rejected,22:00.0,,,,,,,
4-Jul-21,120756,26468,1,Shipped,22:16.0,,,,,,,
4-Jul-21,128175,37092,1,Shipped,22:16.0,,,,,,,
4-Jul-21,120303,92784,3,Rejected,22:32.0,,,,,,,
4-Jul-21,129276,19404,1,Shipped,22:48.0,,,,,,,
4-Jul-21,298020,191860,1,Rejected,22:52.0,,,,,,,
4-Jul-21,138498,117792,1,Rejected,22:59.0,,,,,,,
4-Jul-21,138150,73648,3,Rejected,23:19.0,,,,,,,
4-Jul-21,124110,54880,8,Rejected,24:01.0,,,,,,,
4-Jul-21,137931,114508,8,Shipped,24:17.0,,,,,,,
4-Jul-21,137691,28732,1,Shipped,24:46.0,,,,,,,
4-Jul-21,134340,83628,3,Shipped,24:50.0,,,,,,,
4-Jul-21,135915,29788,1,Shipped,24:51.0,,,,,,,
4-Jul-21,126924,28820,1,Shipped,25:07.0,,,,,,,
4-Jul-21,130581,92036,8,Rejected,25:13.0,,,,,,,
4-Jul-21,123171,13156,2,Rejected,25:28.0,,,,,,,
4-Jul-21,126636,73340,1,Shipped,25:41.0,,,,,,,
4-Jul-21,124113,52032,8,Shipped,25:51.0,,,,,,,
4-Jul-21,131745,83736,8,Pending,26:42.0,,,,,,,
4-Jul-21,128547,30956,1,Shipped,27:04.0,,,,,,,
4-Jul-21,138417,36016,1,Rejected,28:03.0,,,,,,,
4-Jul-21,296886,187352,5,Rejected,28:09.0,,,,,,,
4-Jul-21,133767,73188,1,Shipped,28:19.0,,,,,,,
4-Jul-21,136179,113884,4,Shipped,28:22.0,,,,,,,
4-Jul-21,137295,114012,3,Rejected,28:24.0,,,,,,,
4-Jul-21,131679,59936,9,Rejected,29:09.0,,,,,,,
4-Jul-21,121821,102428,1,Rejected,29:26.0,,,,,,,
4-Jul-21,134937,113520,8,Rejected,29:49.0,,,,,,,
4-Jul-21,128205,48176,9,Rejected,30:07.0,,,,,,,
4-Jul-21,134589,44812,9,Shipped,30:35.0,,,,,,,
4-Jul-21,131274,37488,5,Rejected,30:37.0,,,,,,,
4-Jul-21,137625,25756,1,Rejected,30:40.0,,,,,,,
4-Jul-21,297891,111340,9,Rejected,30:51.0,,,,,,,
4-Jul-21,120276,56736,8,Rejected,31:00.0,,,,,,,
4-Jul-21,133671,41840,8,Rejected,31:29.0,,,,,,,
4-Jul-21,132726,63996,2,Shipped,31:39.0,,,,,,,
4-Jul-21,297147,173268,2,Shipped,31:44.0,,,,,,,
4-Jul-21,125256,85712,5,Rejected,32:27.0,,,,,,,
4-Jul-21,124053,87992,8,Rejected,32:53.0,,,,,,,
4-Jul-21,126762,107912,2,Rejected,33:11.0,,,,,,,
4-Jul-21,124989,91152,1,Shipped,33:51.0,,,,,,,
4-Jul-21,123939,80780,9,Shipped,33:57.0,,,,,,,
4-Jul-21,297240,32756,5,Shipped,34:19.0,,,,,,,
4-Jul-21,123279,98620,3,Rejected,34:31.0,,,,,,,
4-Jul-21,126195,35268,1,Shipped,34:38.0,,,,,,,
4-Jul-21,124347,29388,5,Shipped,34:39.0,,,,,,,
4-Jul-21,136440,91172,9,Shipped,34:55.0,,,,,,,
4-Jul-21,129699,78988,1,Shipped,35:00.0,,,,,,,
4-Jul-21,120699,35144,1,Shipped,35:35.0,,,,,,,
4-Jul-21,298476,38536,1,Rejected,35:40.0,,,,,,,
4-Jul-21,297726,88188,5,Rejected,35:43.0,,,,,,,
4-Jul-21,127377,108312,2,Rejected,36:02.0,,,,,,,
4-Jul-21,121752,42248,8,Rejected,36:25.0,,,,,,,
4-Jul-21,133053,46312,8,Rejected,37:14.0,,,,,,,
4-Jul-21,298197,27188,1,Rejected,37:23.0,,,,,,,
4-Jul-21,121059,90308,1,Shipped,37:53.0,,,,,,,
4-Jul-21,132291,111968,9,Rejected,38:03.0,,,,,,,
4-Jul-21,138186,49168,1,Shipped,38:16.0,,,,,,,
4-Jul-21,297903,186708,3,Rejected,38:19.0,,,,,,,
4-Jul-21,121761,84992,8,Rejected,38:47.0,,,,,,,
4-Jul-21,128964,38752,1,Shipped,38:56.0,,,,,,,
4-Jul-21,131691,98156,2,Rejected,39:10.0,,,,,,,
4-Jul-21,137247,108040,8,Shipped,39:15.0,,,,,,,
4-Jul-21,120765,81024,8,Rejected,39:29.0,,,,,,,
4-Jul-21,122520,47444,8,Rejected,39:31.0,,,,,,,
4-Jul-21,121584,102124,9,Rejected,40:11.0,,,,,,,
4-Jul-21,123162,62328,8,Rejected,40:29.0,,,,,,,
4-Jul-21,133485,58824,8,Rejected,40:30.0,,,,,,,
4-Jul-21,297324,162996,2,Pending,40:34.0,,,,,,,
4-Jul-21,127989,100036,9,Rejected,40:47.0,,,,,,,
4-Jul-21,134955,51000,2,Shipped,40:50.0,,,,,,,
4-Jul-21,298428,119024,2,Shipped,41:56.0,,,,,,,
4-Jul-21,134838,29788,1,Rejected,41:58.0,,,,,,,
4-Jul-21,130623,38228,1,Shipped,42:47.0,,,,,,,
4-Jul-21,137820,72600,3,Rejected,43:25.0,,,,,,,
4-Jul-21,126000,27140,5,Rejected,43:28.0,,,,,,,
4-Jul-21,128643,70620,3,Shipped,43:30.0,,,,,,,
4-Jul-21,125220,51160,8,Rejected,43:32.0,,,,,,,
4-Jul-21,121434,101900,3,Rejected,43:34.0,,,,,,,
4-Jul-21,122910,54516,1,Shipped,43:37.0,,,,,,,
4-Jul-21,130245,111164,4,Rejected,43:49.0,,,,,,,
4-Jul-21,127935,58676,1,Rejected,44:10.0,,,,,,,
4-Jul-21,129309,46760,5,Rejected,44:32.0,,,,,,,
4-Jul-21,137469,22632,1,Shipped,44:51.0,,,,,,,
4-Jul-21,126597,93876,9,Rejected,45:03.0,,,,,,,
4-Jul-21,133062,113568,9,Rejected,45:31.0,,,,,,,
4-Jul-21,123285,35628,1,Rejected,45:42.0,,,,,,,
4-Jul-21,298113,160080,4,Rejected,45:45.0,,,,,,,
4-Jul-21,130764,111944,2,Rejected,47:15.0,,,,,,,
4-Jul-21,296781,213836,2,Shipped,47:42.0,,,,,,,
4-Jul-21,137412,2840,1,Shipped,48:06.0,,,,,,,
4-Jul-21,131895,85600,8,Shipped,48:45.0,,,,,,,
4-Jul-21,134532,34652,5,Shipped,48:55.0,,,,,,,
4-Jul-21,135414,77396,1,Rejected,48:55.0,,,,,,,
4-Jul-21,130983,35700,5,Shipped,49:07.0,,,,,,,
4-Jul-21,135684,53088,1,Shipped,49:07.0,,,,,,,
4-Jul-21,120813,67880,3,Rejected,49:23.0,,,,,,,
4-Jul-21,137640,112260,5,Rejected,49:29.0,,,,,,,
4-Jul-21,129396,77700,2,Rejected,49:32.0,,,,,,,
4-Jul-21,136731,41248,8,Shipped,49:36.0,,,,,,,
4-Jul-21,132081,77508,2,Rejected,49:44.0,,,,,,,
4-Jul-21,123012,94160,4,Shipped,50:06.0,,,,,,,
4-Jul-21,121530,101676,2,Rejected,50:18.0,,,,,,,
4-Jul-21,120939,61384,9,Shipped,50:38.0,,,,,,,
4-Jul-21,133566,47592,8,Shipped,50:41.0,,,,,,,
4-Jul-21,136911,50788,8,Rejected,50:52.0,,,,,,,
4-Jul-21,127287,74092,8,Rejected,51:01.0,,,,,,,
4-Jul-21,121287,97216,2,Rejected,51:14.0,,,,,,,
4-Jul-21,130047,107860,5,Rejected,51:14.0,,,,,,,
4-Jul-21,134622,26460,1,Shipped,51:20.0,,,,,,,
4-Jul-21,125379,69160,3,Rejected,52:06.0,,,,,,,
4-Jul-21,127869,35676,1,Rejected,52:10.0,,,,,,,
4-Jul-21,127458,80516,3,Rejected,52:30.0,,,,,,,
4-Jul-21,130719,78492,8,Rejected,52:39.0,,,,,,,
4-Jul-21,121320,90444,3,Rejected,52:56.0,,,,,,,
4-Jul-21,127527,46480,8,Shipped,53:09.0,,,,,,,
4-Jul-21,136245,32980,5,Shipped,53:19.0,,,,,,,
4-Jul-21,121866,53008,8,Rejected,53:27.0,,,,,,,
4-Jul-21,120354,87136,8,Rejected,53:59.0,,,,,,,
4-Jul-21,123852,51508,5,Shipped,53:59.0,,,,,,,
4-Jul-21,130116,107648,5,Rejected,54:05.0,,,,,,,
4-Jul-21,297450,216168,1,Rejected,54:07.0,,,,,,,
4-Jul-21,127290,73452,2,Rejected,54:09.0,,,,,,,
4-Jul-21,133542,110308,2,Rejected,54:16.0,,,,,,,
4-Jul-21,125535,69448,9,Rejected,54:18.0,,,,,,,
4-Jul-21,122808,86924,2,Rejected,54:47.0,,,,,,,
4-Jul-21,122397,103480,9,Rejected,54:51.0,,,,,,,
4-Jul-21,131970,37488,5,Shipped,55:08.0,,,,,,,
4-Jul-21,135078,54408,1,Rejected,55:45.0,,,,,,,
4-Jul-21,132687,59876,8,Pending,56:13.0,,,,,,,
4-Jul-21,120231,79652,8,Rejected,56:22.0,,,,,,,
4-Jul-21,126861,17180,1,Shipped,56:30.0,,,,,,,
4-Jul-21,133008,93696,2,Rejected,56:50.0,,,,,,,
4-Jul-21,137982,94452,4,Shipped,56:56.0,,,,,,,
4-Jul-21,128565,42388,5,Rejected,57:04.0,,,,,,,
4-Jul-21,136812,91152,1,Shipped,57:08.0,,,,,,,
4-Jul-21,126468,90216,8,Shipped,57:18.0,,,,,,,
4-Jul-21,138219,67856,3,Rejected,58:02.0,,,,,,,
4-Jul-21,136623,44352,9,Shipped,58:46.0,,,,,,,
4-Jul-21,123027,94968,3,Shipped,59:06.0,,,,,,,
4-Jul-21,124377,90596,3,Rejected,59:28.0,,,,,,,
4-Jul-21,126795,89164,7,Shipped,59:41.0,,,,,,,
5-Jul-21,122445,43408,8,Rejected,00:12.0,,,,,,,
5-Jul-21,127251,108400,4,Rejected,00:28.0,,,,,,,
5-Jul-21,135894,23048,1,Shipped,01:07.0,,,,,,,
5-Jul-21,128148,42516,1,Rejected,01:23.0,,,,,,,
5-Jul-21,127881,54532,9,Rejected,01:36.0,,,,,,,
5-Jul-21,121590,64172,3,Rejected,01:37.0,,,,,,,
5-Jul-21,124284,44684,8,Shipped,01:37.0,,,,,,,
5-Jul-21,133449,70272,3,Rejected,01:51.0,,,,,,,
5-Jul-21,297603,152544,2,Rejected,02:00.0,,,,,,,
5-Jul-21,132762,74676,4,Rejected,02:07.0,,,,,,,
5-Jul-21,130488,51776,7,Rejected,02:20.0,,,,,,,
5-Jul-21,298038,115136,1,Rejected,02:37.0,,,,,,,
5-Jul-21,128670,68884,8,Shipped,03:06.0,,,,,,,
5-Jul-21,137433,41192,8,Shipped,03:10.0,,,,,,,
5-Jul-21,297933,79652,8,Rejected,03:32.0,,,,,,,
5-Jul-21,125067,76756,3,Shipped,03:57.0,,,,,,,
5-Jul-21,298119,47336,8,Rejected,04:26.0,,,,,,,
5-Jul-21,122346,37084,1,Shipped,04:46.0,,,,,,,
5-Jul-21,122847,103908,3,Rejected,04:51.0,,,,,,,
5-Jul-21,136158,116492,4,Rejected,05:03.0,,,,,,,
5-Jul-21,127833,67552,3,Rejected,05:13.0,,,,,,,
5-Jul-21,121026,48308,5,Shipped,05:38.0,,,,,,,
5-Jul-21,121890,78588,4,Shipped,05:46.0,,,,,,,
5-Jul-21,125232,86976,8,Rejected,06:05.0,,,,,,,
5-Jul-21,134655,115092,8,Shipped,06:08.0,,,,,,,
5-Jul-21,137058,25420,1,Rejected,06:13.0,,,,,,,
5-Jul-21,131661,23188,1,Shipped,07:36.0,,,,,,,
5-Jul-21,131991,35416,1,Shipped,07:57.0,,,,,,,
5-Jul-21,138297,53788,1,Rejected,08:05.0,,,,,,,
5-Jul-21,137901,91056,4,Shipped,08:23.0,,,,,,,
5-Jul-21,129288,55828,8,Rejected,08:26.0,,,,,,,
5-Jul-21,297015,173268,2,Shipped,08:29.0,,,,,,,
5-Jul-21,133749,46780,8,Shipped,08:30.0,,,,,,,
5-Jul-21,136950,117016,8,Rejected,08:36.0,,,,,,,
5-Jul-21,124710,92600,9,Rejected,09:28.0,,,,,,,
5-Jul-21,132366,55716,9,Shipped,09:41.0,,,,,,,
5-Jul-21,135303,84968,8,Shipped,10:30.0,,,,,,,
5-Jul-21,298458,139480,9,Shipped,10:31.0,,,,,,,
5-Jul-21,128532,63272,3,Shipped,10:38.0,,,,,,,
5-Jul-21,134376,113948,9,Shipped,11:02.0,,,,,,,
5-Jul-21,130209,75252,2,Rejected,11:12.0,,,,,,,
5-Jul-21,130071,108752,1,Rejected,11:19.0,,,,,,,
5-Jul-21,128502,79376,4,Shipped,11:20.0,,,,,,,
5-Jul-21,133602,18940,1,Rejected,11:56.0,,,,,,,
5-Jul-21,129108,109368,1,Rejected,11:58.0,,,,,,,
5-Jul-21,124632,79652,8,Rejected,12:02.0,,,,,,,
5-Jul-21,120504,93540,1,Shipped,12:07.0,,,,,,,
5-Jul-21,133710,22124,1,Shipped,12:23.0,,,,,,,
5-Jul-21,129531,92468,1,Rejected,12:32.0,,,,,,,
5-Jul-21,120174,100356,1,Rejected,13:26.0,,,,,,,
5-Jul-21,133269,38752,1,Rejected,13:27.0,,,,,,,
5-Jul-21,124182,58804,7,Rejected,13:48.0,,,,,,,
5-Jul-21,130998,24660,1,Shipped,13:52.0,,,,,,,
5-Jul-21,134820,43256,1,Rejected,13:52.0,,,,,,,
5-Jul-21,137094,61728,1,Shipped,13:59.0,,,,,,,
5-Jul-21,135963,52564,8,Rejected,14:11.0,,,,,,,
5-Jul-21,120993,101292,5,Rejected,14:29.0,,,,,,,
5-Jul-21,124458,52348,8,Shipped,15:26.0,,,,,,,
5-Jul-21,126828,34044,5,Rejected,16:11.0,,,,,,,
5-Jul-21,137157,113540,1,Rejected,16:21.0,,,,,,,
5-Jul-21,120102,98592,1,Rejected,16:23.0,,,,,,,
5-Jul-21,136482,79652,8,Rejected,16:24.0,,,,,,,
5-Jul-21,126831,69192,2,Rejected,16:42.0,,,,,,,
5-Jul-21,135456,48392,1,Rejected,16:52.0,,,,,,,
5-Jul-21,125445,69052,2,Shipped,16:53.0,,,,,,,
5-Jul-21,134337,62328,8,Rejected,17:06.0,,,,,,,
5-Jul-21,128118,105944,3,Rejected,17:10.0,,,,,,,
5-Jul-21,130074,81848,2,Rejected,17:21.0,,,,,,,
5-Jul-21,131781,112076,2,Rejected,17:27.0,,,,,,,
5-Jul-21,124821,105944,3,Rejected,17:34.0,,,,,,,
5-Jul-21,136212,1640,1,Rejected,17:42.0,,,,,,,
5-Jul-21,137439,82372,8,Shipped,18:16.0,,,,,,,
5-Jul-21,124773,86224,9,Rejected,18:21.0,,,,,,,
5-Jul-21,132711,113136,1,Shipped,18:25.0,,,,,,,
5-Jul-21,124965,1640,1,Rejected,18:27.0,,,,,,,
5-Jul-21,125115,47588,8,Shipped,18:27.0,,,,,,,
5-Jul-21,124824,105540,8,Rejected,18:28.0,,,,,,,
5-Jul-21,129126,76624,2,Shipped,18:29.0,,,,,,,
5-Jul-21,130077,84992,8,Rejected,18:34.0,,,,,,,
5-Jul-21,129273,98908,9,Rejected,18:35.0,,,,,,,
5-Jul-21,137031,21592,1,Shipped,18:53.0,,,,,,,
5-Jul-21,123147,28948,1,Shipped,19:07.0,,,,,,,
5-Jul-21,136962,95096,1,Rejected,20:20.0,,,,,,,
5-Jul-21,135657,70888,1,Shipped,20:30.0,,,,,,,
5-Jul-21,124899,86520,2,Shipped,20:47.0,,,,,,,
5-Jul-21,133518,72580,3,Rejected,20:47.0,,,,,,,
5-Jul-21,297366,158984,10,Rejected,20:52.0,,,,,,,
5-Jul-21,297504,215828,11,Rejected,21:03.0,,,,,,,
5-Jul-21,134013,72272,1,Rejected,21:07.0,,,,,,,
5-Jul-21,137727,80516,3,Rejected,21:09.0,,,,,,,
5-Jul-21,134397,98156,2,Rejected,21:14.0,,,,,,,
5-Jul-21,125574,85068,8,Rejected,22:01.0,,,,,,,
5-Jul-21,129537,70668,4,Rejected,22:06.0,,,,,,,
5-Jul-21,133224,76232,3,Shipped,22:13.0,,,,,,,
5-Jul-21,297564,204996,7,Shipped,22:13.0,,,,,,,
5-Jul-21,132252,101908,2,Rejected,22:20.0,,,,,,,
5-Jul-21,122247,21032,1,Shipped,22:26.0,,,,,,,
5-Jul-21,121167,28560,5,Shipped,22:34.0,,,,,,,
5-Jul-21,123315,66000,9,Rejected,22:34.0,,,,,,,
5-Jul-21,136773,90308,1,Shipped,23:29.0,,,,,,,
5-Jul-21,124911,105688,8,Rejected,24:28.0,,,,,,,
5-Jul-21,296880,151248,9,Shipped,24:54.0,,,,,,,
5-Jul-21,129030,48564,1,Shipped,24:57.0,,,,,,,
5-Jul-21,121560,20984,1,Rejected,25:09.0,,,,,,,
5-Jul-21,121209,100480,2,Rejected,25:22.0,,,,,,,
5-Jul-21,296811,57396,11,Rejected,25:24.0,,,,,,,
5-Jul-21,125085,2712,1,Shipped,25:46.0,,,,,,,
5-Jul-21,126582,93356,9,Rejected,25:55.0,,,,,,,
5-Jul-21,124914,90120,8,Rejected,26:23.0,,,,,,,
5-Jul-21,138324,28732,1,Shipped,26:30.0,,,,,,,
5-Jul-21,137616,21452,1,Shipped,26:47.0,,,,,,,
5-Jul-21,138441,70392,2,Rejected,26:53.0,,,,,,,
5-Jul-21,125334,33468,5,Shipped,27:52.0,,,,,,,
5-Jul-21,137103,97984,5,Shipped,28:33.0,,,,,,,
5-Jul-21,131019,39068,1,Shipped,28:44.0,,,,,,,
5-Jul-21,297213,75544,1,Shipped,29:15.0,,,,,,,
5-Jul-21,136590,23328,1,Shipped,29:16.0,,,,,,,
5-Jul-21,133725,60728,2,Shipped,30:02.0,,,,,,,
5-Jul-21,124200,83592,7,Rejected,30:45.0,,,,,,,
5-Jul-21,125952,68124,2,Shipped,30:51.0,,,,,,,
5-Jul-21,136122,47844,1,Rejected,30:58.0,,,,,,,
5-Jul-21,131277,87944,3,Rejected,30:59.0,,,,,,,
5-Jul-21,133407,111160,8,Shipped,31:05.0,,,,,,,
5-Jul-21,122112,26100,1,Rejected,31:11.0,,,,,,,
5-Jul-21,122967,21484,1,Shipped,31:24.0,,,,,,,
5-Jul-21,134193,81860,4,Rejected,31:26.0,,,,,,,
5-Jul-21,128859,21172,1,Shipped,31:29.0,,,,,,,
5-Jul-21,125253,85712,5,Rejected,31:56.0,,,,,,,
5-Jul-21,296829,213024,1,Rejected,31:57.0,,,,,,,
5-Jul-21,123477,101536,1,Shipped,31:59.0,,,,,,,
5-Jul-21,128862,57952,5,Rejected,32:04.0,,,,,,,
5-Jul-21,126300,41280,8,Rejected,32:07.0,,,,,,,
5-Jul-21,125955,84728,1,Rejected,32:59.0,,,,,,,
5-Jul-21,136545,83456,9,Rejected,33:02.0,,,,,,,
5-Jul-21,128949,35808,1,Shipped,33:25.0,,,,,,,
5-Jul-21,125976,106040,3,Rejected,33:46.0,,,,,,,
5-Jul-21,123630,104640,5,Rejected,34:09.0,,,,,,,
5-Jul-21,123531,104624,2,Rejected,34:23.0,,,,,,,
5-Jul-21,123633,104520,9,Rejected,34:36.0,,,,,,,
5-Jul-21,138093,30500,1,Shipped,34:36.0,,,,,,,
5-Jul-21,132240,93648,2,Shipped,34:38.0,,,,,,,
5-Jul-21,123435,88632,2,Shipped,34:58.0,,,,,,,
5-Jul-21,124614,102296,2,Rejected,36:08.0,,,,,,,
5-Jul-21,128877,51508,5,Shipped,36:23.0,,,,,,,
5-Jul-21,120561,100880,1,Rejected,36:37.0,,,,,,,
5-Jul-21,136707,58952,2,Shipped,36:44.0,,,,,,,
5-Jul-21,128475,21380,1,Shipped,37:11.0,,,,,,,
5-Jul-21,131802,86236,3,Shipped,37:24.0,,,,,,,
5-Jul-21,125460,34736,5,Rejected,37:52.0,,,,,,,
5-Jul-21,130557,73132,3,Rejected,38:17.0,,,,,,,
5-Jul-21,119922,100036,9,Rejected,38:41.0,,,,,,,
5-Jul-21,128607,33804,1,Rejected,39:13.0,,,,,,,
5-Jul-21,125625,30796,1,Rejected,39:14.0,,,,,,,
5-Jul-21,297099,84548,9,Rejected,40:01.0,,,,,,,
5-Jul-21,137577,101892,5,Shipped,40:05.0,,,,,,,
5-Jul-21,130974,111936,3,Rejected,40:11.0,,,,,,,
5-Jul-21,133734,62572,1,Rejected,40:23.0,,,,,,,
5-Jul-21,132474,113188,9,Rejected,40:24.0,,,,,,,
5-Jul-21,133785,2296,1,Shipped,40:35.0,,,,,,,
5-Jul-21,298212,200540,3,Shipped,40:39.0,,,,,,,
5-Jul-21,125850,101728,3,Rejected,40:55.0,,,,,,,
5-Jul-21,130806,112012,2,Shipped,41:01.0,,,,,,,
5-Jul-21,129819,1600,1,Shipped,41:07.0,,,,,,,
5-Jul-21,122040,45596,9,Shipped,41:14.0,,,,,,,
5-Jul-21,127812,97920,9,Shipped,41:38.0,,,,,,,
5-Jul-21,138027,21844,1,Shipped,41:50.0,,,,,,,
5-Jul-21,296898,196932,8,Shipped,41:58.0,,,,,,,
5-Jul-21,123882,98900,1,Rejected,42:23.0,,,,,,,
5-Jul-21,136515,60404,2,Rejected,42:34.0,,,,,,,
5-Jul-21,127410,69192,2,Rejected,42:41.0,,,,,,,
5-Jul-21,134247,22836,1,Shipped,42:41.0,,,,,,,
5-Jul-21,138345,99076,3,Rejected,43:24.0,,,,,,,
5-Jul-21,126210,100632,3,Rejected,44:36.0,,,,,,,
5-Jul-21,129939,109184,1,Rejected,44:51.0,,,,,,,
5-Jul-21,136311,30236,5,Shipped,45:07.0,,,,,,,
5-Jul-21,135642,23048,1,Shipped,45:32.0,,,,,,,
5-Jul-21,132483,113188,9,Rejected,46:04.0,,,,,,,
5-Jul-21,136899,47808,5,Shipped,46:25.0,,,,,,,
5-Jul-21,123651,47448,8,Rejected,46:42.0,,,,,,,
5-Jul-21,129393,77700,2,Rejected,46:54.0,,,,,,,
5-Jul-21,124794,105688,8,Shipped,47:20.0,,,,,,,
5-Jul-21,125262,51828,9,Rejected,47:38.0,,,,,,,
5-Jul-21,298317,202168,9,Rejected,48:11.0,,,,,,,
5-Jul-21,127068,82228,5,Shipped,48:16.0,,,,,,,
5-Jul-21,130767,111944,2,Shipped,48:36.0,,,,,,,
5-Jul-21,132273,53096,8,Rejected,48:38.0,,,,,,,
5-Jul-21,135168,78032,8,Rejected,48:39.0,,,,,,,
5-Jul-21,124860,74628,5,Rejected,48:41.0,,,,,,,
5-Jul-21,135945,41452,8,Rejected,48:56.0,,,,,,,
5-Jul-21,132570,1600,1,Shipped,49:01.0,,,,,,,
5-Jul-21,136071,19272,1,Rejected,49:13.0,,,,,,,
5-Jul-21,134214,81860,4,Rejected,49:16.0,,,,,,,
5-Jul-21,130674,87944,3,Rejected,49:32.0,,,,,,,
5-Jul-21,137487,117472,1,Shipped,50:28.0,,,,,,,
5-Jul-21,136425,41004,1,Shipped,50:34.0,,,,,,,
5-Jul-21,124551,92468,1,Rejected,50:39.0,,,,,,,
5-Jul-21,123654,103780,2,Shipped,50:58.0,,,,,,,
5-Jul-21,121395,36140,1,Rejected,51:03.0,,,,,,,
5-Jul-21,125529,106616,1,Rejected,51:23.0,,,,,,,
5-Jul-21,137775,83920,9,Rejected,51:52.0,,,,,,,
5-Jul-21,124362,79872,3,Rejected,52:20.0,,,,,,,
5-Jul-21,125736,85068,8,Shipped,52:21.0,,,,,,,
5-Jul-21,121860,53008,8,Rejected,52:53.0,,,,,,,
5-Jul-21,131907,3968,1,Shipped,53:02.0,,,,,,,
5-Jul-21,131415,112280,3,Rejected,53:34.0,,,,,,,
5-Jul-21,125391,33112,5,Rejected,53:38.0,,,,,,,
5-Jul-21,128484,109588,9,Rejected,53:45.0,,,,,,,
5-Jul-21,120531,67212,2,Shipped,53:51.0,,,,,,,
5-Jul-21,121974,28384,1,Rejected,53:53.0,,,,,,,
5-Jul-21,133980,90396,8,Rejected,53:58.0,,,,,,,
5-Jul-21,134628,75144,1,Rejected,54:34.0,,,,,,,
5-Jul-21,137007,56860,8,Shipped,54:57.0,,,,,,,
5-Jul-21,297462,163644,1,Shipped,55:22.0,,,,,,,
5-Jul-21,129741,21124,1,Shipped,55:48.0,,,,,,,
5-Jul-21,296736,83936,2,Shipped,55:50.0,,,,,,,
5-Jul-21,125475,101892,5,Rejected,55:57.0,,,,,,,
5-Jul-21,135129,115052,9,Shipped,56:04.0,,,,,,,
5-Jul-21,120420,87076,8,Shipped,56:26.0,,,,,,,
5-Jul-21,135696,37108,1,Rejected,56:44.0,,,,,,,
5-Jul-21,127698,85584,8,Rejected,57:03.0,,,,,,,
5-Jul-21,121977,40444,1,Rejected,57:34.0,,,,,,,
5-Jul-21,135588,38752,1,Rejected,58:13.0,,,,,,,
5-Jul-21,137835,95364,2,Shipped,58:17.0,,,,,,,
5-Jul-21,131217,64460,9,Rejected,58:18.0,,,,,,,
5-Jul-21,119913,82800,3,Rejected,58:29.0,,,,,,,
5-Jul-21,130128,55236,8,Shipped,58:36.0,,,,,,,
5-Jul-21,131220,37488,5,Rejected,59:10.0,,,,,,,
5-Jul-21,127530,19080,1,Rejected,59:20.0,,,,,,,
5-Jul-21,297927,215464,5,Rejected,59:31.0,,,,,,,
5-Jul-21,298047,138984,8,Shipped,59:35.0,,,,,,,
6-Jul-21,126981,29204,5,Shipped,00:01.0,,,,,,,
6-Jul-21,130848,102712,8,Shipped,00:13.0,,,,,,,
6-Jul-21,137499,42032,5,Shipped,00:41.0,,,,,,,
6-Jul-21,133914,57040,9,Shipped,00:43.0,,,,,,,
6-Jul-21,297222,207672,1,Rejected,01:01.0,,,,,,,
6-Jul-21,134754,55072,1,Shipped,01:09.0,,,,,,,
6-Jul-21,129648,62720,4,Shipped,01:24.0,,,,,,,
6-Jul-21,129471,56304,8,Shipped,01:42.0,,,,,,,
6-Jul-21,133506,58824,8,Rejected,01:46.0,,,,,,,
6-Jul-21,297552,58352,9,Shipped,02:22.0,,,,,,,
6-Jul-21,136272,45048,1,Shipped,02:45.0,,,,,,,
6-Jul-21,128154,102404,1,Rejected,03:06.0,,,,,,,
6-Jul-21,121539,97116,9,Rejected,03:07.0,,,,,,,
6-Jul-21,123300,54740,8,Rejected,03:28.0,,,,,,,
6-Jul-21,136677,8424,5,Rejected,03:30.0,,,,,,,
6-Jul-21,138282,118032,9,Shipped,03:36.0,,,,,,,
6-Jul-21,297987,214944,1,Rejected,03:52.0,,,,,,,
6-Jul-21,125652,40004,1,Shipped,04:28.0,,,,,,,
6-Jul-21,122223,26100,1,Shipped,04:48.0,,,,,,,
6-Jul-21,123501,41196,8,Rejected,05:22.0,,,,,,,
6-Jul-21,132516,23280,1,Rejected,06:14.0,,,,,,,
6-Jul-21,134076,45496,8,Shipped,06:49.0,,,,,,,
6-Jul-21,123408,96404,8,Shipped,07:02.0,,,,,,,
6-Jul-21,297684,57480,2,Shipped,07:07.0,,,,,,,
6-Jul-21,130137,48876,9,Rejected,07:36.0,,,,,,,
6-Jul-21,138513,45296,1,Rejected,08:06.0,,,,,,,
6-Jul-21,297981,218752,8,Rejected,08:24.0,,,,,,,
6-Jul-21,123204,71616,3,Rejected,08:40.0,,,,,,,
6-Jul-21,132321,110144,1,Rejected,09:19.0,,,,,,,
6-Jul-21,122070,95092,9,Rejected,09:57.0,,,,,,,
6-Jul-21,128580,97920,9,Rejected,11:03.0,,,,,,,
6-Jul-21,135309,6884,1,Rejected,11:09.0,,,,,,,
6-Jul-21,120876,72212,1,Shipped,11:34.0,,,,,,,
6-Jul-21,138489,117392,3,Rejected,11:39.0,,,,,,,
6-Jul-21,135903,3968,1,Shipped,11:51.0,,,,,,,
6-Jul-21,122583,48300,8,Shipped,11:58.0,,,,,,,
6-Jul-21,121038,98156,2,Rejected,11:59.0,,,,,,,
6-Jul-21,129879,68916,7,Rejected,11:59.0,,,,,,,
6-Jul-21,134265,27672,1,Shipped,12:00.0,,,,,,,
6-Jul-21,124092,73140,3,Shipped,12:22.0,,,,,,,
6-Jul-21,138516,45296,1,Rejected,12:30.0,,,,,,,
6-Jul-21,125358,33468,5,Rejected,12:34.0,,,,,,,
6-Jul-21,125073,106172,8,Rejected,13:18.0,,,,,,,
6-Jul-21,122751,103888,5,Rejected,13:21.0,,,,,,,
6-Jul-21,122871,47588,8,Rejected,14:08.0,,,,,,,
6-Jul-21,137514,117484,1,Rejected,14:20.0,,,,,,,
6-Jul-21,131109,26480,1,Shipped,14:23.0,,,,,,,
6-Jul-21,128070,62600,4,Rejected,14:59.0,,,,,,,
6-Jul-21,136755,71804,1,Shipped,15:18.0,,,,,,,
6-Jul-21,120294,65144,1,Rejected,15:37.0,,,,,,,
6-Jul-21,134334,114508,8,Rejected,15:50.0,,,,,,,
6-Jul-21,132786,51092,8,Shipped,16:01.0,,,,,,,
6-Jul-21,135846,26116,1,Rejected,17:06.0,,,,,,,
6-Jul-21,123960,87992,8,Rejected,17:12.0,,,,,,,
6-Jul-21,137688,28732,1,Shipped,17:33.0,,,,,,,
6-Jul-21,298398,218808,2,Rejected,17:57.0,,,,,,,
6-Jul-21,134007,105528,9,Rejected,18:00.0,,,,,,,
6-Jul-21,138366,115068,1,Rejected,18:11.0,,,,,,,
6-Jul-21,297618,99620,2,Shipped,18:32.0,,,,,,,
6-Jul-21,127008,52764,1,Shipped,18:42.0,,,,,,,
6-Jul-21,135612,38448,1,Shipped,19:12.0,,,,,,,
6-Jul-21,122019,55068,1,Shipped,20:09.0,,,,,,,
6-Jul-21,129330,54376,8,Shipped,20:10.0,,,,,,,
6-Jul-21,138402,47808,5,Rejected,20:16.0,,,,,,,
6-Jul-21,131625,94740,4,Rejected,20:20.0,,,,,,,
6-Jul-21,131334,8424,5,Rejected,20:39.0,,,,,,,
6-Jul-21,119973,72272,1,Rejected,20:45.0,,,,,,,
6-Jul-21,125610,79652,8,Shipped,20:51.0,,,,,,,
6-Jul-21,127971,100036,9,Rejected,21:19.0,,,,,,,
6-Jul-21,129681,41392,8,Rejected,21:28.0,,,,,,,
6-Jul-21,121269,101536,1,Shipped,21:40.0,,,,,,,
6-Jul-21,127974,100036,9,Rejected,22:05.0,,,,,,,
6-Jul-21,135396,25756,1,Shipped,22:59.0,,,,,,,
6-Jul-21,125250,93756,8,Rejected,23:07.0,,,,,,,
6-Jul-21,137772,104660,4,Shipped,23:07.0,,,,,,,
6-Jul-21,138372,107044,1,Rejected,23:10.0,,,,,,,
6-Jul-21,130224,75252,2,Rejected,23:11.0,,,,,,,
6-Jul-21,127980,100036,9,Rejected,23:22.0,,,,,,,
6-Jul-21,120105,44288,8,Shipped,23:41.0,,,,,,,
6-Jul-21,125997,77364,2,Rejected,23:53.0,,,,,,,
6-Jul-21,123132,87776,8,Rejected,23:54.0,,,,,,,
6-Jul-21,138078,99160,9,Shipped,24:19.0,,,,,,,
6-Jul-21,296772,57756,8,Shipped,24:53.0,,,,,,,
6-Jul-21,128259,20868,1,Rejected,25:16.0,,,,,,,
6-Jul-21,133230,107988,8,Rejected,26:31.0,,,,,,,
6-Jul-21,127548,30796,1,Shipped,26:37.0,,,,,,,
6-Jul-21,133875,114396,4,Rejected,26:42.0,,,,,,,
6-Jul-21,121809,85964,3,Rejected,26:44.0,,,,,,,
6-Jul-21,123747,104784,8,Rejected,26:49.0,,,,,,,
6-Jul-21,132231,112548,2,Rejected,26:56.0,,,,,,,
6-Jul-21,126504,70960,1,Shipped,26:57.0,,,,,,,
6-Jul-21,120186,79652,8,Rejected,27:05.0,,,,,,,
6-Jul-21,125199,43844,9,Rejected,27:56.0,,,,,,,
6-Jul-21,128334,19404,1,Shipped,28:13.0,,,,,,,
6-Jul-21,130170,996,1,Shipped,28:57.0,,,,,,,
6-Jul-21,123522,104624,2,Rejected,28:59.0,,,,,,,
6-Jul-21,129138,66852,8,Shipped,28:59.0,,,,,,,
6-Jul-21,130953,61772,5,Shipped,29:00.0,,,,,,,
6-Jul-21,129543,96260,8,Shipped,29:18.0,,,,,,,
6-Jul-21,125967,64712,1,Rejected,29:20.0,,,,,,,
6-Jul-21,297288,180852,9,Rejected,29:26.0,,,,,,,
6-Jul-21,124125,21332,1,Rejected,29:39.0,,,,,,,
6-Jul-21,131370,112260,5,Rejected,29:52.0,,,,,,,
6-Jul-21,124572,36948,1,Rejected,30:05.0,,,,,,,
6-Jul-21,123474,92876,4,Shipped,30:16.0,,,,,,,
6-Jul-21,121746,64276,8,Rejected,30:35.0,,,,,,,
6-Jul-21,128337,60684,8,Shipped,30:49.0,,,,,,,
6-Jul-21,121314,90444,3,Rejected,31:27.0,,,,,,,
6-Jul-21,125337,86976,8,Rejected,31:45.0,,,,,,,
6-Jul-21,120189,38308,1,Rejected,31:46.0,,,,,,,
6-Jul-21,135063,115068,1,Rejected,31:57.0,,,,,,,
6-Jul-21,125043,27268,1,Shipped,32:27.0,,,,,,,
6-Jul-21,133287,2296,1,Rejected,32:38.0,,,,,,,
6-Jul-21,132537,113032,9,Shipped,32:55.0,,,,,,,
6-Jul-21,134196,81860,4,Rejected,32:57.0,,,,,,,
6-Jul-21,125619,86976,8,Rejected,32:59.0,,,,,,,
6-Jul-21,129780,84992,8,Rejected,32:59.0,,,,,,,
6-Jul-21,126231,101664,3,Shipped,33:10.0,,,,,,,
6-Jul-21,120192,96684,3,Rejected,33:27.0,,,,,,,
6-Jul-21,121326,84340,8,Rejected,33:47.0,,,,,,,
6-Jul-21,130692,73072,1,Rejected,33:53.0,,,,,,,
6-Jul-21,133413,89428,8,Rejected,34:22.0,,,,,,,
6-Jul-21,132798,34304,1,Shipped,34:24.0,,,,,,,
6-Jul-21,124266,87952,8,Rejected,34:25.0,,,,,,,
6-Jul-21,128268,20936,1,Rejected,34:37.0,,,,,,,
6-Jul-21,124992,62728,8,Rejected,34:42.0,,,,,,,
6-Jul-21,126768,77508,2,Rejected,35:04.0,,,,,,,
6-Jul-21,134202,81860,4,Rejected,35:40.0,,,,,,,
6-Jul-21,123324,60148,2,Shipped,36:07.0,,,,,,,
6-Jul-21,130896,112060,5,Rejected,36:26.0,,,,,,,
6-Jul-21,297318,81684,2,Shipped,36:28.0,,,,,,,
6-Jul-21,128880,65896,7,Rejected,36:30.0,,,,,,,
6-Jul-21,129420,93904,9,Rejected,36:34.0,,,,,,,
6-Jul-21,136344,116592,9,Rejected,36:39.0,,,,,,,
6-Jul-21,127566,87352,1,Rejected,37:21.0,,,,,,,
6-Jul-21,123546,18612,5,Shipped,37:22.0,,,,,,,
6-Jul-21,296946,66328,8,Shipped,37:24.0,,,,,,,
6-Jul-21,132555,29500,1,Shipped,37:37.0,,,,,,,
6-Jul-21,125286,67076,1,Rejected,37:42.0,,,,,,,
6-Jul-21,126951,44520,9,Rejected,37:57.0,,,,,,,
6-Jul-21,128958,22292,1,Rejected,37:58.0,,,,,,,
6-Jul-21,128685,94972,3,Rejected,38:13.0,,,,,,,
6-Jul-21,132189,29280,1,Rejected,38:16.0,,,,,,,
6-Jul-21,298203,38536,1,Rejected,38:41.0,,,,,,,
6-Jul-21,121713,93876,9,Shipped,38:43.0,,,,,,,
6-Jul-21,136227,112208,1,Rejected,38:50.0,,,,,,,
6-Jul-21,130536,61960,9,Rejected,38:54.0,,,,,,,
6-Jul-21,128424,71780,2,Shipped,39:08.0,,,,,,,
6-Jul-21,130179,74036,4,Rejected,39:19.0,,,,,,,
6-Jul-21,297975,196412,2,Rejected,39:29.0,,,,,,,
6-Jul-21,121449,90444,3,Shipped,39:48.0,,,,,,,
6-Jul-21,137139,64172,3,Rejected,40:20.0,,,,,,,
6-Jul-21,120453,32884,5,Shipped,40:28.0,,,,,,,
6-Jul-21,121608,85780,3,Rejected,41:04.0,,,,,,,
6-Jul-21,127677,84612,8,Rejected,41:15.0,,,,,,,
6-Jul-21,122727,100480,2,Shipped,41:21.0,,,,,,,
6-Jul-21,133737,109536,9,Shipped,42:05.0,,,,,,,
6-Jul-21,297525,79072,4,Shipped,42:25.0,,,,,,,
6-Jul-21,136392,10756,1,Rejected,42:28.0,,,,,,,
6-Jul-21,124581,26488,1,Rejected,42:44.0,,,,,,,
6-Jul-21,298110,47924,1,Shipped,43:11.0,,,,,,,
6-Jul-21,297852,173240,9,Rejected,43:35.0,,,,,,,
6-Jul-21,136890,97064,8,Shipped,44:12.0,,,,,,,
6-Jul-21,125703,71276,1,Shipped,44:30.0,,,,,,,
6-Jul-21,126849,36128,5,Rejected,44:30.0,,,,,,,
6-Jul-21,138480,66832,3,Rejected,44:48.0,,,,,,,
6-Jul-21,120417,67212,2,Rejected,44:50.0,,,,,,,
6-Jul-21,133536,58192,1,Shipped,44:54.0,,,,,,,
6-Jul-21,129732,37760,1,Shipped,45:19.0,,,,,,,
6-Jul-21,123003,53788,1,Shipped,45:21.0,,,,,,,
6-Jul-21,121227,68124,2,Rejected,45:33.0,,,,,,,
6-Jul-21,124275,86224,9,Shipped,45:38.0,,,,,,,
6-Jul-21,132117,73468,2,Shipped,45:56.0,,,,,,,
6-Jul-21,297156,144536,5,Shipped,45:57.0,,,,,,,
6-Jul-21,131301,46856,8,Rejected,46:25.0,,,,,,,
6-Jul-21,298512,72080,5,Rejected,46:40.0,,,,,,,
6-Jul-21,121329,48096,8,Rejected,46:43.0,,,,,,,
6-Jul-21,135576,107988,8,Shipped,46:54.0,,,,,,,
6-Jul-21,137331,76004,4,Shipped,47:03.0,,,,,,,
6-Jul-21,137334,35416,1,Rejected,47:55.0,,,,,,,
6-Jul-21,124224,104736,9,Rejected,47:58.0,,,,,,,
6-Jul-21,122916,95024,2,Shipped,48:02.0,,,,,,,
6-Jul-21,122187,41280,8,Rejected,48:08.0,,,,,,,
6-Jul-21,129564,22836,1,Shipped,48:25.0,,,,,,,
6-Jul-21,135219,57308,8,Rejected,48:28.0,,,,,,,
6-Jul-21,127149,54208,9,Rejected,48:30.0,,,,,,,
6-Jul-21,130038,53368,9,Shipped,48:51.0,,,,,,,
6-Jul-21,125292,19308,1,Rejected,49:14.0,,,,,,,
6-Jul-21,129378,108960,1,Rejected,49:58.0,,,,,,,
6-Jul-21,120972,57612,8,Rejected,50:13.0,,,,,,,
6-Jul-21,129426,25544,1,Rejected,50:23.0,,,,,,,
6-Jul-21,136806,40444,1,Shipped,50:25.0,,,,,,,
6-Jul-21,131643,62572,1,Shipped,50:34.0,,,,,,,
6-Jul-21,136908,78008,9,Rejected,50:47.0,,,,,,,
6-Jul-21,132084,25756,1,Shipped,50:48.0,,,,,,,
6-Jul-21,134058,54684,9,Rejected,50:56.0,,,,,,,
6-Jul-21,120582,77776,3,Rejected,51:02.0,,,,,,,
6-Jul-21,134928,77732,4,Rejected,51:08.0,,,,,,,
6-Jul-21,132417,57508,1,Shipped,51:16.0,,,,,,,
6-Jul-21,136563,81860,4,Shipped,51:47.0,,,,,,,
6-Jul-21,129738,65044,8,Rejected,51:57.0,,,,,,,
6-Jul-21,124593,36948,1,Shipped,52:41.0,,,,,,,
6-Jul-21,121863,43888,9,Rejected,53:02.0,,,,,,,
6-Jul-21,123294,91172,9,Shipped,53:02.0,,,,,,,
6-Jul-21,127767,97920,9,Rejected,53:28.0,,,,,,,
6-Jul-21,130830,69440,1,Shipped,53:37.0,,,,,,,
6-Jul-21,133182,113804,8,Shipped,53:59.0,,,,,,,
6-Jul-21,123804,44520,9,Shipped,54:21.0,,,,,,,
6-Jul-21,122394,41728,8,Rejected,54:27.0,,,,,,,
6-Jul-21,130989,71188,2,Shipped,54:27.0,,,,,,,
6-Jul-21,120816,53524,5,Shipped,54:45.0,,,,,,,
6-Jul-21,137424,117420,3,Shipped,54:56.0,,,,,,,
6-Jul-21,128487,105984,9,Shipped,55:01.0,,,,,,,
6-Jul-21,298443,164644,2,Shipped,55:14.0,,,,,,,
6-Jul-21,125598,95092,9,Rejected,55:16.0,,,,,,,
6-Jul-21,130383,91152,1,Shipped,55:18.0,,,,,,,
6-Jul-21,121872,102444,1,Rejected,55:35.0,,,,,,,
6-Jul-21,136428,98600,3,Rejected,55:39.0,,,,,,,
6-Jul-21,122577,55652,8,Rejected,55:55.0,,,,,,,
6-Jul-21,297465,35736,1,Shipped,55:55.0,,,,,,,
6-Jul-21,128496,73876,3,Rejected,55:58.0,,,,,,,
6-Jul-21,297105,127088,10,Rejected,56:14.0,,,,,,,
6-Jul-21,130197,3428,1,Shipped,56:18.0,,,,,,,
6-Jul-21,134544,114596,8,Shipped,57:00.0,,,,,,,
6-Jul-21,135780,28656,1,Rejected,57:36.0,,,,,,,
6-Jul-21,131826,71504,3,Shipped,57:46.0,,,,,,,
6-Jul-21,127644,30888,5,Shipped,57:49.0,,,,,,,
6-Jul-21,123720,104760,1,Rejected,58:00.0,,,,,,,
6-Jul-21,120594,77776,3,Rejected,58:12.0,,,,,,,
6-Jul-21,120390,86416,7,Rejected,59:16.0,,,,,,,
6-Jul-21,132696,58192,1,Rejected,59:35.0,,,,,,,
7-Jul-21,129570,44520,9,Shipped,00:41.0,,,,,,,
7-Jul-21,131082,3968,1,Shipped,00:52.0,,,,,,,
7-Jul-21,124437,18748,1,Shipped,00:57.0,,,,,,,
7-Jul-21,132243,107556,1,Rejected,01:08.0,,,,,,,
7-Jul-21,296910,58124,11,Shipped,01:09.0,,,,,,,
7-Jul-21,121236,68876,3,Rejected,01:24.0,,,,,,,
7-Jul-21,132969,19404,1,Shipped,01:57.0,,,,,,,
7-Jul-21,133569,22880,1,Shipped,02:02.0,,,,,,,
7-Jul-21,132507,62860,8,Rejected,02:37.0,,,,,,,
7-Jul-21,129318,110304,7,Rejected,02:49.0,,,,,,,
7-Jul-21,120642,95600,5,Shipped,02:50.0,,,,,,,
7-Jul-21,131988,107992,5,Rejected,03:12.0,,,,,,,
7-Jul-21,125382,93648,2,Rejected,04:02.0,,,,,,,
7-Jul-21,124878,105944,3,Rejected,04:07.0,,,,,,,
7-Jul-21,125748,83780,5,Rejected,04:41.0,,,,,,,
7-Jul-21,125436,92612,3,Rejected,05:11.0,,,,,,,
7-Jul-21,121302,100924,2,Shipped,05:20.0,,,,,,,
7-Jul-21,122229,100480,2,Rejected,05:31.0,,,,,,,
7-Jul-21,137016,57724,9,Shipped,05:41.0,,,,,,,
7-Jul-21,123972,94468,4,Rejected,06:12.0,,,,,,,
7-Jul-21,297756,205084,9,Rejected,06:20.0,,,,,,,
7-Jul-21,122478,58352,9,Rejected,06:44.0,,,,,,,
7-Jul-21,127167,67144,2,Shipped,06:49.0,,,,,,,
7-Jul-21,122292,41896,1,Rejected,06:50.0,,,,,,,
7-Jul-21,129477,96808,4,Shipped,07:00.0,,,,,,,
7-Jul-21,136575,49000,9,Shipped,08:18.0,,,,,,,
7-Jul-21,131097,76408,3,Shipped,08:24.0,,,,,,,
7-Jul-21,132099,112776,3,Rejected,08:46.0,,,,,,,
7-Jul-21,131997,68784,3,Shipped,09:18.0,,,,,,,
7-Jul-21,123669,90676,3,Rejected,09:53.0,,,,,,,
7-Jul-21,134226,81860,4,Shipped,10:11.0,,,,,,,
7-Jul-21,120240,99052,9,Rejected,10:35.0,,,,,,,
7-Jul-21,120093,63340,2,Shipped,11:44.0,,,,,,,
7-Jul-21,122943,95696,2,Shipped,11:56.0,,,,,,,
7-Jul-21,137274,42332,1,Rejected,12:08.0,,,,,,,
7-Jul-21,126492,107708,2,Rejected,12:20.0,,,,,,,
7-Jul-21,297486,101656,9,Shipped,12:37.0,,,,,,,
7-Jul-21,128838,30888,5,Shipped,12:45.0,,,,,,,
7-Jul-21,135441,109536,9,Shipped,12:51.0,,,,,,,
7-Jul-21,124248,79580,4,Rejected,12:58.0,,,,,,,
7-Jul-21,124176,58804,7,Shipped,13:09.0,,,,,,,
7-Jul-21,122403,91800,1,Rejected,13:22.0,,,,,,,
7-Jul-21,135087,115640,3,Rejected,14:45.0,,,,,,,
7-Jul-21,123861,48768,5,Rejected,15:05.0,,,,,,,
7-Jul-21,125601,106720,1,Rejected,15:05.0,,,,,,,
7-Jul-21,131181,65552,1,Shipped,15:33.0,,,,,,,
7-Jul-21,136479,79652,8,Rejected,15:39.0,,,,,,,
7-Jul-21,124530,22648,1,Shipped,15:52.0,,,,,,,
7-Jul-21,136338,116448,5,Rejected,15:56.0,,,,,,,
7-Jul-21,131184,94828,9,Rejected,16:03.0,,,,,,,
7-Jul-21,297558,48264,1,Shipped,16:05.0,,,,,,,
7-Jul-21,135492,91904,7,Shipped,16:10.0,,,,,,,
7-Jul-21,297501,216512,8,Rejected,16:48.0,,,,,,,
7-Jul-21,127608,97920,9,Rejected,17:06.0,,,,,,,
7-Jul-21,134568,53788,1,Shipped,17:29.0,,,,,,,
7-Jul-21,122883,19272,1,Rejected,18:17.0,,,,,,,
7-Jul-21,297306,145368,10,Rejected,18:53.0,,,,,,,
7-Jul-21,296919,174228,7,Shipped,19:05.0,,,,,,,
7-Jul-21,124392,54492,5,Shipped,19:09.0,,,,,,,
7-Jul-21,136833,113748,8,Shipped,19:09.0,,,,,,,
7-Jul-21,136167,59372,9,Shipped,19:20.0,,,,,,,
7-Jul-21,134010,45832,9,Rejected,19:31.0,,,,,,,
7-Jul-21,134949,44728,9,Rejected,20:36.0,,,,,,,
7-Jul-21,121164,44684,8,Rejected,21:00.0,,,,,,,
7-Jul-21,127617,108516,1,Rejected,21:25.0,,,,,,,
7-Jul-21,127665,108876,4,Rejected,21:43.0,,,,,,,
7-Jul-21,126012,107060,8,Rejected,21:47.0,,,,,,,
7-Jul-21,296769,76624,2,Shipped,21:48.0,,,,,,,
7-Jul-21,122451,101756,3,Rejected,22:10.0,,,,,,,
7-Jul-21,130935,110528,8,Shipped,22:17.0,,,,,,,
7-Jul-21,126441,29292,5,Shipped,22:51.0,,,,,,,
7-Jul-21,135000,72140,5,Rejected,22:56.0,,,,,,,
7-Jul-21,126915,51508,5,Rejected,23:03.0,,,,,,,
7-Jul-21,122250,20868,1,Rejected,23:29.0,,,,,,,
7-Jul-21,125874,57440,5,Rejected,23:58.0,,,,,,,
7-Jul-21,126735,107940,9,Shipped,24:03.0,,,,,,,
7-Jul-21,135150,85224,8,Rejected,25:42.0,,,,,,,
7-Jul-21,133227,80764,9,Rejected,25:47.0,,,,,,,
7-Jul-21,122652,74092,8,Rejected,25:59.0,,,,,,,
7-Jul-21,133653,112320,2,Rejected,26:02.0,,,,,,,
7-Jul-21,129849,101944,4,Rejected,26:03.0,,,,,,,
7-Jul-21,135267,40268,5,Shipped,26:18.0,,,,,,,
7-Jul-21,127797,108916,4,Rejected,27:30.0,,,,,,,
7-Jul-21,130947,57068,8,Rejected,27:38.0,,,,,,,
7-Jul-21,128202,97116,9,Rejected,28:02.0,,,,,,,
7-Jul-21,126507,66000,9,Rejected,28:11.0,,,,,,,
7-Jul-21,134895,53120,8,Rejected,28:14.0,,,,,,,
7-Jul-21,133107,77488,2,Shipped,28:22.0,,,,,,,
7-Jul-21,296820,175732,11,Rejected,28:22.0,,,,,,,
7-Jul-21,137622,25756,1,Rejected,28:55.0,,,,,,,
7-Jul-21,126225,38368,1,Shipped,28:56.0,,,,,,,
7-Jul-21,135105,115068,1,Rejected,28:58.0,,,,,,,
7-Jul-21,132948,94300,1,Rejected,29:18.0,,,,,,,
7-Jul-21,131367,74564,3,Rejected,29:21.0,,,,,,,
7-Jul-21,137526,115068,1,Rejected,29:34.0,,,,,,,
7-Jul-21,131682,59936,9,Shipped,29:35.0,,,,,,,
7-Jul-21,126228,101664,3,Rejected,29:40.0,,,,,,,
7-Jul-21,137400,98008,1,Shipped,30:03.0,,,,,,,
7-Jul-21,120930,92100,9,Rejected,30:42.0,,,,,,,
7-Jul-21,136119,108904,9,Shipped,30:58.0,,,,,,,
7-Jul-21,137571,91112,3,Rejected,32:06.0,,,,,,,
7-Jul-21,135987,108252,1,Rejected,32:10.0,,,,,,,
7-Jul-21,127632,97920,9,Rejected,32:11.0,,,,,,,
7-Jul-21,124050,94104,3,Rejected,32:21.0,,,,,,,
7-Jul-21,135276,60716,8,Shipped,32:44.0,,,,,,,
7-Jul-21,126303,41280,8,Rejected,33:03.0,,,,,,,
7-Jul-21,131283,103964,3,Rejected,33:28.0,,,,,,,
7-Jul-21,126444,99180,9,Rejected,33:31.0,,,,,,,
7-Jul-21,120804,93796,7,Shipped,33:34.0,,,,,,,
7-Jul-21,126513,77304,3,Rejected,33:42.0,,,,,,,
7-Jul-21,120279,79652,8,Rejected,33:49.0,,,,,,,
7-Jul-21,137955,117888,2,Shipped,34:20.0,,,,,,,
7-Jul-21,121362,35568,1,Rejected,34:33.0,,,,,,,
7-Jul-21,122262,94304,9,Rejected,34:35.0,,,,,,,
7-Jul-21,121830,41920,9,Shipped,34:43.0,,,,,,,
7-Jul-21,124140,100632,3,Rejected,34:46.0,,,,,,,
7-Jul-21,127200,96644,8,Rejected,34:59.0,,,,,,,
7-Jul-21,124482,71916,8,Shipped,35:12.0,,,,,,,
7-Jul-21,134718,21844,1,Rejected,35:25.0,,,,,,,
7-Jul-21,132471,76064,1,Shipped,35:30.0,,,,,,,
7-Jul-21,128952,35568,1,Shipped,35:46.0,,,,,,,
7-Jul-21,135513,43844,9,Rejected,35:50.0,,,,,,,
7-Jul-21,137235,94968,3,Rejected,36:42.0,,,,,,,
7-Jul-21,120213,64272,3,Rejected,36:52.0,,,,,,,
7-Jul-21,121404,68864,2,Rejected,36:55.0,,,,,,,
7-Jul-21,124002,105112,9,Shipped,36:58.0,,,,,,,
7-Jul-21,137316,77732,4,Shipped,37:02.0,,,,,,,
7-Jul-21,121317,100408,3,Rejected,37:05.0,,,,,,,
7-Jul-21,137451,113816,2,Shipped,37:06.0,,,,,,,
7-Jul-21,136782,61728,1,Shipped,37:11.0,,,,,,,
7-Jul-21,130800,112012,2,Rejected,37:15.0,,,,,,,
7-Jul-21,137574,23188,1,Pending,37:20.0,,,,,,,
7-Jul-21,132885,78032,8,Rejected,37:33.0,,,,,,,
7-Jul-21,297651,218324,9,Rejected,37:33.0,,,,,,,
7-Jul-21,131373,112260,5,Rejected,37:40.0,,,,,,,
7-Jul-21,136056,72024,1,Rejected,37:58.0,,,,,,,
7-Jul-21,124272,23048,1,Shipped,38:15.0,,,,,,,
7-Jul-21,128556,109228,4,Rejected,38:46.0,,,,,,,
7-Jul-21,297438,207724,3,Rejected,39:13.0,,,,,,,
7-Jul-21,120933,61460,8,Rejected,39:15.0,,,,,,,
7-Jul-21,137250,112208,1,Rejected,39:50.0,,,,,,,
7-Jul-21,137961,61612,1,Rejected,39:55.0,,,,,,,
7-Jul-21,297045,55240,8,Rejected,39:56.0,,,,,,,
7-Jul-21,129156,108468,9,Rejected,40:04.0,,,,,,,
7-Jul-21,137172,18600,1,Shipped,40:29.0,,,,,,,
7-Jul-21,133416,114036,9,Shipped,40:34.0,,,,,,,
7-Jul-21,123966,79100,4,Shipped,40:43.0,,,,,,,
7-Jul-21,120702,38228,1,Shipped,41:06.0,,,,,,,
7-Jul-21,298032,195112,1,Rejected,41:35.0,,,,,,,
7-Jul-21,132339,82484,2,Rejected,42:04.0,,,,,,,
7-Jul-21,297522,64628,12,Shipped,42:20.0,,,,,,,
7-Jul-21,131205,25756,1,Shipped,42:36.0,,,,,,,
7-Jul-21,133176,43460,3,Rejected,42:54.0,,,,,,,
7-Jul-21,133179,92804,5,Shipped,43:28.0,,,,,,,
7-Jul-21,122994,104032,5,Rejected,43:29.0,,,,,,,
7-Jul-21,121221,68124,2,Rejected,43:32.0,,,,,,,
7-Jul-21,138099,62572,1,Rejected,43:32.0,,,,,,,
7-Jul-21,123441,54824,8,Shipped,43:34.0,,,,,,,
7-Jul-21,125802,35268,1,Shipped,44:01.0,,,,,,,
7-Jul-21,124785,59608,8,Rejected,44:21.0,,,,,,,
7-Jul-21,297330,138828,1,Shipped,44:51.0,,,,,,,
7-Jul-21,134736,21844,1,Rejected,45:03.0,,,,,,,
7-Jul-21,127992,32344,5,Rejected,45:33.0,,,,,,,
7-Jul-21,120219,25440,1,Shipped,45:38.0,,,,,,,
7-Jul-21,298509,29624,1,Shipped,45:38.0,,,,,,,
7-Jul-21,138267,93204,2,Rejected,45:46.0,,,,,,,
7-Jul-21,123648,104624,2,Shipped,45:58.0,,,,,,,
7-Jul-21,121845,79752,3,Shipped,46:16.0,,,,,,,
7-Jul-21,124851,36144,5,Rejected,46:32.0,,,,,,,
7-Jul-21,131697,100924,2,Rejected,46:34.0,,,,,,,
7-Jul-21,123714,52032,8,Rejected,46:39.0,,,,,,,
7-Jul-21,122667,102548,1,Rejected,46:50.0,,,,,,,
7-Jul-21,128523,77364,2,Rejected,47:44.0,,,,,,,
7-Jul-21,120921,96112,9,Rejected,47:45.0,,,,,,,
7-Jul-21,136605,116776,3,Rejected,47:52.0,,,,,,,
7-Jul-21,134472,114988,1,Rejected,47:58.0,,,,,,,
7-Jul-21,128430,107108,2,Rejected,48:49.0,,,,,,,
7-Jul-21,297339,113816,2,Shipped,49:13.0,,,,,,,
7-Jul-21,127239,39876,1,Rejected,49:25.0,,,,,,,
7-Jul-21,136368,57724,9,Rejected,49:43.0,,,,,,,
7-Jul-21,125985,35700,5,Rejected,50:02.0,,,,,,,
7-Jul-21,120870,32092,1,Rejected,50:05.0,,,,,,,
7-Jul-21,121773,89988,9,Rejected,50:15.0,,,,,,,
7-Jul-21,129462,97744,9,Shipped,50:41.0,,,,,,,
7-Jul-21,132498,76756,3,Shipped,50:42.0,,,,,,,
7-Jul-21,133431,28100,1,Rejected,50:48.0,,,,,,,
7-Jul-21,128286,12336,1,Shipped,51:04.0,,,,,,,
7-Jul-21,131586,82140,3,Rejected,51:42.0,,,,,,,
7-Jul-21,127641,99320,2,Shipped,52:00.0,,,,,,,
7-Jul-21,121857,46944,8,Rejected,52:09.0,,,,,,,
7-Jul-21,296784,61252,9,Shipped,52:16.0,,,,,,,
7-Jul-21,127155,67144,2,Rejected,52:18.0,,,,,,,
7-Jul-21,131478,76516,8,Rejected,52:18.0,,,,,,,
7-Jul-21,123993,91692,1,Rejected,52:20.0,,,,,,,
7-Jul-21,122055,52128,9,Rejected,52:32.0,,,,,,,
7-Jul-21,296844,98596,4,Shipped,53:54.0,,,,,,,
7-Jul-21,126156,35516,5,Shipped,54:09.0,,,,,,,
7-Jul-21,135732,28728,1,Shipped,54:47.0,,,,,,,
7-Jul-21,137592,44088,8,Shipped,55:09.0,,,,,,,
7-Jul-21,129342,43424,5,Rejected,55:44.0,,,,,,,
7-Jul-21,137883,117092,1,Rejected,55:45.0,,,,,,,
7-Jul-21,136260,54812,3,Rejected,55:58.0,,,,,,,
7-Jul-21,136266,71628,2,Shipped,56:05.0,,,,,,,
7-Jul-21,125478,35628,1,Rejected,56:13.0,,,,,,,
7-Jul-21,120846,57196,8,Shipped,56:36.0,,,,,,,
7-Jul-21,131916,51012,8,Shipped,56:51.0,,,,,,,
7-Jul-21,124869,102232,5,Rejected,57:23.0,,,,,,,
7-Jul-21,130257,51600,1,Shipped,57:52.0,,,,,,,
7-Jul-21,120234,79652,8,Rejected,58:03.0,,,,,,,
7-Jul-21,130509,110368,1,Rejected,58:41.0,,,,,,,
7-Jul-21,131469,112320,2,Rejected,58:54.0,,,,,,,
7-Jul-21,126174,81860,4,Rejected,59:15.0,,,,,,,
7-Jul-21,126078,95816,2,Rejected,59:51.0,,,,,,,
7-Jul-21,296904,95588,4,Shipped,59:54.0,,,,,,,
8-Jul-21,133314,113580,1,Rejected,00:18.0,,,,,,,
8-Jul-21,136026,41452,8,Shipped,00:30.0,,,,,,,
8-Jul-21,298260,110056,8,Rejected,01:01.0,,,,,,,
8-Jul-21,296907,70176,4,Rejected,01:06.0,,,,,,,
8-Jul-21,136674,33276,5,Shipped,01:12.0,,,,,,,
8-Jul-21,121674,97480,2,Rejected,01:19.0,,,,,,,
8-Jul-21,137784,88988,9,Rejected,01:33.0,,,,,,,
8-Jul-21,121416,100924,2,Rejected,01:49.0,,,,,,,
8-Jul-21,129069,46060,1,Rejected,02:01.0,,,,,,,
8-Jul-21,297294,81024,8,Rejected,02:29.0,,,,,,,
8-Jul-21,120015,68000,3,Rejected,02:32.0,,,,,,,
8-Jul-21,132309,98156,2,Rejected,02:38.0,,,,,,,
8-Jul-21,129372,100836,3,Rejected,02:40.0,,,,,,,
8-Jul-21,132594,83080,3,Shipped,03:04.0,,,,,,,
8-Jul-21,134493,96536,2,Shipped,03:19.0,,,,,,,
8-Jul-21,124560,88028,1,Shipped,03:25.0,,,,,,,
8-Jul-21,123813,39376,9,Rejected,03:28.0,,,,,,,
8-Jul-21,130056,102712,8,Rejected,03:30.0,,,,,,,
8-Jul-21,136935,27328,1,Rejected,03:35.0,,,,,,,
8-Jul-21,123141,83860,9,Rejected,03:45.0,,,,,,,
8-Jul-21,127098,98488,4,Shipped,03:49.0,,,,,,,
8-Jul-21,130392,98596,4,Shipped,03:57.0,,,,,,,
8-Jul-21,122217,23140,1,Shipped,04:16.0,,,,,,,
8-Jul-21,126873,107840,1,Shipped,04:59.0,,,,,,,
8-Jul-21,135183,45816,8,Rejected,05:17.0,,,,,,,
8-Jul-21,297681,75608,9,Shipped,05:47.0,,,,,,,
8-Jul-21,125658,106804,9,Rejected,05:51.0,,,,,,,
8-Jul-21,132606,37084,1,Shipped,06:15.0,,,,,,,
8-Jul-21,132768,113436,1,Rejected,06:16.0,,,,,,,
8-Jul-21,122850,79072,4,Shipped,06:21.0,,,,,,,
8-Jul-21,129093,79536,2,Shipped,06:31.0,,,,,,,
8-Jul-21,135033,50524,5,Rejected,06:45.0,,,,,,,
8-Jul-21,128463,40408,1,Shipped,06:47.0,,,,,,,
8-Jul-21,125496,42248,8,Rejected,07:15.0,,,,,,,
8-Jul-21,127710,18724,1,Shipped,08:33.0,,,,,,,
8-Jul-21,125106,92012,1,Rejected,09:10.0,,,,,,,
8-Jul-21,137091,58836,1,Shipped,09:20.0,,,,,,,
8-Jul-21,123726,29844,5,Shipped,09:23.0,,,,,,,
8-Jul-21,132444,51520,8,Rejected,09:29.0,,,,,,,
8-Jul-21,129714,106668,3,Rejected,09:39.0,,,,,,,
8-Jul-21,134805,115168,9,Rejected,09:59.0,,,,,,,
8-Jul-21,138357,118052,1,Rejected,10:04.0,,,,,,,
8-Jul-21,137841,60148,2,Rejected,10:10.0,,,,,,,
8-Jul-21,130662,109740,2,Rejected,10:29.0,,,,,,,
8-Jul-21,127716,54364,8,Rejected,10:48.0,,,,,,,
8-Jul-21,124287,24872,1,Shipped,10:49.0,,,,,,,
8-Jul-21,137130,53996,1,Rejected,11:04.0,,,,,,,
8-Jul-21,298182,47036,5,Rejected,12:07.0,,,,,,,
8-Jul-21,120330,100616,2,Rejected,12:14.0,,,,,,,
8-Jul-21,130269,75088,2,Shipped,12:34.0,,,,,,,
8-Jul-21,134328,69052,2,Shipped,12:48.0,,,,,,,
8-Jul-21,128841,48136,8,Shipped,12:59.0,,,,,,,
8-Jul-21,120336,100616,2,Rejected,13:34.0,,,,,,,
8-Jul-21,127320,55672,8,Rejected,14:02.0,,,,,,,
8-Jul-21,136335,79652,8,Rejected,14:18.0,,,,,,,
8-Jul-21,123303,79652,8,Rejected,14:37.0,,,,,,,
8-Jul-21,297357,218084,10,Rejected,14:53.0,,,,,,,
8-Jul-21,298377,219024,1,Shipped,15:20.0,,,,,,,
8-Jul-21,131475,109536,9,Rejected,15:23.0,,,,,,,
8-Jul-21,297126,100036,9,Shipped,15:26.0,,,,,,,
8-Jul-21,133611,108756,5,Rejected,15:39.0,,,,,,,
8-Jul-21,298242,174712,1,Rejected,15:57.0,,,,,,,
8-Jul-21,130866,78492,8,Shipped,16:15.0,,,,,,,
8-Jul-21,129771,78132,2,Rejected,17:11.0,,,,,,,
8-Jul-21,138519,45296,1,Rejected,17:29.0,,,,,,,
8-Jul-21,134391,103448,3,Rejected,18:08.0,,,,,,,
8-Jul-21,125994,75240,3,Shipped,18:29.0,,,,,,,
8-Jul-21,124671,33468,5,Rejected,19:27.0,,,,,,,
8-Jul-21,128619,51896,9,Shipped,19:37.0,,,,,,,
8-Jul-21,132456,108752,1,Rejected,19:49.0,,,,,,,
8-Jul-21,297621,137536,1,Shipped,20:41.0,,,,,,,
8-Jul-21,128613,46988,8,Rejected,20:50.0,,,,,,,
8-Jul-21,133329,113580,1,Shipped,21:11.0,,,,,,,
8-Jul-21,123681,22880,1,Rejected,21:25.0,,,,,,,
8-Jul-21,127926,98936,1,Rejected,21:35.0,,,,,,,
8-Jul-21,126630,74092,8,Rejected,21:44.0,,,,,,,
8-Jul-21,126498,70960,1,Rejected,21:53.0,,,,,,,
8-Jul-21,132459,108752,1,Rejected,22:01.0,,,,,,,
8-Jul-21,138408,28444,1,Shipped,22:03.0,,,,,,,
8-Jul-21,137928,112592,1,Rejected,22:38.0,,,,,,,
8-Jul-21,128178,109332,3,Shipped,22:46.0,,,,,,,
8-Jul-21,136500,79652,8,Rejected,22:51.0,,,,,,,
8-Jul-21,131121,68188,5,Rejected,22:59.0,,,,,,,
8-Jul-21,135501,78660,2,Shipped,23:31.0,,,,,,,
8-Jul-21,126018,71448,3,Rejected,23:41.0,,,,,,,
8-Jul-21,130401,96112,9,Pending,23:51.0,,,,,,,
8-Jul-21,129936,64872,3,Rejected,24:11.0,,,,,,,
8-Jul-21,297372,120028,10,Rejected,24:13.0,,,,,,,
8-Jul-21,124908,55652,8,Shipped,24:21.0,,,,,,,
8-Jul-21,135009,78108,3,Rejected,25:11.0,,,,,,,
8-Jul-21,134991,75380,5,Rejected,25:43.0,,,,,,,
8-Jul-21,297141,135780,3,Rejected,26:05.0,,,,,,,
8-Jul-21,134022,59064,5,Rejected,26:29.0,,,,,,,
8-Jul-21,133278,79016,4,Shipped,26:45.0,,,,,,,
8-Jul-21,133944,58108,5,Shipped,27:25.0,,,,,,,
8-Jul-21,297210,205144,2,Rejected,28:02.0,,,,,,,
8-Jul-21,127332,55672,8,Rejected,28:15.0,,,,,,,
8-Jul-21,136860,76004,4,Shipped,28:19.0,,,,,,,
8-Jul-21,129918,96268,1,Rejected,28:34.0,,,,,,,
8-Jul-21,123753,48032,8,Rejected,28:49.0,,,,,,,
8-Jul-21,136503,87076,8,Shipped,28:53.0,,,,,,,
8-Jul-21,129600,44336,9,Shipped,29:17.0,,,,,,,
8-Jul-21,121446,101908,2,Rejected,29:38.0,,,,,,,
8-Jul-21,130092,47412,8,Rejected,29:58.0,,,,,,,
8-Jul-21,134031,95456,1,Rejected,30:12.0,,,,,,,
8-Jul-21,126087,75788,3,Rejected,30:25.0,,,,,,,
8-Jul-21,125796,94288,3,Rejected,30:28.0,,,,,,,
8-Jul-21,133284,2296,1,Rejected,30:35.0,,,,,,,
8-Jul-21,121350,97572,8,Rejected,30:40.0,,,,,,,
8-Jul-21,135810,41952,5,Shipped,30:56.0,,,,,,,
8-Jul-21,123078,84612,8,Pending,31:04.0,,,,,,,
8-Jul-21,126123,72000,7,Shipped,31:05.0,,,,,,,
8-Jul-21,132531,87336,3,Rejected,31:25.0,,,,,,,
8-Jul-21,120441,69192,2,Shipped,31:51.0,,,,,,,
8-Jul-21,121095,20664,1,Rejected,32:03.0,,,,,,,
8-Jul-21,120372,98452,3,Rejected,32:04.0,,,,,,,
8-Jul-21,129783,104224,2,Shipped,33:07.0,,,,,,,
8-Jul-21,137226,112616,5,Shipped,33:11.0,,,,,,,
8-Jul-21,298380,189840,8,Rejected,33:12.0,,,,,,,
8-Jul-21,120696,35144,1,Rejected,33:22.0,,,,,,,
8-Jul-21,130668,79652,8,Rejected,33:29.0,,,,,,,
8-Jul-21,129456,55828,8,Shipped,33:34.0,,,,,,,
8-Jul-21,121704,99356,5,Rejected,33:58.0,,,,,,,
8-Jul-21,131874,34748,5,Shipped,34:28.0,,,,,,,
8-Jul-21,129855,110452,1,Rejected,35:21.0,,,,,,,
8-Jul-21,134256,114464,8,Rejected,35:43.0,,,,,,,
8-Jul-21,129333,87812,4,Rejected,35:52.0,,,,,,,
8-Jul-21,132150,97612,1,Rejected,35:58.0,,,,,,,
8-Jul-21,138246,96032,8,Shipped,36:02.0,,,,,,,
8-Jul-21,120966,38368,1,Rejected,36:16.0,,,,,,,
8-Jul-21,123084,91916,3,Shipped,36:16.0,,,,,,,
8-Jul-21,297996,44500,3,Rejected,36:29.0,,,,,,,
8-Jul-21,123777,100644,9,Rejected,36:55.0,,,,,,,
8-Jul-21,138501,114192,9,Shipped,37:13.0,,,,,,,
8-Jul-21,298422,178744,8,Shipped,37:14.0,,,,,,,
8-Jul-21,127203,35268,1,Rejected,37:15.0,,,,,,,
8-Jul-21,134829,114784,3,Shipped,37:15.0,,,,,,,
8-Jul-21,129150,19404,1,Shipped,37:39.0,,,,,,,
8-Jul-21,297261,202768,1,Rejected,37:45.0,,,,,,,
8-Jul-21,129459,54580,8,Shipped,38:13.0,,,,,,,
8-Jul-21,125517,56656,8,Shipped,38:16.0,,,,,,,
8-Jul-21,127206,35268,1,Rejected,38:21.0,,,,,,,
8-Jul-21,297732,211596,3,Rejected,38:22.0,,,,,,,
8-Jul-21,138096,21844,1,Rejected,38:38.0,,,,,,,
8-Jul-21,131202,37488,5,Rejected,38:51.0,,,,,,,
8-Jul-21,133173,18816,1,Shipped,39:35.0,,,,,,,
8-Jul-21,297096,158216,1,Rejected,39:49.0,,,,,,,
8-Jul-21,134517,58824,8,Rejected,40:05.0,,,,,,,
8-Jul-21,135573,73876,3,Shipped,41:05.0,,,,,,,
8-Jul-21,122988,91904,7,Rejected,41:19.0,,,,,,,
8-Jul-21,137082,42344,5,Shipped,41:30.0,,,,,,,
8-Jul-21,128892,62572,1,Rejected,41:39.0,,,,,,,
8-Jul-21,130107,75000,5,Shipped,42:08.0,,,,,,,
8-Jul-21,125094,87616,8,Rejected,42:09.0,,,,,,,
8-Jul-21,134787,98600,3,Shipped,42:17.0,,,,,,,
8-Jul-21,129891,56116,8,Rejected,42:20.0,,,,,,,
8-Jul-21,135681,89124,2,Rejected,42:27.0,,,,,,,
8-Jul-21,132738,75000,5,Rejected,43:00.0,,,,,,,
8-Jul-21,121437,82096,3,Rejected,43:49.0,,,,,,,
8-Jul-21,136713,41248,8,Rejected,43:50.0,,,,,,,
8-Jul-21,137253,41696,8,Shipped,43:54.0,,,,,,,
8-Jul-21,127449,87028,9,Shipped,45:06.0,,,,,,,
8-Jul-21,131811,68136,2,Rejected,45:38.0,,,,,,,
8-Jul-21,123711,30796,1,Shipped,45:48.0,,,,,,,
8-Jul-21,131487,110588,3,Rejected,45:53.0,,,,,,,
8-Jul-21,136464,114320,9,Rejected,45:56.0,,,,,,,
8-Jul-21,132747,75000,5,Rejected,46:33.0,,,,,,,
8-Jul-21,136365,112320,2,Rejected,46:53.0,,,,,,,
8-Jul-21,134469,114356,2,Rejected,47:07.0,,,,,,,
8-Jul-21,124680,57464,9,Rejected,47:13.0,,,,,,,
8-Jul-21,120822,97116,9,Rejected,47:47.0,,,,,,,
8-Jul-21,297798,179544,10,Rejected,48:31.0,,,,,,,
8-Jul-21,297054,141528,1,Shipped,48:37.0,,,,,,,
8-Jul-21,136803,1960,1,Rejected,48:50.0,,,,,,,
8-Jul-21,133539,65992,5,Shipped,49:08.0,,,,,,,
8-Jul-21,129183,91752,2,Rejected,49:24.0,,,,,,,
8-Jul-21,135471,108752,1,Shipped,49:24.0,,,,,,,
8-Jul-21,122049,2076,1,Shipped,50:19.0,,,,,,,
8-Jul-21,121389,96556,3,Rejected,50:43.0,,,,,,,
8-Jul-21,127359,89936,8,Rejected,51:32.0,,,,,,,
8-Jul-21,134625,50560,9,Shipped,51:43.0,,,,,,,
8-Jul-21,136155,51064,8,Rejected,51:44.0,,,,,,,
8-Jul-21,129432,42120,8,Rejected,52:21.0,,,,,,,
8-Jul-21,133497,84852,9,Rejected,53:06.0,,,,,,,
8-Jul-21,124509,2416,1,Shipped,53:21.0,,,,,,,
8-Jul-21,129282,56816,8,Rejected,53:25.0,,,,,,,
8-Jul-21,128790,109184,1,Rejected,53:27.0,,,,,,,
8-Jul-21,129435,42120,8,Rejected,53:33.0,,,,,,,
8-Jul-21,129567,55240,8,Shipped,53:41.0,,,,,,,
8-Jul-21,125820,106892,1,Rejected,54:25.0,,,,,,,
8-Jul-21,122139,85588,7,Shipped,55:25.0,,,,,,,
8-Jul-21,132684,56880,8,Shipped,55:25.0,,,,,,,
8-Jul-21,128988,60552,2,Shipped,56:05.0,,,,,,,
8-Jul-21,120891,96188,3,Rejected,56:47.0,,,,,,,
8-Jul-21,119910,100064,3,Rejected,56:49.0,,,,,,,
8-Jul-21,130575,42248,8,Rejected,56:57.0,,,,,,,
8-Jul-21,123585,96852,9,Rejected,57:36.0,,,,,,,
8-Jul-21,124281,43844,9,Rejected,57:40.0,,,,,,,
8-Jul-21,121665,68864,2,Rejected,57:46.0,,,,,,,
8-Jul-21,126159,23512,1,Shipped,57:46.0,,,,,,,
8-Jul-21,120534,54824,8,Rejected,57:57.0,,,,,,,
8-Jul-21,136929,27328,1,Shipped,58:53.0,,,,,,,
8-Jul-21,134064,20360,1,Shipped,58:56.0,,,,,,,
8-Jul-21,137709,31520,1,Rejected,59:05.0,,,,,,,
8-Jul-21,128499,109588,9,Rejected,59:30.0,,,,,,,
8-Jul-21,130323,66000,9,Rejected,59:42.0,,,,,,,
8-Jul-21,136932,27328,1,Rejected,59:43.0,,,,,,,
9-Jul-21,121980,96112,9,Shipped,00:11.0,,,,,,,
9-Jul-21,130485,39680,1,Shipped,00:24.0,,,,,,,
9-Jul-21,121671,41188,8,Shipped,00:50.0,,,,,,,
9-Jul-21,128817,33804,1,Shipped,00:50.0,,,,,,,
9-Jul-21,121128,78348,2,Shipped,00:58.0,,,,,,,
9-Jul-21,133080,82484,2,Shipped,01:06.0,,,,,,,
9-Jul-21,134157,101476,5,Shipped,01:10.0,,,,,,,
9-Jul-21,121881,43888,9,Shipped,01:18.0,,,,,,,
9-Jul-21,121293,32348,1,Rejected,01:43.0,,,,,,,
9-Jul-21,137661,112260,5,Shipped,01:44.0,,,,,,,
9-Jul-21,126177,81860,4,Rejected,01:57.0,,,,,,,
9-Jul-21,122211,91916,3,Rejected,02:01.0,,,,,,,
9-Jul-21,133689,76784,2,Rejected,02:08.0,,,,,,,
9-Jul-21,136815,29184,5,Rejected,02:15.0,,,,,,,
9-Jul-21,126867,30796,1,Rejected,02:17.0,,,,,,,
9-Jul-21,132972,112680,3,Rejected,02:38.0,,,,,,,
9-Jul-21,132591,113304,1,Rejected,02:41.0,,,,,,,
9-Jul-21,122448,43408,8,Rejected,02:52.0,,,,,,,
9-Jul-21,127707,108812,8,Rejected,03:54.0,,,,,,,
9-Jul-21,137604,67880,3,Rejected,04:08.0,,,,,,,
9-Jul-21,130995,99332,9,Shipped,04:25.0,,,,,,,
9-Jul-21,133695,91520,8,Shipped,04:44.0,,,,,,,
9-Jul-21,138288,53788,1,Shipped,04:46.0,,,,,,,
9-Jul-21,133086,20592,1,Shipped,04:58.0,,,,,,,
9-Jul-21,127296,30700,1,Rejected,04:59.0,,,,,,,
9-Jul-21,122745,61368,9,Rejected,05:08.0,,,,,,,
9-Jul-21,131658,96032,8,Rejected,05:39.0,,,,,,,
9-Jul-21,125655,101892,5,Rejected,05:43.0,,,,,,,
9-Jul-21,134652,32320,5,Rejected,06:06.0,,,,,,,
9-Jul-21,129090,46060,1,Rejected,06:28.0,,,,,,,
9-Jul-21,134559,59436,9,Rejected,06:36.0,,,,,,,
9-Jul-21,131847,112592,1,Shipped,07:18.0,,,,,,,
9-Jul-21,120675,65652,7,Shipped,07:38.0,,,,,,,
9-Jul-21,136473,89568,9,Rejected,07:46.0,,,,,,,
9-Jul-21,121998,71804,1,Shipped,07:48.0,,,,,,,
9-Jul-21,123351,44436,8,Shipped,07:54.0,,,,,,,
9-Jul-21,123819,75204,4,Rejected,08:12.0,,,,,,,
9-Jul-21,126360,45028,9,Shipped,08:28.0,,,,,,,
9-Jul-21,133704,87152,5,Shipped,08:36.0,,,,,,,
9-Jul-21,125757,20936,1,Shipped,08:53.0,,,,,,,
9-Jul-21,137505,104680,4,Rejected,09:08.0,,,,,,,
9-Jul-21,129957,43184,2,Rejected,09:15.0,,,,,,,
9-Jul-21,131361,29788,1,Shipped,09:26.0,,,,,,,
9-Jul-21,119961,62720,4,Rejected,10:12.0,,,,,,,
9-Jul-21,130920,66000,9,Rejected,10:17.0,,,,,,,
9-Jul-21,126813,107124,9,Rejected,10:55.0,,,,,,,
9-Jul-21,120429,85584,8,Rejected,11:27.0,,,,,,,
9-Jul-21,136749,66676,3,Rejected,11:31.0,,,,,,,
9-Jul-21,125763,106860,2,Shipped,12:21.0,,,,,,,
9-Jul-21,135552,80192,3,Shipped,12:46.0,,,,,,,
9-Jul-21,129882,68916,7,Rejected,12:52.0,,,,,,,
9-Jul-21,127653,108816,9,Rejected,12:59.0,,,,,,,
9-Jul-21,131610,112476,1,Rejected,13:08.0,,,,,,,
9-Jul-21,122754,103884,7,Rejected,13:54.0,,,,,,,
9-Jul-21,125565,66032,2,Rejected,13:57.0,,,,,,,
9-Jul-21,132447,89472,5,Rejected,14:10.0,,,,,,,
9-Jul-21,120339,100616,2,Rejected,14:28.0,,,,,,,
9-Jul-21,120099,54492,5,Rejected,14:30.0,,,,,,,
9-Jul-21,120894,61460,8,Rejected,14:50.0,,,,,,,
9-Jul-21,121041,97116,9,Rejected,15:15.0,,,,,,,
9-Jul-21,136758,66676,3,Shipped,15:32.0,,,,,,,
9-Jul-21,130149,27220,1,Shipped,16:06.0,,,,,,,
9-Jul-21,124959,25992,1,Shipped,16:18.0,,,,,,,
9-Jul-21,130728,30960,1,Rejected,16:39.0,,,,,,,
9-Jul-21,125832,49164,9,Shipped,17:05.0,,,,,,,
9-Jul-21,121422,92392,2,Shipped,17:09.0,,,,,,,
9-Jul-21,129486,21332,1,Shipped,17:15.0,,,,,,,
9-Jul-21,124533,22648,1,Rejected,17:16.0,,,,,,,
9-Jul-21,121908,84340,8,Rejected,18:06.0,,,,,,,
9-Jul-21,127542,108752,1,Rejected,18:57.0,,,,,,,
9-Jul-21,126573,83720,9,Rejected,19:18.0,,,,,,,
9-Jul-21,133389,28100,1,Rejected,19:21.0,,,,,,,
9-Jul-21,124461,95288,8,Rejected,19:37.0,,,,,,,
9-Jul-21,128925,20360,1,Shipped,19:50.0,,,,,,,
9-Jul-21,123918,75252,2,Rejected,19:57.0,,,,,,,
9-Jul-21,128928,23272,1,Shipped,20:00.0,,,,,,,
9-Jul-21,122319,61460,8,Shipped,20:19.0,,,,,,,
9-Jul-21,134085,38908,1,Rejected,20:22.0,,,,,,,
9-Jul-21,137919,57468,9,Rejected,20:24.0,,,,,,,
9-Jul-21,120513,74628,5,Rejected,20:29.0,,,,,,,
9-Jul-21,127014,79536,2,Rejected,20:31.0,,,,,,,
9-Jul-21,133551,104172,9,Shipped,20:32.0,,,,,,,
9-Jul-21,128313,93876,9,Rejected,21:03.0,,,,,,,
9-Jul-21,136965,111864,9,Rejected,21:14.0,,,,,,,
9-Jul-21,132279,82436,3,Rejected,21:31.0,,,,,,,
9-Jul-21,137520,78960,1,Shipped,22:02.0,,,,,,,
9-Jul-21,297309,199376,3,Rejected,22:02.0,,,,,,,
9-Jul-21,132378,92496,7,Rejected,22:30.0,,,,,,,
9-Jul-21,120357,100144,9,Rejected,22:33.0,,,,,,,
9-Jul-21,124008,52032,8,Rejected,23:37.0,,,,,,,
9-Jul-21,126099,42872,1,Rejected,23:37.0,,,,,,,
9-Jul-21,124398,83784,8,Rejected,24:08.0,,,,,,,
9-Jul-21,297207,158008,9,Shipped,24:46.0,,,,,,,
9-Jul-21,133335,113844,9,Rejected,24:50.0,,,,,,,
9-Jul-21,123357,66000,9,Shipped,24:58.0,,,,,,,
9-Jul-21,126243,107428,1,Rejected,25:25.0,,,,,,,
9-Jul-21,296775,98152,1,Rejected,25:29.0,,,,,,,
9-Jul-21,133617,108756,5,Rejected,25:40.0,,,,,,,
9-Jul-21,131136,112172,8,Rejected,26:18.0,,,,,,,
9-Jul-21,130743,50632,8,Rejected,26:27.0,,,,,,,
9-Jul-21,121914,24016,1,Shipped,27:14.0,,,,,,,
9-Jul-21,126246,107428,1,Rejected,27:37.0,,,,,,,
9-Jul-21,130950,89624,8,Shipped,28:23.0,,,,,,,
9-Jul-21,134583,50560,9,Rejected,29:07.0,,,,,,,
9-Jul-21,127929,44176,8,Shipped,30:03.0,,,,,,,
9-Jul-21,135057,115068,1,Rejected,30:32.0,,,,,,,
9-Jul-21,127956,59516,9,Rejected,30:57.0,,,,,,,
9-Jul-21,135858,26116,1,Rejected,32:21.0,,,,,,,
9-Jul-21,126276,74132,4,Rejected,32:47.0,,,,,,,
9-Jul-21,133410,69828,3,Rejected,33:18.0,,,,,,,
9-Jul-21,121278,47844,1,Shipped,33:27.0,,,,,,,
9-Jul-21,130239,27252,1,Rejected,33:34.0,,,,,,,
9-Jul-21,123156,38228,1,Rejected,33:36.0,,,,,,,
9-Jul-21,121383,98964,1,Rejected,33:49.0,,,,,,,
9-Jul-21,137313,75368,1,Rejected,34:06.0,,,,,,,
9-Jul-21,132999,27728,1,Rejected,34:08.0,,,,,,,
9-Jul-21,130971,70540,4,Rejected,34:14.0,,,,,,,
9-Jul-21,134598,67896,3,Rejected,34:27.0,,,,,,,
9-Jul-21,121365,101728,3,Rejected,34:48.0,,,,,,,
9-Jul-21,127020,79536,2,Rejected,34:59.0,,,,,,,
9-Jul-21,136989,103584,9,Shipped,35:28.0,,,,,,,
9-Jul-21,123270,73832,9,Rejected,35:56.0,,,,,,,
9-Jul-21,120156,97984,5,Shipped,36:00.0,,,,,,,
9-Jul-21,137814,19388,1,Rejected,36:11.0,,,,,,,
9-Jul-21,126948,41584,8,Shipped,36:22.0,,,,,,,
9-Jul-21,132801,42956,5,Rejected,36:25.0,,,,,,,
9-Jul-21,135279,107860,5,Shipped,36:49.0,,,,,,,
9-Jul-21,128682,109896,9,Rejected,37:08.0,,,,,,,
9-Jul-21,298350,208068,3,Rejected,37:36.0,,,,,,,
9-Jul-21,127281,101600,2,Shipped,38:33.0,,,,,,,
9-Jul-21,128961,87136,8,Shipped,38:40.0,,,,,,,
9-Jul-21,120123,52252,2,Shipped,38:43.0,,,,,,,
9-Jul-21,134205,65024,2,Rejected,39:06.0,,,,,,,
9-Jul-21,123381,90828,7,Shipped,39:19.0,,,,,,,
9-Jul-21,296988,147076,2,Rejected,39:52.0,,,,,,,
9-Jul-21,126249,107448,2,Shipped,40:40.0,,,,,,,
9-Jul-21,297783,114528,10,Rejected,42:29.0,,,,,,,
9-Jul-21,298365,213552,11,Rejected,42:59.0,,,,,,,
9-Jul-21,132345,78020,2,Shipped,43:00.0,,,,,,,
9-Jul-21,122991,94160,4,Rejected,43:16.0,,,,,,,
9-Jul-21,127686,84612,8,Rejected,43:21.0,,,,,,,
9-Jul-21,135048,115620,1,Rejected,44:22.0,,,,,,,
9-Jul-21,120705,42248,8,Rejected,44:58.0,,,,,,,
9-Jul-21,123888,53676,5,Shipped,45:04.0,,,,,,,
9-Jul-21,136347,58824,8,Shipped,45:13.0,,,,,,,
9-Jul-21,121764,33784,1,Shipped,45:29.0,,,,,,,
9-Jul-21,124788,59608,8,Shipped,46:21.0,,,,,,,
9-Jul-21,129174,109600,1,Rejected,47:02.0,,,,,,,
9-Jul-21,297534,47036,5,Rejected,47:11.0,,,,,,,
9-Jul-21,136665,116700,9,Rejected,47:33.0,,,,,,,
9-Jul-21,123096,25268,1,Shipped,47:41.0,,,,,,,
9-Jul-21,127383,108312,2,Rejected,47:44.0,,,,,,,
9-Jul-21,126783,28240,1,Rejected,47:46.0,,,,,,,
9-Jul-21,120258,47312,2,Rejected,48:31.0,,,,,,,
9-Jul-21,121770,100980,9,Rejected,48:54.0,,,,,,,
9-Jul-21,133968,42164,8,Shipped,48:58.0,,,,,,,
9-Jul-21,132813,42244,8,Shipped,48:59.0,,,,,,,
9-Jul-21,129702,87812,4,Shipped,49:04.0,,,,,,,
9-Jul-21,129180,34304,1,Rejected,49:17.0,,,,,,,
9-Jul-21,121554,85780,3,Rejected,49:25.0,,,,,,,
9-Jul-21,127245,39876,1,Rejected,50:27.0,,,,,,,
9-Jul-21,134538,35416,1,Shipped,50:40.0,,,,,,,
9-Jul-21,127413,103548,8,Shipped,50:56.0,,,,,,,
9-Jul-21,131901,5892,1,Rejected,50:59.0,,,,,,,
9-Jul-21,123102,47912,8,Shipped,51:03.0,,,,,,,
9-Jul-21,135474,108752,1,Rejected,51:06.0,,,,,,,
9-Jul-21,130650,76776,9,Shipped,51:39.0,,,,,,,
9-Jul-21,133440,75776,3,Shipped,51:40.0,,,,,,,
9-Jul-21,129900,39464,5,Rejected,51:54.0,,,,,,,
9-Jul-21,132201,111880,1,Rejected,51:56.0,,,,,,,
9-Jul-21,127077,65780,1,Rejected,52:05.0,,,,,,,
9-Jul-21,297387,184128,4,Rejected,52:12.0,,,,,,,
9-Jul-21,121587,74088,8,Rejected,52:32.0,,,,,,,
9-Jul-21,128787,83968,9,Rejected,53:04.0,,,,,,,
9-Jul-21,131823,96032,8,Rejected,53:15.0,,,,,,,
9-Jul-21,122736,86440,3,Shipped,53:20.0,,,,,,,
9-Jul-21,132582,58932,5,Shipped,53:24.0,,,,,,,
9-Jul-21,134742,115132,9,Shipped,53:25.0,,,,,,,
9-Jul-21,133500,98392,2,Rejected,53:28.0,,,,,,,
9-Jul-21,134142,94740,4,Shipped,53:37.0,,,,,,,
9-Jul-21,134541,85212,4,Shipped,54:00.0,,,,,,,
9-Jul-21,137589,79304,4,Shipped,54:16.0,,,,,,,
9-Jul-21,123996,105084,1,Rejected,54:47.0,,,,,,,
9-Jul-21,130380,56616,1,Rejected,54:52.0,,,,,,,
9-Jul-21,124425,21308,1,Rejected,54:54.0,,,,,,,
9-Jul-21,128103,33960,1,Rejected,54:57.0,,,,,,,
9-Jul-21,134481,30260,1,Shipped,55:01.0,,,,,,,
9-Jul-21,124596,41452,8,Shipped,55:27.0,,,,,,,
9-Jul-21,296967,218324,9,Rejected,55:27.0,,,,,,,
9-Jul-21,297867,79652,8,Rejected,55:50.0,,,,,,,
9-Jul-21,121485,101964,3,Rejected,55:58.0,,,,,,,
9-Jul-21,130425,42536,5,Shipped,56:16.0,,,,,,,
9-Jul-21,297675,35416,1,Shipped,56:24.0,,,,,,,
9-Jul-21,132894,70224,3,Shipped,56:26.0,,,,,,,
9-Jul-21,297939,42472,5,Rejected,56:41.0,,,,,,,
9-Jul-21,124734,105688,8,Rejected,56:46.0,,,,,,,
9-Jul-21,134370,72140,5,Shipped,56:47.0,,,,,,,
9-Jul-21,121875,43888,9,Rejected,57:00.0,,,,,,,
9-Jul-21,128802,83968,9,Rejected,57:04.0,,,,,,,
9-Jul-21,120264,12440,1,Shipped,57:08.0,,,,,,,
9-Jul-21,121440,79588,3,Rejected,57:11.0,,,,,,,
9-Jul-21,125229,73340,1,Shipped,57:46.0,,,,,,,
9-Jul-21,129930,46944,8,Rejected,58:06.0,,,,,,,
9-Jul-21,126003,105712,1,Rejected,58:25.0,,,,,,,
9-Jul-21,298149,55896,9,Shipped,58:38.0,,,,,,,
9-Jul-21,132756,82120,1,Shipped,58:40.0,,,,,,,
9-Jul-21,122205,97168,3,Shipped,59:04.0,,,,,,,
9-Jul-21,127584,89896,4,Rejected,59:11.0,,,,,,,
9-Jul-21,131394,82504,8,Shipped,59:25.0,,,,,,,
9-Jul-21,126477,106892,1,Rejected,59:30.0,,,,,,,
9-Jul-21,128448,77364,2,Rejected,59:51.0,,,,,,,
10-Jul-21,130461,45368,8,Rejected,00:01.0,,,,,,,
10-Jul-21,120777,73268,2,Rejected,00:18.0,,,,,,,
10-Jul-21,130908,87136,8,Shipped,00:19.0,,,,,,,
10-Jul-21,297549,57148,9,Shipped,00:19.0,,,,,,,
10-Jul-21,127773,94252,8,Rejected,00:43.0,,,,,,,
10-Jul-21,297678,150140,1,Shipped,01:09.0,,,,,,,
10-Jul-21,121779,43844,9,Shipped,01:13.0,,,,,,,
10-Jul-21,126414,46480,8,Rejected,01:39.0,,,,,,,
10-Jul-21,129573,19324,1,Rejected,01:43.0,,,,,,,
10-Jul-21,131712,77164,5,Rejected,02:07.0,,,,,,,
10-Jul-21,132429,22124,1,Shipped,02:11.0,,,,,,,
10-Jul-21,131982,73876,3,Shipped,02:16.0,,,,,,,
10-Jul-21,125823,106560,8,Shipped,02:35.0,,,,,,,
10-Jul-21,133809,108780,3,Shipped,03:00.0,,,,,,,
10-Jul-21,121296,1208,1,Shipped,03:46.0,,,,,,,
10-Jul-21,124875,102232,5,Rejected,03:50.0,,,,,,,
10-Jul-21,133923,114432,2,Shipped,04:14.0,,,,,,,
10-Jul-21,298389,211596,3,Rejected,04:31.0,,,,,,,
10-Jul-21,121506,43844,9,Rejected,04:39.0,,,,,,,
10-Jul-21,126870,30856,1,Shipped,04:48.0,,,,,,,
10-Jul-21,137670,28732,1,Shipped,04:51.0,,,,,,,
10-Jul-21,131163,105456,2,Rejected,05:25.0,,,,,,,
10-Jul-21,137766,112452,2,Rejected,06:10.0,,,,,,,
10-Jul-21,129759,78988,1,Shipped,06:14.0,,,,,,,
10-Jul-21,296970,154232,2,Shipped,06:46.0,,,,,,,
10-Jul-21,135546,28728,1,Shipped,07:54.0,,,,,,,
10-Jul-21,122622,85876,1,Rejected,08:16.0,,,,,,,
10-Jul-21,120144,70988,7,Rejected,09:04.0,,,,,,,
10-Jul-21,122424,58364,8,Rejected,09:09.0,,,,,,,
10-Jul-21,137022,37612,1,Rejected,09:13.0,,,,,,,
10-Jul-21,123903,104936,8,Rejected,09:19.0,,,,,,,
10-Jul-21,131238,83964,3,Rejected,09:19.0,,,,,,,
10-Jul-21,130335,21164,1,Rejected,09:20.0,,,,,,,
10-Jul-21,132000,68864,2,Rejected,09:26.0,,,,,,,
10-Jul-21,127356,101484,8,Rejected,09:28.0,,,,,,,
10-Jul-21,138429,61964,1,Shipped,09:30.0,,,,,,,
10-Jul-21,297879,215024,1,Rejected,09:34.0,,,,,,,
10-Jul-21,121032,23016,1,Shipped,09:55.0,,,,,,,
10-Jul-21,128694,30960,1,Shipped,10:05.0,,,,,,,
10-Jul-21,126699,22124,1,Shipped,10:50.0,,,,,,,
10-Jul-21,125931,52724,1,Shipped,11:15.0,,,,,,,
10-Jul-21,135312,72744,1,Rejected,11:20.0,,,,,,,
10-Jul-21,129951,80780,9,Shipped,11:27.0,,,,,,,
10-Jul-21,136449,85868,9,Rejected,11:34.0,,,,,,,
10-Jul-21,125559,42676,8,Rejected,11:42.0,,,,,,,
10-Jul-21,127842,108816,9,Shipped,11:43.0,,,,,,,
10-Jul-21,137757,33252,5,Rejected,11:49.0,,,,,,,
10-Jul-21,130779,111220,9,Rejected,12:20.0,,,,,,,
10-Jul-21,297069,211456,2,Shipped,12:55.0,,,,,,,
10-Jul-21,120681,41840,8,Rejected,13:01.0,,,,,,,
10-Jul-21,123909,30004,1,Rejected,13:20.0,,,,,,,
10-Jul-21,126711,107860,5,Shipped,13:32.0,,,,,,,
10-Jul-21,123957,65044,8,Rejected,14:07.0,,,,,,,
10-Jul-21,126717,95156,1,Shipped,14:07.0,,,,,,,
10-Jul-21,127782,56000,8,Rejected,14:23.0,,,,,,,
10-Jul-21,136287,108864,3,Shipped,14:56.0,,,,,,,
10-Jul-21,127002,64460,9,Shipped,15:07.0,,,,,,,
10-Jul-21,133548,34652,5,Rejected,15:10.0,,,,,,,
10-Jul-21,120366,30796,1,Rejected,15:54.0,,,,,,,
10-Jul-21,131115,74960,4,Shipped,15:57.0,,,,,,,
10-Jul-21,122097,29660,5,Shipped,16:27.0,,,,,,,
10-Jul-21,129006,25756,1,Shipped,16:33.0,,,,,,,
10-Jul-21,127401,68432,3,Shipped,16:34.0,,,,,,,
10-Jul-21,121347,72212,1,Rejected,16:54.0,,,,,,,
10-Jul-21,134175,103480,9,Shipped,16:59.0,,,,,,,
10-Jul-21,134565,53788,1,Shipped,17:01.0,,,,,,,
10-Jul-21,137685,54496,5,Shipped,17:18.0,,,,,,,
10-Jul-21,121599,71804,1,Rejected,17:28.0,,,,,,,
10-Jul-21,134004,114508,8,Rejected,17:51.0,,,,,,,
10-Jul-21,125868,29292,5,Shipped,17:53.0,,,,,,,
10-Jul-21,120795,41728,8,Rejected,18:03.0,,,,,,,
10-Jul-21,127113,61352,9,Rejected,18:11.0,,,,,,,
10-Jul-21,122886,83456,9,Rejected,18:26.0,,,,,,,
10-Jul-21,128535,77732,4,Rejected,18:27.0,,,,,,,
10-Jul-21,128469,26904,1,Shipped,18:51.0,,,,,,,
10-Jul-21,120183,36140,1,Shipped,19:37.0,,,,,,,
10-Jul-21,122703,96140,1,Rejected,19:52.0,,,,,,,
10-Jul-21,134988,77052,7,Rejected,19:54.0,,,,,,,
10-Jul-21,120315,92408,1,Rejected,20:20.0,,,,,,,
10-Jul-21,129348,42036,1,Rejected,20:24.0,,,,,,,
10-Jul-21,127116,75000,5,Shipped,20:44.0,,,,,,,
10-Jul-21,131628,30784,5,Rejected,21:04.0,,,,,,,
10-Jul-21,121797,85964,3,Rejected,21:32.0,,,,,,,
10-Jul-21,131364,66016,3,Rejected,21:39.0,,,,,,,
10-Jul-21,132636,31552,5,Shipped,22:10.0,,,,,,,
10-Jul-21,122709,96140,1,Shipped,22:14.0,,,,,,,
10-Jul-21,123513,87812,4,Rejected,22:14.0,,,,,,,
10-Jul-21,132639,79532,2,Shipped,22:31.0,,,,,,,
10-Jul-21,125451,50632,8,Rejected,23:16.0,,,,,,,
10-Jul-21,128322,21844,1,Rejected,23:41.0,,,,,,,
10-Jul-21,135462,25472,1,Shipped,24:29.0,,,,,,,
10-Jul-21,127125,103548,8,Rejected,24:59.0,,,,,,,
10-Jul-21,130686,108392,9,Shipped,25:09.0,,,,,,,
10-Jul-21,130524,111464,5,Rejected,25:21.0,,,,,,,
10-Jul-21,135624,81868,8,Rejected,25:30.0,,,,,,,
10-Jul-21,128184,38440,1,Rejected,25:52.0,,,,,,,
10-Jul-21,133668,111816,1,Rejected,25:52.0,,,,,,,
10-Jul-21,130878,75132,4,Shipped,25:54.0,,,,,,,
10-Jul-21,128757,83592,7,Shipped,26:21.0,,,,,,,
10-Jul-21,297723,88788,2,Shipped,26:25.0,,,,,,,
10-Jul-21,297024,207724,3,Rejected,26:45.0,,,,,,,
10-Jul-21,126837,100356,1,Rejected,27:04.0,,,,,,,
10-Jul-21,297027,78808,2,Shipped,27:22.0,,,,,,,
10-Jul-21,137163,117256,8,Shipped,27:29.0,,,,,,,
10-Jul-21,130233,36404,1,Shipped,27:53.0,,,,,,,
10-Jul-21,133722,113452,8,Rejected,28:50.0,,,,,,,
10-Jul-21,126753,107956,8,Rejected,29:10.0,,,,,,,
10-Jul-21,130962,57068,8,Rejected,30:16.0,,,,,,,
10-Jul-21,138168,24580,1,Shipped,30:26.0,,,,,,,
10-Jul-21,129036,54256,8,Shipped,30:40.0,,,,,,,
10-Jul-21,124827,105944,3,Rejected,30:53.0,,,,,,,
10-Jul-21,296892,208708,2,Shipped,31:24.0,,,,,,,
10-Jul-21,121428,101808,1,Rejected,31:26.0,,,,,,,
10-Jul-21,297144,65864,9,Rejected,31:27.0,,,,,,,
10-Jul-21,132327,51092,8,Rejected,31:44.0,,,,,,,
10-Jul-21,121827,83784,8,Rejected,31:52.0,,,,,,,
10-Jul-21,128865,57952,5,Rejected,32:35.0,,,,,,,
10-Jul-21,122031,40988,1,Shipped,33:04.0,,,,,,,
10-Jul-21,138243,57560,2,Shipped,33:05.0,,,,,,,
10-Jul-21,133947,70716,3,Shipped,33:12.0,,,,,,,
10-Jul-21,135666,72140,5,Shipped,33:29.0,,,,,,,
10-Jul-21,127278,101600,2,Rejected,33:31.0,,,,,,,
10-Jul-21,123159,38228,1,Shipped,33:39.0,,,,,,,
10-Jul-21,128088,106856,3,Rejected,34:33.0,,,,,,,
10-Jul-21,131028,30260,1,Rejected,34:34.0,,,,,,,
10-Jul-21,298401,137816,2,Shipped,34:39.0,,,,,,,
10-Jul-21,296778,175996,3,Shipped,34:41.0,,,,,,,
10-Jul-21,134601,91904,7,Rejected,34:47.0,,,,,,,
10-Jul-21,136593,116492,4,Shipped,35:18.0,,,,,,,
10-Jul-21,126771,35700,5,Rejected,35:19.0,,,,,,,
10-Jul-21,121707,94160,4,Shipped,35:30.0,,,,,,,
10-Jul-21,127563,91536,7,Shipped,35:31.0,,,,,,,
10-Jul-21,136509,37108,1,Rejected,35:57.0,,,,,,,
10-Jul-21,134778,101728,3,Rejected,36:44.0,,,,,,,
10-Jul-21,125844,94288,3,Shipped,36:48.0,,,,,,,
10-Jul-21,130173,20636,1,Rejected,36:57.0,,,,,,,
10-Jul-21,122985,18652,1,Shipped,37:45.0,,,,,,,
10-Jul-21,121710,64276,8,Rejected,37:55.0,,,,,,,
10-Jul-21,135639,76004,4,Rejected,38:19.0,,,,,,,
10-Jul-21,120564,99988,2,Rejected,38:20.0,,,,,,,
10-Jul-21,134103,24412,1,Shipped,38:24.0,,,,,,,
10-Jul-21,125214,79652,8,Rejected,38:25.0,,,,,,,
10-Jul-21,120663,100960,3,Rejected,38:31.0,,,,,,,
10-Jul-21,132390,113084,8,Shipped,38:43.0,,,,,,,
10-Jul-21,131946,27960,1,Rejected,39:09.0,,,,,,,
10-Jul-21,130302,73668,7,Shipped,39:10.0,,,,,,,
10-Jul-21,120918,53368,9,Rejected,39:31.0,,,,,,,
10-Jul-21,131142,40080,1,Shipped,39:56.0,,,,,,,
10-Jul-21,120450,52520,5,Rejected,39:57.0,,,,,,,
10-Jul-21,297327,102328,2,Shipped,40:37.0,,,,,,,
10-Jul-21,134274,63364,1,Rejected,40:45.0,,,,,,,
10-Jul-21,121182,64236,9,Rejected,41:03.0,,,,,,,
10-Jul-21,123879,100588,2,Rejected,41:14.0,,,,,,,
10-Jul-21,126657,107836,3,Shipped,41:33.0,,,,,,,
10-Jul-21,132066,112512,2,Shipped,41:46.0,,,,,,,
10-Jul-21,123783,104832,5,Rejected,41:58.0,,,,,,,
10-Jul-21,130185,46856,8,Shipped,41:58.0,,,,,,,
10-Jul-21,120810,87136,8,Rejected,42:11.0,,,,,,,
10-Jul-21,124839,100116,4,Shipped,42:18.0,,,,,,,
10-Jul-21,130620,22200,1,Rejected,42:31.0,,,,,,,
10-Jul-21,131208,86680,2,Shipped,42:48.0,,,,,,,
10-Jul-21,136143,21452,1,Shipped,42:54.0,,,,,,,
10-Jul-21,137460,88916,8,Rejected,43:01.0,,,,,,,
10-Jul-21,137868,12548,2,Shipped,43:25.0,,,,,,,
10-Jul-21,133848,57492,9,Shipped,43:33.0,,,,,,,
10-Jul-21,134520,101908,2,Rejected,43:48.0,,,,,,,
10-Jul-21,133533,99356,5,Rejected,44:14.0,,,,,,,
10-Jul-21,127509,76516,8,Shipped,44:16.0,,,,,,,
10-Jul-21,298497,208376,2,Shipped,44:16.0,,,,,,,
10-Jul-21,125223,51408,9,Rejected,44:17.0,,,,,,,
10-Jul-21,129240,54984,8,Rejected,44:29.0,,,,,,,
10-Jul-21,123705,55796,5,Shipped,44:42.0,,,,,,,
10-Jul-21,125634,57296,1,Rejected,45:00.0,,,,,,,
10-Jul-21,297660,188116,1,Shipped,45:28.0,,,,,,,
10-Jul-21,134616,115044,9,Shipped,45:47.0,,,,,,,
10-Jul-21,126258,107460,1,Rejected,45:51.0,,,,,,,
10-Jul-21,134367,41196,8,Rejected,45:58.0,,,,,,,
10-Jul-21,134529,114416,2,Shipped,46:31.0,,,,,,,
10-Jul-21,129987,88800,2,Shipped,46:41.0,,,,,,,
10-Jul-21,136467,89568,9,Shipped,46:55.0,,,,,,,
10-Jul-21,126780,107912,2,Rejected,47:26.0,,,,,,,
10-Jul-21,130029,53368,9,Shipped,48:06.0,,,,,,,
10-Jul-21,127866,25284,1,Rejected,48:16.0,,,,,,,
10-Jul-21,133065,113568,9,Rejected,48:24.0,,,,,,,
10-Jul-21,137481,117468,9,Rejected,48:24.0,,,,,,,
10-Jul-21,120711,35700,5,Shipped,49:08.0,,,,,,,
10-Jul-21,122601,98008,1,Shipped,49:44.0,,,,,,,
10-Jul-21,122334,103360,1,Rejected,49:53.0,,,,,,,
10-Jul-21,124590,52724,1,Rejected,50:09.0,,,,,,,
10-Jul-21,127455,96808,4,Rejected,50:36.0,,,,,,,
10-Jul-21,122799,92564,4,Shipped,50:59.0,,,,,,,
10-Jul-21,120468,67212,2,Rejected,51:28.0,,,,,,,
10-Jul-21,128610,38440,1,Rejected,51:35.0,,,,,,,
10-Jul-21,136314,58932,5,Shipped,51:53.0,,,,,,,
10-Jul-21,129258,103800,3,Rejected,52:34.0,,,,,,,
10-Jul-21,125295,98964,1,Shipped,53:06.0,,,,,,,
10-Jul-21,127080,84712,3,Shipped,53:23.0,,,,,,,
10-Jul-21,121071,84044,8,Shipped,53:34.0,,,,,,,
10-Jul-21,133902,102112,9,Shipped,54:15.0,,,,,,,
10-Jul-21,127872,34556,1,Rejected,54:25.0,,,,,,,
10-Jul-21,130191,39936,1,Rejected,54:39.0,,,,,,,
10-Jul-21,136320,58932,5,Rejected,55:09.0,,,,,,,
10-Jul-21,138216,51600,1,Shipped,55:14.0,,,,,,,
10-Jul-21,297543,45596,9,Shipped,55:20.0,,,,,,,
10-Jul-21,129906,39464,5,Rejected,55:34.0,,,,,,,
10-Jul-21,132303,112028,2,Rejected,55:34.0,,,,,,,
10-Jul-21,120978,61556,2,Shipped,56:49.0,,,,,,,
10-Jul-21,127344,58192,1,Rejected,57:04.0,,,,,,,
10-Jul-21,132123,112320,2,Rejected,57:18.0,,,,,,,
10-Jul-21,129639,47168,5,Shipped,57:30.0,,,,,,,
10-Jul-21,133983,114416,2,Rejected,57:37.0,,,,,,,
10-Jul-21,128061,64364,8,Rejected,58:12.0,,,,,,,
10-Jul-21,133011,93696,2,Rejected,58:28.0,,,,,,,
10-Jul-21,120078,71276,1,Shipped,58:41.0,,,,,,,
10-Jul-21,137145,105272,9,Shipped,59:32.0,,,,,,,
10-Jul-21,125166,77900,2,Rejected,59:42.0,,,,,,,
10-Jul-21,134946,114924,9,Rejected,59:50.0,,,,,,,
11-Jul-21,135237,58400,5,Shipped,00:03.0,,,,,,,
11-Jul-21,132306,80556,4,Shipped,00:06.0,,,,,,,
11-Jul-21,122742,72284,9,Shipped,00:19.0,,,,,,,
11-Jul-21,124950,106056,3,Rejected,00:36.0,,,,,,,
11-Jul-21,123999,105084,1,Rejected,01:08.0,,,,,,,
11-Jul-21,137658,112260,5,Rejected,01:12.0,,,,,,,
11-Jul-21,126798,60712,8,Shipped,01:21.0,,,,,,,
11-Jul-21,129066,109600,1,Rejected,01:29.0,,,,,,,
11-Jul-21,136530,116732,8,Rejected,01:45.0,,,,,,,
11-Jul-21,127884,80888,2,Rejected,02:16.0,,,,,,,
11-Jul-21,138396,107044,1,Shipped,02:22.0,,,,,,,
11-Jul-21,125742,86212,2,Shipped,02:25.0,,,,,,,
11-Jul-21,123594,104664,1,Rejected,02:32.0,,,,,,,
11-Jul-21,120081,26468,1,Rejected,02:34.0,,,,,,,
11-Jul-21,298452,93876,9,Rejected,02:50.0,,,,,,,
11-Jul-21,120885,100924,2,Rejected,03:39.0,,,,,,,
11-Jul-21,132705,66000,9,Rejected,03:39.0,,,,,,,
11-Jul-21,134223,23688,1,Shipped,04:48.0,,,,,,,
11-Jul-21,137550,73876,3,Shipped,04:53.0,,,,,,,
11-Jul-21,130854,52264,8,Rejected,05:16.0,,,,,,,
11-Jul-21,135897,109424,1,Shipped,05:34.0,,,,,,,
11-Jul-21,128628,51896,9,Rejected,05:50.0,,,,,,,
11-Jul-21,297198,82780,10,Rejected,06:10.0,,,,,,,
11-Jul-21,296913,154804,2,Shipped,06:25.0,,,,,,,
11-Jul-21,126804,107964,3,Rejected,06:51.0,,,,,,,
11-Jul-21,138351,49248,9,Rejected,07:41.0,,,,,,,
11-Jul-21,123600,76516,8,Rejected,07:53.0,,,,,,,
11-Jul-21,134163,114596,8,Rejected,07:53.0,,,,,,,
11-Jul-21,126081,107136,1,Rejected,08:10.0,,,,,,,
11-Jul-21,121080,23328,1,Rejected,08:20.0,,,,,,,
11-Jul-21,123507,54132,8,Shipped,08:25.0,,,,,,,
11-Jul-21,129291,32768,1,Shipped,08:26.0,,,,,,,
11-Jul-21,123042,85712,5,Shipped,08:32.0,,,,,,,
11-Jul-21,130773,107908,8,Pending,08:33.0,,,,,,,
11-Jul-21,120423,77488,2,Shipped,08:34.0,,,,,,,
11-Jul-21,127923,73276,5,Rejected,09:14.0,,,,,,,
11-Jul-21,129099,21380,1,Shipped,09:18.0,,,,,,,
11-Jul-21,136092,106028,1,Shipped,09:48.0,,,,,,,
11-Jul-21,123603,96644,8,Shipped,10:05.0,,,,,,,
11-Jul-21,132777,46000,5,Shipped,10:12.0,,,,,,,
11-Jul-21,126891,51088,5,Shipped,10:13.0,,,,,,,
11-Jul-21,120426,96496,2,Shipped,10:53.0,,,,,,,
11-Jul-21,123468,73720,7,Shipped,11:42.0,,,,,,,
11-Jul-21,121443,101916,8,Rejected,12:17.0,,,,,,,
11-Jul-21,122862,75204,4,Rejected,12:21.0,,,,,,,
11-Jul-21,134853,63856,4,Rejected,12:23.0,,,,,,,
11-Jul-21,296796,96496,11,Shipped,12:29.0,,,,,,,
11-Jul-21,136641,110600,3,Rejected,12:33.0,,,,,,,
11-Jul-21,128835,84968,8,Shipped,12:34.0,,,,,,,
11-Jul-21,133605,18940,1,Shipped,13:10.0,,,,,,,
11-Jul-21,135450,25632,1,Shipped,14:01.0,,,,,,,
11-Jul-21,123243,42860,1,Rejected,14:17.0,,,,,,,
11-Jul-21,131112,20692,1,Shipped,14:54.0,,,,,,,
11-Jul-21,133467,45172,5,Shipped,15:11.0,,,,,,,
11-Jul-21,135843,116316,4,Rejected,15:12.0,,,,,,,
11-Jul-21,130440,42120,8,Rejected,15:24.0,,,,,,,
11-Jul-21,126621,101892,5,Shipped,15:27.0,,,,,,,
11-Jul-21,124686,92012,1,Rejected,15:32.0,,,,,,,
11-Jul-21,129270,67940,1,Shipped,16:32.0,,,,,,,
11-Jul-21,135909,105556,2,Rejected,16:34.0,,,,,,,
11-Jul-21,133041,71544,3,Rejected,16:49.0,,,,,,,
11-Jul-21,131622,94740,4,Rejected,17:39.0,,,,,,,
11-Jul-21,131850,72080,5,Rejected,17:52.0,,,,,,,
11-Jul-21,134886,94168,3,Rejected,17:53.0,,,,,,,
11-Jul-21,298332,91872,3,Rejected,18:04.0,,,,,,,
11-Jul-21,124290,94528,5,Shipped,18:43.0,,,,,,,
11-Jul-21,137034,51452,1,Shipped,19:08.0,,,,,,,
11-Jul-21,120207,68680,2,Shipped,19:14.0,,,,,,,
11-Jul-21,125367,18632,1,Rejected,19:52.0,,,,,,,
11-Jul-21,121260,68124,2,Shipped,20:07.0,,,,,,,
11-Jul-21,131859,105960,8,Rejected,20:48.0,,,,,,,
11-Jul-21,122160,90340,9,Shipped,20:51.0,,,,,,,
11-Jul-21,130278,95816,2,Rejected,21:27.0,,,,,,,
11-Jul-21,133641,112320,2,Rejected,21:31.0,,,,,,,
11-Jul-21,132633,89344,8,Shipped,21:55.0,,,,,,,
11-Jul-21,297762,204808,10,Shipped,21:55.0,,,,,,,
11-Jul-21,126375,18572,1,Rejected,22:18.0,,,,,,,
11-Jul-21,133392,19404,1,Shipped,22:21.0,,,,,,,
11-Jul-21,298299,163000,11,Rejected,22:43.0,,,,,,,
11-Jul-21,297513,219392,1,Rejected,22:54.0,,,,,,,
11-Jul-21,126336,99180,9,Rejected,23:13.0,,,,,,,
11-Jul-21,131124,83456,9,Shipped,23:27.0,,,,,,,
11-Jul-21,129027,64460,9,Rejected,23:32.0,,,,,,,
11-Jul-21,135054,85224,8,Rejected,23:46.0,,,,,,,
11-Jul-21,297417,147592,1,Rejected,23:47.0,,,,,,,
11-Jul-21,138414,64016,2,Shipped,23:55.0,,,,,,,
11-Jul-21,298248,220284,9,Rejected,23:57.0,,,,,,,
11-Jul-21,131010,112136,9,Shipped,24:05.0,,,,,,,
11-Jul-21,132993,113260,2,Rejected,24:13.0,,,,,,,
11-Jul-21,120801,101048,3,Rejected,24:18.0,,,,,,,
11-Jul-21,134187,28384,1,Rejected,24:40.0,,,,,,,
11-Jul-21,137448,114748,2,Rejected,24:49.0,,,,,,,
11-Jul-21,138438,70392,2,Rejected,24:58.0,,,,,,,
11-Jul-21,137934,21308,1,Rejected,25:04.0,,,,,,,
11-Jul-21,297177,55240,8,Rejected,25:15.0,,,,,,,
11-Jul-21,297831,173240,9,Rejected,25:21.0,,,,,,,
11-Jul-21,138156,22836,1,Shipped,25:33.0,,,,,,,
11-Jul-21,137040,99428,9,Rejected,25:48.0,,,,,,,
11-Jul-21,136305,81860,4,Rejected,26:18.0,,,,,,,
11-Jul-21,137286,114012,3,Rejected,26:35.0,,,,,,,
11-Jul-21,127551,52032,8,Shipped,27:01.0,,,,,,,
11-Jul-21,123624,104080,2,Shipped,27:05.0,,,,,,,
11-Jul-21,127554,44324,1,Shipped,27:10.0,,,,,,,
11-Jul-21,135342,96032,8,Shipped,27:14.0,,,,,,,
11-Jul-21,132864,97632,3,Shipped,27:47.0,,,,,,,
11-Jul-21,297834,173240,9,Rejected,27:54.0,,,,,,,
11-Jul-21,121812,73632,3,Shipped,28:19.0,,,,,,,
11-Jul-21,298284,74028,11,Rejected,28:20.0,,,,,,,
11-Jul-21,135852,100040,3,Rejected,28:26.0,,,,,,,
11-Jul-21,132525,89344,8,Rejected,28:30.0,,,,,,,
11-Jul-21,121818,95600,5,Shipped,28:44.0,,,,,,,
11-Jul-21,122658,26504,1,Shipped,29:05.0,,,,,,,
11-Jul-21,123963,51808,2,Rejected,29:23.0,,,,,,,
11-Jul-21,121656,41280,8,Rejected,29:25.0,,,,,,,
11-Jul-21,133593,91800,1,Rejected,29:50.0,,,,,,,
11-Jul-21,124401,48752,9,Shipped,30:15.0,,,,,,,
11-Jul-21,122028,89988,9,Shipped,30:38.0,,,,,,,
11-Jul-21,132054,20560,1,Rejected,30:46.0,,,,,,,
11-Jul-21,126939,108220,3,Rejected,30:49.0,,,,,,,
11-Jul-21,124473,78104,7,Shipped,30:52.0,,,,,,,
11-Jul-21,125973,87812,4,Rejected,31:22.0,,,,,,,
11-Jul-21,128760,20360,1,Shipped,31:26.0,,,,,,,
11-Jul-21,126027,35356,5,Rejected,31:31.0,,,,,,,
11-Jul-21,131562,60176,9,Rejected,31:58.0,,,,,,,
11-Jul-21,136128,86256,1,Shipped,32:33.0,,,,,,,
11-Jul-21,124206,83592,7,Rejected,32:34.0,,,,,,,
11-Jul-21,120558,69052,2,Shipped,32:39.0,,,,,,,
11-Jul-21,132057,77060,3,Rejected,32:41.0,,,,,,,
11-Jul-21,122172,28656,1,Shipped,33:06.0,,,,,,,
11-Jul-21,133731,55308,1,Shipped,33:16.0,,,,,,,
11-Jul-21,122037,87692,3,Shipped,34:35.0,,,,,,,
11-Jul-21,130479,75252,2,Rejected,35:01.0,,,,,,,
11-Jul-21,129816,41216,8,Rejected,35:26.0,,,,,,,
11-Jul-21,136224,20932,1,Rejected,36:07.0,,,,,,,
11-Jul-21,124494,29264,1,Rejected,36:24.0,,,,,,,
11-Jul-21,125307,104836,3,Rejected,36:27.0,,,,,,,
11-Jul-21,126654,57508,1,Rejected,37:36.0,,,,,,,
11-Jul-21,297840,215024,1,Rejected,37:42.0,,,,,,,
11-Jul-21,134724,51260,9,Rejected,37:46.0,,,,,,,
11-Jul-21,131343,94600,9,Rejected,37:50.0,,,,,,,
11-Jul-21,137694,117648,8,Rejected,37:55.0,,,,,,,
11-Jul-21,297243,24864,1,Rejected,38:17.0,,,,,,,
11-Jul-21,135768,54668,8,Shipped,38:46.0,,,,,,,
11-Jul-21,124212,79536,2,Rejected,39:15.0,,,,,,,
11-Jul-21,125700,43844,9,Rejected,39:24.0,,,,,,,
11-Jul-21,131376,112260,5,Rejected,39:42.0,,,,,,,
11-Jul-21,120447,32884,5,Rejected,39:51.0,,,,,,,
11-Jul-21,297906,199844,9,Shipped,40:18.0,,,,,,,
11-Jul-21,135819,115984,1,Rejected,40:40.0,,,,,,,
11-Jul-21,121719,64276,8,Rejected,40:41.0,,,,,,,
11-Jul-21,126954,1600,1,Shipped,41:49.0,,,,,,,
11-Jul-21,127047,19272,1,Rejected,41:57.0,,,,,,,
11-Jul-21,128712,90500,4,Shipped,42:01.0,,,,,,,
11-Jul-21,124146,100632,3,Rejected,42:12.0,,,,,,,
11-Jul-21,298215,207536,10,Rejected,42:17.0,,,,,,,
11-Jul-21,128016,99816,2,Rejected,42:47.0,,,,,,,
11-Jul-21,127860,72284,9,Shipped,43:04.0,,,,,,,
11-Jul-21,133488,99084,4,Rejected,43:19.0,,,,,,,
11-Jul-21,126843,51088,5,Rejected,43:22.0,,,,,,,
11-Jul-21,133584,111880,1,Rejected,43:59.0,,,,,,,
11-Jul-21,124410,52348,8,Rejected,44:00.0,,,,,,,
11-Jul-21,124620,35700,5,Shipped,44:01.0,,,,,,,
11-Jul-21,130809,50524,5,Rejected,45:15.0,,,,,,,
11-Jul-21,138264,99320,2,Shipped,45:43.0,,,,,,,
11-Jul-21,131523,87776,8,Rejected,45:50.0,,,,,,,
11-Jul-21,133893,82228,5,Rejected,45:59.0,,,,,,,
11-Jul-21,128598,80840,2,Rejected,46:10.0,,,,,,,
11-Jul-21,120936,61556,2,Rejected,46:22.0,,,,,,,
11-Jul-21,128895,40152,1,Rejected,46:37.0,,,,,,,
11-Jul-21,133794,92036,8,Shipped,46:41.0,,,,,,,
11-Jul-21,132075,56324,8,Rejected,46:52.0,,,,,,,
11-Jul-21,130815,91576,5,Rejected,47:12.0,,,,,,,
11-Jul-21,123792,29472,5,Rejected,47:32.0,,,,,,,
11-Jul-21,124062,59880,1,Rejected,47:38.0,,,,,,,
11-Jul-21,123573,2416,1,Shipped,47:57.0,,,,,,,
11-Jul-21,124155,91952,4,Shipped,48:20.0,,,,,,,
11-Jul-21,126666,107884,1,Rejected,48:22.0,,,,,,,
11-Jul-21,124158,100632,3,Rejected,48:27.0,,,,,,,
11-Jul-21,125724,64712,1,Shipped,48:30.0,,,,,,,
11-Jul-21,135942,37408,1,Rejected,48:37.0,,,,,,,
11-Jul-21,126459,90216,8,Rejected,48:49.0,,,,,,,
11-Jul-21,131898,78256,2,Rejected,49:07.0,,,,,,,
11-Jul-21,127761,54356,8,Rejected,49:33.0,,,,,,,
11-Jul-21,135222,57308,8,Rejected,49:38.0,,,,,,,
11-Jul-21,124419,32344,5,Rejected,49:53.0,,,,,,,
11-Jul-21,124758,39464,5,Rejected,50:08.0,,,,,,,
11-Jul-21,127353,77000,8,Rejected,50:11.0,,,,,,,
11-Jul-21,126069,107124,9,Rejected,50:16.0,,,,,,,
11-Jul-21,125592,68124,2,Rejected,50:36.0,,,,,,,
11-Jul-21,132495,61728,1,Shipped,50:39.0,,,,,,,
11-Jul-21,132819,48564,1,Shipped,50:40.0,,,,,,,
11-Jul-21,297663,112644,2,Rejected,50:54.0,,,,,,,
11-Jul-21,134133,114524,8,Shipped,51:50.0,,,,,,,
11-Jul-21,138423,53968,7,Rejected,52:33.0,,,,,,,
11-Jul-21,123291,69936,8,Shipped,52:56.0,,,,,,,
11-Jul-21,297390,87776,8,Rejected,53:15.0,,,,,,,
11-Jul-21,129876,108816,9,Rejected,53:24.0,,,,,,,
11-Jul-21,126432,71364,2,Rejected,53:36.0,,,,,,,
11-Jul-21,136248,108864,3,Rejected,53:46.0,,,,,,,
11-Jul-21,121146,94340,8,Shipped,53:48.0,,,,,,,
11-Jul-21,120261,35540,1,Rejected,53:53.0,,,,,,,
11-Jul-21,124689,75924,3,Shipped,54:07.0,,,,,,,
11-Jul-21,123582,41392,8,Shipped,54:27.0,,,,,,,
11-Jul-21,127824,42120,8,Shipped,54:56.0,,,,,,,
11-Jul-21,120288,78636,3,Shipped,55:37.0,,,,,,,
11-Jul-21,119883,97616,4,Rejected,56:00.0,,,,,,,
11-Jul-21,136620,4580,1,Rejected,56:08.0,,,,,,,
11-Jul-21,298116,47336,8,Rejected,56:35.0,,,,,,,
11-Jul-21,137595,53196,8,Shipped,56:36.0,,,,,,,
11-Jul-21,297870,79652,8,Rejected,56:40.0,,,,,,,
11-Jul-21,137349,109200,3,Rejected,57:14.0,,,,,,,
11-Jul-21,132693,94084,1,Rejected,57:52.0,,,,,,,
11-Jul-21,122277,50484,1,Rejected,58:01.0,,,,,,,
11-Jul-21,131829,85780,3,Shipped,58:04.0,,,,,,,
11-Jul-21,297873,68916,7,Shipped,58:05.0,,,,,,,
11-Jul-21,122199,91916,3,Rejected,58:07.0,,,,,,,
11-Jul-21,297471,158216,1,Rejected,58:08.0,,,,,,,
11-Jul-21,137886,117092,1,Shipped,58:18.0,,,,,,,
11-Jul-21,120480,52520,5,Shipped,58:38.0,,,,,,,
11-Jul-21,128445,77364,2,Rejected,58:51.0,,,,,,,
11-Jul-21,127293,73452,2,Rejected,59:14.0,,,,,,,
11-Jul-21,129285,24556,1,Shipped,59:42.0,,,,,,,
11-Jul-21,127416,62640,8,Shipped,59:53.0,,,,,,,
12-Jul-21,135240,48564,1,Shipped,00:16.0,,,,,,,
12-Jul-21,121776,78636,3,Rejected,00:58.0,,,,,,,
12-Jul-21,121155,81036,5,Shipped,01:23.0,,,,,,,
12-Jul-21,126684,107900,5,Rejected,01:27.0,,,,,,,
12-Jul-21,124380,77084,2,Shipped,02:10.0,,,,,,,
12-Jul-21,127347,58192,1,Rejected,02:28.0,,,,,,,
12-Jul-21,298386,18652,1,Shipped,02:36.0,,,,,,,
12-Jul-21,132312,112028,2,Rejected,02:40.0,,,,,,,
12-Jul-21,126036,48096,8,Rejected,02:47.0,,,,,,,
12-Jul-21,124557,47128,5,Shipped,03:04.0,,,,,,,
12-Jul-21,127590,53192,1,Rejected,03:05.0,,,,,,,
12-Jul-21,297009,188288,1,Rejected,03:15.0,,,,,,,
12-Jul-21,132432,78256,2,Rejected,03:24.0,,,,,,,
12-Jul-21,125100,59880,1,Rejected,03:32.0,,,,,,,
12-Jul-21,126417,107172,1,Rejected,03:54.0,,,,,,,
12-Jul-21,132195,80152,9,Rejected,03:57.0,,,,,,,
12-Jul-21,297267,81500,9,Rejected,04:02.0,,,,,,,
12-Jul-21,133035,23272,1,Rejected,04:07.0,,,,,,,
12-Jul-21,121299,32348,1,Shipped,04:16.0,,,,,,,
12-Jul-21,128997,25756,1,Rejected,05:03.0,,,,,,,
12-Jul-21,297225,75356,10,Rejected,05:27.0,,,,,,,
12-Jul-21,136938,32808,1,Shipped,06:22.0,,,,,,,
12-Jul-21,298236,207632,8,Rejected,06:57.0,,,,,,,
12-Jul-21,125355,106392,1,Rejected,07:18.0,,,,,,,
12-Jul-21,126165,107300,8,Shipped,07:49.0,,,,,,,
12-Jul-21,297300,78912,10,Rejected,07:53.0,,,,,,,
12-Jul-21,127422,108568,2,Shipped,08:15.0,,,,,,,
12-Jul-21,134271,39464,5,Rejected,08:21.0,,,,,,,
12-Jul-21,119904,85584,8,Rejected,08:46.0,,,,,,,
12-Jul-21,126006,107072,1,Rejected,08:57.0,,,,,,,
12-Jul-21,131667,82640,4,Shipped,09:07.0,,,,,,,
12-Jul-21,128163,44324,1,Rejected,09:08.0,,,,,,,
12-Jul-21,126888,44520,9,Rejected,09:42.0,,,,,,,
12-Jul-21,121035,33960,1,Shipped,09:59.0,,,,,,,
12-Jul-21,123729,104752,1,Shipped,10:00.0,,,,,,,
12-Jul-21,134808,115192,9,Shipped,10:02.0,,,,,,,
12-Jul-21,131601,42780,8,Shipped,10:05.0,,,,,,,
12-Jul-21,124767,82484,2,Shipped,10:14.0,,,,,,,
12-Jul-21,125070,42164,8,Shipped,10:26.0,,,,,,,
12-Jul-21,134166,27672,1,Rejected,10:31.0,,,,,,,
12-Jul-21,122007,99300,9,Rejected,10:57.0,,,,,,,
12-Jul-21,128736,54684,9,Rejected,11:14.0,,,,,,,
12-Jul-21,136206,51920,9,Rejected,11:14.0,,,,,,,
12-Jul-21,136680,93204,2,Rejected,11:23.0,,,,,,,
12-Jul-21,297066,147428,4,Shipped,11:23.0,,,,,,,
12-Jul-21,124809,59608,8,Rejected,11:33.0,,,,,,,
12-Jul-21,125499,54740,8,Shipped,11:37.0,,,,,,,
12-Jul-21,134817,43256,1,Rejected,12:08.0,,,,,,,
12-Jul-21,134670,35416,1,Shipped,12:22.0,,,,,,,
12-Jul-21,120147,94152,9,Shipped,12:27.0,,,,,,,
12-Jul-21,135840,57500,1,Shipped,13:24.0,,,,,,,
12-Jul-21,121902,95132,2,Shipped,13:32.0,,,,,,,
12-Jul-21,137061,70660,3,Shipped,13:34.0,,,,,,,
12-Jul-21,121518,83252,2,Rejected,13:40.0,,,,,,,
12-Jul-21,131001,42496,1,Rejected,14:04.0,,,,,,,
12-Jul-21,127173,32768,1,Shipped,14:10.0,,,,,,,
12-Jul-21,121788,54348,8,Rejected,14:26.0,,,,,,,
12-Jul-21,126900,69052,2,Rejected,14:28.0,,,,,,,
12-Jul-21,130863,82372,8,Shipped,14:36.0,,,,,,,
12-Jul-21,298326,91872,3,Shipped,14:42.0,,,,,,,
12-Jul-21,134883,53120,8,Rejected,14:49.0,,,,,,,
12-Jul-21,122628,103708,4,Rejected,14:56.0,,,,,,,
12-Jul-21,126624,11952,1,Shipped,15:33.0,,,,,,,
12-Jul-21,136953,109896,9,Rejected,15:35.0,,,,,,,
12-Jul-21,120243,44368,9,Rejected,15:39.0,,,,,,,
12-Jul-21,134679,32320,5,Rejected,15:50.0,,,,,,,
12-Jul-21,131457,107992,5,Rejected,16:29.0,,,,,,,
12-Jul-21,126216,107360,2,Rejected,16:36.0,,,,,,,
12-Jul-21,138363,3436,1,Shipped,16:47.0,,,,,,,
12-Jul-21,131928,74980,5,Rejected,16:59.0,,,,,,,
12-Jul-21,135330,96032,8,Rejected,17:03.0,,,,,,,
12-Jul-21,297018,52248,8,Rejected,18:05.0,,,,,,,
12-Jul-21,132021,20436,1,Shipped,18:22.0,,,,,,,
12-Jul-21,124749,65864,9,Shipped,18:27.0,,,,,,,
12-Jul-21,136455,103996,9,Shipped,18:58.0,,,,,,,
12-Jul-21,123309,66000,9,Rejected,18:59.0,,,,,,,
12-Jul-21,136959,111864,9,Rejected,19:03.0,,,,,,,
12-Jul-21,122100,42248,8,Shipped,19:18.0,,,,,,,
12-Jul-21,138000,28656,1,Shipped,20:00.0,,,,,,,
12-Jul-21,129534,70668,4,Rejected,20:02.0,,,,,,,
12-Jul-21,133515,58932,5,Shipped,20:13.0,,,,,,,
12-Jul-21,120861,101120,1,Rejected,20:18.0,,,,,,,
12-Jul-21,134181,28820,1,Shipped,20:48.0,,,,,,,
12-Jul-21,125121,48696,8,Shipped,21:12.0,,,,,,,
12-Jul-21,128931,110040,1,Rejected,21:13.0,,,,,,,
12-Jul-21,136770,49168,1,Shipped,21:33.0,,,,,,,
12-Jul-21,138141,42784,8,Rejected,21:36.0,,,,,,,
12-Jul-21,136695,46000,5,Rejected,21:44.0,,,,,,,
12-Jul-21,128001,58364,8,Shipped,22:01.0,,,,,,,
12-Jul-21,131862,53856,5,Shipped,22:04.0,,,,,,,
12-Jul-21,127977,109080,1,Rejected,22:10.0,,,,,,,
12-Jul-21,297768,136292,10,Shipped,22:36.0,,,,,,,
12-Jul-21,296877,158056,3,Rejected,22:44.0,,,,,,,
12-Jul-21,136110,21452,1,Shipped,22:48.0,,,,,,,
12-Jul-21,127848,1520,1,Rejected,22:54.0,,,,,,,
12-Jul-21,296979,106420,9,Shipped,23:00.0,,,,,,,
12-Jul-21,120519,76804,9,Rejected,23:30.0,,,,,,,
12-Jul-21,131544,71916,8,Rejected,23:37.0,,,,,,,
12-Jul-21,130227,92876,4,Shipped,24:59.0,,,,,,,
12-Jul-21,134688,105572,3,Shipped,25:11.0,,,,,,,
12-Jul-21,126579,52724,1,Shipped,25:34.0,,,,,,,
12-Jul-21,132045,77060,3,Rejected,26:06.0,,,,,,,
12-Jul-21,123837,57664,8,Shipped,26:47.0,,,,,,,
12-Jul-21,130161,108752,1,Rejected,26:51.0,,,,,,,
12-Jul-21,122511,64460,9,Rejected,27:09.0,,,,,,,
12-Jul-21,120912,98304,1,Rejected,27:12.0,,,,,,,
12-Jul-21,130164,108752,1,Shipped,27:18.0,,,,,,,
12-Jul-21,137370,77052,7,Shipped,28:02.0,,,,,,,
12-Jul-21,125031,72212,1,Rejected,28:05.0,,,,,,,
12-Jul-21,136857,108468,9,Shipped,28:07.0,,,,,,,
12-Jul-21,297258,46984,1,Rejected,28:25.0,,,,,,,
12-Jul-21,125400,85780,3,Rejected,28:33.0,,,,,,,
12-Jul-21,296889,209012,2,Shipped,28:49.0,,,,,,,
12-Jul-21,127194,29576,5,Shipped,28:58.0,,,,,,,
12-Jul-21,125886,73736,2,Shipped,29:24.0,,,,,,,
12-Jul-21,120660,58896,2,Rejected,29:39.0,,,,,,,
12-Jul-21,120528,51016,9,Shipped,30:15.0,,,,,,,
12-Jul-21,120555,96808,4,Shipped,30:16.0,,,,,,,
12-Jul-21,130293,64712,1,Shipped,30:30.0,,,,,,,
12-Jul-21,126192,35268,1,Rejected,30:54.0,,,,,,,
12-Jul-21,123693,104708,9,Rejected,31:06.0,,,,,,,
12-Jul-21,126645,50696,8,Shipped,31:11.0,,,,,,,
12-Jul-21,120762,52256,1,Shipped,31:30.0,,,,,,,
12-Jul-21,133674,84852,9,Shipped,31:55.0,,,,,,,
12-Jul-21,138453,117576,3,Rejected,31:58.0,,,,,,,
12-Jul-21,122973,70320,3,Shipped,32:06.0,,,,,,,
12-Jul-21,126351,91800,1,Rejected,33:15.0,,,,,,,
12-Jul-21,127434,98012,2,Shipped,33:17.0,,,,,,,
12-Jul-21,137763,80344,1,Rejected,33:17.0,,,,,,,
12-Jul-21,127338,108492,3,Rejected,34:05.0,,,,,,,
12-Jul-21,131796,112568,3,Rejected,34:05.0,,,,,,,
12-Jul-21,123699,52032,8,Rejected,34:10.0,,,,,,,
12-Jul-21,131943,32668,5,Rejected,35:20.0,,,,,,,
12-Jul-21,122175,34648,1,Shipped,35:47.0,,,,,,,
12-Jul-21,135516,57480,2,Shipped,35:52.0,,,,,,,
12-Jul-21,135075,101728,3,Rejected,35:55.0,,,,,,,
12-Jul-21,132552,90240,3,Rejected,35:57.0,,,,,,,
12-Jul-21,123480,59152,8,Rejected,36:30.0,,,,,,,
12-Jul-21,121281,1208,1,Rejected,36:58.0,,,,,,,
12-Jul-21,128592,86628,9,Rejected,37:16.0,,,,,,,
12-Jul-21,298200,216344,2,Rejected,37:32.0,,,,,,,
12-Jul-21,135861,70220,1,Shipped,37:34.0,,,,,,,
12-Jul-21,120195,78588,4,Shipped,37:42.0,,,,,,,
12-Jul-21,120828,44260,8,Shipped,38:17.0,,,,,,,
12-Jul-21,128028,109180,8,Rejected,38:23.0,,,,,,,
12-Jul-21,138333,51048,9,Rejected,38:58.0,,,,,,,
12-Jul-21,133953,74704,1,Rejected,39:08.0,,,,,,,
12-Jul-21,125847,89240,8,Rejected,39:29.0,,,,,,,
12-Jul-21,137958,46424,9,Shipped,39:51.0,,,,,,,
12-Jul-21,122118,20664,1,Shipped,40:45.0,,,,,,,
12-Jul-21,133419,67552,3,Rejected,40:57.0,,,,,,,
12-Jul-21,134112,37536,1,Shipped,41:08.0,,,,,,,
12-Jul-21,132162,76972,9,Rejected,41:48.0,,,,,,,
12-Jul-21,132561,66172,3,Rejected,42:01.0,,,,,,,
12-Jul-21,124842,90204,3,Rejected,42:20.0,,,,,,,
12-Jul-21,298383,189840,8,Shipped,42:34.0,,,,,,,
12-Jul-21,124674,99204,9,Rejected,43:33.0,,,,,,,
12-Jul-21,123000,53788,1,Rejected,44:16.0,,,,,,,
12-Jul-21,134985,58676,1,Rejected,44:21.0,,,,,,,
12-Jul-21,138198,63020,9,Shipped,44:24.0,,,,,,,
12-Jul-21,136893,47808,5,Rejected,44:28.0,,,,,,,
12-Jul-21,122469,103580,1,Rejected,44:39.0,,,,,,,
12-Jul-21,129243,56716,8,Shipped,44:45.0,,,,,,,
12-Jul-21,127863,25284,1,Shipped,44:46.0,,,,,,,
12-Jul-21,135690,101280,4,Shipped,44:49.0,,,,,,,
12-Jul-21,122376,95308,3,Rejected,45:26.0,,,,,,,
12-Jul-21,128034,109184,1,Rejected,46:11.0,,,,,,,
12-Jul-21,133962,51556,8,Shipped,46:44.0,,,,,,,
12-Jul-21,124413,79580,4,Shipped,46:52.0,,,,,,,
12-Jul-21,128280,61044,3,Rejected,46:57.0,,,,,,,
12-Jul-21,135366,57372,9,Shipped,46:57.0,,,,,,,
12-Jul-21,132669,36140,1,Rejected,47:13.0,,,,,,,
12-Jul-21,127917,67076,1,Shipped,47:18.0,,,,,,,
12-Jul-21,132672,113304,1,Rejected,47:22.0,,,,,,,
12-Jul-21,124854,30580,1,Rejected,47:39.0,,,,,,,
12-Jul-21,136236,71628,2,Rejected,47:49.0,,,,,,,
12-Jul-21,134298,84928,9,Rejected,47:53.0,,,,,,,
12-Jul-21,129636,93644,1,Shipped,48:16.0,,,,,,,
12-Jul-21,124722,105688,8,Rejected,48:18.0,,,,,,,
12-Jul-21,120225,44512,9,Shipped,48:30.0,,,,,,,
12-Jul-21,298518,92292,1,Rejected,48:34.0,,,,,,,
12-Jul-21,124629,97984,5,Shipped,48:46.0,,,,,,,
12-Jul-21,127341,108492,3,Shipped,49:13.0,,,,,,,
12-Jul-21,133971,76168,4,Shipped,49:16.0,,,,,,,
12-Jul-21,125727,81524,8,Rejected,49:19.0,,,,,,,
12-Jul-21,130677,87944,3,Rejected,50:31.0,,,,,,,
12-Jul-21,298368,64548,9,Rejected,50:33.0,,,,,,,
12-Jul-21,137877,49248,9,Rejected,51:50.0,,,,,,,
12-Jul-21,128724,108772,3,Shipped,51:53.0,,,,,,,
12-Jul-21,124308,87136,8,Rejected,52:01.0,,,,,,,
12-Jul-21,131592,42780,8,Rejected,53:30.0,,,,,,,
12-Jul-21,122136,85588,7,Rejected,53:41.0,,,,,,,
12-Jul-21,124371,52348,8,Rejected,54:30.0,,,,,,,
12-Jul-21,136257,54812,3,Rejected,55:21.0,,,,,,,
12-Jul-21,137346,77596,3,Shipped,55:32.0,,,,,,,
12-Jul-21,126120,69448,9,Shipped,56:25.0,,,,,,,
12-Jul-21,133071,113568,9,Shipped,56:29.0,,,,,,,
12-Jul-21,120477,1520,1,Shipped,56:37.0,,,,,,,
12-Jul-21,129708,76900,7,Shipped,57:21.0,,,,,,,
12-Jul-21,130386,82372,8,Rejected,57:24.0,,,,,,,
12-Jul-21,132822,26040,1,Shipped,57:40.0,,,,,,,
12-Jul-21,130593,101416,1,Rejected,58:04.0,,,,,,,
12-Jul-21,132966,94300,1,Rejected,58:23.0,,,,,,,
12-Jul-21,129609,19324,1,Shipped,58:41.0,,,,,,,
12-Jul-21,133677,76024,7,Shipped,58:43.0,,,,,,,
12-Jul-21,124374,91904,7,Shipped,58:53.0,,,,,,,
12-Jul-21,120774,44324,1,Rejected,59:10.0,,,,,,,
12-Jul-21,124326,48908,8,Rejected,59:31.0,,,,,,,
12-Jul-21,120729,20984,1,Rejected,59:47.0,,,,,,,
13-Jul-21,133986,56116,8,Shipped,00:03.0,,,,,,,
13-Jul-21,132981,31764,5,Rejected,00:18.0,,,,,,,
13-Jul-21,137655,37128,1,Shipped,00:22.0,,,,,,,
13-Jul-21,127650,69192,2,Shipped,00:48.0,,,,,,,
13-Jul-21,120786,86416,7,Rejected,01:48.0,,,,,,,
13-Jul-21,121887,55284,8,Rejected,01:55.0,,,,,,,
13-Jul-21,130851,69472,8,Shipped,02:09.0,,,,,,,
13-Jul-21,135243,96788,2,Rejected,02:24.0,,,,,,,
13-Jul-21,137385,98392,2,Rejected,02:50.0,,,,,,,
13-Jul-21,297876,173240,9,Rejected,03:29.0,,,,,,,
13-Jul-21,127887,75000,5,Shipped,04:01.0,,,,,,,
13-Jul-21,132597,113308,1,Rejected,04:18.0,,,,,,,
13-Jul-21,138060,38448,1,Shipped,04:26.0,,,,,,,
13-Jul-21,129321,42036,1,Rejected,04:38.0,,,,,,,
13-Jul-21,135744,101688,1,Rejected,04:38.0,,,,,,,
13-Jul-21,135180,82252,2,Shipped,05:03.0,,,,,,,
13-Jul-21,126288,44088,8,Rejected,05:29.0,,,,,,,
13-Jul-21,131319,40268,5,Shipped,06:02.0,,,,,,,
13-Jul-21,126693,107908,8,Rejected,06:40.0,,,,,,,
13-Jul-21,131091,26040,1,Rejected,07:28.0,,,,,,,
13-Jul-21,131232,112204,8,Shipped,08:12.0,,,,,,,
13-Jul-21,122151,65524,2,Shipped,08:27.0,,,,,,,
13-Jul-21,133701,33468,5,Rejected,08:34.0,,,,,,,
13-Jul-21,131235,82504,8,Rejected,08:44.0,,,,,,,
13-Jul-21,137904,77548,4,Rejected,09:24.0,,,,,,,
13-Jul-21,131100,26040,1,Shipped,09:39.0,,,,,,,
13-Jul-21,126051,107084,1,Rejected,09:47.0,,,,,,,
13-Jul-21,297165,84548,9,Shipped,09:50.0,,,,,,,
13-Jul-21,120873,72212,1,Rejected,10:12.0,,,,,,,
13-Jul-21,127593,54208,9,Rejected,11:02.0,,,,,,,
13-Jul-21,132837,20956,1,Shipped,11:09.0,,,,,,,
13-Jul-21,134664,1600,1,Shipped,11:54.0,,,,,,,
13-Jul-21,128832,95052,4,Rejected,12:05.0,,,,,,,
13-Jul-21,296859,209984,2,Shipped,12:12.0,,,,,,,
13-Jul-21,122748,80840,2,Shipped,12:22.0,,,,,,,
13-Jul-21,297303,136844,9,Shipped,12:28.0,,,,,,,
13-Jul-21,137151,115892,2,Rejected,13:00.0,,,,,,,
13-Jul-21,296976,106088,2,Rejected,13:07.0,,,,,,,
13-Jul-21,298098,148112,1,Rejected,13:29.0,,,,,,,
13-Jul-21,122868,80152,9,Rejected,13:36.0,,,,,,,
13-Jul-21,128169,91920,2,Rejected,13:45.0,,,,,,,
13-Jul-21,128922,54356,8,Rejected,14:19.0,,,,,,,
13-Jul-21,127659,101484,8,Shipped,14:32.0,,,,,,,
13-Jul-21,135453,101064,9,Rejected,15:07.0,,,,,,,
13-Jul-21,124344,83404,9,Rejected,16:04.0,,,,,,,
13-Jul-21,135495,20984,1,Shipped,16:19.0,,,,,,,
13-Jul-21,123867,79224,3,Shipped,16:51.0,,,,,,,
13-Jul-21,126240,94828,9,Rejected,16:52.0,,,,,,,
13-Jul-21,127404,108604,1,Rejected,17:08.0,,,,,,,
13-Jul-21,122877,70668,4,Shipped,17:09.0,,,,,,,
13-Jul-21,124038,58664,8,Rejected,17:13.0,,,,,,,
13-Jul-21,122880,47588,8,Rejected,17:38.0,,,,,,,
13-Jul-21,124188,79580,4,Rejected,17:39.0,,,,,,,
13-Jul-21,120798,100632,3,Shipped,18:28.0,,,,,,,
13-Jul-21,129015,42516,1,Shipped,18:29.0,,,,,,,
13-Jul-21,123738,104748,8,Rejected,19:08.0,,,,,,,
13-Jul-21,121578,102112,9,Shipped,19:19.0,,,,,,,
13-Jul-21,132903,66016,3,Shipped,19:34.0,,,,,,,
13-Jul-21,128253,104172,9,Rejected,20:00.0,,,,,,,
13-Jul-21,135978,67144,2,Shipped,20:44.0,,,,,,,
13-Jul-21,123870,40788,1,Shipped,20:45.0,,,,,,,
13-Jul-21,120369,30796,1,Rejected,21:16.0,,,,,,,
13-Jul-21,123921,83552,3,Shipped,21:32.0,,,,,,,
13-Jul-21,121800,83784,8,Rejected,21:51.0,,,,,,,
13-Jul-21,129024,64460,9,Rejected,22:07.0,,,,,,,
13-Jul-21,128514,83404,9,Rejected,22:32.0,,,,,,,
13-Jul-21,127731,84612,8,Shipped,22:41.0,,,,,,,
13-Jul-21,297312,114904,2,Shipped,22:54.0,,,,,,,
13-Jul-21,136113,78588,4,Shipped,22:58.0,,,,,,,
13-Jul-21,131514,65896,7,Rejected,23:04.0,,,,,,,
13-Jul-21,138411,94716,3,Rejected,23:11.0,,,,,,,
13-Jul-21,132642,113188,9,Shipped,23:30.0,,,,,,,
13-Jul-21,137562,21164,1,Rejected,23:56.0,,,,,,,
13-Jul-21,134016,79316,4,Rejected,23:59.0,,,,,,,
13-Jul-21,124602,102296,2,Rejected,24:05.0,,,,,,,
13-Jul-21,136116,83420,2,Shipped,24:30.0,,,,,,,
13-Jul-21,120051,75252,2,Rejected,24:56.0,,,,,,,
13-Jul-21,126342,32344,5,Rejected,25:28.0,,,,,,,
13-Jul-21,137283,35416,1,Rejected,25:36.0,,,,,,,
13-Jul-21,127191,51048,9,Rejected,25:43.0,,,,,,,
13-Jul-21,131748,86296,1,Shipped,26:59.0,,,,,,,
13-Jul-21,134889,53120,8,Rejected,27:01.0,,,,,,,
13-Jul-21,298104,213548,5,Shipped,27:32.0,,,,,,,
13-Jul-21,128634,51556,8,Rejected,27:53.0,,,,,,,
13-Jul-21,136974,111864,9,Shipped,28:13.0,,,,,,,
13-Jul-21,123429,12548,2,Shipped,28:18.0,,,,,,,
13-Jul-21,121701,48096,8,Rejected,28:52.0,,,,,,,
13-Jul-21,134697,20684,1,Rejected,28:54.0,,,,,,,
13-Jul-21,137523,95968,9,Shipped,28:56.0,,,,,,,
13-Jul-21,137733,76888,3,Rejected,29:07.0,,,,,,,
13-Jul-21,297429,190680,8,Shipped,29:25.0,,,,,,,
13-Jul-21,133110,55716,9,Shipped,29:46.0,,,,,,,
13-Jul-21,126138,105276,8,Rejected,30:15.0,,,,,,,
13-Jul-21,134703,113452,8,Shipped,30:29.0,,,,,,,
13-Jul-21,124926,105592,4,Rejected,30:30.0,,,,,,,
13-Jul-21,136047,61464,2,Shipped,30:51.0,,,,,,,
13-Jul-21,135354,67884,2,Shipped,30:55.0,,,,,,,
13-Jul-21,126588,94048,3,Shipped,31:17.0,,,,,,,
13-Jul-21,125208,103996,9,Shipped,31:25.0,,,,,,,
13-Jul-21,133167,93696,2,Shipped,31:58.0,,,,,,,
13-Jul-21,125424,79396,2,Rejected,32:23.0,,,,,,,
13-Jul-21,127407,21332,1,Shipped,33:17.0,,,,,,,
13-Jul-21,132795,101908,2,Shipped,33:19.0,,,,,,,
13-Jul-21,135093,115052,9,Rejected,33:40.0,,,,,,,
13-Jul-21,133353,113748,8,Shipped,33:45.0,,,,,,,
13-Jul-21,132729,57068,8,Shipped,33:56.0,,,,,,,
13-Jul-21,134040,94168,3,Shipped,34:10.0,,,,,,,
13-Jul-21,129810,87352,1,Rejected,34:20.0,,,,,,,
13-Jul-21,135402,73292,5,Shipped,34:31.0,,,,,,,
13-Jul-21,123840,26744,1,Shipped,34:54.0,,,,,,,
13-Jul-21,120609,80428,1,Rejected,34:56.0,,,,,,,
13-Jul-21,138180,53676,5,Rejected,35:23.0,,,,,,,
13-Jul-21,297576,219952,3,Rejected,35:43.0,,,,,,,
13-Jul-21,136386,85868,9,Rejected,35:48.0,,,,,,,
13-Jul-21,133560,65992,5,Rejected,35:58.0,,,,,,,
13-Jul-21,122661,103832,7,Rejected,36:16.0,,,,,,,
13-Jul-21,298362,190076,9,Rejected,37:00.0,,,,,,,
13-Jul-21,122460,103580,1,Rejected,37:12.0,,,,,,,
13-Jul-21,135360,115720,9,Shipped,37:16.0,,,,,,,
13-Jul-21,121476,72752,1,Rejected,37:34.0,,,,,,,
13-Jul-21,125289,30960,1,Rejected,37:57.0,,,,,,,
13-Jul-21,121935,87692,3,Rejected,38:03.0,,,,,,,
13-Jul-21,297435,218220,2,Rejected,38:11.0,,,,,,,
13-Jul-21,128271,21184,1,Shipped,39:05.0,,,,,,,
13-Jul-21,298206,190076,9,Rejected,39:12.0,,,,,,,
13-Jul-21,127212,104772,3,Rejected,39:33.0,,,,,,,
13-Jul-21,123558,44684,8,Rejected,39:46.0,,,,,,,
13-Jul-21,131883,78496,2,Shipped,40:06.0,,,,,,,
13-Jul-21,130356,110800,8,Rejected,40:21.0,,,,,,,
13-Jul-21,127035,19272,1,Rejected,40:41.0,,,,,,,
13-Jul-21,122268,32296,5,Shipped,40:58.0,,,,,,,
13-Jul-21,136995,79224,3,Shipped,41:06.0,,,,,,,
13-Jul-21,128763,96684,3,Shipped,42:10.0,,,,,,,
13-Jul-21,134118,114564,3,Rejected,42:13.0,,,,,,,
13-Jul-21,121947,99164,8,Shipped,43:13.0,,,,,,,
13-Jul-21,137580,117372,9,Shipped,43:36.0,,,,,,,
13-Jul-21,124677,55048,5,Rejected,43:44.0,,,,,,,
13-Jul-21,298044,49656,5,Rejected,43:49.0,,,,,,,
13-Jul-21,297585,154900,2,Shipped,43:50.0,,,,,,,
13-Jul-21,122997,53788,1,Rejected,44:02.0,,,,,,,
13-Jul-21,298221,55240,8,Rejected,44:02.0,,,,,,,
13-Jul-21,126660,42516,1,Rejected,44:19.0,,,,,,,
13-Jul-21,121479,69936,8,Rejected,44:39.0,,,,,,,
13-Jul-21,123702,53788,1,Shipped,44:40.0,,,,,,,
13-Jul-21,120570,55796,5,Shipped,44:41.0,,,,,,,
13-Jul-21,129408,106488,9,Rejected,44:44.0,,,,,,,
13-Jul-21,122043,26100,1,Rejected,44:51.0,,,,,,,
13-Jul-21,129561,76624,2,Rejected,45:01.0,,,,,,,
13-Jul-21,132198,100588,2,Shipped,45:03.0,,,,,,,
13-Jul-21,120573,40988,1,Rejected,45:04.0,,,,,,,
13-Jul-21,133959,99180,9,Shipped,45:36.0,,,,,,,
13-Jul-21,134793,115176,2,Rejected,45:38.0,,,,,,,
13-Jul-21,296961,106420,9,Rejected,45:45.0,,,,,,,
13-Jul-21,123333,46944,8,Rejected,46:07.0,,,,,,,
13-Jul-21,135936,41452,8,Rejected,46:27.0,,,,,,,
13-Jul-21,131061,73188,1,Shipped,46:58.0,,,,,,,
13-Jul-21,121548,66000,9,Rejected,47:08.0,,,,,,,
13-Jul-21,122046,101916,8,Rejected,47:23.0,,,,,,,
13-Jul-21,124152,100632,3,Rejected,47:25.0,,,,,,,
13-Jul-21,125715,106800,8,Rejected,47:40.0,,,,,,,
13-Jul-21,127758,42120,8,Rejected,47:49.0,,,,,,,
13-Jul-21,130647,98504,9,Rejected,47:52.0,,,,,,,
13-Jul-21,132573,58932,5,Rejected,49:04.0,,,,,,,
13-Jul-21,133974,76172,4,Rejected,49:18.0,,,,,,,
13-Jul-21,126282,94048,3,Rejected,49:20.0,,,,,,,
13-Jul-21,133491,84852,9,Rejected,49:23.0,,,,,,,
13-Jul-21,134124,996,1,Shipped,49:26.0,,,,,,,
13-Jul-21,128100,86340,9,Shipped,49:56.0,,,,,,,
13-Jul-21,122418,97476,3,Rejected,50:07.0,,,,,,,
13-Jul-21,124068,19080,1,Rejected,50:18.0,,,,,,,
13-Jul-21,298005,219684,1,Rejected,50:19.0,,,,,,,
13-Jul-21,123795,104848,1,Rejected,50:32.0,,,,,,,
13-Jul-21,136668,41988,8,Rejected,51:06.0,,,,,,,
13-Jul-21,297801,53956,5,Rejected,51:08.0,,,,,,,
13-Jul-21,120069,21184,1,Shipped,51:25.0,,,,,,,
13-Jul-21,123342,46944,8,Rejected,51:39.0,,,,,,,
13-Jul-21,133305,94312,7,Shipped,51:41.0,,,,,,,
13-Jul-21,136317,54408,1,Rejected,51:54.0,,,,,,,
13-Jul-21,137535,32896,1,Shipped,51:58.0,,,,,,,
13-Jul-21,122193,102548,1,Rejected,51:59.0,,,,,,,
13-Jul-21,133068,113528,8,Shipped,52:17.0,,,,,,,
13-Jul-21,297594,138868,1,Rejected,52:30.0,,,,,,,
13-Jul-21,122274,91916,3,Rejected,53:03.0,,,,,,,
13-Jul-21,121458,97116,9,Rejected,53:19.0,,,,,,,
13-Jul-21,126075,95816,2,Rejected,53:55.0,,,,,,,
13-Jul-21,135378,90940,2,Rejected,54:05.0,,,,,,,
13-Jul-21,132921,51452,1,Shipped,54:07.0,,,,,,,
13-Jul-21,135381,71720,2,Rejected,54:07.0,,,,,,,
13-Jul-21,126357,67880,3,Rejected,54:21.0,,,,,,,
13-Jul-21,128529,45804,5,Shipped,54:25.0,,,,,,,
13-Jul-21,126969,93876,9,Shipped,55:10.0,,,,,,,
13-Jul-21,121533,101416,1,Rejected,55:24.0,,,,,,,
13-Jul-21,136080,80780,9,Rejected,55:26.0,,,,,,,
13-Jul-21,297162,101884,9,Rejected,55:29.0,,,,,,,
13-Jul-21,120672,71544,3,Rejected,56:11.0,,,,,,,
13-Jul-21,128604,65896,7,Rejected,56:15.0,,,,,,,
13-Jul-21,136020,23952,1,Shipped,56:36.0,,,,,,,
13-Jul-21,132588,112628,1,Rejected,56:51.0,,,,,,,
13-Jul-21,126675,104876,1,Pending,56:58.0,,,,,,,
13-Jul-21,132753,100356,1,Shipped,57:10.0,,,,,,,
13-Jul-21,130320,104736,9,Shipped,57:15.0,,,,,,,
13-Jul-21,120129,54484,5,Rejected,57:26.0,,,,,,,
13-Jul-21,124239,34648,1,Rejected,57:42.0,,,,,,,
13-Jul-21,297111,138828,1,Rejected,58:02.0,,,,,,,
13-Jul-21,126171,81860,4,Rejected,58:09.0,,,,,,,
13-Jul-21,121878,102444,1,Rejected,58:19.0,,,,,,,
13-Jul-21,126552,107792,1,Rejected,58:48.0,,,,,,,
13-Jul-21,125484,35628,1,Rejected,58:50.0,,,,,,,
13-Jul-21,126387,86520,2,Rejected,58:52.0,,,,,,,
13-Jul-21,135420,81268,4,Shipped,59:12.0,,,,,,,
13-Jul-21,296763,207748,8,Shipped,59:31.0,,,,,,,
13-Jul-21,127089,103548,8,Rejected,59:33.0,,,,,,,
14-Jul-21,298527,35416,1,Rejected,00:20.0,,,,,,,
14-Jul-21,125490,99356,5,Shipped,00:36.0,,,,,,,
14-Jul-21,120732,20984,1,Rejected,01:14.0,,,,,,,
14-Jul-21,130611,46988,8,Rejected,01:31.0,,,,,,,
14-Jul-21,129315,110284,5,Rejected,02:01.0,,,,,,,
14-Jul-21,123225,72272,1,Shipped,02:24.0,,,,,,,
14-Jul-21,129267,34204,1,Rejected,02:39.0,,,,,,,
14-Jul-21,129864,76540,1,Shipped,02:50.0,,,,,,,
14-Jul-21,120135,75252,2,Shipped,03:07.0,,,,,,,
14-Jul-21,126996,104736,9,Rejected,03:12.0,,,,,,,
14-Jul-21,128157,109340,8,Shipped,03:16.0,,,,,,,
14-Jul-21,123240,42860,1,Rejected,03:21.0,,,,,,,
14-Jul-21,131718,61060,8,Rejected,03:31.0,,,,,,,
14-Jul-21,127095,76400,5,Shipped,03:36.0,,,,,,,
14-Jul-21,121401,95156,1,Shipped,04:57.0,,,,,,,
14-Jul-21,133386,21452,1,Shipped,05:49.0,,,,,,,
14-Jul-21,130203,75252,2,Rejected,05:56.0,,,,,,,
14-Jul-21,138294,53788,1,Shipped,06:39.0,,,,,,,
14-Jul-21,120888,100924,2,Rejected,06:43.0,,,,,,,
14-Jul-21,298371,38400,5,Rejected,06:54.0,,,,,,,
14-Jul-21,298374,137360,1,Shipped,07:02.0,,,,,,,
14-Jul-21,128829,74960,4,Shipped,07:20.0,,,,,,,
14-Jul-21,138063,84992,8,Rejected,07:32.0,,,,,,,
14-Jul-21,137088,75948,1,Shipped,07:36.0,,,,,,,
14-Jul-21,131532,87776,8,Rejected,07:38.0,,,,,,,
14-Jul-21,121596,41840,8,Rejected,07:43.0,,,,,,,
14-Jul-21,123258,50456,8,Shipped,07:49.0,,,,,,,
14-Jul-21,130704,45936,9,Shipped,09:37.0,,,,,,,
14-Jul-21,122004,66016,3,Rejected,09:45.0,,,,,,,
14-Jul-21,122307,77560,9,Rejected,10:08.0,,,,,,,
14-Jul-21,123465,73720,7,Shipped,10:10.0,,,,,,,
14-Jul-21,135900,31140,5,Rejected,10:15.0,,,,,,,
14-Jul-21,126435,60820,1,Rejected,10:25.0,,,,,,,
14-Jul-21,132207,54080,9,Rejected,10:25.0,,,,,,,
14-Jul-21,128166,109348,4,Rejected,10:40.0,,,,,,,
14-Jul-21,297984,218752,8,Shipped,10:55.0,,,,,,,
14-Jul-21,130695,111868,1,Rejected,11:05.0,,,,,,,
14-Jul-21,124695,26228,1,Rejected,11:09.0,,,,,,,
14-Jul-21,128115,106744,1,Rejected,11:36.0,,,,,,,
14-Jul-21,134769,88920,3,Shipped,12:13.0,,,,,,,
14-Jul-21,124815,48096,8,Rejected,13:20.0,,,,,,,
14-Jul-21,133926,114452,9,Rejected,13:24.0,,,,,,,
14-Jul-21,125112,75020,9,Shipped,13:31.0,,,,,,,
14-Jul-21,127263,98288,2,Rejected,13:41.0,,,,,,,
14-Jul-21,122949,41192,8,Rejected,14:35.0,,,,,,,
14-Jul-21,138309,22648,1,Shipped,14:38.0,,,,,,,
14-Jul-21,298053,196484,1,Rejected,16:14.0,,,,,,,
14-Jul-21,128388,82844,9,Rejected,16:38.0,,,,,,,
14-Jul-21,125934,28240,1,Rejected,16:41.0,,,,,,,
14-Jul-21,137682,28732,1,Shipped,16:43.0,,,,,,,
14-Jul-21,297825,182080,1,Rejected,16:58.0,,,,,,,
14-Jul-21,298461,164644,2,Shipped,17:21.0,,,,,,,
14-Jul-21,136452,72276,9,Shipped,17:55.0,,,,,,,
14-Jul-21,137100,117120,1,Rejected,18:36.0,,,,,,,
14-Jul-21,138495,64172,3,Rejected,18:42.0,,,,,,,
14-Jul-21,132372,87136,8,Rejected,19:07.0,,,,,,,
14-Jul-21,127182,35700,5,Rejected,19:13.0,,,,,,,
14-Jul-21,137442,67880,3,Rejected,20:00.0,,,,,,,
14-Jul-21,122430,75252,2,Rejected,20:06.0,,,,,,,
14-Jul-21,121791,20932,1,Rejected,20:08.0,,,,,,,
14-Jul-21,129414,110360,2,Rejected,20:08.0,,,,,,,
14-Jul-21,124293,22124,1,Shipped,20:35.0,,,,,,,
14-Jul-21,131403,60000,9,Rejected,20:42.0,,,,,,,
14-Jul-21,297411,85804,9,Rejected,20:58.0,,,,,,,
14-Jul-21,134451,75080,3,Shipped,21:12.0,,,,,,,
14-Jul-21,129021,79536,2,Rejected,21:28.0,,,,,,,
14-Jul-21,297948,201096,1,Rejected,22:12.0,,,,,,,
14-Jul-21,124467,105580,3,Rejected,22:28.0,,,,,,,
14-Jul-21,129867,107700,3,Rejected,23:01.0,,,,,,,
14-Jul-21,298335,169892,1,Rejected,23:02.0,,,,,,,
14-Jul-21,135339,29048,1,Rejected,23:19.0,,,,,,,
14-Jul-21,134280,114748,2,Rejected,23:22.0,,,,,,,
14-Jul-21,134454,38408,1,Shipped,23:50.0,,,,,,,
14-Jul-21,120522,72332,2,Rejected,24:46.0,,,,,,,
14-Jul-21,129492,109352,1,Rejected,24:47.0,,,,,,,
14-Jul-21,138321,114012,3,Rejected,24:48.0,,,,,,,
14-Jul-21,135918,36016,1,Rejected,24:53.0,,,,,,,
14-Jul-21,133650,112320,2,Rejected,25:09.0,,,,,,,
14-Jul-21,125946,42860,1,Shipped,25:20.0,,,,,,,
14-Jul-21,129687,91236,4,Shipped,25:47.0,,,,,,,
14-Jul-21,125877,21380,1,Shipped,25:50.0,,,,,,,
14-Jul-21,130737,92100,9,Shipped,25:51.0,,,,,,,
14-Jul-21,134019,114320,9,Shipped,26:01.0,,,,,,,
14-Jul-21,132522,74960,4,Shipped,26:12.0,,,,,,,
14-Jul-21,298137,199056,2,Shipped,26:19.0,,,,,,,
14-Jul-21,122901,45208,8,Rejected,26:54.0,,,,,,,
14-Jul-21,135675,23140,1,Shipped,27:03.0,,,,,,,
14-Jul-21,297285,180852,9,Rejected,27:09.0,,,,,,,
14-Jul-21,131139,39748,1,Shipped,27:49.0,,,,,,,
14-Jul-21,127947,59516,9,Rejected,28:03.0,,,,,,,
14-Jul-21,129597,22036,1,Shipped,28:14.0,,,,,,,
14-Jul-21,132465,54204,9,Shipped,28:27.0,,,,,,,
14-Jul-21,131553,71916,8,Rejected,28:38.0,,,,,,,
14-Jul-21,122655,103824,2,Rejected,28:51.0,,,,,,,
14-Jul-21,136044,36240,1,Shipped,29:03.0,,,,,,,
14-Jul-21,121740,64276,8,Rejected,29:24.0,,,,,,,
14-Jul-21,133161,103812,7,Shipped,29:35.0,,,,,,,
14-Jul-21,135018,45816,8,Rejected,29:38.0,,,,,,,
14-Jul-21,130236,38408,1,Shipped,30:06.0,,,,,,,
14-Jul-21,123072,53088,1,Shipped,30:09.0,,,,,,,
14-Jul-21,138237,28656,1,Shipped,30:21.0,,,,,,,
14-Jul-21,124260,95092,9,Rejected,30:33.0,,,,,,,
14-Jul-21,138450,103448,3,Rejected,30:43.0,,,,,,,
14-Jul-21,131559,71916,8,Rejected,30:45.0,,,,,,,
14-Jul-21,123762,48032,8,Rejected,30:48.0,,,,,,,
14-Jul-21,123075,97092,4,Rejected,30:52.0,,,,,,,
14-Jul-21,134352,30500,1,Shipped,31:23.0,,,,,,,
14-Jul-21,119919,46024,1,Shipped,31:27.0,,,,,,,
14-Jul-21,132723,96112,9,Rejected,31:32.0,,,,,,,
14-Jul-21,134244,36140,1,Shipped,31:37.0,,,,,,,
14-Jul-21,137304,113568,9,Shipped,31:40.0,,,,,,,
14-Jul-21,128265,109184,1,Rejected,31:52.0,,,,,,,
14-Jul-21,129495,110556,4,Rejected,31:55.0,,,,,,,
14-Jul-21,123987,60300,8,Rejected,32:05.0,,,,,,,
14-Jul-21,123933,30004,1,Shipped,32:22.0,,,,,,,
14-Jul-21,123696,52032,8,Rejected,32:32.0,,,,,,,
14-Jul-21,135021,45816,8,Rejected,32:53.0,,,,,,,
14-Jul-21,122718,82088,8,Shipped,33:04.0,,,,,,,
14-Jul-21,134709,47804,5,Shipped,33:08.0,,,,,,,
14-Jul-21,126765,97984,5,Rejected,33:56.0,,,,,,,
14-Jul-21,132060,44500,3,Rejected,33:59.0,,,,,,,
14-Jul-21,121053,101100,9,Rejected,34:05.0,,,,,,,
14-Jul-21,135207,65896,7,Shipped,34:09.0,,,,,,,
14-Jul-21,132960,94300,1,Rejected,34:11.0,,,,,,,
14-Jul-21,136308,48840,8,Rejected,34:30.0,,,,,,,
14-Jul-21,125835,52724,1,Rejected,34:40.0,,,,,,,
14-Jul-21,132654,44288,8,Rejected,34:40.0,,,,,,,
14-Jul-21,297645,218084,10,Rejected,35:26.0,,,,,,,
14-Jul-21,119874,82228,5,Rejected,35:28.0,,,,,,,
14-Jul-21,133776,89800,3,Shipped,35:47.0,,,,,,,
14-Jul-21,136704,112052,4,Shipped,35:55.0,,,,,,,
14-Jul-21,126201,35268,1,Rejected,36:05.0,,,,,,,
14-Jul-21,137232,109456,3,Rejected,36:08.0,,,,,,,
14-Jul-21,131037,90308,1,Shipped,36:31.0,,,,,,,
14-Jul-21,126393,34668,1,Shipped,36:49.0,,,,,,,
14-Jul-21,121626,61584,5,Rejected,36:52.0,,,,,,,
14-Jul-21,130098,56000,8,Shipped,37:30.0,,,,,,,
14-Jul-21,135816,115984,1,Rejected,38:14.0,,,,,,,
14-Jul-21,137169,94968,3,Rejected,38:14.0,,,,,,,
14-Jul-21,122784,79576,4,Shipped,38:27.0,,,,,,,
14-Jul-21,123555,60304,9,Rejected,38:50.0,,,,,,,
14-Jul-21,125979,91904,7,Shipped,39:18.0,,,,,,,
14-Jul-21,120615,80428,1,Rejected,39:22.0,,,,,,,
14-Jul-21,127335,108440,3,Rejected,39:24.0,,,,,,,
14-Jul-21,132156,44924,1,Shipped,40:02.0,,,,,,,
14-Jul-21,138192,74192,3,Shipped,40:27.0,,,,,,,
14-Jul-21,134781,115168,9,Shipped,40:38.0,,,,,,,
14-Jul-21,297909,187352,5,Rejected,40:47.0,,,,,,,
14-Jul-21,124020,68300,1,Rejected,41:08.0,,,,,,,
14-Jul-21,133581,111880,1,Rejected,41:11.0,,,,,,,
14-Jul-21,136512,60404,2,Rejected,41:43.0,,,,,,,
14-Jul-21,134610,26748,1,Shipped,42:17.0,,,,,,,
14-Jul-21,136884,47808,5,Rejected,42:23.0,,,,,,,
14-Jul-21,131295,73888,2,Shipped,42:59.0,,,,,,,
14-Jul-21,136065,64696,3,Shipped,43:43.0,,,,,,,
14-Jul-21,298494,219924,9,Shipped,43:53.0,,,,,,,
14-Jul-21,125049,55672,8,Rejected,43:54.0,,,,,,,
14-Jul-21,130518,111500,2,Rejected,44:14.0,,,,,,,
14-Jul-21,120000,98124,2,Shipped,44:26.0,,,,,,,
14-Jul-21,126252,94828,9,Shipped,44:36.0,,,,,,,
14-Jul-21,129897,39464,5,Rejected,45:38.0,,,,,,,
14-Jul-21,134526,86256,1,Rejected,46:16.0,,,,,,,
14-Jul-21,297993,192944,8,Rejected,46:27.0,,,,,,,
14-Jul-21,123093,53788,1,Rejected,46:40.0,,,,,,,
14-Jul-21,298515,92292,1,Rejected,46:44.0,,,,,,,
14-Jul-21,122796,57508,1,Shipped,46:47.0,,,,,,,
14-Jul-21,120222,89896,4,Shipped,46:54.0,,,,,,,
14-Jul-21,297588,71504,10,Shipped,47:02.0,,,,,,,
14-Jul-21,129375,108960,1,Rejected,47:08.0,,,,,,,
14-Jul-21,125397,94780,9,Rejected,47:12.0,,,,,,,
14-Jul-21,131580,84992,8,Shipped,47:24.0,,,,,,,
14-Jul-21,127065,65412,8,Shipped,47:56.0,,,,,,,
14-Jul-21,132405,96112,9,Rejected,48:21.0,,,,,,,
14-Jul-21,133740,61600,8,Pending,48:27.0,,,,,,,
14-Jul-21,137484,73648,3,Rejected,48:37.0,,,,,,,
14-Jul-21,122733,73672,2,Shipped,48:57.0,,,,,,,
14-Jul-21,135705,108516,1,Rejected,49:13.0,,,,,,,
14-Jul-21,137049,18760,1,Rejected,49:13.0,,,,,,,
14-Jul-21,121851,84652,2,Rejected,49:22.0,,,,,,,
14-Jul-21,135375,23140,1,Shipped,49:48.0,,,,,,,
14-Jul-21,138384,47808,5,Rejected,49:54.0,,,,,,,
14-Jul-21,125853,71188,2,Shipped,50:05.0,,,,,,,
14-Jul-21,137976,28656,1,Shipped,50:16.0,,,,,,,
14-Jul-21,128688,97116,9,Shipped,50:19.0,,,,,,,
14-Jul-21,127524,108752,1,Rejected,50:25.0,,,,,,,
14-Jul-21,131304,46024,1,Shipped,50:30.0,,,,,,,
14-Jul-21,137418,47428,8,Shipped,50:56.0,,,,,,,
14-Jul-21,297264,115136,1,Rejected,51:24.0,,,,,,,
14-Jul-21,135672,43224,1,Rejected,51:51.0,,,,,,,
14-Jul-21,128367,53908,9,Rejected,51:55.0,,,,,,,
14-Jul-21,137490,73648,3,Rejected,52:04.0,,,,,,,
14-Jul-21,121359,91576,5,Rejected,52:34.0,,,,,,,
14-Jul-21,132300,95588,4,Shipped,52:45.0,,,,,,,
14-Jul-21,126537,19228,1,Shipped,52:50.0,,,,,,,
14-Jul-21,120162,34748,5,Rejected,52:51.0,,,,,,,
14-Jul-21,121455,94968,3,Rejected,53:00.0,,,,,,,
14-Jul-21,121290,101236,1,Rejected,53:59.0,,,,,,,
14-Jul-21,122805,79636,4,Shipped,54:02.0,,,,,,,
14-Jul-21,120720,43844,9,Rejected,54:06.0,,,,,,,
14-Jul-21,130374,41772,5,Rejected,54:11.0,,,,,,,
14-Jul-21,297456,158216,1,Rejected,54:31.0,,,,,,,
14-Jul-21,132420,81268,4,Shipped,54:34.0,,,,,,,
14-Jul-21,125538,100632,3,Rejected,54:53.0,,,,,,,
14-Jul-21,120840,101100,9,Rejected,55:26.0,,,,,,,
14-Jul-21,128493,23460,1,Shipped,55:34.0,,,,,,,
14-Jul-21,137829,109200,3,Rejected,55:35.0,,,,,,,
14-Jul-21,298446,186708,3,Shipped,55:38.0,,,,,,,
14-Jul-21,131649,46944,8,Shipped,56:03.0,,,,,,,
14-Jul-21,122508,56208,9,Rejected,56:16.0,,,,,,,
14-Jul-21,133074,46312,8,Shipped,57:05.0,,,,,,,
14-Jul-21,134277,114748,2,Rejected,57:14.0,,,,,,,
14-Jul-21,124761,105592,4,Shipped,57:23.0,,,,,,,
14-Jul-21,133254,101808,1,Rejected,57:28.0,,,,,,,
14-Jul-21,121614,102200,1,Rejected,57:43.0,,,,,,,
14-Jul-21,126606,107840,1,Shipped,57:46.0,,,,,,,
14-Jul-21,121668,48908,8,Rejected,58:10.0,,,,,,,
14-Jul-21,128442,97980,3,Rejected,58:35.0,,,,,,,
14-Jul-21,120387,86416,7,Rejected,58:56.0,,,,,,,
14-Jul-21,128292,66000,9,Shipped,59:18.0,,,,,,,
14-Jul-21,121629,20984,1,Rejected,59:40.0,,,,,,,
15-Jul-21,134643,103448,3,Rejected,00:09.0,,,,,,,
15-Jul-21,124434,28656,1,Shipped,00:22.0,,,,,,,
15-Jul-21,298179,104008,11,Shipped,00:31.0,,,,,,,
15-Jul-21,137265,93696,2,Rejected,01:01.0,,,,,,,
15-Jul-21,134553,90384,7,Rejected,01:17.0,,,,,,,
15-Jul-21,122502,103548,8,Shipped,01:27.0,,,,,,,
15-Jul-21,129264,103800,3,Rejected,02:19.0,,,,,,,
15-Jul-21,132225,86256,1,Rejected,03:01.0,,,,,,,
15-Jul-21,136275,53788,1,Shipped,03:02.0,,,,,,,
15-Jul-21,125919,85344,8,Shipped,03:07.0,,,,,,,
15-Jul-21,132315,105528,9,Shipped,03:22.0,,,,,,,
15-Jul-21,122472,57148,9,Shipped,03:41.0,,,,,,,
15-Jul-21,135597,38752,1,Rejected,03:45.0,,,,,,,
15-Jul-21,131652,41840,8,Shipped,04:17.0,,,,,,,
15-Jul-21,131088,41840,8,Shipped,04:39.0,,,,,,,
15-Jul-21,121563,52128,9,Rejected,05:11.0,,,,,,,
15-Jul-21,134439,59516,9,Rejected,05:32.0,,,,,,,
15-Jul-21,135051,65612,8,Rejected,05:40.0,,,,,,,
15-Jul-21,119952,68092,3,Shipped,05:56.0,,,,,,,
15-Jul-21,127995,108908,8,Rejected,06:15.0,,,,,,,
15-Jul-21,132090,77508,2,Rejected,06:15.0,,,,,,,
15-Jul-21,130206,75252,2,Rejected,06:26.0,,,,,,,
15-Jul-21,127890,80888,2,Rejected,06:49.0,,,,,,,
15-Jul-21,130656,76092,1,Rejected,06:49.0,,,,,,,
15-Jul-21,123036,21484,1,Rejected,07:05.0,,,,,,,
15-Jul-21,126267,106744,1,Rejected,07:22.0,,,,,,,
15-Jul-21,135123,114432,2,Rejected,07:26.0,,,,,,,
15-Jul-21,123975,33468,5,Rejected,07:52.0,,,,,,,
15-Jul-21,129948,75252,2,Rejected,08:11.0,,,,,,,
15-Jul-21,296973,173268,2,Rejected,08:20.0,,,,,,,
15-Jul-21,132102,110588,3,Shipped,09:47.0,,,,,,,
15-Jul-21,130143,107860,5,Shipped,09:58.0,,,,,,,
15-Jul-21,122076,22048,1,Shipped,10:26.0,,,,,,,
15-Jul-21,129840,81552,1,Shipped,11:11.0,,,,,,,
15-Jul-21,136431,94300,1,Rejected,11:22.0,,,,,,,
15-Jul-21,120045,98908,9,Rejected,11:25.0,,,,,,,
15-Jul-21,127311,55672,8,Rejected,12:03.0,,,,,,,
15-Jul-21,125109,105500,9,Rejected,12:15.0,,,,,,,
15-Jul-21,133752,77596,3,Shipped,12:28.0,,,,,,,
15-Jul-21,135555,92392,2,Shipped,13:24.0,,,,,,,
15-Jul-21,137607,96400,3,Shipped,13:39.0,,,,,,,
15-Jul-21,137358,98008,1,Shipped,14:50.0,,,,,,,
15-Jul-21,128640,53140,8,Shipped,15:15.0,,,,,,,
15-Jul-21,133149,97088,3,Rejected,15:22.0,,,,,,,
15-Jul-21,127605,30260,1,Shipped,15:35.0,,,,,,,
15-Jul-21,122952,44436,8,Rejected,15:38.0,,,,,,,
15-Jul-21,297492,116772,4,Rejected,15:41.0,,,,,,,
15-Jul-21,131619,67284,3,Shipped,15:58.0,,,,,,,
15-Jul-21,297696,76872,3,Shipped,16:01.0,,,,,,,
15-Jul-21,124962,106080,1,Rejected,16:43.0,,,,,,,
15-Jul-21,135972,53892,8,Shipped,17:58.0,,,,,,,
15-Jul-21,125283,29500,1,Shipped,18:06.0,,,,,,,
15-Jul-21,137436,38196,5,Rejected,18:06.0,,,,,,,
15-Jul-21,136164,92636,9,Shipped,18:09.0,,,,,,,
15-Jul-21,130929,51408,9,Shipped,18:10.0,,,,,,,
15-Jul-21,135099,115620,1,Rejected,18:14.0,,,,,,,
15-Jul-21,297174,72196,3,Shipped,18:55.0,,,,,,,
15-Jul-21,298269,110056,8,Rejected,18:58.0,,,,,,,
15-Jul-21,125784,47736,1,Shipped,19:01.0,,,,,,,
15-Jul-21,298272,36620,5,Rejected,19:14.0,,,,,,,
15-Jul-21,130467,85964,3,Shipped,20:02.0,,,,,,,
15-Jul-21,137211,115064,9,Shipped,20:12.0,,,,,,,
15-Jul-21,126369,18572,1,Rejected,20:20.0,,,,,,,
15-Jul-21,138003,77548,4,Shipped,20:41.0,,,,,,,
15-Jul-21,136359,101908,2,Shipped,20:59.0,,,,,,,
15-Jul-21,128316,109272,9,Rejected,21:04.0,,,,,,,
15-Jul-21,138009,92380,4,Shipped,21:09.0,,,,,,,
15-Jul-21,120246,37516,1,Rejected,21:48.0,,,,,,,
15-Jul-21,124098,105112,9,Rejected,22:04.0,,,,,,,
15-Jul-21,136839,75220,3,Shipped,22:05.0,,,,,,,
15-Jul-21,122433,58364,8,Shipped,22:21.0,,,,,,,
15-Jul-21,134253,59064,5,Shipped,22:53.0,,,,,,,
15-Jul-21,121170,44684,8,Rejected,22:57.0,,,,,,,
15-Jul-21,122592,90120,8,Rejected,23:07.0,,,,,,,
15-Jul-21,120516,78788,3,Shipped,23:11.0,,,,,,,
15-Jul-21,121572,102100,3,Rejected,23:18.0,,,,,,,
15-Jul-21,128082,109244,4,Shipped,23:19.0,,,,,,,
15-Jul-21,124974,35416,1,Shipped,23:41.0,,,,,,,
15-Jul-21,128010,60052,9,Shipped,23:54.0,,,,,,,
15-Jul-21,120210,100436,2,Rejected,24:05.0,,,,,,,
15-Jul-21,120927,35268,1,Rejected,24:11.0,,,,,,,
15-Jul-21,297375,143864,8,Rejected,24:30.0,,,,,,,
15-Jul-21,135042,43224,1,Rejected,24:51.0,,,,,,,
15-Jul-21,120549,87948,9,Rejected,24:55.0,,,,,,,
15-Jul-21,297630,219952,3,Rejected,25:21.0,,,,,,,
15-Jul-21,129033,110120,3,Rejected,25:43.0,,,,,,,
15-Jul-21,127851,40988,1,Rejected,26:03.0,,,,,,,
15-Jul-21,122109,86680,2,Shipped,26:05.0,,,,,,,
15-Jul-21,126744,77508,2,Rejected,26:16.0,,,,,,,
15-Jul-21,135069,101728,3,Rejected,26:17.0,,,,,,,
15-Jul-21,297774,213172,2,Shipped,26:20.0,,,,,,,
15-Jul-21,127623,87136,8,Shipped,26:32.0,,,,,,,
15-Jul-21,128196,41840,8,Rejected,27:42.0,,,,,,,
15-Jul-21,135627,76004,4,Rejected,27:50.0,,,,,,,
15-Jul-21,124917,21812,1,Rejected,28:02.0,,,,,,,
15-Jul-21,131271,87388,5,Rejected,28:21.0,,,,,,,
15-Jul-21,126642,107860,5,Rejected,28:27.0,,,,,,,
15-Jul-21,124920,21812,1,Shipped,28:41.0,,,,,,,
15-Jul-21,132147,77428,2,Rejected,29:14.0,,,,,,,
15-Jul-21,133476,70272,3,Rejected,29:33.0,,,,,,,
15-Jul-21,122322,41952,5,Shipped,30:06.0,,,,,,,
15-Jul-21,127740,108888,1,Rejected,30:08.0,,,,,,,
15-Jul-21,124986,29444,1,Shipped,30:52.0,,,,,,,
15-Jul-21,127629,74960,4,Shipped,31:23.0,,,,,,,
15-Jul-21,123153,57084,8,Rejected,31:31.0,,,,,,,
15-Jul-21,297378,47796,8,Rejected,32:07.0,,,,,,,
15-Jul-21,136221,46576,5,Shipped,32:12.0,,,,,,,
15-Jul-21,123432,35824,1,Rejected,32:20.0,,,,,,,
15-Jul-21,127500,76516,8,Rejected,32:23.0,,,,,,,
15-Jul-21,127557,80888,2,Rejected,33:16.0,,,,,,,
15-Jul-21,122769,52064,8,Rejected,33:41.0,,,,,,,
15-Jul-21,123768,48032,8,Rejected,33:54.0,,,,,,,
15-Jul-21,125895,62572,1,Rejected,33:56.0,,,,,,,
15-Jul-21,130755,84492,7,Shipped,34:07.0,,,,,,,
15-Jul-21,119985,39348,1,Shipped,34:40.0,,,,,,,
15-Jul-21,125898,62572,1,Shipped,35:06.0,,,,,,,
15-Jul-21,122457,103580,1,Rejected,35:26.0,,,,,,,
15-Jul-21,126945,74088,8,Shipped,35:53.0,,,,,,,
15-Jul-21,132285,63340,2,Shipped,36:10.0,,,,,,,
15-Jul-21,131799,66732,9,Rejected,36:20.0,,,,,,,
15-Jul-21,131484,112028,2,Rejected,37:12.0,,,,,,,
15-Jul-21,138252,32564,5,Rejected,37:16.0,,,,,,,
15-Jul-21,136137,36288,5,Shipped,38:55.0,,,,,,,
15-Jul-21,127806,97920,9,Rejected,39:11.0,,,,,,,
15-Jul-21,126153,64532,2,Rejected,39:16.0,,,,,,,
15-Jul-21,137751,117372,9,Rejected,40:03.0,,,,,,,
15-Jul-21,136785,116700,9,Shipped,40:22.0,,,,,,,
15-Jul-21,298482,72080,5,Rejected,40:35.0,,,,,,,
15-Jul-21,126207,104452,2,Rejected,40:43.0,,,,,,,
15-Jul-21,137697,49132,1,Rejected,41:10.0,,,,,,,
15-Jul-21,298308,86340,9,Rejected,41:25.0,,,,,,,
15-Jul-21,134784,115168,9,Rejected,41:27.0,,,,,,,
15-Jul-21,128097,82056,2,Rejected,41:46.0,,,,,,,
15-Jul-21,121938,87692,3,Rejected,42:06.0,,,,,,,
15-Jul-21,130632,62572,1,Rejected,42:09.0,,,,,,,
15-Jul-21,128766,83968,9,Rejected,42:34.0,,,,,,,
15-Jul-21,126063,106860,2,Rejected,43:15.0,,,,,,,
15-Jul-21,137463,28308,5,Rejected,43:31.0,,,,,,,
15-Jul-21,128976,27960,1,Rejected,43:34.0,,,,,,,
15-Jul-21,297957,139180,5,Rejected,43:40.0,,,,,,,
15-Jul-21,296958,192944,8,Rejected,43:59.0,,,,,,,
15-Jul-21,121224,38144,8,Shipped,44:11.0,,,,,,,
15-Jul-21,298314,202168,9,Rejected,44:22.0,,,,,,,
15-Jul-21,127512,38056,1,Rejected,44:54.0,,,,,,,
15-Jul-21,131055,73188,1,Rejected,44:56.0,,,,,,,
15-Jul-21,138033,96032,8,Shipped,45:05.0,,,,,,,
15-Jul-21,132810,33592,5,Rejected,45:07.0,,,,,,,
15-Jul-21,129729,86256,1,Shipped,45:14.0,,,,,,,
15-Jul-21,132246,112960,2,Rejected,45:22.0,,,,,,,
15-Jul-21,126255,32776,5,Shipped,45:49.0,,,,,,,
15-Jul-21,135525,41192,8,Rejected,46:09.0,,,,,,,
15-Jul-21,134964,43224,1,Rejected,46:14.0,,,,,,,
15-Jul-21,124848,103548,8,Rejected,46:16.0,,,,,,,
15-Jul-21,136725,41248,8,Rejected,46:28.0,,,,,,,
15-Jul-21,136005,38408,1,Shipped,46:42.0,,,,,,,
15-Jul-21,124149,105216,3,Rejected,47:00.0,,,,,,,
15-Jul-21,132267,53096,8,Rejected,47:23.0,,,,,,,
15-Jul-21,123393,18724,1,Shipped,47:36.0,,,,,,,
15-Jul-21,121110,31112,1,Shipped,48:39.0,,,,,,,
15-Jul-21,130818,9588,1,Rejected,48:43.0,,,,,,,
15-Jul-21,121356,64324,2,Shipped,48:49.0,,,,,,,
15-Jul-21,138048,45816,8,Rejected,49:15.0,,,,,,,
15-Jul-21,128283,36232,1,Shipped,49:31.0,,,,,,,
15-Jul-21,137379,116436,8,Shipped,49:35.0,,,,,,,
15-Jul-21,297960,35268,1,Shipped,49:35.0,,,,,,,
15-Jul-21,128979,27220,1,Shipped,49:41.0,,,,,,,
15-Jul-21,128898,40152,1,Rejected,50:18.0,,,,,,,
15-Jul-21,130422,43964,9,Rejected,50:29.0,,,,,,,
15-Jul-21,125640,102296,2,Rejected,50:33.0,,,,,,,
15-Jul-21,120006,75204,4,Rejected,51:32.0,,,,,,,
15-Jul-21,297669,182064,8,Shipped,51:43.0,,,,,,,
15-Jul-21,133896,112848,1,Rejected,51:57.0,,,,,,,
15-Jul-21,124071,19080,1,Shipped,52:19.0,,,,,,,
15-Jul-21,137826,117572,8,Pending,52:35.0,,,,,,,
15-Jul-21,138051,92624,9,Rejected,53:00.0,,,,,,,
15-Jul-21,128646,41840,8,Shipped,53:10.0,,,,,,,
15-Jul-21,129966,48416,8,Shipped,53:13.0,,,,,,,
15-Jul-21,125001,90720,9,Rejected,53:16.0,,,,,,,
15-Jul-21,136254,79116,8,Rejected,54:41.0,,,,,,,
15-Jul-21,123234,36232,1,Rejected,55:16.0,,,,,,,
15-Jul-21,126858,107084,1,Rejected,55:54.0,,,,,,,
15-Jul-21,130458,66804,2,Shipped,56:10.0,,,,,,,
15-Jul-21,125646,106776,9,Rejected,56:23.0,,,,,,,
15-Jul-21,133194,57500,1,Shipped,56:34.0,,,,,,,
15-Jul-21,121077,98008,1,Rejected,57:11.0,,,,,,,
15-Jul-21,131706,112512,2,Rejected,57:22.0,,,,,,,
15-Jul-21,125316,35856,1,Rejected,57:54.0,,,,,,,
15-Jul-21,121122,57612,8,Rejected,58:10.0,,,,,,,
15-Jul-21,122682,83720,9,Rejected,58:21.0,,,,,,,
15-Jul-21,124077,61368,9,Rejected,58:23.0,,,,,,,
15-Jul-21,136323,57500,1,Shipped,58:23.0,,,,,,,
15-Jul-21,129642,41392,8,Rejected,58:28.0,,,,,,,
15-Jul-21,130701,83964,3,Rejected,58:48.0,,,,,,,
15-Jul-21,121233,57612,8,Shipped,59:23.0,,,,,,,
15-Jul-21,127587,57032,5,Shipped,59:28.0,,,,,,,
15-Jul-21,124428,23004,1,Shipped,59:32.0,,,,,,,
15-Jul-21,130002,75000,5,Rejected,59:39.0,,,,,,,
15-Jul-21,124242,65044,8,Shipped,59:42.0,,,,,,,
16-Jul-21,125487,70524,1,Rejected,00:24.0,,,,,,,
16-Jul-21,134913,80152,9,Rejected,00:42.0,,,,,,,
16-Jul-21,123402,49660,8,Rejected,00:51.0,,,,,,,
16-Jul-21,126993,104172,9,Shipped,00:56.0,,,,,,,
16-Jul-21,127533,40788,1,Shipped,01:02.0,,,,,,,
16-Jul-21,133683,54740,8,Rejected,01:43.0,,,,,,,
16-Jul-21,137010,57724,9,Rejected,01:44.0,,,,,,,
16-Jul-21,127161,108384,1,Rejected,01:46.0,,,,,,,
16-Jul-21,136572,94340,8,Rejected,01:47.0,,,,,,,
16-Jul-21,131841,28392,5,Shipped,01:50.0,,,,,,,
16-Jul-21,135423,94716,3,Rejected,02:03.0,,,,,,,
16-Jul-21,129072,75956,7,Shipped,02:20.0,,,,,,,
16-Jul-21,136326,99752,9,Shipped,02:43.0,,,,,,,
16-Jul-21,298086,148112,1,Rejected,02:55.0,,,,,,,
16-Jul-21,137190,74704,1,Rejected,03:18.0,,,,,,,
16-Jul-21,122838,103448,3,Rejected,03:44.0,,,,,,,
16-Jul-21,123666,30776,5,Shipped,03:49.0,,,,,,,
16-Jul-21,124083,60300,8,Pending,04:13.0,,,,,,,
16-Jul-21,138108,73188,1,Shipped,04:19.0,,,,,,,
16-Jul-21,120084,26468,1,Rejected,04:22.0,,,,,,,
16-Jul-21,137667,81304,4,Rejected,04:31.0,,,,,,,
16-Jul-21,132600,27880,5,Shipped,04:33.0,,,,,,,
16-Jul-21,130914,74612,4,Shipped,04:52.0,,,,,,,
16-Jul-21,120981,59884,8,Rejected,05:31.0,,,,,,,
16-Jul-21,127299,30700,1,Rejected,05:37.0,,,,,,,
16-Jul-21,122616,89624,8,Shipped,05:48.0,,,,,,,
16-Jul-21,121677,43408,8,Rejected,05:55.0,,,,,,,
16-Jul-21,297012,106420,9,Rejected,05:58.0,,,,,,,
16-Jul-21,128913,110052,3,Rejected,06:18.0,,,,,,,
16-Jul-21,128733,45596,9,Rejected,06:19.0,,,,,,,
16-Jul-21,122685,52300,8,Rejected,06:27.0,,,,,,,
16-Jul-21,122853,103908,3,Shipped,07:04.0,,,,,,,
16-Jul-21,135651,76004,4,Shipped,07:43.0,,,,,,,
16-Jul-21,121029,23016,1,Rejected,07:54.0,,,,,,,
16-Jul-21,137721,55048,5,Rejected,07:55.0,,,,,,,
16-Jul-21,121686,47312,2,Shipped,08:12.0,,,,,,,
16-Jul-21,125181,20036,1,Rejected,09:34.0,,,,,,,
16-Jul-21,135489,21844,1,Shipped,09:40.0,,,,,,,
16-Jul-21,126363,77732,4,Shipped,09:53.0,,,,,,,
16-Jul-21,138225,59644,9,Rejected,10:06.0,,,,,,,
16-Jul-21,131604,112476,1,Rejected,10:17.0,,,,,,,
16-Jul-21,130491,66832,3,Shipped,10:32.0,,,,,,,
16-Jul-21,123858,32296,5,Shipped,10:34.0,,,,,,,
16-Jul-21,124884,91656,1,Shipped,11:00.0,,,,,,,
16-Jul-21,120168,94668,1,Rejected,11:05.0,,,,,,,
16-Jul-21,135393,51420,1,Shipped,11:13.0,,,,,,,
16-Jul-21,134763,90952,3,Rejected,11:18.0,,,,,,,
16-Jul-21,122310,91916,3,Rejected,11:28.0,,,,,,,
16-Jul-21,138120,19152,1,Shipped,11:31.0,,,,,,,
16-Jul-21,124527,48424,8,Rejected,12:03.0,,,,,,,
16-Jul-21,130266,69192,2,Shipped,12:05.0,,,,,,,
16-Jul-21,134766,21844,1,Shipped,12:10.0,,,,,,,
16-Jul-21,297123,98152,1,Rejected,12:44.0,,,,,,,
16-Jul-21,125322,20036,1,Shipped,13:10.0,,,,,,,
16-Jul-21,129972,48096,8,Rejected,13:11.0,,,,,,,
16-Jul-21,131421,89756,2,Rejected,13:22.0,,,,,,,
16-Jul-21,120312,92408,1,Rejected,13:43.0,,,,,,,
16-Jul-21,121086,96880,3,Rejected,13:50.0,,,,,,,
16-Jul-21,125022,103548,8,Rejected,14:01.0,,,,,,,
16-Jul-21,120021,75204,4,Shipped,14:04.0,,,,,,,
16-Jul-21,126720,2712,1,Shipped,14:19.0,,,,,,,
16-Jul-21,127602,97920,9,Rejected,14:47.0,,,,,,,
16-Jul-21,134313,58420,8,Pending,14:58.0,,,,,,,
16-Jul-21,122094,70320,3,Rejected,15:17.0,,,,,,,
16-Jul-21,297693,136292,10,Rejected,15:18.0,,,,,,,
16-Jul-21,297489,216512,8,Rejected,15:28.0,,,,,,,
16-Jul-21,136542,116700,9,Rejected,15:32.0,,,,,,,
16-Jul-21,131454,107992,5,Rejected,15:49.0,,,,,,,
16-Jul-21,128049,93036,8,Shipped,15:54.0,,,,,,,
16-Jul-21,128586,89460,1,Rejected,16:11.0,,,,,,,
16-Jul-21,122550,41728,8,Rejected,16:24.0,,,,,,,
16-Jul-21,122955,41192,8,Shipped,16:48.0,,,,,,,
16-Jul-21,132018,96716,9,Shipped,16:51.0,,,,,,,
16-Jul-21,120903,61460,8,Rejected,17:31.0,,,,,,,
16-Jul-21,136653,116500,8,Rejected,17:32.0,,,,,,,
16-Jul-21,134082,103480,9,Rejected,17:34.0,,,,,,,
16-Jul-21,137853,62448,8,Shipped,17:45.0,,,,,,,
16-Jul-21,132276,38144,8,Shipped,17:47.0,,,,,,,
16-Jul-21,125778,73608,3,Rejected,18:50.0,,,,,,,
16-Jul-21,125781,106856,3,Rejected,18:52.0,,,,,,,
16-Jul-21,122889,103964,3,Rejected,18:56.0,,,,,,,
16-Jul-21,126627,50696,8,Rejected,19:06.0,,,,,,,
16-Jul-21,123180,83592,7,Rejected,19:10.0,,,,,,,
16-Jul-21,136353,101908,2,Rejected,19:46.0,,,,,,,
16-Jul-21,296922,36620,5,Rejected,19:49.0,,,,,,,
16-Jul-21,136488,50524,5,Shipped,20:21.0,,,,,,,
16-Jul-21,133938,58836,1,Shipped,20:23.0,,,,,,,
16-Jul-21,129297,42036,1,Shipped,20:33.0,,,,,,,
16-Jul-21,138369,38696,1,Rejected,20:45.0,,,,,,,
16-Jul-21,296751,86340,9,Rejected,21:04.0,,,,,,,
16-Jul-21,136107,78588,4,Rejected,21:24.0,,,,,,,
16-Jul-21,121911,102480,2,Rejected,21:34.0,,,,,,,
16-Jul-21,123981,43844,9,Rejected,22:08.0,,,,,,,
16-Jul-21,131256,1960,1,Rejected,22:10.0,,,,,,,
16-Jul-21,132375,54684,9,Shipped,22:28.0,,,,,,,
16-Jul-21,124104,76588,2,Shipped,22:31.0,,,,,,,
16-Jul-21,131259,83964,3,Rejected,22:42.0,,,,,,,
16-Jul-21,296754,209240,1,Shipped,22:43.0,,,,,,,
16-Jul-21,125508,56604,9,Rejected,23:03.0,,,,,,,
16-Jul-21,297627,108408,11,Rejected,23:06.0,,,,,,,
16-Jul-21,132033,68188,5,Rejected,23:17.0,,,,,,,
16-Jul-21,123618,85212,4,Shipped,23:24.0,,,,,,,
16-Jul-21,125577,51828,9,Rejected,23:32.0,,,,,,,
16-Jul-21,134934,114676,1,Rejected,23:32.0,,,,,,,
16-Jul-21,137610,25756,1,Shipped,23:32.0,,,,,,,
16-Jul-21,134952,44728,9,Rejected,23:50.0,,,,,,,
16-Jul-21,136302,51920,9,Rejected,24:03.0,,,,,,,
16-Jul-21,125124,48104,8,Shipped,24:08.0,,,,,,,
16-Jul-21,126738,103896,3,Shipped,24:20.0,,,,,,,
16-Jul-21,137070,90016,3,Shipped,24:32.0,,,,,,,
16-Jul-21,126741,49656,5,Shipped,24:54.0,,,,,,,
16-Jul-21,136410,116652,8,Rejected,24:56.0,,,,,,,
16-Jul-21,127734,34668,1,Shipped,25:12.0,,,,,,,
16-Jul-21,125679,35856,1,Shipped,25:36.0,,,,,,,
16-Jul-21,120438,86692,9,Rejected,25:38.0,,,,,,,
16-Jul-21,132645,93644,1,Shipped,25:50.0,,,,,,,
16-Jul-21,136848,108468,9,Rejected,25:51.0,,,,,,,
16-Jul-21,131133,37488,5,Shipped,26:03.0,,,,,,,
16-Jul-21,128400,75220,3,Shipped,27:24.0,,,,,,,
16-Jul-21,131265,112160,2,Rejected,27:28.0,,,,,,,
16-Jul-21,297423,146780,4,Shipped,27:29.0,,,,,,,
16-Jul-21,137943,65652,7,Shipped,27:56.0,,,,,,,
16-Jul-21,120108,58796,1,Shipped,27:58.0,,,,,,,
16-Jul-21,137946,70412,3,Rejected,28:22.0,,,,,,,
16-Jul-21,125418,98600,3,Rejected,28:45.0,,,,,,,
16-Jul-21,128262,20868,1,Rejected,29:33.0,,,,,,,
16-Jul-21,297216,214732,11,Rejected,29:42.0,,,,,,,
16-Jul-21,124983,79652,8,Rejected,29:43.0,,,,,,,
16-Jul-21,298473,136484,9,Shipped,30:02.0,,,,,,,
16-Jul-21,138165,73648,3,Shipped,30:05.0,,,,,,,
16-Jul-21,125616,106744,1,Rejected,30:25.0,,,,,,,
16-Jul-21,123984,47256,8,Rejected,30:50.0,,,,,,,
16-Jul-21,136983,90308,1,Rejected,30:56.0,,,,,,,
16-Jul-21,124203,51088,5,Rejected,31:06.0,,,,,,,
16-Jul-21,125133,59880,1,Shipped,32:16.0,,,,,,,
16-Jul-21,121641,102252,1,Rejected,32:22.0,,,,,,,
16-Jul-21,122505,80840,2,Rejected,32:50.0,,,,,,,
16-Jul-21,126510,21380,1,Shipped,32:53.0,,,,,,,
16-Jul-21,120153,1208,1,Shipped,33:25.0,,,,,,,
16-Jul-21,123264,73832,9,Rejected,33:35.0,,,,,,,
16-Jul-21,130404,59852,8,Rejected,33:43.0,,,,,,,
16-Jul-21,133836,114312,3,Shipped,33:44.0,,,,,,,
16-Jul-21,297087,180260,4,Shipped,33:56.0,,,,,,,
16-Jul-21,125211,57720,5,Shipped,34:29.0,,,,,,,
16-Jul-21,121311,91916,3,Rejected,34:54.0,,,,,,,
16-Jul-21,296943,144440,11,Rejected,34:59.0,,,,,,,
16-Jul-21,126234,107384,1,Rejected,35:01.0,,,,,,,
16-Jul-21,136131,21784,1,Rejected,35:15.0,,,,,,,
16-Jul-21,136506,86656,9,Shipped,35:21.0,,,,,,,
16-Jul-21,124488,105528,9,Shipped,35:50.0,,,,,,,
16-Jul-21,132963,113568,9,Rejected,35:51.0,,,,,,,
16-Jul-21,123540,104608,1,Rejected,35:55.0,,,,,,,
16-Jul-21,126516,77304,3,Rejected,36:17.0,,,,,,,
16-Jul-21,126354,107072,1,Rejected,36:21.0,,,,,,,
16-Jul-21,123189,71116,9,Rejected,37:00.0,,,,,,,
16-Jul-21,120120,54492,5,Rejected,37:14.0,,,,,,,
16-Jul-21,132666,26132,1,Shipped,37:26.0,,,,,,,
16-Jul-21,133056,38368,1,Shipped,37:31.0,,,,,,,
16-Jul-21,132186,29280,1,Rejected,38:08.0,,,,,,,
16-Jul-21,297219,192944,8,Rejected,38:12.0,,,,,,,
16-Jul-21,135765,80780,9,Rejected,38:45.0,,,,,,,
16-Jul-21,296895,188760,9,Shipped,39:02.0,,,,,,,
16-Jul-21,131289,103964,3,Shipped,39:14.0,,,,,,,
16-Jul-21,129795,83404,9,Rejected,39:28.0,,,,,,,
16-Jul-21,129048,38752,1,Rejected,39:40.0,,,,,,,
16-Jul-21,134055,114524,8,Rejected,39:55.0,,,,,,,
16-Jul-21,130242,106360,9,Rejected,40:19.0,,,,,,,
16-Jul-21,124143,21332,1,Shipped,40:46.0,,,,,,,
16-Jul-21,127680,25920,1,Shipped,41:21.0,,,,,,,
16-Jul-21,298485,137196,1,Rejected,41:28.0,,,,,,,
16-Jul-21,132558,27880,5,Rejected,41:46.0,,,,,,,
16-Jul-21,128970,93448,9,Shipped,42:00.0,,,,,,,
16-Jul-21,133356,46756,8,Shipped,42:48.0,,,,,,,
16-Jul-21,126144,81860,4,Rejected,42:53.0,,,,,,,
16-Jul-21,135867,65768,8,Shipped,43:31.0,,,,,,,
16-Jul-21,127752,42120,8,Rejected,43:41.0,,,,,,,
16-Jul-21,136068,37132,5,Shipped,43:45.0,,,,,,,
16-Jul-21,127689,84612,8,Rejected,43:47.0,,,,,,,
16-Jul-21,120414,100012,3,Shipped,44:02.0,,,,,,,
16-Jul-21,121644,91692,1,Rejected,44:09.0,,,,,,,
16-Jul-21,138201,45196,8,Shipped,44:38.0,,,,,,,
16-Jul-21,137325,33328,1,Rejected,45:08.0,,,,,,,
16-Jul-21,137046,18760,1,Rejected,46:05.0,,,,,,,
16-Jul-21,130110,57764,5,Shipped,46:12.0,,,,,,,
16-Jul-21,131757,61060,8,Shipped,46:12.0,,,,,,,
16-Jul-21,128277,66000,9,Rejected,46:17.0,,,,,,,
16-Jul-21,133026,19404,1,Shipped,46:38.0,,,,,,,
16-Jul-21,127965,69048,3,Shipped,46:49.0,,,,,,,
16-Jul-21,122181,90340,9,Rejected,46:59.0,,,,,,,
16-Jul-21,138039,99160,9,Rejected,47:29.0,,,,,,,
16-Jul-21,132486,113188,9,Rejected,47:34.0,,,,,,,
16-Jul-21,121767,89988,9,Rejected,47:45.0,,,,,,,
16-Jul-21,122328,96404,8,Rejected,47:50.0,,,,,,,
16-Jul-21,132120,72124,2,Shipped,47:56.0,,,,,,,
16-Jul-21,127521,108668,9,Shipped,48:01.0,,,,,,,
16-Jul-21,126396,98288,2,Rejected,48:06.0,,,,,,,
16-Jul-21,130248,95952,3,Shipped,48:11.0,,,,,,,
16-Jul-21,297102,95388,9,Shipped,48:22.0,,,,,,,
16-Jul-21,130716,91576,5,Rejected,48:27.0,,,,,,,
16-Jul-21,121956,61104,5,Rejected,48:45.0,,,,,,,
16-Jul-21,132915,58824,8,Rejected,48:45.0,,,,,,,
16-Jul-21,135528,81036,5,Shipped,48:56.0,,,,,,,
16-Jul-21,136011,109536,9,Rejected,49:12.0,,,,,,,
16-Jul-21,296964,106420,9,Rejected,49:20.0,,,,,,,
16-Jul-21,120465,48308,5,Rejected,49:40.0,,,,,,,
16-Jul-21,127815,65044,8,Rejected,49:50.0,,,,,,,
16-Jul-21,132816,73720,7,Shipped,50:00.0,,,,,,,
16-Jul-21,120969,39936,1,Shipped,50:11.0,,,,,,,
16-Jul-21,122538,99428,9,Shipped,50:35.0,,,,,,,
16-Jul-21,131151,91656,1,Shipped,50:52.0,,,,,,,
16-Jul-21,132681,58912,8,Shipped,51:08.0,,,,,,,
16-Jul-21,298230,110056,8,Rejected,51:38.0,,,,,,,
16-Jul-21,298341,220364,11,Rejected,51:46.0,,,,,,,
16-Jul-21,297963,219052,11,Rejected,51:54.0,,,,,,,
16-Jul-21,137880,20936,1,Rejected,51:59.0,,,,,,,
16-Jul-21,135066,67144,2,Rejected,52:02.0,,,,,,,
16-Jul-21,136242,71628,2,Rejected,52:43.0,,,,,,,
16-Jul-21,130113,107648,5,Rejected,52:47.0,,,,,,,
16-Jul-21,124656,103580,1,Rejected,53:02.0,,,,,,,
16-Jul-21,121113,53096,8,Shipped,53:13.0,,,,,,,
16-Jul-21,298176,174712,1,Rejected,53:29.0,,,,,,,
16-Jul-21,120471,52520,5,Rejected,53:36.0,,,,,,,
16-Jul-21,122391,41728,8,Rejected,53:57.0,,,,,,,
16-Jul-21,131646,23188,1,Rejected,54:01.0,,,,,,,
16-Jul-21,132750,100036,9,Shipped,54:12.0,,,,,,,
16-Jul-21,134796,86196,1,Shipped,54:12.0,,,,,,,
16-Jul-21,120723,79008,8,Rejected,54:15.0,,,,,,,
16-Jul-21,121482,101964,3,Rejected,54:23.0,,,,,,,
16-Jul-21,136014,116412,9,Rejected,54:27.0,,,,,,,
16-Jul-21,128022,94404,1,Rejected,54:29.0,,,,,,,
16-Jul-21,131913,97168,3,Shipped,54:32.0,,,,,,,
16-Jul-21,137979,77052,7,Shipped,54:32.0,,,,,,,
16-Jul-21,128796,95588,4,Shipped,55:13.0,,,,,,,
16-Jul-21,135582,56672,8,Shipped,55:16.0,,,,,,,
16-Jul-21,120591,77776,3,Rejected,55:37.0,,,,,,,
16-Jul-21,124944,44324,1,Shipped,55:46.0,,,,,,,
16-Jul-21,133371,70540,4,Rejected,56:04.0,,,,,,,
16-Jul-21,120165,100356,1,Rejected,56:05.0,,,,,,,
16-Jul-21,123111,41728,8,Rejected,56:15.0,,,,,,,
16-Jul-21,128991,66732,9,Shipped,56:30.0,,,,,,,
16-Jul-21,121536,101676,2,Rejected,56:37.0,,,,,,,
16-Jul-21,135291,98596,4,Shipped,56:53.0,,,,,,,
16-Jul-21,134484,97400,3,Rejected,57:12.0,,,,,,,
16-Jul-21,134289,35700,5,Rejected,57:28.0,,,,,,,
16-Jul-21,129060,76624,2,Rejected,57:46.0,,,,,,,
16-Jul-21,137547,36048,1,Shipped,57:52.0,,,,,,,
16-Jul-21,126549,49816,8,Shipped,57:58.0,,,,,,,
16-Jul-21,134319,35700,5,Rejected,58:21.0,,,,,,,
16-Jul-21,132360,41720,8,Shipped,58:22.0,,,,,,,
16-Jul-21,127581,89896,4,Rejected,58:29.0,,,,,,,
16-Jul-21,120879,56364,9,Rejected,59:28.0,,,,,,,
16-Jul-21,297978,135512,1,Rejected,59:52.0,,,,,,,
16-Jul-21,129744,98996,5,Shipped,59:55.0,,,,,,,
17-Jul-21,121632,102256,3,Rejected,00:08.0,,,,,,,
17-Jul-21,296850,197132,4,Rejected,00:08.0,,,,,,,
17-Jul-21,297393,41208,8,Rejected,00:18.0,,,,,,,
17-Jul-21,135297,115088,2,Shipped,00:35.0,,,,,,,
17-Jul-21,133257,86448,3,Shipped,00:56.0,,,,,,,
17-Jul-21,125172,95588,4,Shipped,01:02.0,,,,,,,
17-Jul-21,126162,41512,8,Rejected,01:23.0,,,,,,,
17-Jul-21,128373,41280,8,Shipped,01:26.0,,,,,,,
17-Jul-21,121884,56724,8,Rejected,01:30.0,,,,,,,
17-Jul-21,122208,25756,1,Rejected,01:32.0,,,,,,,
17-Jul-21,129969,109020,9,Shipped,01:50.0,,,,,,,
17-Jul-21,124872,30580,1,Rejected,02:49.0,,,,,,,
17-Jul-21,132831,113472,2,Shipped,02:53.0,,,,,,,
17-Jul-21,123117,29204,5,Shipped,03:10.0,,,,,,,
17-Jul-21,132765,21784,1,Shipped,03:18.0,,,,,,,
17-Jul-21,138426,76092,1,Rejected,04:00.0,,,,,,,
17-Jul-21,132318,110144,1,Rejected,04:08.0,,,,,,,
17-Jul-21,124956,29844,5,Rejected,04:42.0,,,,,,,
17-Jul-21,123231,98600,3,Rejected,04:59.0,,,,,,,
17-Jul-21,137988,70412,3,Shipped,05:06.0,,,,,,,
17-Jul-21,135186,75000,5,Rejected,05:24.0,,,,,,,
17-Jul-21,130134,98620,3,Shipped,06:32.0,,,,,,,
17-Jul-21,124668,42956,5,Rejected,07:02.0,,,,,,,
17-Jul-21,120090,28328,5,Rejected,07:45.0,,,,,,,
17-Jul-21,133458,34748,5,Shipped,08:10.0,,,,,,,
17-Jul-21,133137,72572,3,Rejected,08:13.0,,,,,,,
17-Jul-21,133707,76784,2,Shipped,08:39.0,,,,,,,
17-Jul-21,131664,96032,8,Rejected,08:45.0,,,,,,,
17-Jul-21,120678,65652,7,Rejected,08:57.0,,,,,,,
17-Jul-21,136638,89632,2,Rejected,09:58.0,,,,,,,
17-Jul-21,129324,39936,1,Shipped,10:09.0,,,,,,,
17-Jul-21,137844,78256,2,Shipped,10:30.0,,,,,,,
17-Jul-21,122937,95696,2,Rejected,10:40.0,,,,,,,
17-Jul-21,136203,46856,8,Rejected,10:41.0,,,,,,,
17-Jul-21,128466,77364,2,Shipped,10:44.0,,,,,,,
17-Jul-21,132129,18808,1,Rejected,11:15.0,,,,,,,
17-Jul-21,123954,104644,3,Rejected,11:33.0,,,,,,,
17-Jul-21,137724,70692,4,Rejected,11:52.0,,,,,,,
17-Jul-21,126213,68916,7,Rejected,12:48.0,,,,,,,
17-Jul-21,132780,97632,3,Rejected,13:01.0,,,,,,,
17-Jul-21,133266,82844,9,Rejected,13:18.0,,,,,,,
17-Jul-21,122946,99896,9,Rejected,13:37.0,,,,,,,
17-Jul-21,120546,91152,1,Shipped,13:52.0,,,,,,,
17-Jul-21,122316,19324,1,Rejected,13:52.0,,,,,,,
17-Jul-21,135966,103548,8,Shipped,14:28.0,,,,,,,
17-Jul-21,134382,64476,2,Shipped,15:04.0,,,,,,,
17-Jul-21,128748,109272,9,Shipped,15:21.0,,,,,,,
17-Jul-21,120648,100920,1,Rejected,15:25.0,,,,,,,
17-Jul-21,122691,44520,9,Rejected,15:32.0,,,,,,,
17-Jul-21,120897,61460,8,Rejected,15:36.0,,,,,,,
17-Jul-21,133866,72580,3,Shipped,15:46.0,,,,,,,
17-Jul-21,127719,81760,3,Rejected,16:47.0,,,,,,,
17-Jul-21,126405,44628,9,Shipped,16:52.0,,,,,,,
17-Jul-21,131670,66856,3,Rejected,16:53.0,,,,,,,
17-Jul-21,138126,117984,4,Rejected,16:55.0,,,,,,,
17-Jul-21,131187,94828,9,Shipped,17:19.0,,,,,,,
17-Jul-21,127326,55672,8,Rejected,17:24.0,,,,,,,
17-Jul-21,128307,43844,9,Shipped,17:31.0,,,,,,,
17-Jul-21,120858,56168,8,Rejected,17:42.0,,,,,,,
17-Jul-21,121089,53096,8,Rejected,17:57.0,,,,,,,
17-Jul-21,133104,102112,9,Rejected,18:02.0,,,,,,,
17-Jul-21,134235,114644,8,Rejected,18:21.0,,,,,,,
17-Jul-21,119889,92408,1,Rejected,18:37.0,,,,,,,
17-Jul-21,297702,149136,10,Rejected,18:41.0,,,,,,,
17-Jul-21,297945,219440,3,Rejected,18:44.0,,,,,,,
17-Jul-21,123471,61748,8,Shipped,19:08.0,,,,,,,
17-Jul-21,121569,48696,8,Rejected,19:19.0,,,,,,,
17-Jul-21,133272,106172,8,Rejected,19:46.0,,,,,,,
17-Jul-21,120684,70280,7,Rejected,19:54.0,,,,,,,
17-Jul-21,123060,103956,4,Rejected,20:14.0,,,,,,,
17-Jul-21,131007,25300,1,Shipped,20:57.0,,,,,,,
17-Jul-21,130218,82296,2,Shipped,21:25.0,,,,,,,
17-Jul-21,136035,38588,1,Rejected,21:59.0,,,,,,,
17-Jul-21,135912,86924,2,Shipped,22:24.0,,,,,,,
17-Jul-21,137037,76004,4,Rejected,22:28.0,,,,,,,
17-Jul-21,138435,19404,1,Shipped,22:28.0,,,,,,,
17-Jul-21,124713,105688,8,Rejected,22:40.0,,,,,,,
17-Jul-21,124971,106028,1,Shipped,22:50.0,,,,,,,
17-Jul-21,127188,51048,9,Rejected,23:34.0,,,,,,,
17-Jul-21,129843,38796,1,Rejected,24:18.0,,,,,,,
17-Jul-21,121542,98680,5,Rejected,24:20.0,,,,,,,
17-Jul-21,133332,79316,4,Shipped,24:20.0,,,,,,,
17-Jul-21,126921,107956,8,Rejected,24:25.0,,,,,,,
17-Jul-21,131739,100328,1,Rejected,24:55.0,,,,,,,
17-Jul-21,122253,94304,9,Shipped,25:45.0,,,,,,,
17-Jul-21,123927,77732,4,Shipped,26:12.0,,,,,,,
17-Jul-21,125964,37536,1,Shipped,26:32.0,,,,,,,
17-Jul-21,134694,115088,2,Rejected,26:36.0,,,,,,,
17-Jul-21,120690,96188,3,Rejected,26:38.0,,,,,,,
17-Jul-21,121272,55068,1,Rejected,26:38.0,,,,,,,
17-Jul-21,128187,3720,1,Rejected,26:38.0,,,,,,,
17-Jul-21,128328,50968,9,Shipped,27:04.0,,,,,,,
17-Jul-21,129627,37776,1,Shipped,27:21.0,,,,,,,
17-Jul-21,124536,39464,5,Rejected,27:46.0,,,,,,,
17-Jul-21,297951,56168,8,Rejected,27:54.0,,,,,,,
17-Jul-21,134580,47412,8,Shipped,28:27.0,,,,,,,
17-Jul-21,122598,70468,8,Rejected,28:36.0,,,,,,,
17-Jul-21,296982,26912,1,Rejected,28:49.0,,,,,,,
17-Jul-21,121323,84340,8,Rejected,29:12.0,,,,,,,
17-Jul-21,135921,41396,8,Shipped,29:14.0,,,,,,,
17-Jul-21,135660,72140,5,Rejected,29:28.0,,,,,,,
17-Jul-21,133236,56840,9,Shipped,29:34.0,,,,,,,
17-Jul-21,134268,27672,1,Rejected,29:34.0,,,,,,,
17-Jul-21,130959,90308,1,Rejected,29:47.0,,,,,,,
17-Jul-21,128406,44324,1,Shipped,30:04.0,,,,,,,
17-Jul-21,129696,76092,1,Shipped,30:19.0,,,,,,,
17-Jul-21,128409,105272,9,Shipped,30:20.0,,,,,,,
17-Jul-21,138240,2724,1,Shipped,30:32.0,,,,,,,
17-Jul-21,129777,110824,9,Shipped,30:47.0,,,,,,,
17-Jul-21,133728,78032,8,Rejected,30:50.0,,,,,,,
17-Jul-21,134415,66676,3,Rejected,30:50.0,,,,,,,
17-Jul-21,125970,64712,1,Rejected,30:58.0,,,,,,,
17-Jul-21,297081,153484,2,Shipped,30:59.0,,,,,,,
17-Jul-21,124263,87952,8,Rejected,31:08.0,,,,,,,
17-Jul-21,125130,78156,2,Rejected,31:17.0,,,,,,,
17-Jul-21,296757,86340,9,Shipped,31:22.0,,,,,,,
17-Jul-21,137373,116436,8,Rejected,31:25.0,,,,,,,
17-Jul-21,135060,115068,1,Rejected,31:30.0,,,,,,,
17-Jul-21,130794,41772,5,Rejected,31:32.0,,,,,,,
17-Jul-21,136050,116424,1,Rejected,32:33.0,,,,,,,
17-Jul-21,121473,84340,8,Rejected,33:43.0,,,,,,,
17-Jul-21,124575,105696,8,Rejected,34:10.0,,,,,,,
17-Jul-21,128421,19324,1,Shipped,34:33.0,,,,,,,
17-Jul-21,297384,202092,1,Rejected,34:47.0,,,,,,,
17-Jul-21,131031,108752,1,Rejected,35:00.0,,,,,,,
17-Jul-21,124350,105480,8,Rejected,35:02.0,,,,,,,
17-Jul-21,121056,79536,2,Rejected,35:06.0,,,,,,,
17-Jul-21,120348,92408,1,Rejected,35:08.0,,,,,,,
17-Jul-21,123186,71116,9,Rejected,35:16.0,,,,,,,
17-Jul-21,137403,116444,9,Rejected,35:19.0,,,,,,,
17-Jul-21,130758,94152,9,Shipped,35:23.0,,,,,,,
17-Jul-21,123267,73832,9,Rejected,35:31.0,,,,,,,
17-Jul-21,136869,112208,1,Rejected,36:01.0,,,,,,,
17-Jul-21,135636,81908,3,Shipped,36:18.0,,,,,,,
17-Jul-21,124017,93356,9,Shipped,36:21.0,,,,,,,
17-Jul-21,133479,42108,1,Shipped,36:29.0,,,,,,,
17-Jul-21,131040,90308,1,Shipped,36:42.0,,,,,,,
17-Jul-21,122778,42780,8,Shipped,37:12.0,,,,,,,
17-Jul-21,134940,111200,3,Rejected,37:25.0,,,,,,,
17-Jul-21,121008,71544,3,Shipped,37:46.0,,,,,,,
17-Jul-21,122115,30796,1,Rejected,37:53.0,,,,,,,
17-Jul-21,130527,76408,3,Rejected,39:28.0,,,,,,,
17-Jul-21,129870,43844,9,Rejected,39:34.0,,,,,,,
17-Jul-21,128136,91920,2,Shipped,39:37.0,,,,,,,
17-Jul-21,132735,82296,2,Rejected,40:35.0,,,,,,,
17-Jul-21,121353,82280,8,Shipped,40:39.0,,,,,,,
17-Jul-21,132804,27196,1,Shipped,40:42.0,,,,,,,
17-Jul-21,124836,36140,1,Shipped,40:50.0,,,,,,,
17-Jul-21,129558,85552,2,Shipped,40:52.0,,,,,,,
17-Jul-21,133059,113568,9,Rejected,41:10.0,,,,,,,
17-Jul-21,132396,90444,3,Rejected,41:23.0,,,,,,,
17-Jul-21,121218,68124,2,Rejected,41:49.0,,,,,,,
17-Jul-21,132807,97632,3,Rejected,41:51.0,,,,,,,
17-Jul-21,125145,98560,9,Rejected,41:52.0,,,,,,,
17-Jul-21,130182,105728,8,Rejected,41:57.0,,,,,,,
17-Jul-21,137457,80532,7,Shipped,42:42.0,,,,,,,
17-Jul-21,132477,113164,9,Rejected,42:59.0,,,,,,,
17-Jul-21,132741,59868,8,Shipped,43:14.0,,,,,,,
17-Jul-21,127683,38752,1,Rejected,43:16.0,,,,,,,
17-Jul-21,122367,80840,2,Rejected,43:34.0,,,,,,,
17-Jul-21,138030,99160,9,Rejected,43:51.0,,,,,,,
17-Jul-21,130359,33992,8,Rejected,43:57.0,,,,,,,
17-Jul-21,138504,66832,3,Rejected,44:07.0,,,,,,,
17-Jul-21,134364,114748,2,Shipped,44:40.0,,,,,,,
17-Jul-21,121107,21184,1,Shipped,44:44.0,,,,,,,
17-Jul-21,298503,79652,8,Rejected,44:54.0,,,,,,,
17-Jul-21,131949,68864,2,Rejected,45:42.0,,,,,,,
17-Jul-21,134958,43224,1,Rejected,45:43.0,,,,,,,
17-Jul-21,136146,54544,1,Rejected,46:04.0,,,,,,,
17-Jul-21,136002,116396,8,Shipped,46:21.0,,,,,,,
17-Jul-21,128145,76976,8,Shipped,46:56.0,,,,,,,
17-Jul-21,135669,71628,2,Rejected,47:08.0,,,,,,,
17-Jul-21,125712,64712,1,Rejected,47:18.0,,,,,,,
17-Jul-21,136800,62572,1,Rejected,47:22.0,,,,,,,
17-Jul-21,127056,82228,5,Rejected,47:25.0,,,,,,,
17-Jul-21,136560,100088,8,Rejected,47:25.0,,,,,,,
17-Jul-21,128364,96192,1,Rejected,47:27.0,,,,,,,
17-Jul-21,136905,20936,1,Shipped,47:33.0,,,,,,,
17-Jul-21,132675,113092,9,Rejected,47:39.0,,,,,,,
17-Jul-21,130368,63956,8,Shipped,48:32.0,,,,,,,
17-Jul-21,133797,56156,9,Shipped,48:54.0,,,,,,,
17-Jul-21,132489,1480,1,Shipped,49:02.0,,,,,,,
17-Jul-21,129369,64872,3,Rejected,49:03.0,,,,,,,
17-Jul-21,134475,23140,1,Shipped,50:14.0,,,,,,,
17-Jul-21,120630,90924,3,Rejected,50:23.0,,,,,,,
17-Jul-21,129255,88044,8,Rejected,50:34.0,,,,,,,
17-Jul-21,122190,90308,1,Shipped,50:35.0,,,,,,,
17-Jul-21,126033,106000,9,Rejected,50:43.0,,,,,,,
17-Jul-21,127074,79536,2,Shipped,51:48.0,,,,,,,
17-Jul-21,135531,9588,1,Rejected,51:53.0,,,,,,,
17-Jul-21,124503,98600,3,Rejected,52:19.0,,,,,,,
17-Jul-21,130905,56168,8,Shipped,52:45.0,,,,,,,
17-Jul-21,121968,71504,3,Shipped,52:56.0,,,,,,,
17-Jul-21,126462,44088,8,Shipped,53:00.0,,,,,,,
17-Jul-21,123108,53788,1,Shipped,53:02.0,,,,,,,
17-Jul-21,126465,99180,9,Shipped,53:05.0,,,,,,,
17-Jul-21,137541,1284,1,Rejected,53:09.0,,,,,,,
17-Jul-21,129399,78988,1,Rejected,53:17.0,,,,,,,
17-Jul-21,125433,18632,1,Rejected,53:23.0,,,,,,,
17-Jul-21,135477,54288,1,Shipped,53:55.0,,,,,,,
17-Jul-21,132585,95696,2,Shipped,54:29.0,,,,,,,
17-Jul-21,128793,44816,1,Shipped,54:32.0,,,,,,,
17-Jul-21,135687,37084,1,Shipped,54:40.0,,,,,,,
17-Jul-21,124800,91480,1,Shipped,56:09.0,,,,,,,
17-Jul-21,121149,33656,1,Rejected,56:32.0,,,,,,,
17-Jul-21,130317,84508,3,Rejected,56:39.0,,,,,,,
17-Jul-21,136566,97016,8,Rejected,56:56.0,,,,,,,
17-Jul-21,138279,77528,9,Shipped,57:10.0,,,,,,,
17-Jul-21,136926,116952,5,Shipped,57:22.0,,,,,,,
17-Jul-21,125157,77900,2,Rejected,57:27.0,,,,,,,
17-Jul-21,128439,77364,2,Rejected,58:04.0,,,,,,,
17-Jul-21,296787,33976,1,Rejected,58:13.0,,,,,,,
17-Jul-21,126330,50000,9,Rejected,58:18.0,,,,,,,
17-Jul-21,130389,82372,8,Rejected,58:22.0,,,,,,,
17-Jul-21,131832,1364,1,Shipped,58:24.0,,,,,,,
17-Jul-21,123177,93644,1,Rejected,58:47.0,,,,,,,
17-Jul-21,123663,73468,2,Rejected,58:53.0,,,,,,,
17-Jul-21,122607,90500,4,Shipped,58:54.0,,,,,,,
17-Jul-21,128370,68884,8,Rejected,59:28.0,,,,,,,
18-Jul-21,130053,62640,8,Rejected,00:10.0,,,,,,,
18-Jul-21,124026,48032,8,Rejected,00:11.0,,,,,,,
18-Jul-21,121461,26492,1,Rejected,00:22.0,,,,,,,
18-Jul-21,297351,156604,11,Shipped,00:23.0,,,,,,,
18-Jul-21,123492,23128,1,Shipped,00:27.0,,,,,,,
18-Jul-21,133134,104128,9,Shipped,00:33.0,,,,,,,
18-Jul-21,122928,41192,8,Rejected,00:39.0,,,,,,,
18-Jul-21,131481,109536,9,Rejected,00:41.0,,,,,,,
18-Jul-21,134751,44684,8,Shipped,00:41.0,,,,,,,
18-Jul-21,122421,75744,8,Rejected,01:09.0,,,,,,,
18-Jul-21,123297,67144,2,Shipped,01:15.0,,,,,,,
18-Jul-21,131976,112616,5,Rejected,01:37.0,,,,,,,
18-Jul-21,121983,30796,1,Rejected,01:38.0,,,,,,,
18-Jul-21,121638,102256,3,Rejected,01:43.0,,,,,,,
18-Jul-21,131985,27960,1,Rejected,02:34.0,,,,,,,
18-Jul-21,135486,44520,9,Shipped,03:28.0,,,,,,,
18-Jul-21,123228,90340,9,Rejected,03:41.0,,,,,,,
18-Jul-21,122343,34460,1,Rejected,03:47.0,,,,,,,
18-Jul-21,128823,109896,9,Shipped,03:50.0,,,,,,,
18-Jul-21,136278,21704,1,Shipped,04:11.0,,,,,,,
18-Jul-21,122286,41392,8,Shipped,04:31.0,,,,,,,
18-Jul-21,135030,50524,5,Rejected,04:35.0,,,,,,,
18-Jul-21,130005,75000,5,Rejected,04:55.0,,,,,,,
18-Jul-21,296742,219672,7,Rejected,05:17.0,,,,,,,
18-Jul-21,120087,79676,3,Shipped,05:27.0,,,,,,,
18-Jul-21,137892,117872,9,Shipped,06:02.0,,,,,,,
18-Jul-21,137673,81304,4,Shipped,07:25.0,,,,,,,
18-Jul-21,133200,100848,2,Shipped,07:53.0,,,,,,,
18-Jul-21,135390,109688,1,Rejected,08:00.0,,,,,,,
18-Jul-21,131994,68784,3,Rejected,08:19.0,,,,,,,
18-Jul-21,121509,60420,1,Rejected,08:44.0,,,,,,,
18-Jul-21,136281,116564,1,Rejected,08:48.0,,,,,,,
18-Jul-21,125826,39416,1,Shipped,09:26.0,,,,,,,
18-Jul-21,297555,209352,10,Rejected,09:36.0,,,,,,,
18-Jul-21,120744,28656,1,Shipped,09:42.0,,,,,,,
18-Jul-21,133632,114236,1,Rejected,09:50.0,,,,,,,
18-Jul-21,121566,66000,9,Rejected,09:52.0,,,,,,,
18-Jul-21,122154,81024,8,Rejected,10:31.0,,,,,,,
18-Jul-21,131244,83964,3,Rejected,10:36.0,,,,,,,
18-Jul-21,121083,91360,3,Rejected,11:21.0,,,,,,,
18-Jul-21,137388,115048,8,Pending,11:26.0,,,,,,,
18-Jul-21,125238,90204,3,Shipped,11:29.0,,,,,,,
18-Jul-21,133140,75524,1,Shipped,11:30.0,,,,,,,
18-Jul-21,128067,62628,4,Shipped,12:01.0,,,,,,,
18-Jul-21,132108,48668,1,Shipped,12:05.0,,,,,,,
18-Jul-21,132897,26760,4,Rejected,12:39.0,,,,,,,
18-Jul-21,129615,109428,9,Rejected,12:48.0,,,,,,,
18-Jul-21,132615,113304,1,Rejected,13:02.0,,,,,,,
18-Jul-21,126366,28532,5,Shipped,13:11.0,,,,,,,
18-Jul-21,121497,72284,9,Rejected,13:21.0,,,,,,,
18-Jul-21,125562,42676,8,Shipped,13:24.0,,,,,,,
18-Jul-21,126897,100356,1,Shipped,13:50.0,,,,,,,
18-Jul-21,133323,113748,8,Rejected,14:45.0,,,,,,,
18-Jul-21,122547,64236,9,Shipped,15:00.0,,,,,,,
18-Jul-21,297402,101884,9,Shipped,15:12.0,,,,,,,
18-Jul-21,136476,109520,8,Shipped,15:14.0,,,,,,,
18-Jul-21,127785,71628,2,Rejected,15:29.0,,,,,,,
18-Jul-21,122406,91800,1,Rejected,15:40.0,,,,,,,
18-Jul-21,124389,65044,8,Rejected,15:46.0,,,,,,,
18-Jul-21,122874,19272,1,Rejected,15:50.0,,,,,,,
18-Jul-21,122481,58352,9,Rejected,15:57.0,,,,,,,
18-Jul-21,124185,105240,9,Shipped,16:03.0,,,,,,,
18-Jul-21,297498,116772,4,Shipped,16:39.0,,,,,,,
18-Jul-21,297249,83392,10,Rejected,17:34.0,,,,,,,
18-Jul-21,122157,101868,9,Rejected,17:48.0,,,,,,,
18-Jul-21,132789,60280,8,Rejected,17:49.0,,,,,,,
18-Jul-21,122697,47312,2,Rejected,18:02.0,,,,,,,
18-Jul-21,127611,90340,9,Rejected,18:11.0,,,,,,,
18-Jul-21,121737,21380,1,Rejected,19:39.0,,,,,,,
18-Jul-21,131853,92380,4,Shipped,19:40.0,,,,,,,
18-Jul-21,132024,94452,4,Shipped,20:35.0,,,,,,,
18-Jul-21,122532,53792,9,Shipped,20:49.0,,,,,,,
18-Jul-21,138006,76408,3,Rejected,20:53.0,,,,,,,
18-Jul-21,127662,81268,4,Shipped,21:04.0,,,,,,,
18-Jul-21,128079,36232,1,Shipped,21:22.0,,,,,,,
18-Jul-21,121263,68876,3,Rejected,21:23.0,,,,,,,
18-Jul-21,296874,33240,1,Shipped,21:32.0,,,,,,,
18-Jul-21,138015,76756,3,Rejected,21:37.0,,,,,,,
18-Jul-21,124464,64460,9,Rejected,22:07.0,,,,,,,
18-Jul-21,134250,57764,5,Shipped,22:18.0,,,,,,,
18-Jul-21,133647,78132,2,Shipped,22:24.0,,,,,,,
18-Jul-21,138147,42784,8,Rejected,22:40.0,,,,,,,
18-Jul-21,130938,77916,3,Rejected,22:41.0,,,,,,,
18-Jul-21,138075,84136,1,Rejected,23:06.0,,,,,,,
18-Jul-21,131736,22124,1,Shipped,23:28.0,,,,,,,
18-Jul-21,121623,89340,9,Shipped,24:32.0,,,,,,,
18-Jul-21,130086,93336,7,Shipped,24:54.0,,,,,,,
18-Jul-21,131427,48564,1,Rejected,25:03.0,,,,,,,
18-Jul-21,120054,75252,2,Rejected,25:34.0,,,,,,,
18-Jul-21,131547,30784,5,Rejected,26:23.0,,,,,,,
18-Jul-21,138474,117640,1,Rejected,26:30.0,,,,,,,
18-Jul-21,133395,54532,9,Shipped,26:58.0,,,,,,,
18-Jul-21,137619,51828,9,Shipped,27:09.0,,,,,,,
18-Jul-21,132648,19684,1,Shipped,27:31.0,,,,,,,
18-Jul-21,126426,91288,2,Rejected,28:03.0,,,,,,,
18-Jul-21,132720,106840,1,Rejected,28:03.0,,,,,,,
18-Jul-21,131016,112124,5,Rejected,28:25.0,,,,,,,
18-Jul-21,138447,19404,1,Shipped,28:27.0,,,,,,,
18-Jul-21,135003,97920,9,Rejected,29:05.0,,,,,,,
18-Jul-21,128943,99596,2,Shipped,29:23.0,,,,,,,
18-Jul-21,126756,39748,1,Rejected,29:39.0,,,,,,,
18-Jul-21,135090,115652,8,Shipped,30:28.0,,,,,,,
18-Jul-21,121275,101556,5,Rejected,30:31.0,,,,,,,
18-Jul-21,129807,18724,1,Rejected,30:42.0,,,,,,,
18-Jul-21,137106,35700,5,Shipped,30:55.0,,,,,,,
18-Jul-21,133002,35700,5,Shipped,31:01.0,,,,,,,
18-Jul-21,121176,91332,2,Shipped,31:06.0,,,,,,,
18-Jul-21,128856,57952,5,Rejected,31:28.0,,,,,,,
18-Jul-21,131280,109476,1,Rejected,31:29.0,,,,,,,
18-Jul-21,130797,7812,1,Shipped,31:33.0,,,,,,,
18-Jul-21,131565,60176,9,Rejected,32:24.0,,,,,,,
18-Jul-21,138177,23140,1,Shipped,33:06.0,,,,,,,
18-Jul-21,124830,84392,8,Shipped,33:24.0,,,,,,,
18-Jul-21,129453,106488,9,Rejected,33:26.0,,,,,,,
18-Jul-21,124137,21332,1,Shipped,33:51.0,,,,,,,
18-Jul-21,129786,110308,2,Rejected,33:55.0,,,,,,,
18-Jul-21,137748,20648,1,Shipped,33:55.0,,,,,,,
18-Jul-21,123378,90828,7,Rejected,34:24.0,,,,,,,
18-Jul-21,131571,30784,5,Rejected,34:37.0,,,,,,,
18-Jul-21,131460,109536,9,Rejected,34:57.0,,,,,,,
18-Jul-21,121368,42120,8,Rejected,34:58.0,,,,,,,
18-Jul-21,121929,102480,2,Rejected,35:20.0,,,,,,,
18-Jul-21,123873,64400,8,Rejected,36:26.0,,,,,,,
18-Jul-21,123543,44684,8,Rejected,36:39.0,,,,,,,
18-Jul-21,120297,92408,1,Rejected,37:00.0,,,,,,,
18-Jul-21,135990,29156,1,Rejected,37:10.0,,,,,,,
18-Jul-21,137238,97400,3,Rejected,37:16.0,,,,,,,
18-Jul-21,121407,83272,5,Rejected,37:18.0,,,,,,,
18-Jul-21,126651,51920,9,Shipped,37:24.0,,,,,,,
18-Jul-21,121101,22536,1,Shipped,37:33.0,,,,,,,
18-Jul-21,131805,60928,1,Shipped,38:15.0,,,,,,,
18-Jul-21,136389,54408,1,Rejected,38:40.0,,,,,,,
18-Jul-21,120255,40680,1,Shipped,38:43.0,,,,,,,
18-Jul-21,297519,45616,1,Shipped,38:58.0,,,,,,,
18-Jul-21,130560,51776,7,Rejected,39:01.0,,,,,,,
18-Jul-21,298209,216344,2,Rejected,39:15.0,,,,,,,
18-Jul-21,297579,199844,9,Shipped,39:44.0,,,,,,,
18-Jul-21,128223,108772,3,Rejected,39:52.0,,,,,,,
18-Jul-21,128967,22292,1,Rejected,39:54.0,,,,,,,
18-Jul-21,131145,47956,1,Shipped,40:17.0,,,,,,,
18-Jul-21,134730,48564,1,Rejected,40:35.0,,,,,,,
18-Jul-21,126591,20908,1,Shipped,41:09.0,,,,,,,
18-Jul-21,124215,105316,9,Shipped,41:25.0,,,,,,,
18-Jul-21,136881,23140,1,Shipped,41:40.0,,,,,,,
18-Jul-21,130506,58824,8,Rejected,41:48.0,,,,,,,
18-Jul-21,120285,44400,9,Rejected,42:13.0,,,,,,,
18-Jul-21,298491,51192,5,Rejected,42:14.0,,,,,,,
18-Jul-21,130980,18808,1,Shipped,42:16.0,,,,,,,
18-Jul-21,135363,108780,3,Shipped,42:28.0,,,,,,,
18-Jul-21,123642,104624,2,Rejected,42:47.0,,,,,,,
18-Jul-21,132342,98156,2,Rejected,42:57.0,,,,,,,
18-Jul-21,136788,116500,8,Rejected,43:04.0,,,,,,,
18-Jul-21,126957,33468,5,Shipped,43:11.0,,,,,,,
18-Jul-21,131379,91576,5,Rejected,43:29.0,,,,,,,
18-Jul-21,122790,103896,3,Rejected,43:59.0,,,,,,,
18-Jul-21,137466,90308,1,Shipped,44:42.0,,,,,,,
18-Jul-21,132069,20560,1,Shipped,45:10.0,,,,,,,
18-Jul-21,127914,26552,1,Shipped,45:26.0,,,,,,,
18-Jul-21,138507,76516,8,Rejected,45:38.0,,,,,,,
18-Jul-21,135027,80192,3,Rejected,45:48.0,,,,,,,
18-Jul-21,121728,99356,5,Rejected,45:59.0,,,,,,,
18-Jul-21,123009,53788,1,Shipped,46:13.0,,,,,,,
18-Jul-21,120066,41816,8,Rejected,46:23.0,,,,,,,
18-Jul-21,128772,22652,1,Shipped,46:34.0,,,,,,,
18-Jul-21,137823,116936,4,Rejected,46:55.0,,,,,,,
18-Jul-21,129177,28444,1,Rejected,47:33.0,,,,,,,
18-Jul-21,124416,32344,5,Rejected,47:50.0,,,,,,,
18-Jul-21,120708,58352,9,Rejected,47:52.0,,,,,,,
18-Jul-21,298017,182040,3,Rejected,47:57.0,,,,,,,
18-Jul-21,121965,12336,1,Shipped,50:02.0,,,,,,,
18-Jul-21,131388,28920,1,Shipped,50:10.0,,,,,,,
18-Jul-21,132192,48600,1,Shipped,50:25.0,,,,,,,
18-Jul-21,134130,28200,5,Rejected,50:36.0,,,,,,,
18-Jul-21,132414,87136,8,Rejected,51:02.0,,,,,,,
18-Jul-21,137586,53196,8,Rejected,51:27.0,,,,,,,
18-Jul-21,121014,1600,1,Rejected,51:41.0,,,,,,,
18-Jul-21,120834,58040,8,Rejected,52:13.0,,,,,,,
18-Jul-21,126855,36128,5,Rejected,52:20.0,,,,,,,
18-Jul-21,126096,87028,9,Rejected,52:33.0,,,,,,,
18-Jul-21,124422,48908,8,Shipped,52:38.0,,,,,,,
18-Jul-21,137259,105528,9,Shipped,52:44.0,,,,,,,
18-Jul-21,135726,28728,1,Rejected,53:01.0,,,,,,,
18-Jul-21,297600,65524,2,Rejected,53:01.0,,,,,,,
18-Jul-21,122133,25692,1,Shipped,53:03.0,,,,,,,
18-Jul-21,131496,35268,1,Shipped,53:10.0,,,,,,,
18-Jul-21,297453,78912,10,Rejected,54:07.0,,,,,,,
18-Jul-21,129510,70496,1,Rejected,54:28.0,,,,,,,
18-Jul-21,130377,28044,1,Shipped,54:31.0,,,,,,,
18-Jul-21,127695,29576,5,Shipped,55:06.0,,,,,,,
18-Jul-21,134145,19396,1,Shipped,55:11.0,,,,,,,
18-Jul-21,128436,109492,9,Rejected,55:40.0,,,,,,,
18-Jul-21,132924,3408,1,Shipped,55:43.0,,,,,,,
18-Jul-21,122811,103940,8,Shipped,55:53.0,,,,,,,
18-Jul-21,125481,96388,9,Rejected,56:30.0,,,,,,,
18-Jul-21,131352,29788,1,Rejected,57:13.0,,,,,,,
18-Jul-21,126471,72284,9,Rejected,57:40.0,,,,,,,
18-Jul-21,134997,34284,1,Shipped,58:01.0,,,,,,,
18-Jul-21,130260,111164,4,Rejected,58:02.0,,,,,,,
18-Jul-21,135882,105556,2,Shipped,58:13.0,,,,,,,
18-Jul-21,123456,103880,1,Rejected,58:35.0,,,,,,,
18-Jul-21,131709,112500,2,Rejected,59:06.0,,,,,,,
18-Jul-21,298257,218388,9,Rejected,59:06.0,,,,,,,
18-Jul-21,135783,94100,9,Rejected,59:13.0,,,,,,,
18-Jul-21,132759,75000,5,Shipped,59:15.0,,,,,,,
18-Jul-21,134637,45804,5,Shipped,59:33.0,,,,,,,
18-Jul-21,127998,83964,3,Rejected,59:40.0,,,,,,,
18-Jul-21,135537,109544,1,Rejected,59:40.0,,,,,,,
18-Jul-21,123399,44664,9,Shipped,59:41.0,,,,,,,
18-Jul-21,120945,101228,1,Rejected,59:59.0,,,,,,,
19-Jul-21,127878,108960,1,Rejected,00:01.0,,,,,,,
19-Jul-21,135888,25544,1,Shipped,00:14.0,,,,,,,
19-Jul-21,127704,83592,7,Shipped,01:10.0,,,,,,,
19-Jul-21,126687,81600,4,Shipped,01:43.0,,,,,,,
19-Jul-21,135135,94224,9,Rejected,01:54.0,,,,,,,
19-Jul-21,128730,57140,8,Rejected,01:59.0,,,,,,,
19-Jul-21,122214,91916,3,Rejected,02:54.0,,,,,,,
19-Jul-21,137601,44088,8,Rejected,03:11.0,,,,,,,
19-Jul-21,129195,18572,1,Shipped,03:12.0,,,,,,,
19-Jul-21,297477,191832,5,Rejected,03:49.0,,,,,,,
19-Jul-21,135246,63584,3,Shipped,04:03.0,,,,,,,
19-Jul-21,125103,59880,1,Shipped,04:12.0,,,,,,,
19-Jul-21,134871,29788,1,Rejected,04:52.0,,,,,,,
19-Jul-21,130131,100632,3,Rejected,05:46.0,,,,,,,
19-Jul-21,130725,76408,3,Rejected,06:01.0,,,,,,,
19-Jul-21,123504,40988,1,Rejected,06:10.0,,,,,,,
19-Jul-21,298392,211596,3,Rejected,06:11.0,,,,,,,
19-Jul-21,119955,62720,4,Shipped,06:18.0,,,,,,,
19-Jul-21,127920,96808,4,Shipped,06:19.0,,,,,,,
19-Jul-21,122289,97732,8,Shipped,06:24.0,,,,,,,
19-Jul-21,131322,112224,2,Rejected,07:21.0,,,,,,,
19-Jul-21,129765,78588,4,Rejected,07:47.0,,,,,,,
19-Jul-21,122298,90876,3,Rejected,08:48.0,,,,,,,
19-Jul-21,136821,89564,8,Rejected,09:00.0,,,,,,,
19-Jul-21,134658,108644,8,Rejected,09:08.0,,,,,,,
19-Jul-21,129711,93756,8,Rejected,09:09.0,,,,,,,
19-Jul-21,135831,76092,1,Rejected,09:09.0,,,,,,,
19-Jul-21,297819,68864,2,Shipped,09:09.0,,,,,,,
19-Jul-21,298128,18632,1,Rejected,09:10.0,,,,,,,
19-Jul-21,123822,47072,9,Shipped,09:51.0,,,,,,,
19-Jul-21,296853,211452,3,Rejected,09:55.0,,,,,,,
19-Jul-21,137718,53008,8,Rejected,09:56.0,,,,,,,
19-Jul-21,134661,21592,1,Rejected,10:07.0,,,,,,,
19-Jul-21,125760,106868,5,Rejected,10:38.0,,,,,,,
19-Jul-21,135654,19404,1,Shipped,10:57.0,,,,,,,
19-Jul-21,120042,45536,1,Rejected,10:59.0,,,,,,,
19-Jul-21,122079,100588,2,Shipped,11:07.0,,,,,,,
19-Jul-21,133590,51452,1,Shipped,11:11.0,,,,,,,
19-Jul-21,138306,52032,8,Rejected,11:30.0,,,,,,,
19-Jul-21,133659,41280,8,Rejected,11:34.0,,,,,,,
19-Jul-21,133995,114504,8,Rejected,11:37.0,,,,,,,
19-Jul-21,129480,110528,8,Rejected,11:49.0,,,,,,,
19-Jul-21,120543,48564,1,Shipped,11:54.0,,,,,,,
19-Jul-21,124032,58664,8,Rejected,12:42.0,,,,,,,
19-Jul-21,131250,74544,2,Rejected,12:54.0,,,,,,,
19-Jul-21,134673,47804,5,Rejected,13:05.0,,,,,,,
19-Jul-21,131778,22652,1,Shipped,13:11.0,,,,,,,
19-Jul-21,126054,107108,2,Rejected,13:14.0,,,,,,,
19-Jul-21,127398,19080,1,Rejected,13:16.0,,,,,,,
19-Jul-21,137847,113812,4,Shipped,13:18.0,,,,,,,
19-Jul-21,125766,33468,5,Rejected,13:24.0,,,,,,,
19-Jul-21,136683,84984,2,Shipped,14:07.0,,,,,,,
19-Jul-21,126999,78616,3,Rejected,14:25.0,,,,,,,
19-Jul-21,137394,21452,1,Shipped,14:27.0,,,,,,,
19-Jul-21,135969,37108,1,Rejected,14:45.0,,,,,,,
19-Jul-21,129579,68280,1,Shipped,14:57.0,,,,,,,
19-Jul-21,121689,64172,3,Rejected,15:05.0,,,,,,,
19-Jul-21,130146,48876,9,Rejected,15:27.0,,,,,,,
19-Jul-21,126822,107124,9,Shipped,15:28.0,,,,,,,
19-Jul-21,126906,108040,8,Rejected,15:50.0,,,,,,,
19-Jul-21,298152,220036,9,Rejected,16:31.0,,,,,,,
19-Jul-21,125670,106772,3,Rejected,17:15.0,,,,,,,
19-Jul-21,127722,24452,1,Shipped,17:15.0,,,,,,,
19-Jul-21,134970,67708,4,Shipped,17:51.0,,,,,,,
19-Jul-21,137205,117276,1,Rejected,18:38.0,,,,,,,
19-Jul-21,122757,103896,3,Rejected,18:40.0,,,,,,,
19-Jul-21,132978,73600,2,Rejected,18:58.0,,,,,,,
19-Jul-21,121092,48980,5,Rejected,19:09.0,,,,,,,
19-Jul-21,127482,104748,8,Shipped,19:18.0,,,,,,,
19-Jul-21,129678,35676,1,Rejected,19:22.0,,,,,,,
19-Jul-21,127431,59152,8,Shipped,19:46.0,,,,,,,
19-Jul-21,123129,37572,1,Rejected,19:50.0,,,,,,,
19-Jul-21,130011,90828,7,Shipped,20:22.0,,,,,,,
19-Jul-21,125607,106732,1,Rejected,20:25.0,,,,,,,
19-Jul-21,297231,163620,8,Shipped,20:48.0,,,,,,,
19-Jul-21,130080,84992,8,Rejected,21:13.0,,,,,,,
19-Jul-21,136584,83396,9,Rejected,21:13.0,,,,,,,
19-Jul-21,136407,116652,8,Rejected,21:16.0,,,,,,,
19-Jul-21,124191,58804,7,Rejected,21:24.0,,,,,,,
19-Jul-21,134682,48300,8,Shipped,21:33.0,,,,,,,
19-Jul-21,131337,44288,8,Rejected,21:44.0,,,,,,,
19-Jul-21,137364,57508,1,Shipped,21:53.0,,,,,,,
19-Jul-21,121695,43408,8,Rejected,21:55.0,,,,,,,
19-Jul-21,297510,216512,8,Shipped,21:56.0,,,,,,,
19-Jul-21,122898,71544,3,Rejected,22:11.0,,,,,,,
19-Jul-21,133044,53340,8,Shipped,22:17.0,,,,,,,
19-Jul-21,137367,109020,9,Shipped,22:24.0,,,,,,,
19-Jul-21,123687,58664,8,Rejected,22:30.0,,,,,,,
19-Jul-21,129129,28444,1,Rejected,23:07.0,,,,,,,
19-Jul-21,127794,56000,8,Rejected,23:26.0,,,,,,,
19-Jul-21,130281,66000,9,Rejected,23:29.0,,,,,,,
19-Jul-21,297369,205488,3,Shipped,23:30.0,,,,,,,
19-Jul-21,126633,107860,5,Rejected,23:44.0,,,,,,,
19-Jul-21,131934,32668,5,Rejected,23:45.0,,,,,,,
19-Jul-21,130284,66000,9,Rejected,23:49.0,,,,,,,
19-Jul-21,126411,67124,3,Rejected,23:52.0,,,,,,,
19-Jul-21,131130,76408,3,Rejected,24:02.0,,,,,,,
19-Jul-21,131673,74180,8,Rejected,24:19.0,,,,,,,
19-Jul-21,129591,70668,4,Shipped,24:24.0,,,,,,,
19-Jul-21,124296,61368,9,Shipped,24:26.0,,,,,,,
19-Jul-21,136968,89568,9,Rejected,24:36.0,,,,,,,
19-Jul-21,121206,101536,1,Rejected,24:42.0,,,,,,,
19-Jul-21,122106,90340,9,Rejected,24:45.0,,,,,,,
19-Jul-21,136845,33824,1,Rejected,24:45.0,,,,,,,
19-Jul-21,128853,66368,4,Shipped,25:00.0,,,,,,,
19-Jul-21,126576,62276,3,Rejected,25:07.0,,,,,,,
19-Jul-21,135564,76004,4,Rejected,25:09.0,,,,,,,
19-Jul-21,121140,100708,8,Rejected,25:24.0,,,,,,,
19-Jul-21,132942,101808,1,Rejected,25:31.0,,,,,,,
19-Jul-21,298134,67884,2,Shipped,25:45.0,,,,,,,
19-Jul-21,130290,82372,8,Rejected,26:00.0,,,,,,,
19-Jul-21,121593,35268,1,Rejected,26:06.0,,,,,,,
19-Jul-21,127668,92472,2,Shipped,26:11.0,,,,,,,
19-Jul-21,136416,41768,1,Rejected,26:35.0,,,,,,,
19-Jul-21,128190,38440,1,Rejected,26:54.0,,,,,,,
19-Jul-21,297078,28656,1,Shipped,27:05.0,,,,,,,
19-Jul-21,126933,88044,8,Rejected,27:08.0,,,,,,,
19-Jul-21,124116,47924,1,Rejected,27:18.0,,,,,,,
19-Jul-21,132048,20560,1,Rejected,27:30.0,,,,,,,
19-Jul-21,296814,203504,4,Shipped,27:41.0,,,,,,,
19-Jul-21,123750,29204,5,Shipped,28:20.0,,,,,,,
19-Jul-21,120960,51596,9,Rejected,29:16.0,,,,,,,
19-Jul-21,130350,52252,2,Shipped,29:17.0,,,,,,,
19-Jul-21,124119,63652,3,Rejected,29:25.0,,,,,,,
19-Jul-21,125202,1640,1,Shipped,29:27.0,,,,,,,
19-Jul-21,133833,74244,2,Shipped,30:23.0,,,,,,,
19-Jul-21,125685,23048,1,Shipped,30:59.0,,,,,,,
19-Jul-21,134418,46536,5,Shipped,31:08.0,,,,,,,
19-Jul-21,296934,98392,2,Rejected,31:15.0,,,,,,,
19-Jul-21,125040,57952,5,Rejected,31:41.0,,,,,,,
19-Jul-21,125799,47336,8,Rejected,32:09.0,,,,,,,
19-Jul-21,124782,67144,2,Rejected,32:13.0,,,,,,,
19-Jul-21,129144,89240,8,Shipped,32:19.0,,,,,,,
19-Jul-21,120318,41840,8,Rejected,32:41.0,,,,,,,
19-Jul-21,297381,89408,10,Rejected,32:47.0,,,,,,,
19-Jul-21,120117,54492,5,Rejected,33:03.0,,,,,,,
19-Jul-21,130515,111500,2,Rejected,33:05.0,,,,,,,
19-Jul-21,138477,63340,2,Rejected,33:16.0,,,,,,,
19-Jul-21,122325,77596,3,Rejected,33:21.0,,,,,,,
19-Jul-21,131640,89060,9,Shipped,33:40.0,,,,,,,
19-Jul-21,131793,44400,9,Shipped,34:02.0,,,,,,,
19-Jul-21,128343,106172,8,Rejected,34:32.0,,,,,,,
19-Jul-21,129234,110216,2,Rejected,34:57.0,,,,,,,
19-Jul-21,131877,90308,1,Rejected,35:26.0,,,,,,,
19-Jul-21,123321,84612,8,Rejected,35:37.0,,,,,,,
19-Jul-21,138510,58192,1,Rejected,35:37.0,,,,,,,
19-Jul-21,137811,94968,3,Shipped,35:57.0,,,,,,,
19-Jul-21,131520,111816,1,Rejected,36:12.0,,,,,,,
19-Jul-21,131034,56352,1,Rejected,36:28.0,,,,,,,
19-Jul-21,298194,174372,2,Rejected,37:15.0,,,,,,,
19-Jul-21,123549,44684,8,Rejected,37:31.0,,,,,,,
19-Jul-21,135465,46024,1,Shipped,37:33.0,,,,,,,
19-Jul-21,133242,57032,5,Rejected,38:32.0,,,,,,,
19-Jul-21,297036,11952,1,Shipped,38:40.0,,,,,,,
19-Jul-21,129888,56116,8,Rejected,39:29.0,,,,,,,
19-Jul-21,129051,48072,8,Shipped,39:56.0,,,,,,,
19-Jul-21,133578,58824,8,Rejected,40:01.0,,,,,,,
19-Jul-21,127380,108312,2,Rejected,40:33.0,,,,,,,
19-Jul-21,126108,107052,1,Rejected,40:37.0,,,,,,,
19-Jul-21,134115,53884,5,Shipped,41:28.0,,,,,,,
19-Jul-21,120456,32768,1,Shipped,41:48.0,,,,,,,
19-Jul-21,127506,44388,8,Shipped,42:11.0,,,,,,,
19-Jul-21,120216,44512,9,Rejected,42:19.0,,,,,,,
19-Jul-21,123195,76372,3,Rejected,42:41.0,,,,,,,
19-Jul-21,121503,72284,9,Rejected,43:01.0,,,,,,,
19-Jul-21,132912,58824,8,Rejected,43:03.0,,,,,,,
19-Jul-21,123786,72140,5,Shipped,43:25.0,,,,,,,
19-Jul-21,122529,43408,8,Rejected,43:44.0,,,,,,,
19-Jul-21,127692,84612,8,Rejected,44:14.0,,,,,,,
19-Jul-21,134211,42704,1,Rejected,44:14.0,,,,,,,
19-Jul-21,126846,88044,8,Rejected,44:17.0,,,,,,,
19-Jul-21,136599,110064,1,Rejected,44:36.0,,,,,,,
19-Jul-21,128139,109320,9,Shipped,44:51.0,,,,,,,
19-Jul-21,120771,48932,5,Shipped,44:56.0,,,,,,,
19-Jul-21,131808,112320,2,Rejected,45:01.0,,,,,,,
19-Jul-21,130713,82372,8,Rejected,45:10.0,,,,,,,
19-Jul-21,137532,39348,1,Shipped,45:14.0,,,,,,,
19-Jul-21,131058,78244,2,Shipped,45:23.0,,,,,,,
19-Jul-21,130812,60092,8,Rejected,45:25.0,,,,,,,
19-Jul-21,125310,101728,3,Rejected,45:29.0,,,,,,,
19-Jul-21,134619,57312,8,Rejected,46:11.0,,,,,,,
19-Jul-21,124005,105112,9,Rejected,46:26.0,,,,,,,
19-Jul-21,127755,44292,9,Rejected,46:37.0,,,,,,,
19-Jul-21,129171,109504,9,Rejected,46:55.0,,,,,,,
19-Jul-21,131346,58720,1,Rejected,47:16.0,,,,,,,
19-Jul-21,128778,90308,1,Rejected,48:47.0,,,,,,,
19-Jul-21,131385,30500,1,Shipped,49:03.0,,,,,,,
19-Jul-21,133854,85260,9,Shipped,49:28.0,,,,,,,
19-Jul-21,129249,71628,2,Shipped,49:31.0,,,,,,,
19-Jul-21,125148,35676,1,Shipped,49:52.0,,,,,,,
19-Jul-21,123273,104336,2,Rejected,50:12.0,,,,,,,
19-Jul-21,122382,78348,2,Rejected,50:34.0,,,,,,,
19-Jul-21,123798,44520,9,Rejected,50:52.0,,,,,,,
19-Jul-21,122925,103964,3,Rejected,51:14.0,,,,,,,
19-Jul-21,133125,37760,1,Rejected,51:14.0,,,,,,,
19-Jul-21,128781,22652,1,Rejected,51:20.0,,,,,,,
19-Jul-21,125811,56136,8,Pending,51:29.0,,,,,,,
19-Jul-21,131958,26380,1,Shipped,51:36.0,,,,,,,
19-Jul-21,124164,42244,8,Shipped,51:54.0,,,,,,,
19-Jul-21,296991,42472,5,Rejected,52:05.0,,,,,,,
19-Jul-21,131154,91656,1,Rejected,52:07.0,,,,,,,
19-Jul-21,124167,41840,8,Rejected,52:14.0,,,,,,,
19-Jul-21,123201,78040,1,Rejected,52:40.0,,,,,,,
19-Jul-21,125817,71916,8,Rejected,52:46.0,,,,,,,
19-Jul-21,133128,78032,8,Shipped,52:47.0,,,,,,,
19-Jul-21,123024,85712,5,Rejected,53:03.0,,,,,,,
19-Jul-21,134745,75000,5,Shipped,53:29.0,,,,,,,
19-Jul-21,127461,80516,3,Rejected,53:40.0,,,,,,,
19-Jul-21,297804,53956,5,Rejected,53:42.0,,,,,,,
19-Jul-21,131499,35268,1,Shipped,53:47.0,,,,,,,
19-Jul-21,122388,65780,1,Shipped,53:55.0,,,,,,,
19-Jul-21,136077,67700,1,Shipped,54:26.0,,,,,,,
19-Jul-21,124314,48908,8,Rejected,54:29.0,,,,,,,
19-Jul-21,134631,84968,8,Rejected,54:50.0,,,,,,,
19-Jul-21,125004,32980,5,Shipped,54:53.0,,,,,,,
19-Jul-21,128985,106776,9,Rejected,55:20.0,,,,,,,
19-Jul-21,130545,55284,8,Shipped,55:21.0,,,,,,,
19-Jul-21,124731,105688,8,Rejected,55:35.0,,,,,,,
19-Jul-21,135231,107860,5,Rejected,56:11.0,,,,,,,
19-Jul-21,126546,57548,8,Rejected,56:20.0,,,,,,,
19-Jul-21,120072,18704,1,Rejected,56:33.0,,,,,,,
19-Jul-21,131766,52300,8,Rejected,56:49.0,,,,,,,
19-Jul-21,126672,107464,8,Rejected,56:53.0,,,,,,,
19-Jul-21,129189,58824,8,Rejected,57:15.0,,,,,,,
19-Jul-21,129945,95952,3,Rejected,57:18.0,,,,,,,
19-Jul-21,126681,107464,8,Rejected,57:26.0,,,,,,,
19-Jul-21,120639,40988,1,Shipped,57:59.0,,,,,,,
19-Jul-21,120942,52360,9,Rejected,58:03.0,,,,,,,
19-Jul-21,138486,100588,2,Rejected,58:12.0,,,,,,,
19-Jul-21,129261,69668,8,Rejected,58:58.0,,,,,,,
19-Jul-21,129999,75000,5,Rejected,59:04.0,,,,,,,
20-Jul-21,137352,109200,3,Rejected,00:10.0,,,,,,,
20-Jul-21,127701,108812,8,Rejected,00:23.0,,,,,,,
20-Jul-21,297810,109020,9,Shipped,00:38.0,,,,,,,
20-Jul-21,128667,73208,3,Shipped,01:12.0,,,,,,,
20-Jul-21,126555,19228,1,Rejected,01:23.0,,,,,,,
20-Jul-21,133917,105500,9,Shipped,01:27.0,,,,,,,
20-Jul-21,121464,101688,1,Rejected,01:49.0,,,,,,,
20-Jul-21,128295,83964,3,Rejected,02:08.0,,,,,,,
20-Jul-21,123168,91960,1,Rejected,02:12.0,,,,,,,
20-Jul-21,298410,156404,2,Rejected,02:17.0,,,,,,,
20-Jul-21,127776,66000,9,Shipped,02:27.0,,,,,,,
20-Jul-21,137664,112260,5,Rejected,02:38.0,,,,,,,
20-Jul-21,128658,98452,3,Shipped,03:07.0,,,,,,,
20-Jul-21,129078,46060,1,Rejected,03:34.0,,,,,,,
20-Jul-21,129756,58836,1,Rejected,03:48.0,,,,,,,
20-Jul-21,298122,47924,1,Rejected,05:17.0,,,,,,,
20-Jul-21,125751,79316,4,Rejected,05:21.0,,,,,,,
20-Jul-21,135387,111356,3,Rejected,05:28.0,,,,,,,
20-Jul-21,125277,28656,1,Shipped,05:38.0,,,,,,,
20-Jul-21,125925,24048,1,Shipped,05:42.0,,,,,,,
20-Jul-21,132171,23128,1,Shipped,06:09.0,,,,,,,
20-Jul-21,120492,74960,4,Shipped,06:36.0,,,,,,,
20-Jul-21,127968,60264,3,Rejected,07:17.0,,,,,,,
20-Jul-21,297480,209048,8,Shipped,07:23.0,,,,,,,
20-Jul-21,129384,47412,8,Rejected,07:27.0,,,,,,,
20-Jul-21,136635,66156,8,Shipped,07:36.0,,,,,,,
20-Jul-21,130140,48876,9,Rejected,08:00.0,,,,,,,
20-Jul-21,133206,86256,1,Shipped,08:52.0,,,,,,,
20-Jul-21,135789,30776,5,Shipped,09:47.0,,,,,,,
20-Jul-21,137715,78040,1,Shipped,09:52.0,,,,,,,
20-Jul-21,130065,33044,1,Shipped,10:05.0,,,,,,,
20-Jul-21,120852,98504,9,Rejected,10:28.0,,,,,,,
20-Jul-21,135306,99376,2,Shipped,10:31.0,,,,,,,
20-Jul-21,122082,102592,3,Rejected,11:08.0,,,,,,,
20-Jul-21,122427,58364,8,Rejected,11:18.0,,,,,,,
20-Jul-21,133215,41552,8,Shipped,11:35.0,,,,,,,
20-Jul-21,122688,65612,8,Rejected,11:56.0,,,,,,,
20-Jul-21,126819,107124,9,Rejected,11:58.0,,,,,,,
20-Jul-21,134667,2724,1,Shipped,11:58.0,,,,,,,
20-Jul-21,135606,69448,9,Shipped,12:06.0,,,,,,,
20-Jul-21,124812,59608,8,Rejected,12:10.0,,,,,,,
20-Jul-21,128046,53792,9,Shipped,12:24.0,,,,,,,
20-Jul-21,129960,43184,2,Rejected,12:28.0,,,,,,,
20-Jul-21,135444,58664,8,Shipped,13:02.0,,,,,,,
20-Jul-21,131775,22652,1,Rejected,13:08.0,,,,,,,
20-Jul-21,126132,79116,8,Shipped,13:33.0,,,,,,,
20-Jul-21,123828,53228,1,Rejected,13:45.0,,,,,,,
20-Jul-21,123414,80664,2,Rejected,14:05.0,,,,,,,
20-Jul-21,121257,68124,2,Rejected,14:18.0,,,,,,,
20-Jul-21,138468,43328,1,Shipped,14:22.0,,,,,,,
20-Jul-21,131331,112236,2,Shipped,14:27.0,,,,,,,
20-Jul-21,129210,96808,4,Rejected,15:41.0,,,,,,,
20-Jul-21,135327,115720,9,Rejected,16:08.0,,,,,,,
20-Jul-21,123126,24556,1,Shipped,16:25.0,,,,,,,
20-Jul-21,122694,43844,9,Rejected,17:01.0,,,,,,,
20-Jul-21,133101,102112,9,Rejected,17:52.0,,,,,,,
20-Jul-21,124041,79008,8,Rejected,18:00.0,,,,,,,
20-Jul-21,130464,75252,2,Rejected,18:13.0,,,,,,,
20-Jul-21,129804,38796,1,Rejected,18:17.0,,,,,,,
20-Jul-21,136827,53524,5,Shipped,18:17.0,,,,,,,
20-Jul-21,132324,112028,2,Rejected,18:24.0,,,,,,,
20-Jul-21,127179,41840,8,Shipped,18:34.0,,,,,,,
20-Jul-21,126729,77508,2,Rejected,18:45.0,,,,,,,
20-Jul-21,123675,30004,1,Rejected,19:15.0,,,,,,,
20-Jul-21,125940,105024,1,Rejected,19:29.0,,,,,,,
20-Jul-21,129624,8300,1,Rejected,19:48.0,,,,,,,
20-Jul-21,130638,20936,1,Shipped,19:49.0,,,,,,,
20-Jul-21,132216,19684,1,Rejected,19:49.0,,,,,,,
20-Jul-21,136356,101908,2,Rejected,20:13.0,,,,,,,
20-Jul-21,122244,69192,2,Shipped,20:30.0,,,,,,,
20-Jul-21,130689,73072,1,Shipped,20:40.0,,,,,,,
20-Jul-21,138069,19696,1,Shipped,20:45.0,,,,,,,
20-Jul-21,136101,69052,2,Shipped,20:59.0,,,,,,,
20-Jul-21,134091,42588,8,Rejected,21:25.0,,,,,,,
20-Jul-21,132849,52460,8,Rejected,21:27.0,,,,,,,
20-Jul-21,134403,103448,3,Rejected,21:57.0,,,,,,,
20-Jul-21,123354,2828,1,Shipped,22:04.0,,,,,,,
20-Jul-21,120924,35268,1,Rejected,22:09.0,,,,,,,
20-Jul-21,124644,105024,1,Rejected,22:12.0,,,,,,,
20-Jul-21,133827,1600,1,Shipped,22:30.0,,,,,,,
20-Jul-21,131541,89600,9,Rejected,22:32.0,,,,,,,
20-Jul-21,126501,70960,1,Rejected,22:51.0,,,,,,,
20-Jul-21,128934,22632,1,Shipped,22:52.0,,,,,,,
20-Jul-21,130617,81756,7,Shipped,22:57.0,,,,,,,
20-Jul-21,134856,54276,1,Shipped,23:42.0,,,,,,,
20-Jul-21,137796,94968,3,Rejected,24:33.0,,,,,,,
20-Jul-21,126339,102932,9,Rejected,24:47.0,,,,,,,
20-Jul-21,134691,48264,1,Shipped,25:13.0,,,,,,,
20-Jul-21,127131,79396,2,Rejected,25:35.0,,,,,,,
20-Jul-21,297180,207724,3,Rejected,25:37.0,,,,,,,
20-Jul-21,138159,45816,8,Shipped,25:51.0,,,,,,,
20-Jul-21,297138,150140,1,Pending,25:52.0,,,,,,,
20-Jul-21,136038,115652,8,Shipped,25:56.0,,,,,,,
20-Jul-21,136662,113812,4,Shipped,26:07.0,,,,,,,
20-Jul-21,132381,85968,2,Rejected,26:41.0,,,,,,,
20-Jul-21,136176,83456,9,Rejected,27:12.0,,,,,,,
20-Jul-21,129351,104616,2,Rejected,27:48.0,,,,,,,
20-Jul-21,132222,19684,1,Rejected,28:23.0,,,,,,,
20-Jul-21,129447,91236,4,Rejected,28:25.0,,,,,,,
20-Jul-21,138162,73648,3,Rejected,28:47.0,,,,,,,
20-Jul-21,128025,109152,1,Rejected,29:07.0,,,,,,,
20-Jul-21,129720,74568,8,Shipped,29:26.0,,,,,,,
20-Jul-21,136980,109600,1,Shipped,29:43.0,,,,,,,
20-Jul-21,138375,1088,1,Shipped,30:16.0,,,,,,,
20-Jul-21,296823,179364,9,Shipped,30:17.0,,,,,,,
20-Jul-21,137043,23188,1,Shipped,30:29.0,,,,,,,
20-Jul-21,298419,68384,8,Rejected,30:41.0,,,,,,,
20-Jul-21,125421,81344,4,Rejected,30:55.0,,,,,,,
20-Jul-21,134982,71188,2,Rejected,31:04.0,,,,,,,
20-Jul-21,138171,57468,9,Rejected,31:08.0,,,,,,,
20-Jul-21,125205,43844,9,Shipped,31:18.0,,,,,,,
20-Jul-21,131754,87100,7,Shipped,31:36.0,,,,,,,
20-Jul-21,123081,97092,4,Rejected,31:41.0,,,,,,,
20-Jul-21,133884,43940,9,Rejected,31:50.0,,,,,,,
20-Jul-21,135663,44572,1,Shipped,32:00.0,,,,,,,
20-Jul-21,128622,83964,3,Rejected,32:15.0,,,,,,,
20-Jul-21,123936,21640,1,Shipped,32:31.0,,,,,,,
20-Jul-21,122415,90500,4,Rejected,33:17.0,,,,,,,
20-Jul-21,129552,54496,5,Shipped,33:33.0,,,,,,,
20-Jul-21,125259,85712,5,Rejected,33:38.0,,,,,,,
20-Jul-21,121926,99300,9,Rejected,33:46.0,,,,,,,
20-Jul-21,297954,122528,9,Rejected,33:53.0,,,,,,,
20-Jul-21,129555,76004,4,Shipped,34:57.0,,,,,,,
20-Jul-21,132261,68884,8,Rejected,35:37.0,,,,,,,
20-Jul-21,122364,60964,1,Shipped,36:11.0,,,,,,,
20-Jul-21,125427,98392,2,Rejected,36:19.0,,,,,,,
20-Jul-21,124698,105728,8,Rejected,36:23.0,,,,,,,
20-Jul-21,128349,44324,1,Rejected,36:48.0,,,,,,,
20-Jul-21,132288,53096,8,Shipped,37:12.0,,,,,,,
20-Jul-21,130176,20636,1,Rejected,37:35.0,,,,,,,
20-Jul-21,122724,44520,9,Rejected,37:37.0,,,,,,,
20-Jul-21,297090,219580,11,Shipped,37:47.0,,,,,,,
20-Jul-21,130803,112012,2,Rejected,37:52.0,,,,,,,
20-Jul-21,125142,84652,2,Shipped,38:00.0,,,,,,,
20-Jul-21,126450,60820,1,Shipped,38:02.0,,,,,,,
20-Jul-21,297900,74636,3,Rejected,38:03.0,,,,,,,
20-Jul-21,126522,30700,1,Rejected,38:07.0,,,,,,,
20-Jul-21,297093,156604,11,Rejected,38:24.0,,,,,,,
20-Jul-21,297843,173240,9,Rejected,38:59.0,,,,,,,
20-Jul-21,138336,68432,3,Shipped,39:06.0,,,,,,,
20-Jul-21,133845,89920,2,Shipped,39:42.0,,,,,,,
20-Jul-21,131577,54364,8,Shipped,39:51.0,,,,,,,
20-Jul-21,127215,45688,8,Rejected,40:14.0,,,,,,,
20-Jul-21,120669,84052,4,Shipped,40:15.0,,,,,,,
20-Jul-21,123561,104640,5,Rejected,40:23.0,,,,,,,
20-Jul-21,129159,108468,9,Rejected,40:27.0,,,,,,,
20-Jul-21,135927,100088,8,Rejected,41:19.0,,,,,,,
20-Jul-21,125217,41452,8,Shipped,41:30.0,,,,,,,
20-Jul-21,123780,104832,5,Rejected,41:33.0,,,,,,,
20-Jul-21,130977,77916,3,Rejected,42:00.0,,,,,,,
20-Jul-21,297849,173240,9,Rejected,42:43.0,,,,,,,
20-Jul-21,131436,112304,7,Rejected,43:20.0,,,,,,,
20-Jul-21,296955,73996,2,Rejected,43:23.0,,,,,,,
20-Jul-21,297528,218704,2,Rejected,44:10.0,,,,,,,
20-Jul-21,132744,68188,5,Rejected,44:42.0,,,,,,,
20-Jul-21,126960,34204,1,Shipped,44:56.0,,,,,,,
20-Jul-21,121527,80764,9,Rejected,45:21.0,,,,,,,
20-Jul-21,134286,93732,5,Shipped,45:40.0,,,,,,,
20-Jul-21,128142,71364,2,Shipped,46:33.0,,,,,,,
20-Jul-21,137973,85600,8,Rejected,47:00.0,,,,,,,
20-Jul-21,122439,99656,8,Rejected,47:28.0,,,,,,,
20-Jul-21,132297,112028,2,Rejected,48:49.0,,,,,,,
20-Jul-21,122499,103548,8,Rejected,49:10.0,,,,,,,
20-Jul-21,120714,43844,9,Rejected,49:42.0,,,,,,,
20-Jul-21,132576,21088,1,Shipped,49:46.0,,,,,,,
20-Jul-21,128559,33804,1,Rejected,49:51.0,,,,,,,
20-Jul-21,122922,83456,9,Rejected,50:08.0,,,,,,,
20-Jul-21,122337,96404,8,Rejected,50:09.0,,,,,,,
20-Jul-21,297921,93708,5,Shipped,50:11.0,,,,,,,
20-Jul-21,130251,87136,8,Rejected,50:17.0,,,,,,,
20-Jul-21,129504,74960,4,Rejected,50:18.0,,,,,,,
20-Jul-21,133365,54532,9,Rejected,50:23.0,,,,,,,
20-Jul-21,128901,87136,8,Rejected,50:30.0,,,,,,,
20-Jul-21,137583,79304,4,Rejected,50:57.0,,,,,,,
20-Jul-21,120585,77776,3,Rejected,51:46.0,,,,,,,
20-Jul-21,120378,47592,8,Rejected,51:51.0,,,,,,,
20-Jul-21,298071,220036,9,Rejected,52:04.0,,,,,,,
20-Jul-21,125595,88640,4,Shipped,52:27.0,,,,,,,
20-Jul-21,123843,25000,1,Rejected,52:43.0,,,,,,,
20-Jul-21,134844,63856,4,Rejected,52:54.0,,,,,,,
20-Jul-21,129465,69936,8,Shipped,52:59.0,,,,,,,
20-Jul-21,130566,30960,1,Rejected,53:04.0,,,,,,,
20-Jul-21,297345,203964,10,Shipped,53:18.0,,,,,,,
20-Jul-21,136920,114452,9,Rejected,54:25.0,,,,,,,
20-Jul-21,133857,72140,5,Rejected,54:35.0,,,,,,,
20-Jul-21,297966,100088,8,Rejected,54:54.0,,,,,,,
20-Jul-21,128490,85836,8,Shipped,55:03.0,,,,,,,
20-Jul-21,120726,79008,8,Rejected,55:06.0,,,,,,,
20-Jul-21,298146,220128,1,Rejected,55:09.0,,,,,,,
20-Jul-21,137181,52420,8,Rejected,55:50.0,,,,,,,
20-Jul-21,124512,27204,1,Shipped,55:51.0,,,,,,,
20-Jul-21,129993,75000,5,Rejected,56:20.0,,,,,,,
20-Jul-21,130122,20932,1,Shipped,56:21.0,,,,,,,
20-Jul-21,133503,7252,1,Shipped,56:27.0,,,,,,,
20-Jul-21,137496,96716,9,Rejected,57:20.0,,,,,,,
20-Jul-21,134301,52752,8,Rejected,57:30.0,,,,,,,
20-Jul-21,137118,117084,3,Rejected,57:30.0,,,,,,,
20-Jul-21,122604,82088,8,Rejected,57:33.0,,,,,,,
20-Jul-21,125160,105620,3,Rejected,57:51.0,,,,,,,
20-Jul-21,122820,80428,1,Rejected,58:15.0,,,,,,,
20-Jul-21,137598,117612,7,Rejected,58:35.0,,,,,,,
20-Jul-21,127395,83404,9,Rejected,59:11.0,,,,,,,
20-Jul-21,127770,97920,9,Rejected,59:33.0,,,,,,,
20-Jul-21,297003,158524,11,Shipped,59:39.0,,,,,,,
21-Jul-21,131223,1176,1,Shipped,00:21.0,,,,,,,
21-Jul-21,120783,86416,7,Shipped,00:51.0,,,,,,,
21-Jul-21,126990,94600,9,Rejected,00:55.0,,,,,,,
21-Jul-21,130911,110800,8,Shipped,01:01.0,,,,,,,
21-Jul-21,132828,57508,1,Shipped,01:24.0,,,,,,,
21-Jul-21,124554,90596,3,Rejected,02:15.0,,,,,,,
21-Jul-21,119946,62720,4,Rejected,02:44.0,,,,,,,
21-Jul-21,123597,100116,4,Rejected,02:44.0,,,,,,,
21-Jul-21,128910,91152,1,Shipped,02:52.0,,,,,,,
21-Jul-21,126180,81860,4,Rejected,02:53.0,,,,,,,
21-Jul-21,124515,42432,8,Rejected,03:18.0,,,,,,,
21-Jul-21,126039,71616,3,Rejected,03:31.0,,,,,,,
21-Jul-21,137769,114012,3,Rejected,03:51.0,,,,,,,
21-Jul-21,124440,32344,5,Rejected,04:01.0,,,,,,,
21-Jul-21,126285,84968,8,Shipped,04:01.0,,,,,,,
21-Jul-21,135957,28560,5,Shipped,04:31.0,,,,,,,
21-Jul-21,122148,35984,5,Shipped,04:52.0,,,,,,,
21-Jul-21,128460,41708,5,Shipped,04:53.0,,,,,,,
21-Jul-21,138222,79072,4,Shipped,04:53.0,,,,,,,
21-Jul-21,119949,39464,5,Rejected,04:56.0,,,,,,,
21-Jul-21,131655,82640,4,Rejected,05:15.0,,,,,,,
21-Jul-21,296790,184900,4,Rejected,05:43.0,,,,,,,
21-Jul-21,134304,98560,9,Shipped,06:09.0,,,,,,,
21-Jul-21,132438,108780,3,Shipped,06:15.0,,,,,,,
21-Jul-21,125298,25544,1,Shipped,06:31.0,,,,,,,
21-Jul-21,125661,5020,1,Shipped,06:34.0,,,,,,,
21-Jul-21,120987,99332,9,Shipped,06:39.0,,,,,,,
21-Jul-21,297942,183460,5,Shipped,07:19.0,,,,,,,
21-Jul-21,129762,38796,1,Rejected,07:22.0,,,,,,,
21-Jul-21,133698,87152,5,Rejected,07:22.0,,,,,,,
21-Jul-21,131598,78972,5,Rejected,07:28.0,,,,,,,
21-Jul-21,136743,54588,8,Rejected,07:29.0,,,,,,,
21-Jul-21,138354,49248,9,Shipped,08:22.0,,,,,,,
21-Jul-21,123855,50560,9,Rejected,09:19.0,,,,,,,
21-Jul-21,122304,91916,3,Rejected,09:35.0,,,,,,,
21-Jul-21,135438,75048,3,Shipped,09:40.0,,,,,,,
21-Jul-21,122859,84968,8,Rejected,10:06.0,,,,,,,
21-Jul-21,129105,94944,1,Shipped,10:19.0,,,,,,,
21-Jul-21,124386,20488,1,Shipped,11:27.0,,,,,,,
21-Jul-21,137553,17180,1,Shipped,11:29.0,,,,,,,
21-Jul-21,131925,71448,3,Shipped,11:34.0,,,,,,,
21-Jul-21,122241,25756,1,Shipped,11:56.0,,,,,,,
21-Jul-21,126489,98620,3,Shipped,11:57.0,,,,,,,
21-Jul-21,134502,112100,1,Rejected,12:45.0,,,,,,,
21-Jul-21,133143,24340,1,Rejected,13:19.0,,,,,,,
21-Jul-21,124179,55080,8,Shipped,13:20.0,,,,,,,
21-Jul-21,137910,23188,1,Shipped,13:32.0,,,,,,,
21-Jul-21,123048,74180,8,Rejected,14:06.0,,,,,,,
21-Jul-21,122625,42248,8,Shipped,14:37.0,,,,,,,
21-Jul-21,137154,115892,2,Rejected,14:57.0,,,,,,,
21-Jul-21,298266,220180,9,Rejected,15:07.0,,,,,,,
21-Jul-21,137361,52396,1,Shipped,15:08.0,,,,,,,
21-Jul-21,297171,219888,10,Rejected,15:30.0,,,,,,,
21-Jul-21,126903,84736,9,Rejected,15:33.0,,,,,,,
21-Jul-21,296745,179824,11,Rejected,15:42.0,,,,,,,
21-Jul-21,135324,6884,1,Shipped,15:58.0,,,,,,,
21-Jul-21,130788,78588,4,Shipped,16:12.0,,,,,,,
21-Jul-21,297888,173240,9,Rejected,17:14.0,,,,,,,
21-Jul-21,122634,103820,1,Rejected,17:27.0,,,,,,,
21-Jul-21,129582,24412,1,Rejected,17:28.0,,,,,,,
21-Jul-21,125937,106864,2,Rejected,17:35.0,,,,,,,
21-Jul-21,124254,61164,5,Shipped,17:48.0,,,,,,,
21-Jul-21,124566,103480,9,Shipped,18:08.0,,,,,,,
21-Jul-21,123057,91916,3,Rejected,18:10.0,,,,,,,
21-Jul-21,297363,70032,7,Rejected,18:18.0,,,,,,,
21-Jul-21,130707,53792,9,Shipped,18:26.0,,,,,,,
21-Jul-21,123615,55284,8,Rejected,18:44.0,,,,,,,
21-Jul-21,127614,97920,9,Rejected,18:55.0,,,,,,,
21-Jul-21,137208,117284,3,Rejected,19:33.0,,,,,,,
21-Jul-21,127488,53008,8,Shipped,19:49.0,,,,,,,
21-Jul-21,124752,102256,3,Rejected,20:04.0,,,,,,,
21-Jul-21,132180,48964,9,Rejected,20:09.0,,,,,,,
21-Jul-21,135144,49248,9,Rejected,20:46.0,,,,,,,
21-Jul-21,296871,211452,3,Rejected,20:53.0,,,,,,,
21-Jul-21,127944,102200,1,Rejected,21:19.0,,,,,,,
21-Jul-21,130734,84652,2,Rejected,21:29.0,,,,,,,
21-Jul-21,123978,73832,9,Shipped,21:37.0,,,,,,,
21-Jul-21,122487,103548,8,Rejected,21:44.0,,,,,,,
21-Jul-21,138144,88632,2,Shipped,21:46.0,,,,,,,
21-Jul-21,138072,76408,3,Rejected,21:52.0,,,,,,,
21-Jul-21,125790,20036,1,Shipped,22:18.0,,,,,,,
21-Jul-21,298131,67884,2,Rejected,22:20.0,,,,,,,
21-Jul-21,130014,38368,1,Shipped,22:43.0,,,,,,,
21-Jul-21,120954,51596,9,Rejected,22:44.0,,,,,,,
21-Jul-21,298101,164820,5,Rejected,22:48.0,,,,,,,
21-Jul-21,124569,26488,1,Rejected,22:50.0,,,,,,,
21-Jul-21,135201,33276,5,Shipped,23:04.0,,,,,,,
21-Jul-21,137067,58400,5,Shipped,23:23.0,,,,,,,
21-Jul-21,130521,77816,1,Rejected,23:34.0,,,,,,,
21-Jul-21,131127,76408,3,Rejected,23:34.0,,,,,,,
21-Jul-21,125943,73672,2,Rejected,23:46.0,,,,,,,
21-Jul-21,129300,77732,4,Rejected,23:51.0,,,,,,,
21-Jul-21,138153,42784,8,Rejected,23:57.0,,,,,,,
21-Jul-21,132183,48964,9,Rejected,24:05.0,,,,,,,
21-Jul-21,122163,90308,1,Shipped,24:17.0,,,,,,,
21-Jul-21,135255,92600,9,Rejected,24:17.0,,,,,,,
21-Jul-21,124044,58664,8,Rejected,24:33.0,,,,,,,
21-Jul-21,124011,52032,8,Rejected,24:41.0,,,,,,,
21-Jul-21,122103,74092,8,Rejected,24:43.0,,,,,,,
21-Jul-21,136173,41928,5,Rejected,25:36.0,,,,,,,
21-Jul-21,126219,101664,3,Rejected,25:37.0,,,,,,,
21-Jul-21,129690,41392,8,Shipped,25:49.0,,,,,,,
21-Jul-21,131193,85764,3,Rejected,26:59.0,,,,,,,
21-Jul-21,134025,45832,9,Rejected,27:11.0,,,,,,,
21-Jul-21,137292,74704,1,Rejected,27:28.0,,,,,,,
21-Jul-21,128331,19404,1,Shipped,27:31.0,,,,,,,
21-Jul-21,129594,64888,4,Shipped,27:57.0,,,,,,,
21-Jul-21,135348,56352,1,Shipped,28:12.0,,,,,,,
21-Jul-21,296817,55032,8,Rejected,28:18.0,,,,,,,
21-Jul-21,120552,84052,4,Rejected,28:19.0,,,,,,,
21-Jul-21,138444,52408,1,Shipped,28:23.0,,,,,,,
21-Jul-21,125883,96032,8,Shipped,28:40.0,,,,,,,
21-Jul-21,128940,20360,1,Shipped,29:18.0,,,,,,,
21-Jul-21,126378,86520,2,Rejected,29:31.0,,,,,,,
21-Jul-21,298470,18632,1,Shipped,29:42.0,,,,,,,
21-Jul-21,125457,81524,8,Rejected,30:10.0,,,,,,,
21-Jul-21,126585,105540,8,Shipped,30:14.0,,,,,,,
21-Jul-21,127953,80888,2,Rejected,30:16.0,,,,,,,
21-Jul-21,121743,98156,2,Rejected,30:30.0,,,,,,,
21-Jul-21,124134,100632,3,Rejected,30:58.0,,,,,,,
21-Jul-21,296826,214784,1,Shipped,31:05.0,,,,,,,
21-Jul-21,135036,71188,2,Rejected,31:34.0,,,,,,,
21-Jul-21,122259,20900,1,Shipped,31:59.0,,,,,,,
21-Jul-21,134037,71116,9,Shipped,32:04.0,,,,,,,
21-Jul-21,132876,41076,1,Rejected,32:30.0,,,,,,,
21-Jul-21,134592,32080,1,Rejected,32:35.0,,,,,,,
21-Jul-21,127275,101600,2,Rejected,32:56.0,,,,,,,
21-Jul-21,127503,46744,5,Rejected,33:33.0,,,,,,,
21-Jul-21,121050,41988,8,Rejected,33:47.0,,,,,,,
21-Jul-21,138330,44844,1,Rejected,33:49.0,,,,,,,
21-Jul-21,122976,85712,5,Rejected,34:01.0,,,,,,,
21-Jul-21,128616,80152,9,Rejected,34:02.0,,,,,,,
21-Jul-21,129405,68876,3,Shipped,34:31.0,,,,,,,
21-Jul-21,128346,104284,1,Shipped,34:51.0,,,,,,,
21-Jul-21,125838,52724,1,Rejected,35:24.0,,,,,,,
21-Jul-21,133296,94312,7,Rejected,35:26.0,,,,,,,
21-Jul-21,131574,60176,9,Shipped,35:48.0,,,,,,,
21-Jul-21,130893,100240,9,Shipped,36:00.0,,,,,,,
21-Jul-21,122535,98332,9,Shipped,36:03.0,,,,,,,
21-Jul-21,122721,90864,1,Shipped,36:04.0,,,,,,,
21-Jul-21,125841,52724,1,Rejected,36:08.0,,,,,,,
21-Jul-21,122664,71364,2,Shipped,36:36.0,,,,,,,
21-Jul-21,134721,21592,1,Shipped,37:05.0,,,,,,,
21-Jul-21,138249,30384,3,Shipped,37:11.0,,,,,,,
21-Jul-21,126519,41280,8,Rejected,37:25.0,,,,,,,
21-Jul-21,136875,109600,1,Rejected,37:28.0,,,,,,,
21-Jul-21,135864,106452,2,Shipped,38:04.0,,,,,,,
21-Jul-21,297321,138828,1,Rejected,38:21.0,,,,,,,
21-Jul-21,134052,113484,8,Shipped,39:01.0,,,,,,,
21-Jul-21,130671,79652,8,Rejected,39:02.0,,,,,,,
21-Jul-21,297039,55240,8,Rejected,39:08.0,,,,,,,
21-Jul-21,119925,93520,9,Rejected,39:10.0,,,,,,,
21-Jul-21,122463,103580,1,Rejected,40:24.0,,,,,,,
21-Jul-21,131886,97920,9,Rejected,40:30.0,,,,,,,
21-Jul-21,130101,46856,8,Rejected,40:38.0,,,,,,,
21-Jul-21,134466,24036,1,Rejected,40:55.0,,,,,,,
21-Jul-21,123327,46944,8,Rejected,41:02.0,,,,,,,
21-Jul-21,138378,30856,1,Shipped,41:08.0,,,,,,,
21-Jul-21,137859,87136,8,Shipped,41:15.0,,,,,,,
21-Jul-21,124935,98600,3,Shipped,41:22.0,,,,,,,
21-Jul-21,130104,46856,8,Rejected,41:40.0,,,,,,,
21-Jul-21,138342,48564,1,Shipped,42:28.0,,,,,,,
21-Jul-21,123384,75204,4,Rejected,42:31.0,,,,,,,
21-Jul-21,130500,48616,9,Rejected,43:16.0,,,,,,,
21-Jul-21,137865,84392,8,Shipped,43:16.0,,,,,,,
21-Jul-21,126774,56776,8,Shipped,43:27.0,,,,,,,
21-Jul-21,130455,43220,5,Shipped,44:22.0,,,,,,,
21-Jul-21,136794,37084,1,Shipped,44:26.0,,,,,,,
21-Jul-21,120063,100240,9,Rejected,44:39.0,,,,,,,
21-Jul-21,126126,50612,8,Rejected,45:06.0,,,,,,,
21-Jul-21,131892,112616,5,Shipped,45:54.0,,,,,,,
21-Jul-21,297051,48264,1,Shipped,46:36.0,,,,,,,
21-Jul-21,131814,18572,1,Shipped,46:47.0,,,,,,,
21-Jul-21,135825,75176,4,Shipped,46:54.0,,,,,,,
21-Jul-21,137112,37132,5,Rejected,47:00.0,,,,,,,
21-Jul-21,122184,41280,8,Rejected,47:11.0,,,,,,,
21-Jul-21,135411,50484,1,Rejected,47:16.0,,,,,,,
21-Jul-21,127059,108308,9,Rejected,47:30.0,,,,,,,
21-Jul-21,131760,77164,5,Rejected,47:30.0,,,,,,,
21-Jul-21,123570,64888,4,Shipped,47:46.0,,,,,,,
21-Jul-21,124305,73888,2,Shipped,47:50.0,,,,,,,
21-Jul-21,131382,91576,5,Rejected,48:19.0,,,,,,,
21-Jul-21,126030,106088,2,Rejected,48:26.0,,,,,,,
21-Jul-21,132078,77508,2,Rejected,48:44.0,,,,,,,
21-Jul-21,125313,106360,9,Shipped,49:07.0,,,,,,,
21-Jul-21,120159,91152,1,Shipped,49:10.0,,,,,,,
21-Jul-21,133362,27196,1,Rejected,49:35.0,,,,,,,
21-Jul-21,119931,70876,5,Rejected,50:23.0,,,,,,,
21-Jul-21,123336,104368,8,Rejected,50:28.0,,,,,,,
21-Jul-21,133800,33344,1,Rejected,50:31.0,,,,,,,
21-Jul-21,123015,53788,1,Rejected,50:44.0,,,,,,,
21-Jul-21,138213,106628,3,Rejected,50:51.0,,,,,,,
21-Jul-21,137742,42956,5,Rejected,50:58.0,,,,,,,
21-Jul-21,133248,79752,3,Shipped,51:12.0,,,,,,,
21-Jul-21,121854,53008,8,Rejected,51:47.0,,,,,,,
21-Jul-21,131961,27960,1,Rejected,51:50.0,,,,,,,
21-Jul-21,135288,6884,1,Rejected,51:53.0,,,,,,,
21-Jul-21,126072,107124,9,Rejected,51:54.0,,,,,,,
21-Jul-21,134220,92368,3,Rejected,51:59.0,,,,,,,
21-Jul-21,122385,26492,1,Shipped,52:00.0,,,,,,,
21-Jul-21,124359,91960,1,Shipped,52:00.0,,,,,,,
21-Jul-21,131307,94600,9,Shipped,52:03.0,,,,,,,
21-Jul-21,128019,94404,1,Rejected,52:25.0,,,,,,,
21-Jul-21,124365,105500,9,Shipped,52:33.0,,,,,,,
21-Jul-21,128526,109644,5,Rejected,52:38.0,,,,,,,
21-Jul-21,120588,77776,3,Rejected,52:56.0,,,,,,,
21-Jul-21,124311,87136,8,Shipped,53:12.0,,,,,,,
21-Jul-21,120228,70224,3,Rejected,53:23.0,,,,,,,
21-Jul-21,298287,191360,10,Rejected,53:44.0,,,,,,,
21-Jul-21,125856,40988,1,Shipped,53:57.0,,,,,,,
21-Jul-21,133185,63952,3,Shipped,54:19.0,,,,,,,
21-Jul-21,297864,78840,2,Rejected,55:49.0,,,,,,,
21-Jul-21,121116,48980,5,Rejected,55:53.0,,,,,,,
21-Jul-21,121611,98488,4,Rejected,55:53.0,,,,,,,
21-Jul-21,136809,62572,1,Rejected,55:59.0,,,,,,,
21-Jul-21,136263,57508,1,Shipped,56:00.0,,,,,,,
21-Jul-21,133443,106172,8,Shipped,56:11.0,,,,,,,
21-Jul-21,124233,101908,2,Shipped,56:24.0,,,,,,,
21-Jul-21,132501,59868,8,Rejected,56:31.0,,,,,,,
21-Jul-21,135234,57308,8,Rejected,56:55.0,,,,,,,
21-Jul-21,126678,50940,1,Shipped,57:24.0,,,,,,,
21-Jul-21,297468,83052,2,Rejected,57:56.0,,,,,,,
21-Jul-21,298449,77848,4,Rejected,58:11.0,,,,,,,
21-Jul-21,136083,48176,9,Shipped,58:55.0,,,,,,,
21-Jul-21,121413,78372,9,Rejected,59:14.0,,,,,,,
21-Jul-21,131472,109536,9,Rejected,59:14.0,,,,,,,
21-Jul-21,123459,32348,1,Rejected,59:32.0,,,,,,,
22-Jul-21,131919,36348,1,Rejected,00:04.0,,,,,,,
22-Jul-21,125916,79316,4,Shipped,01:12.0,,,,,,,
22-Jul-21,297273,208916,8,Rejected,01:17.0,,,,,,,
22-Jul-21,128040,108468,9,Rejected,01:24.0,,,,,,,
22-Jul-21,125175,29608,5,Rejected,01:47.0,,,,,,,
22-Jul-21,121158,33656,1,Shipped,02:11.0,,,,,,,
22-Jul-21,136632,116500,8,Shipped,03:01.0,,,,,,,
22-Jul-21,120789,24504,1,Rejected,03:32.0,,,,,,,
22-Jul-21,131226,75356,3,Rejected,03:34.0,,,,,,,
22-Jul-21,124086,74932,2,Shipped,04:19.0,,,,,,,
22-Jul-21,134919,86176,2,Shipped,04:39.0,,,,,,,
22-Jul-21,128826,57952,5,Rejected,04:56.0,,,,,,,
22-Jul-21,123498,24216,1,Shipped,05:08.0,,,,,,,
22-Jul-21,121995,30796,1,Rejected,05:13.0,,,,,,,
22-Jul-21,132168,112524,2,Rejected,05:17.0,,,,,,,
22-Jul-21,126483,36128,5,Rejected,05:32.0,,,,,,,
22-Jul-21,133197,23988,1,Shipped,05:48.0,,,,,,,
22-Jul-21,124806,104624,2,Rejected,07:12.0,,,,,,,
22-Jul-21,126609,100752,3,Rejected,07:13.0,,,,,,,
22-Jul-21,133746,48964,9,Shipped,07:39.0,,,,,,,
22-Jul-21,119958,100036,9,Rejected,07:47.0,,,,,,,
22-Jul-21,130332,56816,8,Shipped,08:15.0,,,,,,,
22-Jul-21,297816,187352,5,Rejected,08:18.0,,,,,,,
22-Jul-21,128109,33960,1,Shipped,09:00.0,,,,,,,
22-Jul-21,121242,87100,7,Shipped,09:15.0,,,,,,,
22-Jul-21,133656,94340,8,Rejected,09:25.0,,,,,,,
22-Jul-21,126885,76040,8,Rejected,09:28.0,,,,,,,
22-Jul-21,133209,53976,1,Shipped,09:35.0,,,,,,,
22-Jul-21,297612,69988,5,Shipped,09:52.0,,,,,,,
22-Jul-21,125439,64088,2,Shipped,10:10.0,,,,,,,
22-Jul-21,134307,12828,1,Rejected,10:25.0,,,,,,,
22-Jul-21,134760,73876,3,Rejected,10:33.0,,,,,,,
22-Jul-21,122238,40988,1,Shipped,10:45.0,,,,,,,
22-Jul-21,124449,94740,4,Rejected,11:44.0,,,,,,,
22-Jul-21,132612,22652,1,Shipped,12:33.0,,,,,,,
22-Jul-21,125442,72580,3,Rejected,13:07.0,,,,,,,
22-Jul-21,130272,111256,1,Shipped,13:15.0,,,,,,,
22-Jul-21,126714,50000,9,Shipped,13:34.0,,,,,,,
22-Jul-21,133998,72272,1,Shipped,13:39.0,,,,,,,
22-Jul-21,130008,23688,1,Shipped,13:53.0,,,,,,,
22-Jul-21,298263,184228,5,Rejected,13:54.0,,,,,,,
22-Jul-21,298413,55240,8,Rejected,14:01.0,,,,,,,
22-Jul-21,129117,86156,8,Shipped,14:10.0,,,,,,,
22-Jul-21,121344,83404,9,Shipped,14:33.0,,,,,,,
22-Jul-21,124251,42248,8,Rejected,14:33.0,,,,,,,
22-Jul-21,129207,96808,4,Rejected,14:47.0,,,,,,,
22-Jul-21,129483,50768,7,Shipped,14:57.0,,,,,,,
22-Jul-21,296802,87824,8,Shipped,15:34.0,,,,,,,
22-Jul-21,129444,84992,8,Rejected,15:38.0,,,,,,,
22-Jul-21,128304,39500,1,Shipped,16:01.0,,,,,,,
22-Jul-21,137277,59460,8,Shipped,16:48.0,,,,,,,
22-Jul-21,137142,92100,9,Rejected,17:17.0,,,,,,,
22-Jul-21,129327,109516,9,Shipped,17:53.0,,,,,,,
22-Jul-21,124893,74180,8,Shipped,18:06.0,,,,,,,
22-Jul-21,134508,30260,1,Shipped,18:20.0,,,,,,,
22-Jul-21,119892,79316,4,Shipped,19:14.0,,,,,,,
22-Jul-21,124968,63576,3,Shipped,19:25.0,,,,,,,
22-Jul-21,129588,80524,3,Rejected,19:31.0,,,,,,,
22-Jul-21,125247,90308,1,Rejected,19:40.0,,,,,,,
22-Jul-21,137916,117884,3,Rejected,19:42.0,,,,,,,
22-Jul-21,133932,70716,3,Rejected,19:45.0,,,,,,,
22-Jul-21,130215,57196,8,Shipped,19:46.0,,,,,,,
22-Jul-21,132792,52424,8,Shipped,19:46.0,,,,,,,
22-Jul-21,136692,29184,5,Shipped,20:05.0,,,,,,,
22-Jul-21,120909,101208,2,Rejected,20:19.0,,,,,,,
22-Jul-21,128121,105944,3,Rejected,20:23.0,,,,,,,
22-Jul-21,120432,67212,2,Rejected,20:33.0,,,,,,,
22-Jul-21,136581,113136,1,Shipped,20:46.0,,,,,,,
22-Jul-21,298275,57396,11,Rejected,21:23.0,,,,,,,
22-Jul-21,132630,113328,1,Rejected,21:42.0,,,,,,,
22-Jul-21,125505,56604,9,Rejected,21:52.0,,,,,,,
22-Jul-21,135102,115620,1,Rejected,22:00.0,,,,,,,
22-Jul-21,137925,57468,9,Rejected,22:09.0,,,,,,,
22-Jul-21,134406,112252,8,Shipped,22:16.0,,,,,,,
22-Jul-21,125190,77900,2,Shipped,22:17.0,,,,,,,
22-Jul-21,124395,89800,3,Rejected,22:31.0,,,,,,,
22-Jul-21,133869,49532,9,Rejected,22:52.0,,,,,,,
22-Jul-21,297234,201316,4,Shipped,22:57.0,,,,,,,
22-Jul-21,123690,52032,8,Rejected,23:21.0,,,,,,,
22-Jul-21,125193,98908,9,Shipped,23:43.0,,,,,,,
22-Jul-21,125196,79652,8,Rejected,24:54.0,,,,,,,
22-Jul-21,134685,21844,1,Rejected,24:57.0,,,,,,,
22-Jul-21,129303,54276,1,Shipped,25:01.0,,,,,,,
22-Jul-21,135621,105688,8,Rejected,25:10.0,,,,,,,
22-Jul-21,123360,47448,8,Rejected,25:45.0,,,,,,,
22-Jul-21,133470,89428,8,Rejected,27:12.0,,,,,,,
22-Jul-21,137073,110080,2,Shipped,27:41.0,,,,,,,
22-Jul-21,122358,45252,8,Shipped,28:42.0,,,,,,,
22-Jul-21,122556,57724,9,Shipped,28:47.0,,,,,,,
22-Jul-21,134346,114784,3,Rejected,28:52.0,,,,,,,
22-Jul-21,297837,173240,9,Rejected,29:32.0,,,,,,,
22-Jul-21,135630,76004,4,Rejected,29:42.0,,,,,,,
22-Jul-21,134586,70808,2,Rejected,30:00.0,,,,,,,
22-Jul-21,128412,90376,4,Shipped,30:28.0,,,,,,,
22-Jul-21,128415,93876,9,Shipped,30:54.0,,,,,,,
22-Jul-21,137301,74676,4,Rejected,31:00.0,,,,,,,
22-Jul-21,135399,60964,1,Shipped,31:14.0,,,,,,,
22-Jul-21,130551,59696,9,Rejected,31:15.0,,,,,,,
22-Jul-21,133347,80524,3,Rejected,31:40.0,,,,,,,
22-Jul-21,129363,46568,9,Rejected,31:51.0,,,,,,,
22-Jul-21,123765,48032,8,Rejected,32:44.0,,,,,,,
22-Jul-21,124479,52724,1,Shipped,32:49.0,,,,,,,
22-Jul-21,130095,84460,2,Shipped,33:04.0,,,,,,,
22-Jul-21,132540,23280,1,Shipped,33:06.0,,,,,,,
22-Jul-21,132384,41196,8,Rejected,33:18.0,,,,,,,
22-Jul-21,125136,78156,2,Rejected,33:34.0,,,,,,,
22-Jul-21,134460,112100,1,Rejected,33:52.0,,,,,,,
22-Jul-21,131568,30784,5,Rejected,33:59.0,,,,,,,
22-Jul-21,124059,52032,8,Rejected,34:17.0,,,,,,,
22-Jul-21,127803,55672,8,Rejected,34:50.0,,,,,,,
22-Jul-21,133293,94312,7,Shipped,34:51.0,,,,,,,
22-Jul-21,127986,100036,9,Rejected,34:54.0,,,,,,,
22-Jul-21,135714,47956,1,Rejected,34:55.0,,,,,,,
22-Jul-21,127440,74092,8,Shipped,35:03.0,,,,,,,
22-Jul-21,124719,105688,8,Rejected,35:08.0,,,,,,,
22-Jul-21,134358,109928,8,Shipped,35:22.0,,,,,,,
22-Jul-21,128091,84428,8,Shipped,35:33.0,,,,,,,
22-Jul-21,130299,102328,2,Shipped,35:47.0,,,,,,,
22-Jul-21,120282,79652,8,Rejected,35:49.0,,,,,,,
22-Jul-21,127443,54208,9,Rejected,35:54.0,,,,,,,
22-Jul-21,121431,68864,2,Rejected,35:58.0,,,,,,,
22-Jul-21,298065,189956,9,Rejected,36:03.0,,,,,,,
22-Jul-21,124617,100088,8,Rejected,36:19.0,,,,,,,
22-Jul-21,130410,66804,2,Shipped,36:24.0,,,,,,,
22-Jul-21,296985,209388,11,Shipped,36:30.0,,,,,,,
22-Jul-21,132663,56852,8,Rejected,36:37.0,,,,,,,
22-Jul-21,298305,220332,2,Rejected,36:47.0,,,,,,,
22-Jul-21,133050,113568,9,Rejected,36:59.0,,,,,,,
22-Jul-21,137631,42784,8,Rejected,37:02.0,,,,,,,
22-Jul-21,129423,93904,9,Rejected,37:14.0,,,,,,,
22-Jul-21,122490,103624,8,Rejected,37:56.0,,,,,,,
22-Jul-21,138420,94716,3,Shipped,38:10.0,,,,,,,
22-Jul-21,129726,55120,1,Shipped,38:16.0,,,,,,,
22-Jul-21,134100,100432,3,Rejected,38:21.0,,,,,,,
22-Jul-21,135747,80780,9,Rejected,38:46.0,,,,,,,
22-Jul-21,120915,27204,1,Shipped,39:15.0,,,,,,,
22-Jul-21,297441,117092,1,Shipped,39:33.0,,,,,,,
22-Jul-21,137079,80780,9,Rejected,39:53.0,,,,,,,
22-Jul-21,121143,21300,1,Rejected,39:59.0,,,,,,,
22-Jul-21,119901,48308,5,Rejected,40:20.0,,,,,,,
22-Jul-21,133422,42588,8,Shipped,41:08.0,,,,,,,
22-Jul-21,124542,78552,3,Shipped,41:27.0,,,,,,,
22-Jul-21,137862,20936,1,Rejected,41:59.0,,,,,,,
22-Jul-21,137967,20936,1,Shipped,42:21.0,,,,,,,
22-Jul-21,130761,52264,8,Rejected,42:41.0,,,,,,,
22-Jul-21,130635,62572,1,Rejected,42:58.0,,,,,,,
22-Jul-21,297048,215360,1,Rejected,42:59.0,,,,,,,
22-Jul-21,130539,72284,9,Rejected,43:15.0,,,,,,,
22-Jul-21,123564,62328,8,Rejected,43:20.0,,,,,,,
22-Jul-21,136887,104520,9,Shipped,43:27.0,,,,,,,
22-Jul-21,132294,105480,8,Shipped,43:28.0,,,,,,,
22-Jul-21,126306,98964,1,Rejected,44:04.0,,,,,,,
22-Jul-21,123387,94600,9,Shipped,44:41.0,,,,,,,
22-Jul-21,128274,66000,9,Rejected,45:11.0,,,,,,,
22-Jul-21,135285,74196,2,Shipped,45:11.0,,,,,,,
22-Jul-21,132480,113188,9,Rejected,45:17.0,,,,,,,
22-Jul-21,137109,80152,9,Rejected,45:32.0,,,,,,,
22-Jul-21,126327,45688,8,Shipped,45:39.0,,,,,,,
22-Jul-21,128595,57296,1,Rejected,45:48.0,,,,,,,
22-Jul-21,124941,103716,1,Rejected,45:50.0,,,,,,,
22-Jul-21,126456,70960,1,Rejected,46:25.0,,,,,,,
22-Jul-21,135939,47956,1,Rejected,46:53.0,,,,,,,
22-Jul-21,122670,96032,8,Rejected,47:27.0,,,,,,,
22-Jul-21,121230,101524,5,Rejected,47:38.0,,,,,,,
22-Jul-21,128427,79652,8,Shipped,48:02.0,,,,,,,
22-Jul-21,123450,78588,4,Shipped,48:08.0,,,,,,,
22-Jul-21,120627,44400,9,Rejected,48:23.0,,,,,,,
22-Jul-21,124500,73876,3,Shipped,48:46.0,,,,,,,
22-Jul-21,120579,55796,5,Shipped,48:55.0,,,,,,,
22-Jul-21,136521,94340,8,Shipped,49:23.0,,,,,,,
22-Jul-21,131817,112320,2,Rejected,49:28.0,,,,,,,
22-Jul-21,135372,73292,5,Rejected,49:36.0,,,,,,,
22-Jul-21,125055,60968,2,Shipped,49:43.0,,,,,,,
22-Jul-21,125388,33112,5,Rejected,50:35.0,,,,,,,
22-Jul-21,129990,37488,5,Rejected,50:36.0,,,,,,,
22-Jul-21,124230,95944,8,Rejected,50:40.0,,,,,,,
22-Jul-21,125430,18632,1,Rejected,50:44.0,,,,,,,
22-Jul-21,297342,106360,9,Rejected,51:04.0,,,,,,,
22-Jul-21,130587,42120,8,Rejected,51:13.0,,,,,,,
22-Jul-21,127350,86256,1,Rejected,51:18.0,,,,,,,
22-Jul-21,131067,104936,8,Shipped,51:46.0,,,,,,,
22-Jul-21,122673,98488,4,Rejected,53:11.0,,,,,,,
22-Jul-21,133029,75524,1,Shipped,53:18.0,,,,,,,
22-Jul-21,136917,117000,3,Rejected,54:21.0,,,,,,,
22-Jul-21,135828,108468,9,Rejected,54:26.0,,,,,,,
22-Jul-21,128649,50968,9,Rejected,54:39.0,,,,,,,
22-Jul-21,120474,52520,5,Rejected,54:56.0,,,,,,,
22-Jul-21,137493,27672,1,Rejected,55:04.0,,,,,,,
22-Jul-21,135228,107860,5,Rejected,55:19.0,,,,,,,
22-Jul-21,131079,105728,8,Shipped,55:22.0,,,,,,,
22-Jul-21,128799,39748,1,Rejected,55:39.0,,,,,,,
22-Jul-21,134748,108644,8,Shipped,55:55.0,,,,,,,
22-Jul-21,135174,52080,9,Rejected,56:05.0,,,,,,,
22-Jul-21,120843,94828,9,Shipped,56:08.0,,,,,,,
22-Jul-21,132690,94084,1,Rejected,56:22.0,,,,,,,
22-Jul-21,130569,18724,1,Rejected,56:57.0,,,,,,,
22-Jul-21,127875,75000,5,Rejected,57:12.0,,,,,,,
22-Jul-21,135645,18612,5,Shipped,57:13.0,,,,,,,
22-Jul-21,134148,28200,5,Rejected,57:23.0,,,,,,,
22-Jul-21,119943,82372,8,Shipped,57:40.0,,,,,,,
22-Jul-21,122442,43408,8,Rejected,58:02.0,,,,,,,
22-Jul-21,135591,93540,1,Shipped,59:11.0,,,,,,,
22-Jul-21,297750,197308,9,Shipped,59:18.0,,,,,,,
22-Jul-21,127365,98176,8,Rejected,59:23.0,,,,,,,
22-Jul-21,122283,65968,3,Shipped,59:24.0,,,,,,,
22-Jul-21,297000,157596,9,Rejected,59:26.0,,,,,,,
22-Jul-21,297930,36232,1,Rejected,59:52.0,,,,,,,
23-Jul-21,127647,106864,2,Shipped,00:11.0,,,,,,,
23-Jul-21,298050,60000,9,Rejected,00:14.0,,,,,,,
23-Jul-21,136629,65044,8,Rejected,00:41.0,,,,,,,
23-Jul-21,122067,97116,9,Rejected,00:43.0,,,,,,,
23-Jul-21,133077,100036,9,Rejected,00:54.0,,,,,,,
23-Jul-21,130698,111880,1,Rejected,01:35.0,,,,,,,
23-Jul-21,128151,81772,8,Rejected,01:42.0,,,,,,,
23-Jul-21,127830,63220,8,Rejected,02:04.0,,,,,,,
23-Jul-21,131085,74960,4,Rejected,02:22.0,,,,,,,
23-Jul-21,131715,112260,5,Shipped,02:23.0,,,,,,,
23-Jul-21,123114,94828,9,Shipped,02:40.0,,,,,,,
23-Jul-21,131313,112220,5,Rejected,03:24.0,,,,,,,
23-Jul-21,135741,101688,1,Rejected,03:29.0,,,,,,,
23-Jul-21,124707,90976,7,Rejected,03:34.0,,,,,,,
23-Jul-21,134649,33252,5,Shipped,03:55.0,,,,,,,
23-Jul-21,134073,114540,5,Rejected,04:01.0,,,,,,,
23-Jul-21,131229,19056,1,Rejected,04:23.0,,,,,,,
23-Jul-21,133083,113540,1,Rejected,04:36.0,,,,,,,
23-Jul-21,123348,104452,2,Rejected,04:41.0,,,,,,,
23-Jul-21,134322,97984,5,Shipped,04:43.0,,,,,,,
23-Jul-21,126042,44728,9,Rejected,05:18.0,,,,,,,
23-Jul-21,120738,20984,1,Shipped,05:19.0,,,,,,,
23-Jul-21,138291,53788,1,Rejected,05:29.0,,,,,,,
23-Jul-21,126186,81860,4,Rejected,05:41.0,,,,,,,
23-Jul-21,129834,94628,1,Shipped,06:00.0,,,,,,,
23-Jul-21,298089,219380,9,Rejected,06:12.0,,,,,,,
23-Jul-21,123897,22880,1,Rejected,06:19.0,,,,,,,
23-Jul-21,124338,23048,1,Shipped,06:30.0,,,,,,,
23-Jul-21,127419,108644,8,Rejected,06:34.0,,,,,,,
23-Jul-21,136089,19272,1,Shipped,06:48.0,,,,,,,
23-Jul-21,298395,211596,3,Shipped,06:50.0,,,,,,,
23-Jul-21,121650,41840,8,Rejected,07:00.0,,,,,,,
23-Jul-21,121683,82336,2,Shipped,07:10.0,,,,,,,
23-Jul-21,136332,79652,8,Rejected,07:26.0,,,,,,,
23-Jul-21,131094,37488,5,Rejected,07:33.0,,,,,,,
23-Jul-21,131166,112064,2,Rejected,07:52.0,,,,,,,
23-Jul-21,126561,96628,3,Shipped,07:57.0,,,,,,,
23-Jul-21,125235,51408,9,Shipped,08:03.0,,,,,,,
23-Jul-21,297201,82780,10,Shipped,08:14.0,,,,,,,
23-Jul-21,126879,62240,2,Rejected,08:17.0,,,,,,,
23-Jul-21,133203,76232,3,Rejected,08:18.0,,,,,,,
23-Jul-21,128916,110068,1,Rejected,09:34.0,,,,,,,
23-Jul-21,132609,113232,9,Rejected,10:20.0,,,,,,,
23-Jul-21,297882,138448,1,Rejected,10:27.0,,,,,,,
23-Jul-21,128379,66732,9,Rejected,10:34.0,,,,,,,
23-Jul-21,136422,68884,8,Rejected,10:34.0,,,,,,,
23-Jul-21,132210,63340,2,Rejected,10:39.0,,,,,,,
23-Jul-21,129657,94600,9,Rejected,10:40.0,,,,,,,
23-Jul-21,119886,12440,1,Rejected,11:31.0,,,,,,,
23-Jul-21,131328,1960,1,Shipped,11:51.0,,,,,,,
23-Jul-21,129000,43688,1,Shipped,12:08.0,,,,,,,
23-Jul-21,131418,89756,2,Rejected,12:08.0,,,,,,,
23-Jul-21,124887,89344,8,Rejected,12:22.0,,,,,,,
23-Jul-21,131535,112420,8,Shipped,12:30.0,,,,,,,
23-Jul-21,124635,75252,2,Shipped,12:39.0,,,,,,,
23-Jul-21,135192,76108,7,Shipped,12:51.0,,,,,,,
23-Jul-21,124599,97756,8,Shipped,13:01.0,,,,,,,
23-Jul-21,135252,72140,5,Rejected,13:02.0,,,,,,,
23-Jul-21,131613,61368,9,Shipped,13:11.0,,,,,,,
23-Jul-21,122091,90340,9,Rejected,13:27.0,,,,,,,
23-Jul-21,127260,39608,5,Shipped,13:40.0,,,,,,,
23-Jul-21,137391,47736,1,Shipped,13:57.0,,,,,,,
23-Jul-21,127425,62444,4,Shipped,13:59.0,,,,,,,
23-Jul-21,138231,80344,1,Shipped,14:29.0,,,,,,,
23-Jul-21,126420,31604,5,Rejected,14:35.0,,,,,,,
23-Jul-21,137997,78012,1,Rejected,14:51.0,,,,,,,
23-Jul-21,120399,47592,8,Shipped,15:30.0,,,,,,,
23-Jul-21,129663,81524,8,Shipped,15:30.0,,,,,,,
23-Jul-21,131538,92764,2,Rejected,16:19.0,,,,,,,
23-Jul-21,126570,77304,3,Shipped,16:37.0,,,,,,,
23-Jul-21,126726,40524,5,Rejected,16:51.0,,,,,,,
23-Jul-21,127266,93648,2,Shipped,16:51.0,,,,,,,
23-Jul-21,298245,191164,5,Shipped,17:52.0,,,,,,,
23-Jul-21,129009,52760,8,Shipped,17:55.0,,,,,,,
23-Jul-21,127902,106744,1,Rejected,18:21.0,,,,,,,
23-Jul-21,130659,98504,9,Rejected,18:46.0,,,,,,,
23-Jul-21,127728,108888,1,Rejected,18:54.0,,,,,,,
23-Jul-21,137913,57468,9,Rejected,19:11.0,,,,,,,
23-Jul-21,126909,90876,3,Shipped,19:21.0,,,,,,,
23-Jul-21,127428,74612,4,Shipped,19:45.0,,,,,,,
23-Jul-21,298002,218724,9,Rejected,20:04.0,,,,,,,
23-Jul-21,131856,72080,5,Rejected,20:09.0,,,,,,,
23-Jul-21,133512,83404,9,Shipped,20:09.0,,,,,,,
23-Jul-21,121044,100808,3,Rejected,20:27.0,,,,,,,
23-Jul-21,133824,28656,1,Shipped,20:30.0,,,,,,,
23-Jul-21,138318,44844,1,Shipped,20:34.0,,,,,,,
23-Jul-21,137790,94968,3,Rejected,21:07.0,,,,,,,
23-Jul-21,129387,55828,8,Rejected,21:12.0,,,,,,,
23-Jul-21,134400,107448,2,Shipped,21:16.0,,,,,,,
23-Jul-21,127329,41840,8,Rejected,22:11.0,,,,,,,
23-Jul-21,129216,83868,9,Shipped,22:34.0,,,,,,,
23-Jul-21,127017,94600,9,Rejected,22:44.0,,,,,,,
23-Jul-21,137445,114748,2,Rejected,23:22.0,,,,,,,
23-Jul-21,135120,52080,9,Rejected,23:43.0,,,,,,,
23-Jul-21,298188,86236,3,Rejected,23:49.0,,,,,,,
23-Jul-21,134571,107988,8,Rejected,24:05.0,,,,,,,
23-Jul-21,129540,25684,1,Rejected,24:16.0,,,,,,,
23-Jul-21,128541,99560,3,Shipped,24:18.0,,,,,,,
23-Jul-21,132144,77428,2,Rejected,24:32.0,,,,,,,
23-Jul-21,128631,51556,8,Rejected,24:48.0,,,,,,,
23-Jul-21,298155,115136,1,Rejected,24:49.0,,,,,,,
23-Jul-21,297567,209352,10,Rejected,25:01.0,,,,,,,
23-Jul-21,120759,32228,1,Rejected,25:09.0,,,,,,,
23-Jul-21,130875,82296,2,Shipped,25:09.0,,,,,,,
23-Jul-21,135264,92600,9,Shipped,25:46.0,,,,,,,
23-Jul-21,124014,94340,8,Rejected,25:47.0,,,,,,,
23-Jul-21,296883,72204,2,Shipped,25:47.0,,,,,,,
23-Jul-21,133830,26492,1,Shipped,25:52.0,,,,,,,
23-Jul-21,121806,82372,8,Rejected,25:59.0,,,,,,,
23-Jul-21,132462,90444,3,Rejected,25:59.0,,,,,,,
23-Jul-21,125949,80084,5,Rejected,26:21.0,,,,,,,
23-Jul-21,123744,48032,8,Rejected,26:36.0,,,,,,,
23-Jul-21,128679,100736,3,Shipped,26:38.0,,,,,,,
23-Jul-21,129693,71804,1,Shipped,26:38.0,,,,,,,
23-Jul-21,125127,101728,3,Shipped,26:43.0,,,,,,,
23-Jul-21,130089,55308,1,Rejected,26:48.0,,,,,,,
23-Jul-21,120657,996,1,Shipped,26:57.0,,,,,,,
23-Jul-21,133047,42248,8,Rejected,27:09.0,,,,,,,
23-Jul-21,129390,21088,1,Shipped,27:16.0,,,,,,,
23-Jul-21,126105,70540,4,Shipped,27:18.0,,,,,,,
23-Jul-21,132255,62572,1,Rejected,27:38.0,,,,,,,
23-Jul-21,135345,70524,1,Shipped,27:53.0,,,,,,,
23-Jul-21,128199,44152,8,Pending,27:57.0,,,,,,,
23-Jul-21,122025,6224,1,Rejected,28:24.0,,,,,,,
23-Jul-21,128403,84540,1,Shipped,28:48.0,,,,,,,
23-Jul-21,120957,87136,8,Shipped,28:55.0,,,,,,,
23-Jul-21,128124,98648,3,Rejected,29:05.0,,,,,,,
23-Jul-21,128937,51788,9,Shipped,29:06.0,,,,,,,
23-Jul-21,127950,34988,5,Rejected,29:08.0,,,,,,,
23-Jul-21,134028,47648,8,Rejected,30:06.0,,,,,,,
23-Jul-21,133401,19404,1,Rejected,30:11.0,,,,,,,
23-Jul-21,127137,79396,2,Shipped,30:39.0,,,,,,,
23-Jul-21,135204,77848,4,Rejected,31:31.0,,,,,,,
23-Jul-21,129606,70488,5,Shipped,31:35.0,,,,,,,
23-Jul-21,296937,73996,2,Rejected,31:54.0,,,,,,,
23-Jul-21,135273,96788,2,Shipped,31:56.0,,,,,,,
23-Jul-21,136863,89632,2,Shipped,32:19.0,,,,,,,
23-Jul-21,120408,93616,1,Rejected,32:48.0,,,,,,,
23-Jul-21,120693,23652,1,Rejected,32:49.0,,,,,,,
23-Jul-21,127932,47448,8,Rejected,32:53.0,,,,,,,
23-Jul-21,122169,58680,8,Shipped,32:57.0,,,,,,,
23-Jul-21,137310,95952,3,Shipped,32:58.0,,,,,,,
23-Jul-21,123375,75204,4,Rejected,33:15.0,,,,,,,
23-Jul-21,132543,100036,9,Rejected,33:53.0,,,,,,,
23-Jul-21,127800,37480,5,Shipped,33:54.0,,,,,,,
23-Jul-21,297642,82256,3,Rejected,33:54.0,,,,,,,
23-Jul-21,134355,52752,8,Shipped,33:57.0,,,,,,,
23-Jul-21,133887,71684,1,Shipped,34:00.0,,,,,,,
23-Jul-21,121605,13156,2,Rejected,34:01.0,,,,,,,
23-Jul-21,132882,41076,1,Rejected,34:03.0,,,,,,,
23-Jul-21,120060,48308,5,Rejected,34:18.0,,,,,,,
23-Jul-21,133170,107300,8,Shipped,34:25.0,,,,,,,
23-Jul-21,126942,88044,8,Shipped,35:18.0,,,,,,,
23-Jul-21,121215,73720,7,Shipped,35:32.0,,,,,,,
23-Jul-21,135162,55236,8,Shipped,35:34.0,,,,,,,
23-Jul-21,131463,92764,2,Rejected,35:44.0,,,,,,,
23-Jul-21,135210,105456,2,Shipped,35:44.0,,,,,,,
23-Jul-21,123537,104640,5,Rejected,35:53.0,,,,,,,
23-Jul-21,133239,60820,1,Shipped,36:19.0,,,,,,,
23-Jul-21,124209,104788,2,Rejected,37:27.0,,,,,,,
23-Jul-21,135570,98008,1,Rejected,37:40.0,,,,,,,
23-Jul-21,296832,72044,5,Rejected,38:04.0,,,,,,,
23-Jul-21,121758,99356,5,Shipped,38:21.0,,,,,,,
23-Jul-21,134049,7252,1,Shipped,38:21.0,,,,,,,
23-Jul-21,120411,99416,3,Rejected,38:27.0,,,,,,,
23-Jul-21,128220,109368,1,Rejected,38:51.0,,,,,,,
23-Jul-21,298425,72496,3,Shipped,39:12.0,,,,,,,
23-Jul-21,131043,112148,5,Rejected,39:55.0,,,,,,,
23-Jul-21,129981,111124,9,Shipped,40:14.0,,,,,,,
23-Jul-21,297444,122056,9,Shipped,40:20.0,,,,,,,
23-Jul-21,130710,111260,8,Rejected,40:56.0,,,,,,,
23-Jul-21,137964,20936,1,Rejected,41:11.0,,,,,,,
23-Jul-21,297189,219924,9,Rejected,41:18.0,,,,,,,
23-Jul-21,122466,43408,8,Shipped,41:19.0,,,,,,,
23-Jul-21,136059,37132,5,Rejected,41:20.0,,,,,,,
23-Jul-21,138255,28128,5,Rejected,41:26.0,,,,,,,
23-Jul-21,124578,78156,2,Rejected,42:03.0,,,,,,,
23-Jul-21,135213,89256,9,Shipped,42:22.0,,,,,,,
23-Jul-21,127218,79116,8,Rejected,42:33.0,,,,,,,
23-Jul-21,123486,104588,1,Rejected,42:53.0,,,,,,,
23-Jul-21,121944,48980,5,Shipped,42:56.0,,,,,,,
23-Jul-21,136062,28156,5,Shipped,43:01.0,,,,,,,
23-Jul-21,135045,42248,8,Rejected,43:02.0,,,,,,,
23-Jul-21,296952,152736,11,Shipped,43:10.0,,,,,,,
23-Jul-21,125631,106732,1,Rejected,43:21.0,,,,,,,
23-Jul-21,131052,73188,1,Rejected,43:26.0,,,,,,,
23-Jul-21,124845,36144,5,Rejected,43:49.0,,,,,,,
23-Jul-21,298431,84976,9,Rejected,43:49.0,,,,,,,
23-Jul-21,137970,49248,9,Shipped,43:59.0,,,,,,,
23-Jul-21,132234,96112,9,Rejected,44:09.0,,,,,,,
23-Jul-21,136716,32128,1,Rejected,44:23.0,,,,,,,
23-Jul-21,129168,53748,8,Shipped,44:25.0,,,,,,,
23-Jul-21,297279,200000,2,Rejected,44:27.0,,,,,,,
23-Jul-21,122373,78348,2,Rejected,44:28.0,,,,,,,
23-Jul-21,138204,117988,3,Rejected,45:51.0,,,,,,,
23-Jul-21,128577,102328,2,Rejected,45:57.0,,,,,,,
23-Jul-21,136008,70320,3,Rejected,46:54.0,,,,,,,
23-Jul-21,298251,138044,4,Rejected,47:07.0,,,,,,,
23-Jul-21,297246,136844,9,Rejected,47:21.0,,,,,,,
23-Jul-21,122331,21640,1,Rejected,47:59.0,,,,,,,
23-Jul-21,135369,77396,1,Rejected,47:59.0,,,,,,,
23-Jul-21,138210,93732,5,Shipped,48:26.0,,,,,,,
23-Jul-21,123453,77396,1,Rejected,49:17.0,,,,,,,
23-Jul-21,129501,44664,9,Shipped,49:39.0,,,,,,,
23-Jul-21,122127,996,1,Shipped,49:46.0,,,,,,,
23-Jul-21,130419,35676,1,Rejected,49:48.0,,,,,,,
23-Jul-21,297918,187352,5,Rejected,50:11.0,,,,,,,
23-Jul-21,127638,78348,2,Shipped,50:14.0,,,,,,,
23-Jul-21,127242,20036,1,Shipped,50:25.0,,,,,,,
23-Jul-21,126789,95640,8,Rejected,50:51.0,,,,,,,
23-Jul-21,125226,79536,2,Rejected,50:55.0,,,,,,,
23-Jul-21,130542,49164,9,Rejected,51:40.0,,,,,,,
23-Jul-21,122052,102548,1,Rejected,51:52.0,,,,,,,
23-Jul-21,123021,51048,9,Rejected,51:58.0,,,,,,,
23-Jul-21,121371,68976,9,Shipped,52:10.0,,,,,,,
23-Jul-21,124863,105944,3,Rejected,52:44.0,,,,,,,
23-Jul-21,135873,26116,1,Shipped,53:22.0,,,,,,,
23-Jul-21,296841,185252,8,Shipped,53:22.0,,,,,,,
23-Jul-21,124797,97616,4,Rejected,53:51.0,,,,,,,
23-Jul-21,132357,21332,1,Shipped,53:57.0,,,,,,,
23-Jul-21,133803,33344,1,Rejected,54:11.0,,,,,,,
23-Jul-21,134799,19684,1,Shipped,54:14.0,,,,,,,
23-Jul-21,123489,52300,8,Rejected,54:16.0,,,,,,,
23-Jul-21,131967,99180,9,Shipped,54:24.0,,,,,,,
23-Jul-21,130503,59696,9,Shipped,55:01.0,,,,,,,
23-Jul-21,127389,108212,9,Rejected,55:10.0,,,,,,,
23-Jul-21,297282,189840,8,Shipped,55:28.0,,,,,,,
23-Jul-21,130992,55968,8,Shipped,55:31.0,,,,,,,
23-Jul-21,133191,24036,1,Shipped,55:34.0,,,,,,,
23-Jul-21,130311,83964,3,Rejected,55:54.0,,,,,,,
23-Jul-21,130194,22124,1,Shipped,56:13.0,,,,,,,
23-Jul-21,137115,81832,4,Rejected,56:37.0,,,,,,,
23-Jul-21,125739,43844,9,Shipped,56:51.0,,,,,,,
23-Jul-21,131160,52064,8,Rejected,57:06.0,,,,,,,
23-Jul-21,124320,87100,7,Shipped,57:41.0,,,,,,,
23-Jul-21,127362,98176,8,Rejected,57:51.0,,,,,,,
23-Jul-21,297546,218744,9,Rejected,57:54.0,,,,,,,
23-Jul-21,123174,93644,1,Rejected,58:13.0,,,,,,,
23-Jul-21,133131,93696,2,Rejected,58:29.0,,,,,,,
23-Jul-21,134061,21416,1,Shipped,58:34.0,,,,,,,
23-Jul-21,128637,68884,8,Rejected,59:03.0,,,,,,,
23-Jul-21,122061,26844,1,Shipped,59:05.0,,,,,,,
23-Jul-21,130845,112024,3,Rejected,59:26.0,,,,,,,
23-Jul-21,130428,20684,1,Rejected,59:51.0,,,,,,,
23-Jul-21,128226,74828,2,Shipped,59:57.0,,,,,,,
24-Jul-21,135177,30260,1,Shipped,00:10.0,,,,,,,
24-Jul-21,134373,100924,2,Rejected,00:16.0,,,,,,,
24-Jul-21,123948,34668,1,Shipped,00:22.0,,,,,,,
24-Jul-21,129354,108908,8,Rejected,00:37.0,,,,,,,
24-Jul-21,131502,46868,9,Rejected,01:01.0,,,,,,,
24-Jul-21,130326,66000,9,Rejected,01:05.0,,,,,,,
24-Jul-21,132423,108780,3,Rejected,01:14.0,,,,,,,
24-Jul-21,121239,28240,1,Rejected,01:37.0,,,,,,,
24-Jul-21,297474,65180,5,Shipped,01:38.0,,,,,,,
24-Jul-21,135738,101688,1,Rejected,01:43.0,,,,,,,
24-Jul-21,133806,77592,3,Shipped,01:49.0,,,,,,,
24-Jul-21,131979,42244,8,Rejected,02:10.0,,,,,,,
24-Jul-21,132699,58836,1,Rejected,02:27.0,,,,,,,
24-Jul-21,134490,81908,4,Rejected,02:40.0,,,,,,,
24-Jul-21,136029,75252,2,Rejected,02:44.0,,,,,,,
24-Jul-21,136818,56352,1,Shipped,02:46.0,,,,,,,
24-Jul-21,120489,46944,8,Shipped,03:16.0,,,,,,,
24-Jul-21,121491,32884,5,Rejected,03:25.0,,,,,,,
24-Jul-21,129753,110800,8,Rejected,03:42.0,,,,,,,
24-Jul-21,130329,10348,1,Shipped,03:52.0,,,,,,,
24-Jul-21,125550,51828,9,Shipped,04:04.0,,,,,,,
24-Jul-21,122145,28200,5,Shipped,04:18.0,,,,,,,
24-Jul-21,122400,102704,9,Rejected,04:19.0,,,,,,,
24-Jul-21,132165,57764,5,Rejected,04:35.0,,,,,,,
24-Jul-21,122844,95544,1,Rejected,04:48.0,,,,,,,
24-Jul-21,127836,26552,1,Rejected,05:49.0,,,,,,,
24-Jul-21,127470,19080,1,Rejected,06:23.0,,,,,,,
24-Jul-21,122619,71364,2,Shipped,06:56.0,,,,,,,
24-Jul-21,136941,32808,1,Shipped,07:11.0,,,,,,,
24-Jul-21,296793,133916,9,Rejected,07:20.0,,,,,,,
24-Jul-21,135300,93936,9,Rejected,07:54.0,,,,,,,
24-Jul-21,126882,76040,8,Rejected,08:23.0,,,,,,,
24-Jul-21,126564,93356,9,Rejected,08:51.0,,,,,,,
24-Jul-21,127536,29184,5,Rejected,08:53.0,,,,,,,
24-Jul-21,132834,58952,2,Shipped,08:55.0,,,,,,,
24-Jul-21,121203,68484,7,Shipped,09:31.0,,,,,,,
24-Jul-21,123207,71616,3,Rejected,09:56.0,,,,,,,
24-Jul-21,132105,77508,2,Shipped,10:00.0,,,,,,,
24-Jul-21,135603,38448,1,Rejected,10:01.0,,,,,,,
24-Jul-21,120327,100616,2,Rejected,10:07.0,,,,,,,
24-Jul-21,121512,83252,2,Rejected,11:04.0,,,,,,,
24-Jul-21,125319,35676,1,Rejected,11:25.0,,,,,,,
24-Jul-21,124890,65864,9,Shipped,13:16.0,,,,,,,
24-Jul-21,126402,44628,9,Rejected,13:30.0,,,,,,,
24-Jul-21,133014,104128,9,Rejected,14:19.0,,,,,,,
24-Jul-21,126618,79752,3,Shipped,14:25.0,,,,,,,
24-Jul-21,134229,30500,1,Rejected,14:45.0,,,,,,,
24-Jul-21,128847,58580,8,Shipped,14:53.0,,,,,,,
24-Jul-21,123864,10756,1,Rejected,15:10.0,,,,,,,
24-Jul-21,138234,117988,3,Shipped,15:10.0,,,,,,,
24-Jul-21,130782,20932,1,Shipped,15:19.0,,,,,,,
24-Jul-21,130785,78588,4,Shipped,15:34.0,,,,,,,
24-Jul-21,131253,35756,1,Shipped,16:01.0,,,,,,,
24-Jul-21,128073,44368,9,Shipped,16:08.0,,,,,,,
24-Jul-21,125502,72140,5,Rejected,16:23.0,,,,,,,
24-Jul-21,130446,111348,9,Rejected,17:35.0,,,,,,,
24-Jul-21,129672,102200,1,Rejected,17:36.0,,,,,,,
24-Jul-21,125076,67156,4,Rejected,17:47.0,,,,,,,
24-Jul-21,120747,24504,1,Shipped,17:53.0,,,,,,,
24-Jul-21,131733,27432,1,Shipped,18:28.0,,,,,,,
24-Jul-21,136689,29184,5,Rejected,18:38.0,,,,,,,
24-Jul-21,297204,50588,7,Rejected,19:16.0,,,,,,,
24-Jul-21,298359,192944,8,Rejected,19:17.0,,,,,,,
24-Jul-21,129402,103800,3,Rejected,19:43.0,,,,,,,
24-Jul-21,136485,79652,8,Rejected,19:54.0,,,,,,,
24-Jul-21,125118,102112,9,Shipped,20:09.0,,,,,,,
24-Jul-21,128511,33692,1,Rejected,20:18.0,,,,,,,
24-Jul-21,130608,24660,1,Shipped,20:27.0,,,,,,,
24-Jul-21,123678,47256,8,Shipped,20:39.0,,,,,,,
24-Jul-21,121794,98156,2,Rejected,20:41.0,,,,,,,
24-Jul-21,124095,57196,8,Rejected,20:43.0,,,,,,,
24-Jul-21,127119,20036,1,Rejected,20:57.0,,,,,,,
24-Jul-21,130791,61960,9,Rejected,20:59.0,,,,,,,
24-Jul-21,131784,112556,2,Rejected,21:03.0,,,,,,,
24-Jul-21,122640,84612,8,Rejected,21:07.0,,,,,,,
24-Jul-21,129018,110120,3,Rejected,21:07.0,,,,,,,
24-Jul-21,297414,146296,4,Shipped,21:38.0,,,,,,,
24-Jul-21,131406,60000,9,Rejected,22:04.0,,,,,,,
24-Jul-21,132030,57500,1,Shipped,22:08.0,,,,,,,
24-Jul-21,136497,79652,8,Rejected,22:18.0,,,,,,,
24-Jul-21,126015,71448,3,Rejected,22:23.0,,,,,,,
24-Jul-21,129213,35188,1,Rejected,22:33.0,,,,,,,
24-Jul-21,127620,108764,9,Rejected,22:36.0,,,,,,,
24-Jul-21,132036,73292,5,Shipped,23:20.0,,,,,,,
24-Jul-21,135615,103940,8,Rejected,23:25.0,,,,,,,
24-Jul-21,296760,127792,8,Rejected,23:48.0,,,,,,,
24-Jul-21,125961,35384,1,Shipped,23:53.0,,,,,,,
24-Jul-21,125454,59152,8,Rejected,24:13.0,,,,,,,
24-Jul-21,128544,30956,1,Rejected,24:24.0,,,,,,,
24-Jul-21,298464,156404,2,Shipped,24:59.0,,,,,,,
24-Jul-21,297828,218744,9,Shipped,25:02.0,,,,,,,
24-Jul-21,135807,100040,3,Rejected,25:13.0,,,,,,,
24-Jul-21,131013,60968,2,Rejected,25:41.0,,,,,,,
24-Jul-21,130287,87136,8,Rejected,25:42.0,,,,,,,
24-Jul-21,119979,75252,2,Rejected,25:51.0,,,,,,,
24-Jul-21,128325,21844,1,Shipped,25:52.0,,,,,,,
24-Jul-21,132114,48600,1,Rejected,26:01.0,,,,,,,
24-Jul-21,297420,93468,5,Rejected,26:43.0,,,,,,,
24-Jul-21,126345,32344,5,Shipped,26:44.0,,,,,,,
24-Jul-21,297633,108408,11,Shipped,26:57.0,,,,,,,
24-Jul-21,133557,113540,1,Rejected,27:06.0,,,,,,,
24-Jul-21,122595,103764,3,Rejected,27:19.0,,,,,,,
24-Jul-21,133398,24340,1,Shipped,27:44.0,,,,,,,
24-Jul-21,297570,157564,4,Shipped,28:11.0,,,,,,,
24-Jul-21,129774,87952,8,Shipped,28:12.0,,,,,,,
24-Jul-21,134094,57764,5,Rejected,28:32.0,,,,,,,
24-Jul-21,138084,92624,9,Shipped,29:17.0,,,,,,,
24-Jul-21,297777,97632,3,Shipped,29:17.0,,,,,,,
24-Jul-21,297432,98804,11,Rejected,29:33.0,,,,,,,
24-Jul-21,133113,102112,9,Shipped,29:48.0,,,,,,,
24-Jul-21,120111,54492,5,Rejected,29:51.0,,,,,,,
24-Jul-21,125511,86976,8,Rejected,30:08.0,,,,,,,
24-Jul-21,131556,89600,9,Shipped,30:34.0,,,,,,,
24-Jul-21,129546,95748,5,Rejected,30:40.0,,,,,,,
24-Jul-21,132528,23780,1,Shipped,30:46.0,,,,,,,
24-Jul-21,135855,82308,2,Shipped,31:00.0,,,,,,,
24-Jul-21,130746,33992,8,Rejected,31:27.0,,,,,,,
24-Jul-21,134859,48752,9,Shipped,31:51.0,,,,,,,
24-Jul-21,298014,217804,3,Rejected,33:03.0,,,,,,,
24-Jul-21,136986,109600,1,Shipped,33:23.0,,,,,,,
24-Jul-21,138087,85868,9,Shipped,33:23.0,,,,,,,
24-Jul-21,133116,73668,7,Rejected,33:27.0,,,,,,,
24-Jul-21,296940,219840,9,Shipped,33:29.0,,,,,,,
24-Jul-21,135159,112448,8,Shipped,33:39.0,,,,,,,
24-Jul-21,122436,60484,2,Rejected,34:21.0,,,,,,,
24-Jul-21,132387,56116,8,Rejected,34:53.0,,,,,,,
24-Jul-21,127368,108040,8,Shipped,36:32.0,,,,,,,
24-Jul-21,125340,86976,8,Rejected,36:51.0,,,,,,,
24-Jul-21,136872,23272,1,Shipped,37:13.0,,,,,,,
24-Jul-21,126423,66000,9,Rejected,37:23.0,,,,,,,
24-Jul-21,134424,78256,2,Shipped,37:32.0,,,,,,,
24-Jul-21,134046,114524,8,Rejected,37:52.0,,,,,,,
24-Jul-21,131880,43408,8,Rejected,38:40.0,,,,,,,
24-Jul-21,126060,107124,9,Rejected,38:41.0,,,,,,,
24-Jul-21,124407,25544,1,Rejected,38:45.0,,,,,,,
24-Jul-21,127209,103984,9,Rejected,38:55.0,,,,,,,
24-Jul-21,135774,80780,9,Shipped,39:16.0,,,,,,,
24-Jul-21,123876,40292,1,Shipped,39:31.0,,,,,,,
24-Jul-21,122265,95944,8,Shipped,39:43.0,,,,,,,
24-Jul-21,134109,101100,9,Shipped,40:31.0,,,,,,,
24-Jul-21,121062,101372,2,Rejected,40:52.0,,,,,,,
24-Jul-21,129963,85068,8,Rejected,41:01.0,,,,,,,
24-Jul-21,136554,116492,4,Rejected,41:17.0,,,,,,,
24-Jul-21,127044,19272,1,Rejected,41:18.0,,,,,,,
24-Jul-21,298311,216212,5,Rejected,41:27.0,,,,,,,
24-Jul-21,132333,78020,2,Rejected,41:28.0,,,,,,,
24-Jul-21,131049,85584,8,Rejected,41:31.0,,,,,,,
24-Jul-21,123090,98392,2,Shipped,41:53.0,,,,,,,
24-Jul-21,129822,26704,1,Shipped,42:00.0,,,,,,,
24-Jul-21,119880,41728,8,Shipped,42:12.0,,,,,,,
24-Jul-21,134208,996,1,Rejected,42:17.0,,,,,,,
24-Jul-21,129798,22652,1,Shipped,42:19.0,,,,,,,
24-Jul-21,128973,110108,4,Rejected,42:42.0,,,,,,,
24-Jul-21,297999,216868,12,Rejected,43:05.0,,,,,,,
24-Jul-21,133956,70224,3,Shipped,43:52.0,,,,,,,
24-Jul-21,121842,100240,9,Shipped,44:09.0,,,,,,,
24-Jul-21,128478,23972,1,Rejected,44:49.0,,,,,,,
24-Jul-21,121545,66000,9,Rejected,44:50.0,,,,,,,
24-Jul-21,122730,25756,1,Shipped,44:55.0,,,,,,,
24-Jul-21,298224,45932,1,Rejected,44:59.0,,,,,,,
24-Jul-21,132072,77508,2,Rejected,45:16.0,,,,,,,
24-Jul-21,125523,28872,1,Shipped,45:21.0,,,,,,,
24-Jul-21,137475,88916,8,Rejected,45:26.0,,,,,,,
24-Jul-21,129735,110784,4,Rejected,45:40.0,,,,,,,
24-Jul-21,125982,83780,5,Rejected,46:48.0,,,,,,,
24-Jul-21,132348,54080,9,Rejected,46:51.0,,,,,,,
24-Jul-21,136518,79116,8,Shipped,47:02.0,,,,,,,
24-Jul-21,121452,33112,5,Shipped,47:10.0,,,,,,,
24-Jul-21,121953,66016,3,Rejected,47:28.0,,,,,,,
24-Jul-21,132402,96112,9,Rejected,47:47.0,,,,,,,
24-Jul-21,124548,27764,1,Rejected,47:53.0,,,,,,,
24-Jul-21,136398,50560,9,Rejected,48:23.0,,,,,,,
24-Jul-21,136149,51064,8,Rejected,48:27.0,,,,,,,
24-Jul-21,298434,220424,10,Rejected,49:14.0,,,,,,,
24-Jul-21,131763,71504,3,Rejected,49:23.0,,,,,,,
24-Jul-21,298026,158008,9,Rejected,49:23.0,,,,,,,
24-Jul-21,127152,23004,1,Shipped,49:24.0,,,,,,,
24-Jul-21,137643,27664,1,Shipped,49:32.0,,,,,,,
24-Jul-21,298356,196412,2,Rejected,49:57.0,,,,,,,
24-Jul-21,119907,45252,8,Shipped,50:38.0,,,,,,,
24-Jul-21,123339,45816,8,Shipped,50:43.0,,,,,,,
24-Jul-21,130044,59372,9,Shipped,50:55.0,,,,,,,
24-Jul-21,131493,48616,9,Rejected,51:35.0,,,,,,,
24-Jul-21,126852,21812,1,Shipped,52:00.0,,,,,,,
24-Jul-21,298407,61616,9,Shipped,52:02.0,,,,,,,
24-Jul-21,119934,100040,3,Rejected,52:13.0,,,,,,,
24-Jul-21,126534,49816,8,Rejected,52:15.0,,,,,,,
24-Jul-21,125643,106776,9,Shipped,52:18.0,,,,,,,
24-Jul-21,121971,47924,1,Rejected,53:08.0,,,,,,,
24-Jul-21,129054,76624,2,Rejected,53:13.0,,,,,,,
24-Jul-21,121869,84652,2,Shipped,53:30.0,,,,,,,
24-Jul-21,128982,89240,8,Rejected,53:47.0,,,,,,,
24-Jul-21,133368,54532,9,Rejected,54:02.0,,,,,,,
24-Jul-21,297924,181808,1,Rejected,54:06.0,,,,,,,
24-Jul-21,297270,208916,8,Rejected,55:54.0,,,,,,,
24-Jul-21,120009,75204,4,Rejected,56:20.0,,,,,,,
24-Jul-21,135735,28728,1,Rejected,56:49.0,,,,,,,
24-Jul-21,130125,82120,1,Shipped,56:52.0,,,,,,,
24-Jul-21,135585,115276,5,Rejected,57:38.0,,,,,,,
24-Jul-21,128805,20360,1,Rejected,57:40.0,,,,,,,
24-Jul-21,298029,181640,9,Rejected,57:42.0,,,,,,,
24-Jul-21,136404,61424,9,Shipped,58:03.0,,,,,,,
24-Jul-21,128808,66852,8,Rejected,58:05.0,,,,,,,
24-Jul-21,134154,25756,1,Shipped,58:27.0,,,,,,,
24-Jul-21,126978,57032,5,Rejected,58:30.0,,,,,,,
24-Jul-21,131835,82228,5,Shipped,58:54.0,,,,,,,
24-Jul-21,124662,48104,8,Rejected,59:08.0,,,,,,,
24-Jul-21,137262,35268,1,Rejected,59:13.0,,,,,,,
24-Jul-21,120486,87168,2,Shipped,59:17.0,,,,,,,
24-Jul-21,121152,101476,5,Rejected,59:27.0,,,,,,,
24-Jul-21,135753,105556,2,Rejected,59:31.0,,,,,,,
24-Jul-21,136737,21184,1,Shipped,59:34.0,,,,,,,
25-Jul-21,138393,30844,1,Rejected,00:08.0,,,,,,,
25-Jul-21,128451,77364,2,Rejected,00:37.0,,,,,,,
25-Jul-21,126480,51252,8,Rejected,00:44.0,,,,,,,
25-Jul-21,128994,89240,8,Rejected,01:16.0,,,,,,,
25-Jul-21,131973,27960,1,Shipped,01:25.0,,,,,,,
25-Jul-21,134907,113520,8,Rejected,01:48.0,,,,,,,
25-Jul-21,135483,79960,1,Rejected,01:48.0,,,,,,,
25-Jul-21,138057,21844,1,Rejected,02:09.0,,,,,,,
25-Jul-21,132702,66000,9,Rejected,02:46.0,,,,,,,
25-Jul-21,123894,85244,8,Rejected,03:08.0,,,,,,,
25-Jul-21,121398,44368,9,Rejected,03:22.0,,,,,,,
25-Jul-21,124080,52064,8,Shipped,03:32.0,,,,,,,
25-Jul-21,137052,18760,1,Rejected,03:45.0,,,,,,,
25-Jul-21,126801,77116,7,Rejected,04:01.0,,,,,,,
25-Jul-21,127254,19308,1,Shipped,04:13.0,,,,,,,
25-Jul-21,135648,25932,1,Shipped,04:23.0,,,,,,,
25-Jul-21,137193,74704,1,Shipped,04:44.0,,,,,,,
25-Jul-21,132435,108780,3,Rejected,05:21.0,,,,,,,
25-Jul-21,135012,96140,1,Rejected,05:22.0,,,,,,,
25-Jul-21,122613,61464,2,Shipped,05:37.0,,,,,,,
25-Jul-21,132513,113136,1,Rejected,06:07.0,,,,,,,
25-Jul-21,129411,34648,1,Rejected,06:27.0,,,,,,,
25-Jul-21,122931,41192,8,Rejected,06:45.0,,,,,,,
25-Jul-21,123900,22880,1,Rejected,06:53.0,,,,,,,
25-Jul-21,131529,29844,5,Rejected,07:13.0,,,,,,,
25-Jul-21,125178,105680,3,Rejected,07:29.0,,,,,,,
25-Jul-21,131724,53908,9,Shipped,07:30.0,,,,,,,
25-Jul-21,135081,115640,3,Rejected,07:48.0,,,,,,,
25-Jul-21,137355,43844,9,Shipped,08:01.0,,,,,,,
25-Jul-21,132093,112780,3,Shipped,08:05.0,,,,,,,
25-Jul-21,122235,76756,3,Rejected,08:17.0,,,,,,,
25-Jul-21,120141,88928,7,Rejected,08:28.0,,,,,,,
25-Jul-21,132096,72124,2,Rejected,08:34.0,,,,,,,
25-Jul-21,121131,93876,9,Rejected,09:02.0,,,,,,,
25-Jul-21,131175,112064,2,Rejected,09:08.0,,,,,,,
25-Jul-21,127170,45196,8,Shipped,09:49.0,,,,,,,
25-Jul-21,133989,10644,1,Shipped,09:59.0,,,,,,,
25-Jul-21,120498,86692,9,Shipped,10:12.0,,,,,,,
25-Jul-21,121248,68124,2,Rejected,10:34.0,,,,,,,
25-Jul-21,120039,78244,2,Shipped,10:58.0,,,,,,,
25-Jul-21,129204,36924,1,Rejected,10:58.0,,,,,,,
25-Jul-21,127308,55672,8,Rejected,11:14.0,,,,,,,
25-Jul-21,131508,60388,8,Rejected,11:18.0,,,,,,,
25-Jul-21,128673,109896,9,Rejected,11:42.0,,,,,,,
25-Jul-21,120171,96684,3,Rejected,12:28.0,,,,,,,
25-Jul-21,134169,96852,9,Shipped,12:40.0,,,,,,,
25-Jul-21,130338,7960,1,Shipped,12:46.0,,,,,,,
25-Jul-21,122865,74564,3,Shipped,13:16.0,,,,,,,
25-Jul-21,132009,73292,5,Rejected,13:43.0,,,,,,,
25-Jul-21,137511,94528,5,Shipped,13:44.0,,,,,,,
25-Jul-21,134172,23016,1,Shipped,14:26.0,,,,,,,
25-Jul-21,126567,78132,2,Shipped,14:58.0,,,,,,,
25-Jul-21,133098,113732,8,Shipped,15:40.0,,,,,,,
25-Jul-21,126825,107988,8,Shipped,15:43.0,,,,,,,
25-Jul-21,133326,61136,1,Shipped,16:08.0,,,,,,,
25-Jul-21,127005,47484,8,Shipped,16:46.0,,,,,,,
25-Jul-21,124770,42432,8,Shipped,16:47.0,,,,,,,
25-Jul-21,130869,72000,7,Rejected,16:48.0,,,,,,,
25-Jul-21,297699,210768,4,Rejected,16:50.0,,,,,,,
25-Jul-21,135498,43844,9,Rejected,17:13.0,,,,,,,
25-Jul-21,138132,42784,8,Rejected,18:15.0,,,,,,,
25-Jul-21,127176,63108,2,Shipped,18:33.0,,,,,,,
25-Jul-21,130872,72580,3,Rejected,19:15.0,,,,,,,
25-Jul-21,133761,86836,3,Rejected,19:27.0,,,,,,,
25-Jul-21,127185,35700,5,Shipped,19:36.0,,,,,,,
25-Jul-21,134826,115208,8,Rejected,20:14.0,,,,,,,
25-Jul-21,135198,71364,2,Shipped,20:53.0,,,,,,,
25-Jul-21,134088,38908,1,Rejected,20:56.0,,,,,,,
25-Jul-21,130614,82296,2,Rejected,21:16.0,,,,,,,
25-Jul-21,123834,71196,3,Rejected,21:25.0,,,,,,,
25-Jul-21,130398,20664,1,Shipped,21:28.0,,,,,,,
25-Jul-21,122895,98524,9,Rejected,21:47.0,,,,,,,
25-Jul-21,133521,72580,3,Rejected,21:53.0,,,,,,,
25-Jul-21,122646,63464,3,Shipped,22:03.0,,,,,,,
25-Jul-21,127791,53008,8,Rejected,22:11.0,,,,,,,
25-Jul-21,123516,51048,9,Shipped,22:39.0,,,,,,,
25-Jul-21,137280,113012,1,Rejected,22:58.0,,,,,,,
25-Jul-21,121803,20932,1,Shipped,23:17.0,,,,,,,
25-Jul-21,128181,9588,1,Rejected,23:37.0,,,,,,,
25-Jul-21,128256,105984,9,Rejected,23:44.0,,,,,,,
25-Jul-21,121698,68864,2,Shipped,24:03.0,,,,,,,
25-Jul-21,128661,91080,8,Shipped,24:26.0,,,,,,,
25-Jul-21,133614,108756,5,Rejected,24:51.0,,,,,,,
25-Jul-21,136659,75524,1,Rejected,25:56.0,,,,,,,
25-Jul-21,296925,214356,4,Shipped,26:00.0,,,,,,,
25-Jul-21,297315,142224,9,Shipped,26:25.0,,,,,,,
25-Jul-21,124299,85344,8,Rejected,26:30.0,,,,,,,
25-Jul-21,131790,53976,1,Shipped,26:38.0,,,,,,,
25-Jul-21,132945,94300,1,Rejected,26:53.0,,,,,,,
25-Jul-21,126747,79072,4,Shipped,27:36.0,,,,,,,
25-Jul-21,126024,75436,2,Rejected,28:12.0,,,,,,,
25-Jul-21,125088,100240,9,Shipped,28:42.0,,,,,,,
25-Jul-21,126750,23096,1,Rejected,28:51.0,,,,,,,
25-Jul-21,138018,90308,1,Shipped,29:23.0,,,,,,,
25-Jul-21,135111,115068,1,Rejected,29:44.0,,,,,,,
25-Jul-21,122409,87212,8,Shipped,29:47.0,,,,,,,
25-Jul-21,133344,113956,1,Rejected,29:49.0,,,,,,,
25-Jul-21,298347,137816,2,Rejected,29:54.0,,,,,,,
25-Jul-21,131340,44288,8,Shipped,29:56.0,,,,,,,
25-Jul-21,132873,47924,1,Shipped,30:19.0,,,,,,,
25-Jul-21,126840,33468,5,Rejected,30:25.0,,,,,,,
25-Jul-21,120603,61772,5,Shipped,30:58.0,,,,,,,
25-Jul-21,123318,59988,8,Rejected,31:07.0,,,,,,,
25-Jul-21,131430,100036,9,Rejected,31:11.0,,,,,,,
25-Jul-21,120963,100708,8,Rejected,31:32.0,,,,,,,
25-Jul-21,120867,64324,2,Rejected,31:36.0,,,,,,,
25-Jul-21,297291,32248,1,Rejected,31:41.0,,,,,,,
25-Jul-21,134706,21844,1,Rejected,31:44.0,,,,,,,
25-Jul-21,136125,86256,1,Shipped,31:47.0,,,,,,,
25-Jul-21,128418,19404,1,Shipped,32:47.0,,,,,,,
25-Jul-21,121098,38368,1,Rejected,33:01.0,,,,,,,
25-Jul-21,137076,108392,9,Rejected,33:55.0,,,,,,,
25-Jul-21,132330,94872,7,Rejected,34:02.0,,,,,,,
25-Jul-21,136779,99416,3,Shipped,34:08.0,,,,,,,
25-Jul-21,131286,109476,1,Rejected,34:20.0,,,,,,,
25-Jul-21,129789,84992,8,Rejected,34:22.0,,,,,,,
25-Jul-21,124716,32340,5,Shipped,34:52.0,,,,,,,
25-Jul-21,134097,57764,5,Rejected,34:53.0,,,,,,,
25-Jul-21,129231,77336,2,Rejected,34:54.0,,,,,,,
25-Jul-21,125622,88800,2,Rejected,35:20.0,,,,,,,
25-Jul-21,121932,55068,1,Rejected,35:36.0,,,,,,,
25-Jul-21,127908,55068,1,Shipped,35:44.0,,,,,,,
25-Jul-21,132732,61060,8,Rejected,36:21.0,,,,,,,
25-Jul-21,120375,42848,8,Shipped,36:23.0,,,,,,,
25-Jul-21,122178,55320,8,Shipped,36:39.0,,,,,,,
25-Jul-21,134604,115076,1,Shipped,36:56.0,,,,,,,
25-Jul-21,127569,80888,2,Rejected,37:32.0,,,,,,,
25-Jul-21,121104,48980,5,Rejected,38:10.0,,,,,,,
25-Jul-21,128214,45196,8,Shipped,38:16.0,,,,,,,
25-Jul-21,135717,76236,7,Shipped,38:17.0,,,,,,,
25-Jul-21,135924,38588,1,Shipped,38:20.0,,,,,,,
25-Jul-21,123252,60148,2,Rejected,38:48.0,,,,,,,
25-Jul-21,127962,80888,2,Rejected,38:55.0,,,,,,,
25-Jul-21,119991,100160,3,Rejected,39:28.0,,,,,,,
25-Jul-21,119994,1640,1,Shipped,39:34.0,,,,,,,
25-Jul-21,135282,43328,1,Shipped,39:47.0,,,,,,,
25-Jul-21,128709,58896,2,Rejected,40:04.0,,,,,,,
25-Jul-21,129984,54340,9,Rejected,40:24.0,,,,,,,
25-Jul-21,134733,101728,3,Rejected,40:46.0,,,,,,,
25-Jul-21,122121,56360,1,Rejected,40:47.0,,,,,,,
25-Jul-21,136557,76092,1,Rejected,42:04.0,,,,,,,
25-Jul-21,135720,47484,8,Rejected,42:58.0,,,,,,,
25-Jul-21,134316,111556,2,Shipped,43:21.0,,,,,,,
25-Jul-21,133428,19404,1,Shipped,43:38.0,,,,,,,
25-Jul-21,133122,69976,2,Rejected,43:48.0,,,,,,,
25-Jul-21,123390,81860,4,Shipped,44:45.0,,,,,,,
25-Jul-21,128625,85552,2,Rejected,44:45.0,,,,,,,
25-Jul-21,120003,100168,3,Rejected,45:14.0,,,,,,,
25-Jul-21,138381,93852,4,Rejected,45:28.0,,,,,,,
25-Jul-21,121950,66016,3,Rejected,45:48.0,,,,,,,
25-Jul-21,120321,100604,1,Rejected,45:50.0,,,,,,,
25-Jul-21,297855,187352,5,Rejected,46:08.0,,,,,,,
25-Jul-21,126963,23004,1,Rejected,46:18.0,,,,,,,
25-Jul-21,135216,101728,3,Shipped,46:41.0,,,,,,,
25-Jul-21,127575,108800,4,Rejected,46:57.0,,,,,,,
25-Jul-21,131952,68864,2,Rejected,47:34.0,,,,,,,
25-Jul-21,130416,83928,9,Shipped,47:46.0,,,,,,,
25-Jul-21,124857,57084,8,Rejected,48:02.0,,,,,,,
25-Jul-21,132270,53096,8,Rejected,48:04.0,,,,,,,
25-Jul-21,120624,94044,9,Rejected,48:05.0,,,,,,,
25-Jul-21,297591,44324,1,Shipped,48:16.0,,,,,,,
25-Jul-21,130035,93752,1,Rejected,48:19.0,,,,,,,
25-Jul-21,125721,98452,3,Rejected,48:24.0,,,,,,,
25-Jul-21,134904,114464,8,Rejected,48:26.0,,,,,,,
25-Jul-21,120462,70524,1,Rejected,48:32.0,,,,,,,
25-Jul-21,127452,108692,8,Shipped,48:34.0,,,,,,,
25-Jul-21,127236,35268,1,Rejected,48:36.0,,,,,,,
25-Jul-21,131955,54892,7,Rejected,48:54.0,,,,,,,
25-Jul-21,124161,100632,3,Rejected,48:58.0,,,,,,,
25-Jul-21,123576,62604,4,Rejected,49:02.0,,,,,,,
25-Jul-21,126786,21696,1,Shipped,49:23.0,,,,,,,
25-Jul-21,132678,97600,3,Rejected,49:36.0,,,,,,,
25-Jul-21,123396,42860,1,Shipped,49:46.0,,,,,,,
25-Jul-21,134217,42704,1,Rejected,49:46.0,,,,,,,
25-Jul-21,121332,48096,8,Rejected,50:11.0,,,,,,,
25-Jul-21,134127,996,1,Rejected,50:18.0,,,,,,,
25-Jul-21,126429,105528,9,Shipped,50:27.0,,,,,,,
25-Jul-21,135114,83360,3,Rejected,50:36.0,,,,,,,
25-Jul-21,125733,71628,2,Shipped,51:33.0,,,,,,,
25-Jul-21,123288,94152,9,Shipped,51:34.0,,,,,,,
25-Jul-21,129381,77520,9,Rejected,51:42.0,,,,,,,
25-Jul-21,132579,100036,9,Rejected,51:58.0,,,,,,,
25-Jul-21,123345,44176,8,Rejected,52:03.0,,,,,,,
25-Jul-21,135723,94100,9,Rejected,52:07.0,,,,,,,
25-Jul-21,119937,100064,3,Rejected,52:15.0,,,,,,,
25-Jul-21,137340,91876,2,Shipped,52:45.0,,,,,,,
25-Jul-21,136401,62052,9,Rejected,53:17.0,,,,,,,
25-Jul-21,121338,74704,1,Rejected,53:20.0,,,,,,,
25-Jul-21,130371,41772,5,Rejected,53:30.0,,,,,,,
25-Jul-21,131595,74980,5,Shipped,53:34.0,,,,,,,
25-Jul-21,125154,76004,4,Shipped,53:43.0,,,,,,,
25-Jul-21,131964,54892,7,Rejected,53:48.0,,,,,,,
25-Jul-21,120126,54492,5,Rejected,53:50.0,,,,,,,
25-Jul-21,137421,48840,8,Shipped,54:20.0,,,,,,,
25-Jul-21,123249,75872,2,Rejected,55:43.0,,,,,,,
25-Jul-21,120636,87948,9,Rejected,56:03.0,,,,,,,
25-Jul-21,129954,41280,8,Shipped,56:12.0,,,,,,,
25-Jul-21,121410,100924,2,Rejected,56:42.0,,,,,,,
25-Jul-21,134547,39812,1,Rejected,57:03.0,,,,,,,
25-Jul-21,129921,42268,7,Rejected,57:21.0,,,,,,,
25-Jul-21,137382,29576,5,Rejected,57:21.0,,,,,,,
25-Jul-21,120306,49660,8,Rejected,57:22.0,,,,,,,
25-Jul-21,135708,107552,4,Rejected,57:33.0,,,,,,,
25-Jul-21,120075,99752,9,Shipped,58:01.0,,,,,,,
25-Jul-21,128811,85868,9,Shipped,58:26.0,,,,,,,
25-Jul-21,126315,53700,5,Rejected,58:39.0,,,,,,,
25-Jul-21,131838,111220,9,Rejected,58:57.0,,,,,,,
25-Jul-21,131355,32888,5,Rejected,59:11.0,,,,,,,
25-Jul-21,121197,1640,1,Shipped,59:40.0,,,,,,,
25-Jul-21,129645,78348,2,Rejected,59:42.0,,,,,,,
25-Jul-21,123030,54484,5,Rejected,59:51.0,,,,,,,
26-Jul-21,132825,79100,4,Rejected,00:04.0,,,,,,,
26-Jul-21,136671,78040,1,Rejected,00:33.0,,,,,,,
26-Jul-21,120132,75252,2,Rejected,01:01.0,,,,,,,
26-Jul-21,123591,63584,3,Shipped,01:24.0,,,,,,,
26-Jul-21,134916,58364,8,Rejected,01:56.0,,,,,,,
26-Jul-21,123810,84460,2,Shipped,02:03.0,,,,,,,
26-Jul-21,129075,30092,1,Rejected,03:00.0,,,,,,,
26-Jul-21,128820,19152,1,Shipped,03:05.0,,,,,,,
26-Jul-21,297297,78912,10,Rejected,03:18.0,,,,,,,
26-Jul-21,297063,208064,4,Shipped,03:19.0,,,,,,,
26-Jul-21,129924,42268,7,Rejected,03:43.0,,,,,,,
26-Jul-21,128064,64364,8,Shipped,03:52.0,,,,,,,
26-Jul-21,132204,54080,9,Rejected,03:53.0,,,,,,,
26-Jul-21,136329,79652,8,Rejected,03:56.0,,,,,,,
26-Jul-21,121557,66000,9,Rejected,03:57.0,,,,,,,
26-Jul-21,120735,101012,3,Rejected,04:11.0,,,,,,,
26-Jul-21,130395,82372,8,Rejected,04:21.0,,,,,,,
26-Jul-21,131445,108468,9,Rejected,04:35.0,,,,,,,
26-Jul-21,128376,61428,3,Rejected,04:54.0,,,,,,,
26-Jul-21,130437,20684,1,Shipped,04:55.0,,,,,,,
26-Jul-21,127101,49396,9,Rejected,05:02.0,,,,,,,
26-Jul-21,127104,81860,4,Rejected,05:38.0,,,,,,,
26-Jul-21,133260,36240,1,Shipped,06:22.0,,,,,,,
26-Jul-21,135543,54740,8,Rejected,06:23.0,,,,,,,
26-Jul-21,128043,61384,9,Shipped,07:14.0,,,,,,,
26-Jul-21,133455,104748,8,Shipped,07:41.0,,,,,,,
26-Jul-21,134079,112252,8,Rejected,07:42.0,,,,,,,
26-Jul-21,129516,75908,2,Shipped,07:47.0,,,,,,,
26-Jul-21,125754,23328,1,Shipped,08:07.0,,,,,,,
26-Jul-21,136947,117016,8,Rejected,08:31.0,,,,,,,
26-Jul-21,126321,96976,3,Shipped,08:42.0,,,,,,,
26-Jul-21,131241,37488,5,Rejected,09:22.0,,,,,,,
26-Jul-21,127713,54208,9,Shipped,09:32.0,,,,,,,
26-Jul-21,137271,75220,3,Rejected,09:50.0,,,,,,,
26-Jul-21,126696,107860,5,Rejected,09:53.0,,,,,,,
26-Jul-21,134325,48016,8,Rejected,10:12.0,,,,,,,
26-Jul-21,131505,60388,8,Rejected,10:26.0,,,,,,,
26-Jul-21,296856,33240,1,Rejected,11:20.0,,,,,,,
26-Jul-21,123951,57952,5,Rejected,11:21.0,,,,,,,
26-Jul-21,132177,57764,5,Shipped,11:31.0,,,,,,,
26-Jul-21,137679,30500,1,Rejected,12:01.0,,,,,,,
26-Jul-21,135084,115640,3,Rejected,12:18.0,,,,,,,
26-Jul-21,124089,92100,9,Shipped,12:19.0,,,,,,,
26-Jul-21,120855,55284,8,Rejected,12:34.0,,,,,,,
26-Jul-21,128505,94968,3,Shipped,12:43.0,,,,,,,
26-Jul-21,129114,49908,8,Shipped,12:47.0,,,,,,,
26-Jul-21,126702,98964,1,Shipped,12:53.0,,,,,,,
26-Jul-21,121161,101100,9,Shipped,12:59.0,,,,,,,
26-Jul-21,297759,97632,3,Rejected,13:03.0,,,,,,,
26-Jul-21,138432,28656,1,Shipped,13:19.0,,,,,,,
26-Jul-21,127476,76516,8,Rejected,13:23.0,,,,,,,
26-Jul-21,124737,69976,2,Rejected,13:40.0,,,,,,,
26-Jul-21,132012,68188,5,Rejected,13:49.0,,,,,,,
26-Jul-21,133146,107300,8,Rejected,13:57.0,,,,,,,
26-Jul-21,119964,62720,4,Rejected,14:03.0,,,,,,,
26-Jul-21,134001,72272,1,Rejected,14:15.0,,,,,,,
26-Jul-21,125667,68124,2,Rejected,14:25.0,,,,,,,
26-Jul-21,130341,80192,3,Rejected,14:51.0,,,,,,,
26-Jul-21,133929,58836,1,Rejected,15:35.0,,,,,,,
26-Jul-21,130926,19152,1,Shipped,15:59.0,,,,,,,
26-Jul-21,120996,63220,8,Shipped,16:08.0,,,,,,,
26-Jul-21,137028,52376,5,Shipped,16:13.0,,,,,,,
26-Jul-21,120900,61460,8,Rejected,16:32.0,,,,,,,
26-Jul-21,134388,47412,8,Rejected,16:52.0,,,,,,,
26-Jul-21,123612,21484,1,Shipped,17:39.0,,,,,,,
26-Jul-21,122013,55068,1,Rejected,17:43.0,,,,,,,
26-Jul-21,129675,35676,1,Rejected,18:07.0,,,,,,,
26-Jul-21,125673,96536,2,Shipped,18:37.0,,,,,,,
26-Jul-21,136764,21304,1,Shipped,18:45.0,,,,,,,
26-Jul-21,129585,59940,8,Rejected,18:51.0,,,,,,,
26-Jul-21,122892,19272,1,Shipped,19:08.0,,,,,,,
26-Jul-21,121137,81036,5,Shipped,19:13.0,,,,,,,
26-Jul-21,127788,56000,8,Rejected,19:19.0,,,,,,,
26-Jul-21,131118,71364,2,Rejected,19:23.0,,,,,,,
26-Jul-21,120180,95700,1,Rejected,19:25.0,,,,,,,
26-Jul-21,126834,100356,1,Shipped,19:37.0,,,,,,,
26-Jul-21,133935,28128,5,Shipped,20:07.0,,,,,,,
26-Jul-21,133662,111816,1,Rejected,20:37.0,,,,,,,
26-Jul-21,296748,179824,11,Rejected,20:46.0,,,,,,,
26-Jul-21,125331,33468,5,Rejected,20:50.0,,,,,,,
26-Jul-21,296868,59464,2,Rejected,20:53.0,,,,,,,
26-Jul-21,297021,19256,1,Shipped,21:08.0,,,,,,,
26-Jul-21,136104,32340,5,Shipped,21:13.0,,,,,,,
26-Jul-21,120753,57812,8,Rejected,21:32.0,,,,,,,
26-Jul-21,297765,97632,3,Rejected,21:55.0,,,,,,,
26-Jul-21,127122,108340,1,Shipped,22:40.0,,,,,,,
26-Jul-21,297624,51012,8,Shipped,22:46.0,,,,,,,
26-Jul-21,122712,77064,7,Shipped,22:50.0,,,,,,,
26-Jul-21,136587,21176,1,Shipped,23:02.0,,,,,,,
26-Jul-21,123741,104772,3,Rejected,23:37.0,,,,,,,
26-Jul-21,125676,79316,4,Rejected,24:19.0,,,,,,,
26-Jul-21,123423,86888,9,Shipped,25:03.0,,,,,,,
26-Jul-21,135261,92600,9,Rejected,25:13.0,,,,,,,
26-Jul-21,136215,21704,1,Rejected,25:33.0,,,,,,,
26-Jul-21,298302,163000,11,Rejected,25:33.0,,,,,,,
26-Jul-21,133524,58476,5,Shipped,26:29.0,,,,,,,
26-Jul-21,137613,35348,1,Rejected,26:31.0,,,,,,,
26-Jul-21,123363,60388,8,Shipped,26:49.0,,,,,,,
26-Jul-21,136218,51920,9,Rejected,26:49.0,,,,,,,
26-Jul-21,124776,97040,2,Rejected,26:51.0,,,,,,,
26-Jul-21,128703,48072,8,Rejected,26:56.0,,,,,,,
26-Jul-21,298008,189840,8,Rejected,27:01.0,,,,,,,
26-Jul-21,135153,71188,2,Shipped,27:03.0,,,,,,,
26-Jul-21,120999,97116,9,Rejected,27:26.0,,,,,,,
26-Jul-21,135849,85224,8,Rejected,27:28.0,,,,,,,
26-Jul-21,131751,112536,4,Rejected,27:59.0,,,,,,,
26-Jul-21,128706,73252,4,Rejected,28:04.0,,,,,,,
26-Jul-21,136041,37132,5,Rejected,28:34.0,,,,,,,
26-Jul-21,126114,52264,8,Rejected,28:44.0,,,,,,,
26-Jul-21,297426,152544,2,Rejected,29:06.0,,,,,,,
26-Jul-21,123150,101668,1,Rejected,29:22.0,,,,,,,
26-Jul-21,124980,79652,8,Rejected,29:22.0,,,,,,,
26-Jul-21,123183,73600,2,Rejected,29:58.0,,,,,,,
26-Jul-21,124923,47488,8,Rejected,30:01.0,,,,,,,
26-Jul-21,128130,59884,8,Shipped,30:20.0,,,,,,,
26-Jul-21,128550,66000,9,Rejected,30:30.0,,,,,,,
26-Jul-21,127857,104284,1,Rejected,30:31.0,,,,,,,
26-Jul-21,121917,48908,8,Rejected,30:39.0,,,,,,,
26-Jul-21,137220,49248,9,Rejected,31:05.0,,,,,,,
26-Jul-21,134034,23140,1,Rejected,31:11.0,,,,,,,
26-Jul-21,137223,82340,3,Shipped,31:29.0,,,,,,,
26-Jul-21,120606,100900,5,Rejected,31:35.0,,,,,,,
26-Jul-21,121521,99180,9,Shipped,32:09.0,,,,,,,
26-Jul-21,134421,66676,3,Rejected,32:19.0,,,,,,,
26-Jul-21,137307,39676,1,Shipped,32:19.0,,,,,,,
26-Jul-21,136701,104876,1,Shipped,32:23.0,,,,,,,
26-Jul-21,129042,72272,1,Rejected,32:55.0,,,,,,,
26-Jul-21,130890,84612,8,Shipped,32:55.0,,,,,,,
26-Jul-21,132258,55716,9,Rejected,33:24.0,,,,,,,
26-Jul-21,132546,78256,2,Shipped,34:43.0,,,,,,,
26-Jul-21,134973,42956,5,Rejected,35:02.0,,,,,,,
26-Jul-21,122979,97528,3,Shipped,35:08.0,,,,,,,
26-Jul-21,130407,20684,1,Rejected,35:28.0,,,,,,,
26-Jul-21,297186,192944,8,Shipped,36:06.0,,,,,,,
26-Jul-21,138183,51920,9,Rejected,36:08.0,,,,,,,
26-Jul-21,131433,100588,2,Rejected,36:34.0,,,,,,,
26-Jul-21,121659,102152,2,Rejected,37:47.0,,,,,,,
26-Jul-21,137529,90308,1,Rejected,37:50.0,,,,,,,
26-Jul-21,137634,42784,8,Rejected,37:54.0,,,,,,,
26-Jul-21,135408,94800,3,Shipped,37:56.0,,,,,,,
26-Jul-21,138462,18632,1,Rejected,37:57.0,,,,,,,
26-Jul-21,123438,91288,2,Shipped,38:30.0,,,,,,,
26-Jul-21,297735,144536,5,Rejected,38:37.0,,,,,,,
26-Jul-21,135024,101728,3,Rejected,38:57.0,,,,,,,
26-Jul-21,126204,104452,2,Rejected,38:59.0,,,,,,,
26-Jul-21,298479,145908,3,Shipped,39:15.0,,,,,,,
26-Jul-21,129336,87812,4,Rejected,39:36.0,,,,,,,
26-Jul-21,138339,43844,9,Rejected,39:55.0,,,,,,,
26-Jul-21,133119,70960,1,Rejected,41:23.0,,,,,,,
26-Jul-21,297582,210260,1,Rejected,41:29.0,,,,,,,
26-Jul-21,121941,47488,8,Rejected,42:08.0,,,,,,,
26-Jul-21,126324,45688,8,Rejected,42:15.0,,,,,,,
26-Jul-21,136443,44104,9,Rejected,42:17.0,,,,,,,
26-Jul-21,127371,45196,8,Shipped,42:29.0,,,,,,,
26-Jul-21,122526,43408,8,Rejected,42:52.0,,,,,,,
26-Jul-21,124218,44100,9,Shipped,42:55.0,,,,,,,
26-Jul-21,297738,211596,3,Rejected,43:15.0,,,,,,,
26-Jul-21,133791,38056,1,Shipped,44:50.0,,,,,,,
26-Jul-21,121185,99416,3,Shipped,44:52.0,,,,,,,
26-Jul-21,129366,76588,2,Rejected,45:34.0,,,,,,,
26-Jul-21,137478,52408,1,Rejected,45:52.0,,,,,,,
26-Jul-21,124545,42164,8,Rejected,45:53.0,,,,,,,
26-Jul-21,125805,57196,8,Rejected,46:44.0,,,,,,,
26-Jul-21,136902,96072,5,Shipped,46:54.0,,,,,,,
26-Jul-21,136350,56168,8,Shipped,47:37.0,,,,,,,
26-Jul-21,136194,55508,1,Shipped,47:39.0,,,,,,,
26-Jul-21,127284,74092,8,Rejected,47:56.0,,,,,,,
26-Jul-21,120576,55796,5,Shipped,48:04.0,,,,,,,
26-Jul-21,125526,100088,8,Shipped,48:28.0,,,,,,,
26-Jul-21,134430,61460,8,Shipped,49:20.0,,,,,,,
26-Jul-21,122919,28596,1,Shipped,49:37.0,,,,,,,
26-Jul-21,137415,84992,8,Shipped,49:59.0,,,,,,,
26-Jul-21,137646,52788,4,Rejected,50:03.0,,,,,,,
26-Jul-21,124278,91932,2,Rejected,50:51.0,,,,,,,
26-Jul-21,126669,44572,1,Rejected,50:52.0,,,,,,,
26-Jul-21,131211,48176,9,Rejected,50:56.0,,,,,,,
26-Jul-21,137538,1284,1,Rejected,52:00.0,,,,,,,
26-Jul-21,137004,117024,1,Shipped,52:03.0,,,,,,,
26-Jul-21,130254,92876,4,Rejected,52:08.0,,,,,,,
26-Jul-21,136374,115276,5,Rejected,52:22.0,,,,,,,
26-Jul-21,131070,83456,9,Rejected,52:56.0,,,,,,,
26-Jul-21,125268,78736,5,Shipped,53:26.0,,,,,,,
26-Jul-21,129903,94104,3,Rejected,53:42.0,,,,,,,
26-Jul-21,136617,100088,8,Shipped,53:52.0,,,,,,,
26-Jul-21,131910,23188,1,Shipped,54:12.0,,,,,,,
26-Jul-21,122676,98488,4,Shipped,55:36.0,,,,,,,
26-Jul-21,298080,181684,3,Rejected,55:42.0,,,,,,,
26-Jul-21,130833,77732,4,Rejected,55:47.0,,,,,,,
26-Jul-21,122196,91916,3,Rejected,55:56.0,,,,,,,
26-Jul-21,128904,110036,2,Rejected,55:57.0,,,,,,,
26-Jul-21,130314,24768,1,Shipped,56:34.0,,,,,,,
26-Jul-21,131703,112500,2,Shipped,56:43.0,,,,,,,
26-Jul-21,124659,38740,1,Shipped,57:04.0,,,,,,,
26-Jul-21,120384,86416,7,Rejected,57:15.0,,,,,,,
26-Jul-21,134802,66804,2,Shipped,57:19.0,,,,,,,
26-Jul-21,125913,43844,9,Rejected,57:39.0,,,,,,,
26-Jul-21,129312,92804,5,Shipped,57:41.0,,,,,,,
26-Jul-21,122817,103924,1,Rejected,57:54.0,,,,,,,
26-Jul-21,124323,99536,7,Shipped,58:08.0,,,,,,,
26-Jul-21,132504,98012,2,Rejected,58:16.0,,,,,,,
26-Jul-21,122280,97732,8,Rejected,58:22.0,,,,,,,
26-Jul-21,133311,62796,1,Shipped,59:40.0,,,,,,,
26-Jul-21,135885,109536,9,Rejected,59:46.0,,,,,,,
27-Jul-21,120597,68188,5,Rejected,01:05.0,,,,,,,
27-Jul-21,127827,88044,8,Rejected,01:29.0,,,,,,,
27-Jul-21,128454,101536,1,Shipped,01:38.0,,,,,,,
27-Jul-21,133446,48840,8,Shipped,01:48.0,,,,,,,
27-Jul-21,137013,57724,9,Rejected,02:33.0,,,,,,,
27-Jul-21,122832,70224,3,Shipped,02:45.0,,,,,,,
27-Jul-21,133692,76784,2,Rejected,03:19.0,,,,,,,
27-Jul-21,131358,2452,1,Shipped,03:23.0,,,,,,,
27-Jul-21,124518,2712,1,Rejected,04:09.0,,,,,,,
27-Jul-21,131316,83964,3,Shipped,04:09.0,,,,,,,
27-Jul-21,125016,29560,1,Rejected,04:31.0,,,,,,,
27-Jul-21,125493,42248,8,Rejected,04:58.0,,,,,,,
27-Jul-21,126690,107908,8,Rejected,05:17.0,,,,,,,
27-Jul-21,122475,58352,9,Rejected,05:23.0,,,,,,,
27-Jul-21,133089,112224,2,Shipped,05:31.0,,,,,,,
27-Jul-21,129087,105572,3,Shipped,06:13.0,,,,,,,
27-Jul-21,128232,76092,1,Rejected,06:43.0,,,,,,,
27-Jul-21,297396,214796,8,Shipped,06:52.0,,,,,,,
27-Jul-21,129474,109504,9,Shipped,06:54.0,,,,,,,
27-Jul-21,123411,104128,9,Rejected,07:23.0,,,,,,,
27-Jul-21,130683,71400,1,Rejected,07:39.0,,,,,,,
27-Jul-21,123723,52032,8,Rejected,08:01.0,,,,,,,
27-Jul-21,132519,113136,1,Rejected,08:11.0,,,,,,,
27-Jul-21,131451,108468,9,Rejected,08:18.0,,,,,,,
27-Jul-21,125412,42248,8,Rejected,08:44.0,,,,,,,
27-Jul-21,120990,84000,9,Shipped,09:14.0,,,,,,,
27-Jul-21,136746,103984,9,Rejected,09:15.0,,,,,,,
27-Jul-21,126612,96788,2,Shipped,09:20.0,,,,,,,
27-Jul-21,129102,33712,5,Shipped,09:31.0,,,,,,,
27-Jul-21,138228,51000,2,Shipped,11:09.0,,,,,,,
27-Jul-21,124443,91752,2,Shipped,11:13.0,,,,,,,
27-Jul-21,124341,30796,1,Rejected,11:14.0,,,,,,,
27-Jul-21,297168,151480,1,Rejected,11:18.0,,,,,,,
27-Jul-21,129768,28100,1,Rejected,11:21.0,,,,,,,
27-Jul-21,297885,121416,10,Rejected,11:37.0,,,,,,,
27-Jul-21,125361,83588,9,Rejected,12:36.0,,,,,,,
27-Jul-21,132708,2492,1,Shipped,12:56.0,,,,,,,
27-Jul-21,127656,96412,5,Shipped,13:15.0,,,,,,,
27-Jul-21,121251,1600,1,Shipped,13:27.0,,,,,,,
27-Jul-21,136539,116652,8,Pending,13:32.0,,,,,,,
27-Jul-21,129003,105272,9,Rejected,14:06.0,,,,,,,
27-Jul-21,129120,47296,5,Shipped,14:27.0,,,,,,,
27-Jul-21,120177,96684,3,Rejected,14:39.0,,,,,,,
27-Jul-21,137124,117140,1,Rejected,14:45.0,,,,,,,
27-Jul-21,137994,76408,3,Rejected,14:48.0,,,,,,,
27-Jul-21,127110,20868,1,Rejected,14:49.0,,,,,,,
27-Jul-21,123609,44684,8,Rejected,15:04.0,,,,,,,
27-Jul-21,297822,173240,9,Rejected,15:12.0,,,,,,,
27-Jul-21,126723,40524,5,Rejected,15:22.0,,,,,,,
27-Jul-21,132783,60280,8,Rejected,15:26.0,,,,,,,
27-Jul-21,138312,90268,2,Rejected,15:37.0,,,,,,,
27-Jul-21,123831,41452,8,Shipped,15:43.0,,,,,,,
27-Jul-21,136956,44628,9,Shipped,15:56.0,,,,,,,
27-Jul-21,124743,30580,1,Rejected,16:06.0,,,,,,,
27-Jul-21,124035,58664,8,Rejected,16:16.0,,,,,,,
27-Jul-21,138492,100240,9,Shipped,16:16.0,,,,,,,
27-Jul-21,131424,60968,2,Shipped,16:19.0,,,,,,,
27-Jul-21,138399,50136,1,Shipped,16:21.0,,,,,,,
27-Jul-21,128850,90308,1,Rejected,16:26.0,,,,,,,
27-Jul-21,130443,42120,8,Rejected,16:31.0,,,,,,,
27-Jul-21,132840,32000,5,Shipped,16:39.0,,,,,,,
27-Jul-21,129669,94600,9,Shipped,16:53.0,,,,,,,
27-Jul-21,132843,113496,4,Rejected,16:53.0,,,,,,,
27-Jul-21,132450,30260,1,Shipped,16:57.0,,,,,,,
27-Jul-21,133635,112320,2,Rejected,17:08.0,,,,,,,
27-Jul-21,129012,24504,1,Shipped,18:04.0,,,,,,,
27-Jul-21,121425,91432,1,Rejected,18:21.0,,,,,,,
27-Jul-21,137064,90268,2,Rejected,18:27.0,,,,,,,
27-Jul-21,119967,98124,2,Rejected,18:39.0,,,,,,,
27-Jul-21,123735,89164,7,Rejected,18:46.0,,,,,,,
27-Jul-21,123312,49952,8,Rejected,19:12.0,,,,,,,
27-Jul-21,128247,109384,1,Rejected,19:13.0,,,,,,,
27-Jul-21,135975,35268,1,Shipped,19:59.0,,,,,,,
27-Jul-21,132141,78208,2,Rejected,20:03.0,,,,,,,
27-Jul-21,132987,57908,1,Rejected,20:07.0,,,,,,,
27-Jul-21,132714,71032,1,Shipped,20:13.0,,,,,,,
27-Jul-21,297708,88788,2,Rejected,20:58.0,,,,,,,
27-Jul-21,297711,152544,2,Shipped,21:15.0,,,,,,,
27-Jul-21,125082,68976,9,Shipped,21:21.0,,,,,,,
27-Jul-21,136299,54812,3,Shipped,21:28.0,,,,,,,
27-Jul-21,138405,47808,5,Shipped,21:50.0,,,,,,,
27-Jul-21,135801,100040,3,Rejected,21:53.0,,,,,,,
27-Jul-21,126912,100480,2,Shipped,22:07.0,,,,,,,
27-Jul-21,124101,52032,8,Rejected,22:28.0,,,,,,,
27-Jul-21,130083,81848,2,Shipped,22:28.0,,,,,,,
27-Jul-21,128319,50968,9,Rejected,22:49.0,,,,,,,
27-Jul-21,130155,108752,1,Rejected,23:51.0,,,,,,,
27-Jul-21,136698,82448,2,Shipped,24:09.0,,,,,,,
27-Jul-21,126147,80780,9,Rejected,24:54.0,,,,,,,
27-Jul-21,134241,33112,5,Rejected,24:56.0,,,,,,,
27-Jul-21,121173,52128,9,Rejected,25:03.0,,,,,,,
27-Jul-21,131742,86296,1,Shipped,25:14.0,,,,,,,
27-Jul-21,120033,76096,3,Rejected,26:10.0,,,,,,,
27-Jul-21,122715,70320,3,Rejected,26:21.0,,,,,,,
27-Jul-21,133941,114452,9,Rejected,26:36.0,,,,,,,
27-Jul-21,130347,35676,1,Shipped,26:39.0,,,,,,,
27-Jul-21,128517,55796,5,Rejected,27:12.0,,,,,,,
27-Jul-21,122766,73252,4,Rejected,27:18.0,,,,,,,
27-Jul-21,134892,94168,3,Rejected,27:30.0,,,,,,,
27-Jul-21,134457,59436,9,Rejected,27:40.0,,,,,,,
27-Jul-21,122904,78776,4,Shipped,27:41.0,,,,,,,
27-Jul-21,121500,74156,3,Shipped,28:06.0,,,,,,,
27-Jul-21,133281,47156,5,Rejected,28:16.0,,,,,,,
27-Jul-21,131676,73488,1,Shipped,28:32.0,,,,,,,
27-Jul-21,127197,20360,1,Rejected,29:03.0,,,,,,,
27-Jul-21,124755,88144,9,Shipped,29:20.0,,,,,,,
27-Jul-21,298161,108752,1,Shipped,29:21.0,,,,,,,
27-Jul-21,124122,104468,3,Rejected,29:26.0,,,,,,,
27-Jul-21,132051,77060,3,Rejected,29:56.0,,,,,,,
27-Jul-21,123990,53108,8,Rejected,30:03.0,,,,,,,
27-Jul-21,126135,107248,1,Rejected,30:06.0,,,,,,,
27-Jul-21,131634,102376,1,Shipped,30:26.0,,,,,,,
27-Jul-21,126270,107464,8,Rejected,30:34.0,,,,,,,
27-Jul-21,121374,98964,1,Rejected,31:08.0,,,,,,,
27-Jul-21,127743,71116,9,Shipped,31:14.0,,,,,,,
27-Jul-21,131022,107900,5,Rejected,31:24.0,,,,,,,
27-Jul-21,130476,74192,3,Rejected,31:47.0,,,,,,,
27-Jul-21,131637,56352,1,Shipped,31:52.0,,,,,,,
27-Jul-21,129549,58804,7,Shipped,32:01.0,,,,,,,
27-Jul-21,132957,80152,9,Rejected,32:16.0,,,,,,,
27-Jul-21,132534,108472,2,Shipped,32:23.0,,,,,,,
27-Jul-21,135813,116292,9,Rejected,32:29.0,,,,,,,
27-Jul-21,298056,189956,9,Rejected,32:40.0,,,,,,,
27-Jul-21,129417,25544,1,Rejected,32:48.0,,,,,,,
27-Jul-21,121923,35808,1,Rejected,32:59.0,,,,,,,
27-Jul-21,131685,74180,8,Rejected,33:08.0,,,,,,,
27-Jul-21,129147,109368,1,Rejected,33:20.0,,,,,,,
27-Jul-21,132468,100088,8,Shipped,33:45.0,,,,,,,
27-Jul-21,123771,32296,5,Rejected,33:58.0,,,,,,,
27-Jul-21,135567,30044,4,Rejected,34:11.0,,,,,,,
27-Jul-21,132063,77060,3,Shipped,34:15.0,,,,,,,
27-Jul-21,135633,20360,1,Shipped,34:15.0,,,,,,,
27-Jul-21,297150,65864,9,Rejected,34:45.0,,,,,,,
27-Jul-21,129813,41216,8,Rejected,34:51.0,,,,,,,
27-Jul-21,138459,18632,1,Rejected,35:24.0,,,,,,,
27-Jul-21,131199,65044,8,Shipped,35:30.0,,,,,,,
27-Jul-21,131517,103780,2,Shipped,35:59.0,,,,,,,
27-Jul-21,129885,56116,8,Rejected,36:04.0,,,,,,,
27-Jul-21,127635,44336,9,Rejected,36:37.0,,,,,,,
27-Jul-21,124404,46944,8,Rejected,36:57.0,,,,,,,
27-Jul-21,125403,61436,2,Rejected,38:08.0,,,,,,,
27-Jul-21,120825,40616,1,Rejected,38:15.0,,,,,,,
27-Jul-21,133482,94600,9,Shipped,38:55.0,,,,,,,
27-Jul-21,296835,213024,1,Rejected,38:59.0,,,,,,,
27-Jul-21,135771,80780,9,Rejected,39:14.0,,,,,,,
27-Jul-21,121284,1208,1,Rejected,39:28.0,,,,,,,
27-Jul-21,123942,64364,8,Rejected,39:48.0,,,,,,,
27-Jul-21,125586,68124,2,Rejected,40:09.0,,,,,,,
27-Jul-21,125466,43888,9,Rejected,40:20.0,,,,,,,
27-Jul-21,137175,94968,3,Rejected,40:47.0,,,,,,,
27-Jul-21,129873,47444,8,Shipped,41:19.0,,,,,,,
27-Jul-21,128358,54624,1,Shipped,41:22.0,,,,,,,
27-Jul-21,297654,152544,2,Rejected,41:24.0,,,,,,,
27-Jul-21,134862,19404,1,Rejected,42:13.0,,,,,,,
27-Jul-21,135468,113748,8,Rejected,42:30.0,,,,,,,
27-Jul-21,133788,18940,1,Rejected,42:51.0,,,,,,,
27-Jul-21,133620,114192,9,Shipped,43:14.0,,,,,,,
27-Jul-21,129162,108468,9,Rejected,43:20.0,,,,,,,
27-Jul-21,297741,207712,5,Shipped,43:39.0,,,,,,,
27-Jul-21,133851,27580,1,Rejected,43:52.0,,,,,,,
27-Jul-21,122370,95308,3,Rejected,44:07.0,,,,,,,
27-Jul-21,130563,51776,7,Rejected,44:13.0,,,,,,,
27-Jul-21,127911,42516,1,Shipped,44:16.0,,,,,,,
27-Jul-21,126777,103964,3,Shipped,44:48.0,,,,,,,
27-Jul-21,134841,29788,1,Rejected,45:00.0,,,,,,,
27-Jul-21,124623,35700,5,Rejected,45:12.0,,,,,,,
27-Jul-21,297915,218220,2,Rejected,45:17.0,,,,,,,
27-Jul-21,131889,107992,5,Rejected,45:24.0,,,,,,,
27-Jul-21,124587,86520,2,Rejected,45:28.0,,,,,,,
27-Jul-21,297531,151788,10,Rejected,46:03.0,,,,,,,
27-Jul-21,134427,30580,1,Rejected,46:23.0,,,,,,,
27-Jul-21,124791,95288,8,Shipped,46:35.0,,,,,,,
27-Jul-21,130413,86520,2,Rejected,46:40.0,,,,,,,
27-Jul-21,120621,100632,3,Rejected,47:03.0,,,,,,,
27-Jul-21,133587,21088,1,Shipped,47:18.0,,,,,,,
27-Jul-21,126528,62640,8,Rejected,47:23.0,,,,,,,
27-Jul-21,130365,56616,1,Rejected,47:24.0,,,,,,,
27-Jul-21,297858,83392,10,Rejected,47:54.0,,,,,,,
27-Jul-21,138042,117916,1,Rejected,48:11.0,,,,,,,
27-Jul-21,124704,98600,3,Rejected,48:38.0,,,,,,,
27-Jul-21,124065,59152,8,Rejected,48:49.0,,,,,,,
27-Jul-21,138045,45816,8,Rejected,48:50.0,,,,,,,
27-Jul-21,121959,66016,3,Rejected,48:59.0,,,,,,,
27-Jul-21,121962,66016,3,Rejected,49:21.0,,,,,,,
27-Jul-21,123891,30004,1,Rejected,49:47.0,,,,,,,
27-Jul-21,130821,9588,1,Rejected,50:04.0,,,,,,,
27-Jul-21,136074,62236,8,Shipped,50:13.0,,,,,,,
27-Jul-21,132918,3408,1,Rejected,50:18.0,,,,,,,
27-Jul-21,120717,41840,8,Rejected,50:39.0,,,,,,,
27-Jul-21,136611,44320,9,Shipped,50:46.0,,,,,,,
27-Jul-21,121335,82356,2,Shipped,51:00.0,,,,,,,
27-Jul-21,134262,58420,8,Rejected,51:12.0,,,,,,,
27-Jul-21,123018,53788,1,Rejected,51:32.0,,,,,,,
27-Jul-21,131391,82504,8,Rejected,51:37.0,,,,,,,
27-Jul-21,121662,97116,9,Rejected,52:37.0,,,,,,,
27-Jul-21,124506,67156,4,Rejected,52:38.0,,,,,,,
27-Jul-21,134868,75176,4,Rejected,52:58.0,,,,,,,
27-Jul-21,123849,104904,5,Rejected,53:25.0,,,,,,,
27-Jul-21,137178,61748,8,Rejected,54:50.0,,,,,,,
27-Jul-21,124317,54780,8,Shipped,56:13.0,,,,,,,
27-Jul-21,133308,1480,1,Shipped,56:34.0,,,,,,,
27-Jul-21,126309,53700,5,Rejected,56:35.0,,,,,,,
27-Jul-21,129996,75000,5,Rejected,56:46.0,,,,,,,
27-Jul-21,126381,61884,9,Rejected,57:08.0,,,,,,,
27-Jul-21,137187,62796,1,Rejected,57:45.0,,,,,,,
27-Jul-21,128289,22632,1,Shipped,57:59.0,,,,,,,
27-Jul-21,124023,51408,9,Shipped,58:26.0,,,,,,,
27-Jul-21,121125,69976,2,Rejected,59:07.0,,,,,,,
27-Jul-21,125064,90308,1,Shipped,59:43.0,,,,,,,
28-Jul-21,134640,18712,1,Rejected,00:07.0,,,,,,,
28-Jul-21,135294,89392,1,Rejected,00:17.0,,,,,,,
28-Jul-21,120201,53728,1,Rejected,00:18.0,,,,,,,
28-Jul-21,297114,98452,10,Shipped,00:40.0,,,,,,,
28-Jul-21,298164,57668,5,Rejected,00:52.0,,,,,,,
28-Jul-21,123588,104624,2,Rejected,00:53.0,,,,,,,
28-Jul-21,130263,26460,1,Shipped,01:28.0,,,,,,,
28-Jul-21,124665,48104,8,Rejected,01:39.0,,,,,,,
28-Jul-21,128655,98452,3,Rejected,02:25.0,,,,,,,
28-Jul-21,126237,104712,9,Shipped,02:33.0,,,,,,,
28-Jul-21,132930,58824,8,Rejected,02:33.0,,,,,,,
28-Jul-21,131772,90308,1,Shipped,02:55.0,,,,,,,
28-Jul-21,134160,28200,5,Shipped,03:03.0,,,,,,,
28-Jul-21,121989,30796,1,Rejected,03:27.0,,,,,,,
28-Jul-21,122610,103812,7,Rejected,03:48.0,,,,,,,
28-Jul-21,297753,205084,9,Rejected,04:06.0,,,,,,,
28-Jul-21,124335,105456,2,Shipped,04:22.0,,,,,,,
28-Jul-21,136533,70964,8,Shipped,04:37.0,,,,,,,
28-Jul-21,121617,57296,1,Rejected,05:41.0,,,,,,,
28-Jul-21,137019,46000,5,Shipped,06:10.0,,,,,,,
28-Jul-21,298041,22648,1,Shipped,06:13.0,,,,,,,
28-Jul-21,120138,54484,5,Rejected,07:03.0,,,,,,,
28-Jul-21,124764,42432,8,Rejected,07:06.0,,,,,,,
28-Jul-21,131448,112052,4,Rejected,07:15.0,,,,,,,
28-Jul-21,298092,220180,9,Shipped,07:17.0,,,,,,,
28-Jul-21,135138,67708,4,Rejected,07:21.0,,,,,,,
28-Jul-21,120645,94044,9,Shipped,07:36.0,,,,,,,
28-Jul-21,121893,102444,1,Rejected,07:53.0,,,,,,,
28-Jul-21,130857,9588,1,Rejected,08:00.0,,,,,,,
28-Jul-21,127779,108904,9,Rejected,08:37.0,,,,,,,
28-Jul-21,128106,107464,8,Shipped,08:40.0,,,,,,,
28-Jul-21,122001,66016,3,Rejected,08:45.0,,,,,,,
28-Jul-21,120267,45196,8,Rejected,08:48.0,,,,,,,
28-Jul-21,127302,73452,2,Rejected,08:55.0,,,,,,,
28-Jul-21,137502,32980,5,Rejected,09:01.0,,,,,,,
28-Jul-21,122301,90876,3,Rejected,09:33.0,,,,,,,
28-Jul-21,125556,89256,9,Shipped,09:34.0,,,,,,,
28-Jul-21,124170,85584,8,Rejected,09:40.0,,,,,,,
28-Jul-21,136578,69052,2,Rejected,09:58.0,,,,,,,
28-Jul-21,121245,61772,5,Shipped,09:59.0,,,,,,,
28-Jul-21,125862,96032,8,Rejected,10:27.0,,,,,,,
28-Jul-21,133461,54784,1,Shipped,10:27.0,,,,,,,
28-Jul-21,127893,85600,8,Shipped,10:28.0,,,,,,,
28-Jul-21,126615,106088,2,Rejected,10:47.0,,,,,,,
28-Jul-21,123276,104368,8,Rejected,10:49.0,,,,,,,
28-Jul-21,123510,87812,4,Rejected,10:57.0,,,,,,,
28-Jul-21,128112,43988,9,Rejected,11:27.0,,,,,,,
28-Jul-21,128382,109492,9,Shipped,11:30.0,,,,,,,
28-Jul-21,128739,77548,4,Rejected,11:35.0,,,,,,,
28-Jul-21,124446,18748,1,Rejected,11:38.0,,,,,,,
28-Jul-21,133818,57040,9,Rejected,11:51.0,,,,,,,
28-Jul-21,131727,66644,3,Shipped,11:59.0,,,,,,,
28-Jul-21,122010,66016,3,Shipped,12:12.0,,,,,,,
28-Jul-21,138360,100144,9,Shipped,12:16.0,,,,,,,
28-Jul-21,137907,38752,1,Rejected,12:19.0,,,,,,,
28-Jul-21,123732,104776,8,Rejected,12:20.0,,,,,,,
28-Jul-21,298095,215828,11,Rejected,12:34.0,,,,,,,
28-Jul-21,127599,3720,1,Rejected,12:52.0,,,,,,,
28-Jul-21,131511,60388,8,Rejected,12:56.0,,,,,,,
28-Jul-21,133608,42460,1,Rejected,13:20.0,,,,,,,
28-Jul-21,126495,107708,2,Rejected,13:22.0,,,,,,,
28-Jul-21,129438,87616,8,Shipped,13:35.0,,,,,,,
28-Jul-21,136644,110600,3,Rejected,13:46.0,,,,,,,
28-Jul-21,132618,52300,8,Shipped,13:59.0,,,,,,,
28-Jul-21,297399,219800,10,Rejected,14:14.0,,,,,,,
28-Jul-21,297687,161572,11,Rejected,14:15.0,,,,,,,
28-Jul-21,123915,79316,4,Shipped,14:35.0,,,,,,,
28-Jul-21,135906,96808,4,Shipped,14:37.0,,,,,,,
28-Jul-21,131178,104192,2,Rejected,14:38.0,,,,,,,
28-Jul-21,120948,49832,9,Shipped,15:37.0,,,,,,,
28-Jul-21,130923,20932,1,Rejected,15:51.0,,,,,,,
28-Jul-21,297615,211316,4,Rejected,16:38.0,,,,,,,
28-Jul-21,135558,54080,9,Shipped,17:01.0,,,,,,,
28-Jul-21,126009,107072,1,Rejected,17:12.0,,,,,,,
28-Jul-21,136296,89176,2,Rejected,17:21.0,,,,,,,
28-Jul-21,138129,42784,8,Rejected,17:32.0,,,,,,,
28-Jul-21,125280,29500,1,Shipped,17:33.0,,,,,,,
28-Jul-21,134922,79072,4,Shipped,18:01.0,,,,,,,
28-Jul-21,126438,94932,9,Rejected,18:05.0,,,,,,,
28-Jul-21,127725,81760,3,Rejected,18:16.0,,,,,,,
28-Jul-21,130578,57084,8,Rejected,18:43.0,,,,,,,
28-Jul-21,135798,100040,3,Rejected,18:43.0,,,,,,,
28-Jul-21,136830,89800,3,Rejected,18:58.0,,,,,,,
28-Jul-21,133509,114084,7,Shipped,19:02.0,,,,,,,
28-Jul-21,132936,58824,8,Rejected,20:10.0,,,,,,,
28-Jul-21,122760,22652,1,Shipped,20:18.0,,,,,,,
28-Jul-21,298293,191308,3,Rejected,20:36.0,,,,,,,
28-Jul-21,128589,44268,8,Rejected,20:55.0,,,,,,,
28-Jul-21,130275,95816,2,Shipped,21:25.0,,,,,,,
28-Jul-21,127545,108752,1,Rejected,21:29.0,,,,,,,
28-Jul-21,129684,30300,5,Shipped,21:29.0,,,,,,,
28-Jul-21,123420,52300,8,Shipped,21:40.0,,,,,,,
28-Jul-21,128676,61428,3,Shipped,22:24.0,,,,,,,
28-Jul-21,298167,133960,5,Rejected,23:42.0,,,,,,,
28-Jul-21,121380,45028,9,Rejected,23:56.0,,,,,,,
28-Jul-21,136842,75220,3,Rejected,24:03.0,,,,,,,
28-Jul-21,135147,52292,8,Shipped,24:25.0,,,,,,,
28-Jul-21,121467,101908,2,Rejected,24:26.0,,,,,,,
28-Jul-21,135258,92600,9,Rejected,24:46.0,,,,,,,
28-Jul-21,129846,38796,1,Rejected,25:19.0,,,,,,,
28-Jul-21,124977,78812,3,Rejected,25:24.0,,,,,,,
28-Jul-21,126930,76556,8,Shipped,25:31.0,,,,,,,
28-Jul-21,135702,57148,9,Shipped,25:31.0,,,,,,,
28-Jul-21,133554,20692,1,Shipped,25:47.0,,,,,,,
28-Jul-21,126222,107364,1,Rejected,26:01.0,,,,,,,
28-Jul-21,133233,57480,2,Shipped,26:45.0,,,,,,,
28-Jul-21,137745,117160,3,Rejected,26:50.0,,,,,,,
28-Jul-21,130230,75524,1,Rejected,27:00.0,,,,,,,
28-Jul-21,124257,91432,1,Rejected,27:12.0,,,,,,,
28-Jul-21,121212,68484,7,Rejected,27:18.0,,,,,,,
28-Jul-21,134577,50560,9,Rejected,27:22.0,,,,,,,
28-Jul-21,134514,78352,3,Shipped,27:40.0,,,,,,,
28-Jul-21,137940,54376,8,Shipped,27:49.0,,,,,,,
28-Jul-21,298158,115136,1,Rejected,27:51.0,,,,,,,
28-Jul-21,127494,61352,9,Rejected,28:15.0,,,,,,,
28-Jul-21,135015,45816,8,Rejected,28:28.0,,,,,,,
28-Jul-21,136977,45196,8,Shipped,28:35.0,,,,,,,
28-Jul-21,138081,24572,1,Shipped,28:42.0,,,,,,,
28-Jul-21,131631,112448,8,Rejected,28:43.0,,,,,,,
28-Jul-21,297636,2124,1,Shipped,28:44.0,,,,,,,
28-Jul-21,130956,90308,1,Rejected,29:13.0,,,,,,,
28-Jul-21,137949,67884,2,Shipped,29:17.0,,,,,,,
28-Jul-21,134190,28384,1,Shipped,29:21.0,,,,,,,
28-Jul-21,122514,100848,2,Rejected,29:47.0,,,,,,,
28-Jul-21,124128,81684,2,Rejected,29:56.0,,,,,,,
28-Jul-21,127854,48572,9,Shipped,29:56.0,,,,,,,
28-Jul-21,129603,100036,9,Rejected,30:05.0,,,,,,,
28-Jul-21,128127,107992,5,Rejected,30:12.0,,,,,,,
28-Jul-21,135270,90384,7,Shipped,30:18.0,,,,,,,
28-Jul-21,123627,62328,8,Shipped,30:26.0,,,,,,,
28-Jul-21,133881,49532,9,Shipped,30:51.0,,,,,,,
28-Jul-21,121920,102480,2,Rejected,31:08.0,,,,,,,
28-Jul-21,128553,66000,9,Rejected,31:14.0,,,,,,,
28-Jul-21,132651,26460,1,Shipped,31:21.0,,,,,,,
28-Jul-21,125415,60008,1,Rejected,31:36.0,,,,,,,
28-Jul-21,121470,42120,8,Rejected,31:39.0,,,,,,,
28-Jul-21,124047,105184,8,Rejected,31:43.0,,,,,,,
28-Jul-21,124476,52724,1,Shipped,31:55.0,,,,,,,
28-Jul-21,122454,103580,1,Rejected,32:08.0,,,,,,,
28-Jul-21,129222,77336,2,Rejected,32:26.0,,,,,,,
28-Jul-21,297894,68384,8,Rejected,32:26.0,,,,,,,
28-Jul-21,127905,19080,1,Shipped,33:05.0,,,,,,,
28-Jul-21,122907,28488,5,Rejected,33:20.0,,,,,,,
28-Jul-21,298062,219144,8,Rejected,33:26.0,,,,,,,
28-Jul-21,131871,94928,1,Rejected,33:28.0,,,,,,,
28-Jul-21,138327,98012,2,Shipped,33:40.0,,,,,,,
28-Jul-21,138456,103448,3,Rejected,33:41.0,,,,,,,
28-Jul-21,134043,84516,3,Shipped,34:25.0,,,,,,,
28-Jul-21,123246,104276,1,Rejected,34:46.0,,,,,,,
28-Jul-21,124611,32884,5,Rejected,34:50.0,,,,,,,
28-Jul-21,124269,105244,2,Rejected,35:30.0,,,,,,,
28-Jul-21,121386,98964,1,Rejected,35:38.0,,,,,,,
28-Jul-21,136992,37084,1,Shipped,35:39.0,,,,,,,
28-Jul-21,125139,94500,9,Shipped,35:53.0,,,,,,,
28-Jul-21,297729,211596,3,Rejected,36:01.0,,,,,,,
28-Jul-21,127749,65336,1,Shipped,36:02.0,,,,,,,
28-Jul-21,128883,57952,5,Shipped,37:32.0,,,,,,,
28-Jul-21,123087,99300,9,Shipped,37:41.0,,,,,,,
28-Jul-21,127029,78960,1,Shipped,37:46.0,,,,,,,
28-Jul-21,121581,101416,1,Rejected,38:09.0,,,,,,,
28-Jul-21,135165,105456,2,Rejected,38:09.0,,,,,,,
28-Jul-21,128217,64668,4,Rejected,38:33.0,,,,,,,
28-Jul-21,130899,108812,8,Rejected,39:11.0,,,,,,,
28-Jul-21,128889,110020,9,Rejected,39:45.0,,,,,,,
28-Jul-21,129153,108468,9,Rejected,39:45.0,,,,,,,
28-Jul-21,134727,48564,1,Rejected,39:57.0,,,,,,,
28-Jul-21,122787,77732,4,Shipped,40:04.0,,,,,,,
28-Jul-21,127809,35808,1,Rejected,40:18.0,,,,,,,
28-Jul-21,125520,94732,1,Rejected,40:19.0,,,,,,,
28-Jul-21,130308,35676,1,Shipped,40:25.0,,,,,,,
28-Jul-21,134607,32660,1,Rejected,40:33.0,,,,,,,
28-Jul-21,128055,109208,8,Rejected,41:50.0,,,,,,,
28-Jul-21,127446,97608,3,Rejected,42:30.0,,,,,,,
28-Jul-21,128520,21696,1,Shipped,42:40.0,,,,,,,
28-Jul-21,122523,47444,8,Rejected,42:51.0,,,,,,,
28-Jul-21,123567,104644,3,Rejected,43:34.0,,,,,,,
28-Jul-21,123330,73832,9,Shipped,43:38.0,,,,,,,
28-Jul-21,298500,79652,8,Rejected,44:18.0,,,,,,,
28-Jul-21,136719,41248,8,Rejected,44:42.0,,,,,,,
28-Jul-21,121524,97116,9,Rejected,44:45.0,,,,,,,
28-Jul-21,134790,115176,2,Rejected,44:48.0,,,,,,,
28-Jul-21,123645,50484,1,Shipped,44:49.0,,,,,,,
28-Jul-21,137703,98868,1,Shipped,45:11.0,,,,,,,
28-Jul-21,137376,116436,8,Rejected,45:13.0,,,,,,,
28-Jul-21,123198,76372,3,Rejected,45:26.0,,,,,,,
28-Jul-21,134121,24412,1,Rejected,45:32.0,,,,,,,
28-Jul-21,298506,218220,2,Shipped,45:35.0,,,,,,,
28-Jul-21,137871,95256,9,Rejected,45:51.0,,,,,,,
28-Jul-21,122571,102504,2,Shipped,45:59.0,,,,,,,
28-Jul-21,137328,37132,5,Shipped,46:22.0,,,,,,,
28-Jul-21,125706,83720,9,Rejected,46:35.0,,,,,,,
28-Jul-21,136233,20932,1,Shipped,47:00.0,,,,,,,
28-Jul-21,131148,56980,1,Rejected,47:03.0,,,,,,,
28-Jul-21,125907,58952,2,Rejected,47:15.0,,,,,,,
28-Jul-21,128361,84096,2,Shipped,47:15.0,,,,,,,
28-Jul-21,124626,97984,5,Rejected,47:32.0,,,,,,,
28-Jul-21,121551,66000,9,Rejected,47:40.0,,,,,,,
28-Jul-21,125052,19324,1,Shipped,48:08.0,,,,,,,
28-Jul-21,129633,3408,1,Rejected,48:10.0,,,,,,,
28-Jul-21,130602,107448,2,Rejected,48:23.0,,,,,,,
28-Jul-21,137127,61748,8,Rejected,48:53.0,,,,,,,
28-Jul-21,133743,48964,9,Rejected,49:14.0,,,,,,,
28-Jul-21,132492,113224,8,Rejected,49:24.0,,,,,,,
28-Jul-21,134535,57508,1,Shipped,49:44.0,,,,,,,
28-Jul-21,123579,49952,8,Shipped,50:03.0,,,,,,,
28-Jul-21,297057,25932,1,Shipped,50:04.0,,,,,,,
28-Jul-21,125469,29292,5,Rejected,50:16.0,,,,,,,
28-Jul-21,123135,92100,9,Rejected,50:27.0,,,,,,,
28-Jul-21,124356,94468,4,Shipped,50:27.0,,,,,,,
28-Jul-21,130824,61960,9,Shipped,50:35.0,,,,,,,
28-Jul-21,125151,35676,1,Rejected,50:40.0,,,,,,,
28-Jul-21,138105,89308,7,Shipped,50:50.0,,,,,,,
28-Jul-21,297666,28424,1,Shipped,51:20.0,,,,,,,
28-Jul-21,133626,86256,1,Rejected,51:27.0,,,,,,,
28-Jul-21,126600,82296,2,Shipped,51:34.0,,,,,,,
28-Jul-21,132351,103880,1,Rejected,51:42.0,,,,,,,
28-Jul-21,127821,108936,9,Rejected,51:45.0,,,,,,,
28-Jul-21,298320,194096,2,Rejected,51:54.0,,,,,,,
28-Jul-21,127386,108568,2,Rejected,52:04.0,,,,,,,
28-Jul-21,129429,110484,3,Rejected,52:16.0,,,,,,,
28-Jul-21,131589,74980,5,Rejected,52:27.0,,,,,,,
28-Jul-21,121191,101508,1,Rejected,52:29.0,,,,,,,
28-Jul-21,138387,45936,9,Shipped,52:40.0,,,,,,,
28-Jul-21,132891,80516,3,Rejected,52:44.0,,,,,,,
28-Jul-21,134478,55212,1,Rejected,52:45.0,,,,,,,
28-Jul-21,136614,57764,5,Shipped,52:46.0,,,,,,,
28-Jul-21,134739,21844,1,Shipped,53:19.0,,,,,,,
28-Jul-21,135729,28728,1,Shipped,53:44.0,,,,,,,
28-Jul-21,131073,72132,2,Shipped,53:56.0,,,,,,,
28-Jul-21,136251,54812,3,Rejected,54:09.0,,,,,,,
28-Jul-21,120837,94828,9,Rejected,54:32.0,,,,,,,
28-Jul-21,298074,220176,5,Rejected,54:40.0,,,,,,,
28-Jul-21,131076,108752,1,Shipped,54:51.0,,,,,,,
28-Jul-21,126603,25756,1,Rejected,55:09.0,,,,,,,
28-Jul-21,137832,117448,8,Shipped,56:25.0,,,,,,,
28-Jul-21,123237,36232,1,Rejected,57:01.0,,,,,,,
28-Jul-21,126384,107556,1,Rejected,57:11.0,,,,,,,
28-Jul-21,131214,48176,9,Shipped,57:46.0,,,,,,,
28-Jul-21,125544,57440,5,Shipped,57:47.0,,,,,,,
28-Jul-21,122202,91916,3,Rejected,58:54.0,,,,,,,
28-Jul-21,125163,77900,2,Rejected,59:08.0,,,,,,,
28-Jul-21,124431,47312,2,Shipped,59:34.0,,,,,,,
28-Jul-21,125274,74092,8,Rejected,59:36.0,,,,,,,
29-Jul-21,137427,46576,5,Shipped,00:02.0,,,,,,,
29-Jul-21,121020,1600,1,Shipped,00:09.0,,,,,,,
29-Jul-21,120780,86416,7,Shipped,00:28.0,,,,,,,
29-Jul-21,120309,32352,1,Rejected,00:31.0,,,,,,,
29-Jul-21,126984,80840,2,Shipped,00:34.0,,,,,,,
29-Jul-21,133680,76784,2,Rejected,00:46.0,,,,,,,
29-Jul-21,130431,20684,1,Rejected,00:48.0,,,,,,,
29-Jul-21,134487,115016,2,Shipped,01:04.0,,,,,,,
29-Jul-21,130512,110368,1,Rejected,01:25.0,,,,,,,
29-Jul-21,131310,20036,1,Shipped,01:52.0,,,,,,,
29-Jul-21,121488,32884,5,Rejected,01:58.0,,,,,,,
29-Jul-21,123222,58352,9,Rejected,01:58.0,,,,,,,
29-Jul-21,129750,74960,4,Rejected,02:02.0,,,,,,,
29-Jul-21,130722,69052,2,Rejected,02:04.0,,,,,,,
29-Jul-21,127467,54208,9,Rejected,02:20.0,,,,,,,
29-Jul-21,134433,114356,2,Rejected,02:31.0,,,,,,,
29-Jul-21,121986,30796,1,Rejected,02:34.0,,,,,,,
29-Jul-21,131769,24968,1,Shipped,02:44.0,,,,,,,
29-Jul-21,297606,144328,5,Shipped,03:00.0,,,,,,,
29-Jul-21,126558,107172,1,Rejected,03:07.0,,,,,,,
29-Jul-21,135594,91152,1,Shipped,03:14.0,,,,,,,
29-Jul-21,135540,54948,1,Rejected,03:16.0,,,,,,,
29-Jul-21,128574,73072,1,Rejected,03:29.0,,,,,,,
29-Jul-21,123144,49656,5,Shipped,04:16.0,,,,,,,
29-Jul-21,131721,44260,8,Shipped,04:33.0,,,,,,,
29-Jul-21,138111,25420,1,Rejected,04:37.0,,,,,,,
29-Jul-21,134556,51828,9,Shipped,04:56.0,,,,,,,
29-Jul-21,126876,30856,1,Shipped,05:40.0,,,,,,,
29-Jul-21,122232,60552,2,Shipped,07:20.0,,,,,,,
29-Jul-21,124881,99020,9,Shipped,07:22.0,,,,,,,
29-Jul-21,135600,52348,8,Rejected,07:23.0,,,,,,,
29-Jul-21,120537,96808,4,Rejected,07:24.0,,,,,,,
29-Jul-21,137898,55284,8,Shipped,07:30.0,,,,,,,
29-Jul-21,125553,44064,1,Rejected,07:36.0,,,,,,,
29-Jul-21,126291,72572,3,Rejected,08:13.0,,,,,,,
29-Jul-21,126318,71544,3,Rejected,08:36.0,,,,,,,
29-Jul-21,120792,100632,3,Rejected,08:45.0,,,,,,,
29-Jul-21,135699,85868,9,Rejected,09:26.0,,,,,,,
29-Jul-21,129519,42036,1,Rejected,09:34.0,,,,,,,
29-Jul-21,132003,20436,1,Rejected,10:14.0,,,,,,,
29-Jul-21,128919,110060,3,Rejected,10:58.0,,,,,,,
29-Jul-21,123906,55308,1,Shipped,10:59.0,,,,,,,
29-Jul-21,134811,43256,1,Rejected,11:01.0,,,,,,,
29-Jul-21,131922,19684,1,Shipped,11:34.0,,,,,,,
29-Jul-21,121899,100408,3,Rejected,11:43.0,,,,,,,
29-Jul-21,134967,82844,9,Shipped,11:47.0,,,,,,,
29-Jul-21,136752,25420,1,Shipped,11:59.0,,,,,,,
29-Jul-21,123213,1016,1,Shipped,12:03.0,,,,,,,
29-Jul-21,135609,38752,1,Shipped,12:56.0,,,,,,,
29-Jul-21,125664,30500,1,Rejected,13:02.0,,,,,,,
29-Jul-21,122313,77560,9,Shipped,13:03.0,,,,,,,
29-Jul-21,135447,47520,8,Shipped,13:18.0,,,,,,,
29-Jul-21,135318,65612,8,Shipped,14:00.0,,,,,,,
29-Jul-21,123051,22536,1,Shipped,14:06.0,,,,,,,
29-Jul-21,125769,78588,4,Shipped,14:48.0,,,,,,,
29-Jul-21,123417,42860,1,Rejected,14:52.0,,,,,,,
29-Jul-21,127323,105752,2,Rejected,15:23.0,,,,,,,
29-Jul-21,297129,98152,1,Shipped,15:28.0,,,,,,,
29-Jul-21,120342,100616,2,Rejected,15:43.0,,,,,,,
29-Jul-21,136161,79532,2,Rejected,16:06.0,,,,,,,
29-Jul-21,136650,116816,9,Shipped,16:09.0,,,,,,,
29-Jul-21,136293,77732,4,Rejected,16:26.0,,,,,,,
29-Jul-21,123306,76408,3,Rejected,16:29.0,,,,,,,
29-Jul-21,135141,62640,8,Rejected,16:57.0,,,,,,,
29-Jul-21,127899,61376,5,Shipped,17:07.0,,,,,,,
29-Jul-21,123216,71116,9,Shipped,17:27.0,,,,,,,
29-Jul-21,136341,79652,8,Rejected,17:30.0,,,,,,,
29-Jul-21,136767,49168,1,Rejected,19:56.0,,,,,,,
29-Jul-21,297408,163644,1,Rejected,20:00.0,,,,,,,
29-Jul-21,119970,92988,9,Rejected,20:07.0,,,,,,,
29-Jul-21,296766,158876,4,Shipped,20:07.0,,,,,,,
29-Jul-21,125370,91800,1,Rejected,20:34.0,,,,,,,
29-Jul-21,297561,30960,1,Rejected,20:52.0,,,,,,,
29-Jul-21,136491,79652,8,Rejected,20:55.0,,,,,,,
29-Jul-21,124902,78200,8,Shipped,21:11.0,,,,,,,
29-Jul-21,136836,116952,5,Rejected,21:19.0,,,,,,,
29-Jul-21,130641,111652,2,Rejected,21:21.0,,,,,,,
29-Jul-21,126372,18572,1,Rejected,21:31.0,,,,,,,
29-Jul-21,122484,41216,8,Shipped,21:32.0,,,,,,,
29-Jul-21,126297,43120,5,Rejected,21:51.0,,,,,,,
29-Jul-21,120027,18632,1,Rejected,22:43.0,,,,,,,
29-Jul-21,134409,47736,1,Shipped,22:54.0,,,,,,,
29-Jul-21,122649,84612,8,Rejected,23:00.0,,,,,,,
29-Jul-21,133155,95256,9,Shipped,23:10.0,,,,,,,
29-Jul-21,135804,57908,1,Rejected,23:42.0,,,,,,,
29-Jul-21,120864,71800,1,Rejected,23:46.0,,,,,,,
29-Jul-21,123063,54824,8,Rejected,23:57.0,,,,,,,
29-Jul-21,136656,102504,2,Shipped,24:08.0,,,,,,,
29-Jul-21,122958,2828,1,Rejected,24:22.0,,,,,,,
29-Jul-21,123066,104080,2,Rejected,25:03.0,,,,,,,
29-Jul-21,127128,108344,8,Rejected,25:09.0,,,,,,,
29-Jul-21,297720,112644,2,Shipped,25:24.0,,,,,,,
29-Jul-21,133341,61136,1,Rejected,25:28.0,,,,,,,
29-Jul-21,122355,26228,1,Rejected,25:53.0,,,,,,,
29-Jul-21,298191,215900,1,Rejected,26:42.0,,,,,,,
29-Jul-21,126150,107276,1,Rejected,28:40.0,,,,,,,
29-Jul-21,298140,47124,9,Rejected,28:56.0,,,,,,,
29-Jul-21,121602,71804,1,Rejected,29:05.0,,,,,,,
29-Jul-21,135108,38440,1,Rejected,29:07.0,,,,,,,
29-Jul-21,130884,70540,4,Rejected,29:09.0,,,,,,,
29-Jul-21,133878,114412,8,Shipped,29:30.0,,,,,,,
29-Jul-21,131937,87992,8,Shipped,30:00.0,,,,,,,
29-Jul-21,124197,86416,7,Rejected,30:34.0,,,,,,,
29-Jul-21,127626,97920,9,Rejected,31:20.0,,,,,,,
29-Jul-21,122970,18652,1,Rejected,31:42.0,,,,,,,
29-Jul-21,123930,41840,8,Rejected,32:03.0,,,,,,,
29-Jul-21,123525,104624,2,Rejected,32:12.0,,,,,,,
29-Jul-21,297252,130668,11,Rejected,32:21.0,,,,,,,
29-Jul-21,124653,87744,3,Rejected,32:56.0,,,,,,,
29-Jul-21,123219,43844,9,Rejected,33:07.0,,,,,,,
29-Jul-21,128871,57952,5,Rejected,33:35.0,,,,,,,
29-Jul-21,127983,100036,9,Rejected,33:39.0,,,,,,,
29-Jul-21,132879,31812,5,Shipped,33:42.0,,,,,,,
29-Jul-21,119982,86236,3,Rejected,33:57.0,,,,,,,
29-Jul-21,130968,80068,3,Shipped,33:58.0,,,,,,,
29-Jul-21,122772,77732,4,Rejected,34:11.0,,,,,,,
29-Jul-21,137805,117080,9,Rejected,34:37.0,,,,,,,
29-Jul-21,134715,28656,1,Shipped,34:45.0,,,,,,,
29-Jul-21,130629,86988,1,Rejected,35:02.0,,,,,,,
29-Jul-21,120351,79652,8,Rejected,35:12.0,,,,,,,
29-Jul-21,127560,79516,1,Shipped,35:27.0,,,,,,,
29-Jul-21,122982,85712,5,Rejected,35:35.0,,,,,,,
29-Jul-21,125691,23328,1,Rejected,35:38.0,,,,,,,
29-Jul-21,122568,47444,8,Rejected,35:59.0,,,,,,,
29-Jul-21,119988,90308,1,Shipped,36:10.0,,,,,,,
29-Jul-21,135405,101064,9,Rejected,36:33.0,,,,,,,
29-Jul-21,132660,54520,8,Rejected,36:35.0,,,,,,,
29-Jul-21,125694,23328,1,Rejected,36:39.0,,,,,,,
29-Jul-21,134259,114464,8,Rejected,36:41.0,,,,,,,
29-Jul-21,128211,39748,1,Rejected,36:48.0,,,,,,,
29-Jul-21,136551,65552,1,Shipped,37:15.0,,,,,,,
29-Jul-21,120612,100848,2,Shipped,37:21.0,,,,,,,
29-Jul-21,125901,37536,1,Rejected,37:47.0,,,,,,,
29-Jul-21,128886,13156,2,Shipped,38:00.0,,,,,,,
29-Jul-21,122781,103480,9,Rejected,38:07.0,,,,,,,
29-Jul-21,121755,102376,1,Rejected,38:13.0,,,,,,,
29-Jul-21,129927,84492,7,Rejected,38:51.0,,,,,,,
29-Jul-21,121716,64276,8,Rejected,39:10.0,,,,,,,
29-Jul-21,120567,40988,1,Rejected,39:15.0,,,,,,,
29-Jul-21,133782,49076,8,Shipped,39:39.0,,,,,,,
29-Jul-21,297042,204808,10,Shipped,39:41.0,,,,,,,
29-Jul-21,136188,114576,3,Rejected,40:44.0,,,,,,,
29-Jul-21,132393,96112,9,Rejected,41:11.0,,,,,,,
29-Jul-21,138195,114112,3,Shipped,41:13.0,,,,,,,
29-Jul-21,126525,65488,1,Rejected,41:20.0,,,,,,,
29-Jul-21,132159,112320,2,Shipped,41:26.0,,,,,,,
29-Jul-21,135822,18940,1,Rejected,41:30.0,,,,,,,
29-Jul-21,298173,220180,9,Rejected,41:31.0,,,,,,,
29-Jul-21,120831,101100,9,Rejected,41:45.0,,,,,,,
29-Jul-21,126111,107052,1,Rejected,42:14.0,,,,,,,
29-Jul-21,297657,188116,1,Shipped,42:43.0,,,,,,,
29-Jul-21,136446,94300,1,Rejected,42:47.0,,,,,,,
29-Jul-21,130188,60944,1,Shipped,43:03.0,,,,,,,
29-Jul-21,125349,83420,2,Rejected,43:18.0,,,,,,,
29-Jul-21,121839,43888,9,Rejected,43:28.0,,,,,,,
29-Jul-21,121722,83968,9,Shipped,43:58.0,,,,,,,
29-Jul-21,124938,104484,3,Rejected,44:06.0,,,,,,,
29-Jul-21,297912,187352,5,Rejected,44:09.0,,,,,,,
29-Jul-21,123444,78588,4,Rejected,44:14.0,,,,,,,
29-Jul-21,137322,42332,1,Shipped,44:15.0,,,,,,,
29-Jul-21,137097,116480,9,Rejected,44:33.0,,,,,,,
29-Jul-21,127224,35268,1,Rejected,44:41.0,,,,,,,
29-Jul-21,297786,173240,9,Shipped,44:53.0,,,,,,,
29-Jul-21,129498,57024,7,Shipped,44:59.0,,,,,,,
29-Jul-21,123789,44520,9,Rejected,45:02.0,,,,,,,
29-Jul-21,137472,28140,5,Shipped,45:02.0,,,,,,,
29-Jul-21,131298,74544,2,Shipped,45:06.0,,,,,,,
29-Jul-21,127515,104520,9,Rejected,45:14.0,,,,,,,
29-Jul-21,123006,94968,3,Rejected,45:31.0,,,,,,,
29-Jul-21,135999,56924,8,Rejected,45:39.0,,,,,,,
29-Jul-21,121011,101308,9,Rejected,45:44.0,,,,,,,
29-Jul-21,136395,78016,1,Rejected,45:56.0,,,,,,,
29-Jul-21,136461,116700,9,Rejected,45:56.0,,,,,,,
29-Jul-21,132567,66716,3,Rejected,46:42.0,,,,,,,
29-Jul-21,127146,104736,9,Shipped,47:10.0,,,,,,,
29-Jul-21,137409,89800,3,Shipped,47:12.0,,,,,,,
29-Jul-21,138207,26276,1,Shipped,47:27.0,,,,,,,
29-Jul-21,133965,59064,5,Rejected,48:11.0,,,,,,,
29-Jul-21,123099,25268,1,Rejected,48:17.0,,,,,,,
29-Jul-21,130032,1392,1,Shipped,48:17.0,,,,,,,
29-Jul-21,297333,198036,9,Rejected,48:20.0,,,,,,,
29-Jul-21,132408,1480,1,Shipped,48:23.0,,,,,,,
29-Jul-21,126066,107124,9,Rejected,48:40.0,,,,,,,
29-Jul-21,135171,52080,9,Rejected,48:54.0,,,,,,,
29-Jul-21,297747,28200,5,Shipped,48:57.0,,,,,,,
29-Jul-21,132888,26760,4,Rejected,49:37.0,,,,,,,
29-Jul-21,124227,96032,8,Shipped,49:40.0,,,,,,,
29-Jul-21,137337,35416,1,Shipped,49:40.0,,,,,,,
29-Jul-21,128481,109604,4,Rejected,49:45.0,,,,,,,
29-Jul-21,298437,90268,2,Shipped,49:47.0,,,,,,,
29-Jul-21,133494,84852,9,Rejected,49:56.0,,,,,,,
29-Jul-21,137739,73072,1,Rejected,49:56.0,,,,,,,
29-Jul-21,128721,62644,8,Shipped,50:16.0,,,,,,,
29-Jul-21,137874,20936,1,Rejected,50:18.0,,,,,,,
29-Jul-21,130041,108468,9,Shipped,50:21.0,,,,,,,
29-Jul-21,131583,82140,3,Rejected,50:31.0,,,,,,,
29-Jul-21,122340,41840,8,Rejected,50:43.0,,,,,,,
29-Jul-21,297537,51576,8,Shipped,50:59.0,,,,,,,
29-Jul-21,125814,47312,2,Shipped,51:50.0,,,,,,,
29-Jul-21,127248,39876,1,Rejected,51:52.0,,,,,,,
29-Jul-21,297672,88788,2,Rejected,51:56.0,,,,,,,
29-Jul-21,134136,28200,5,Rejected,51:59.0,,,,,,,
29-Jul-21,124998,90720,9,Rejected,52:06.0,,,,,,,
29-Jul-21,131904,97920,9,Shipped,52:41.0,,,,,,,
29-Jul-21,120975,101100,9,Rejected,53:04.0,,,,,,,
29-Jul-21,125910,36232,1,Rejected,53:09.0,,,,,,,
29-Jul-21,134139,996,1,Rejected,53:34.0,,,,,,,
29-Jul-21,122802,95544,1,Rejected,53:42.0,,,,,,,
29-Jul-21,133899,47648,8,Rejected,53:50.0,,,,,,,
29-Jul-21,297540,57952,5,Shipped,54:15.0,,,,,,,
29-Jul-21,126543,41004,1,Shipped,54:17.0,,,,,,,
29-Jul-21,121392,77336,2,Rejected,54:47.0,,,,,,,
29-Jul-21,129828,32700,5,Rejected,54:56.0,,,,,,,
29-Jul-21,298083,219380,9,Rejected,55:44.0,,,,,,,
29-Jul-21,138276,57508,1,Shipped,55:50.0,,,,,,,
29-Jul-21,130050,111164,4,Rejected,55:51.0,,,,,,,
29-Jul-21,121074,79536,2,Rejected,56:03.0,,,,,,,
29-Jul-21,121119,57612,8,Rejected,56:06.0,,,,,,,
29-Jul-21,133374,70540,4,Shipped,56:51.0,,,,,,,
29-Jul-21,298254,218388,9,Rejected,57:08.0,,,,,,,
29-Jul-21,125541,57440,5,Rejected,57:13.0,,,,,,,
29-Jul-21,135879,105556,2,Rejected,57:22.0,,,,,,,
29-Jul-21,125058,62728,8,Rejected,58:16.0,,,,,,,
29-Jul-21,129912,39464,5,Rejected,58:22.0,,,,,,,
29-Jul-21,137985,38752,1,Shipped,58:49.0,,,,,,,
29-Jul-21,129933,46944,8,Rejected,59:02.0,,,,,,,
29-Jul-21,121194,94548,9,Rejected,59:20.0,,,,,,,
30-Jul-21,133380,85260,9,Rejected,00:40.0,,,,,,,
30-Jul-21,134292,97984,5,Shipped,01:38.0,,,,,,,
30-Jul-21,121023,59408,8,Rejected,01:50.0,,,,,,,
30-Jul-21,133920,47648,8,Shipped,02:01.0,,,,,,,
30-Jul-21,136269,53788,1,Rejected,02:34.0,,,,,,,
30-Jul-21,134070,108756,5,Shipped,02:39.0,,,,,,,
30-Jul-21,135954,52080,9,Shipped,03:04.0,,,,,,,
30-Jul-21,126399,107568,1,Rejected,03:29.0,,,,,,,
30-Jul-21,120324,59792,8,Rejected,03:34.0,,,,,,,
30-Jul-21,130059,86924,2,Shipped,03:42.0,,,,,,,
30-Jul-21,135426,101064,9,Rejected,04:25.0,,,,,,,
30-Jul-21,123816,104736,9,Rejected,04:45.0,,,,,,,
30-Jul-21,137055,18760,1,Rejected,04:47.0,,,,,,,
30-Jul-21,137196,52420,8,Shipped,04:49.0,,,,,,,
30-Jul-21,129081,46060,1,Rejected,05:00.0,,,,,,,
30-Jul-21,135117,115496,1,Rejected,05:48.0,,,,,,,
30-Jul-21,120984,84000,9,Rejected,05:52.0,,,,,,,
30-Jul-21,125352,106392,1,Rejected,06:00.0,,,,,,,
30-Jul-21,129084,109588,9,Shipped,06:02.0,,,,,,,
30-Jul-21,130062,108752,1,Shipped,06:24.0,,,,,,,
30-Jul-21,133263,52300,8,Rejected,06:28.0,,,,,,,
30-Jul-21,129612,38440,1,Rejected,07:01.0,,,,,,,
30-Jul-21,122856,95544,1,Rejected,07:08.0,,,,,,,
30-Jul-21,134850,63856,4,Rejected,07:15.0,,,,,,,
30-Jul-21,133452,113844,9,Shipped,07:34.0,,,,,,,
30-Jul-21,135549,43224,1,Shipped,08:15.0,,,,,,,
30-Jul-21,133038,34748,5,Shipped,08:24.0,,,,,,,
30-Jul-21,133317,27036,1,Rejected,08:32.0,,,,,,,
30-Jul-21,133863,68716,3,Shipped,08:50.0,,,,,,,
30-Jul-21,121200,100696,9,Shipped,08:59.0,,,,,,,
30-Jul-21,136419,68884,8,Rejected,09:22.0,,,,,,,
30-Jul-21,138300,52032,8,Rejected,09:28.0,,,,,,,
30-Jul-21,297483,131264,10,Rejected,09:28.0,,,,,,,
30-Jul-21,129801,53188,9,Shipped,09:39.0,,,,,,,
30-Jul-21,123825,75204,4,Shipped,10:06.0,,,,,,,
30-Jul-21,125406,104348,3,Rejected,10:15.0,,,,,,,
30-Jul-21,137508,34624,1,Shipped,10:19.0,,,,,,,
30-Jul-21,121896,51596,9,Shipped,10:28.0,,,,,,,
30-Jul-21,131607,30784,5,Rejected,10:41.0,,,,,,,
30-Jul-21,125958,78104,7,Shipped,11:05.0,,,,,,,
30-Jul-21,130860,52264,8,Shipped,11:12.0,,,,,,,
30-Jul-21,126816,94168,3,Shipped,11:15.0,,,,,,,
30-Jul-21,135837,29560,1,Shipped,11:27.0,,,,,,,
30-Jul-21,135960,100356,1,Shipped,11:39.0,,,,,,,
30-Jul-21,134310,85068,8,Shipped,11:40.0,,,,,,,
30-Jul-21,120291,65144,1,Rejected,12:01.0,,,,,,,
30-Jul-21,298344,66172,3,Rejected,12:08.0,,,,,,,
30-Jul-21,119916,76852,1,Rejected,12:10.0,,,,,,,
30-Jul-21,123123,92100,9,Shipped,12:30.0,,,,,,,
30-Jul-21,127317,55672,8,Rejected,12:34.0,,,,,,,
30-Jul-21,136284,54812,3,Rejected,12:51.0,,,,,,,
30-Jul-21,124452,30796,1,Shipped,13:26.0,,,,,,,
30-Jul-21,133464,99596,2,Shipped,13:44.0,,,,,,,
30-Jul-21,120273,54204,9,Rejected,14:16.0,,,,,,,
30-Jul-21,134676,70660,3,Rejected,14:43.0,,,,,,,
30-Jul-21,131616,30784,5,Rejected,14:53.0,,,,,,,
30-Jul-21,137025,37612,1,Rejected,14:53.0,,,,,,,
30-Jul-21,132933,58824,8,Rejected,14:59.0,,,,,,,
30-Jul-21,124455,32344,5,Rejected,15:10.0,,,,,,,
30-Jul-21,125865,33512,9,Rejected,15:12.0,,,,,,,
30-Jul-21,136647,110600,3,Rejected,15:13.0,,,,,,,
30-Jul-21,136290,35416,1,Shipped,15:33.0,,,,,,,
30-Jul-21,297405,47796,8,Shipped,15:54.0,,,,,,,
30-Jul-21,124563,49532,9,Shipped,16:03.0,,,,,,,
30-Jul-21,297495,59464,2,Shipped,16:10.0,,,,,,,
30-Jul-21,135096,55092,1,Rejected,16:17.0,,,,,,,
30-Jul-21,137760,18724,1,Shipped,16:24.0,,,,,,,
30-Jul-21,133716,88644,1,Rejected,16:33.0,,,,,,,
30-Jul-21,122586,41988,8,Shipped,16:35.0,,,,,,,
30-Jul-21,129666,48948,9,Rejected,16:41.0,,,,,,,
30-Jul-21,131730,83096,7,Rejected,16:55.0,,,,,,,
30-Jul-21,127539,29184,5,Shipped,17:09.0,,,,,,,
30-Jul-21,124746,30580,1,Rejected,17:13.0,,,,,,,
30-Jul-21,133218,56324,8,Shipped,17:39.0,,,,,,,
30-Jul-21,133758,42144,8,Pending,17:49.0,,,,,,,
30-Jul-21,130731,111932,4,Rejected,17:56.0,,,,,,,
30-Jul-21,128244,109184,1,Rejected,18:00.0,,,,,,,
30-Jul-21,125079,105240,9,Shipped,18:22.0,,,,,,,
30-Jul-21,138135,85600,8,Shipped,18:31.0,,,,,,,
30-Jul-21,136761,54624,1,Shipped,18:34.0,,,,,,,
30-Jul-21,296805,202572,9,Rejected,19:38.0,,,,,,,
30-Jul-21,137559,52408,1,Rejected,20:16.0,,,,,,,
30-Jul-21,124641,105024,1,Rejected,20:17.0,,,,,,,
30-Jul-21,133764,86836,3,Rejected,20:17.0,,,,,,,
30-Jul-21,138012,75000,5,Shipped,21:11.0,,,,,,,
30-Jul-21,124905,45804,5,Shipped,21:28.0,,,,,,,
30-Jul-21,121266,44400,9,Rejected,21:38.0,,,,,,,
30-Jul-21,136362,101908,2,Rejected,21:46.0,,,,,,,
30-Jul-21,122352,41768,1,Rejected,21:48.0,,,,,,,
30-Jul-21,130221,84492,7,Rejected,21:51.0,,,,,,,
30-Jul-21,123924,61368,9,Rejected,22:41.0,,,,,,,
30-Jul-21,126732,29204,5,Rejected,23:06.0,,,,,,,
30-Jul-21,131865,105960,8,Rejected,23:13.0,,,,,,,
30-Jul-21,130941,77916,3,Rejected,23:57.0,,,,,,,
30-Jul-21,132990,99196,1,Rejected,24:05.0,,,,,,,
30-Jul-21,121305,47256,8,Shipped,24:08.0,,,,,,,
30-Jul-21,132039,68188,5,Rejected,24:13.0,,,,,,,
30-Jul-21,128754,77548,4,Shipped,24:23.0,,,,,,,
30-Jul-21,133158,97088,3,Shipped,24:36.0,,,,,,,
30-Jul-21,133572,88920,3,Rejected,24:55.0,,,,,,,
30-Jul-21,130452,110960,1,Rejected,24:58.0,,,,,,,
30-Jul-21,297771,209388,11,Shipped,25:19.0,,,,,,,
30-Jul-21,133665,94340,8,Rejected,25:39.0,,,,,,,
30-Jul-21,126102,107172,1,Rejected,25:52.0,,,,,,,
30-Jul-21,123621,104672,2,Rejected,26:02.0,,,,,,,
30-Jul-21,135981,30500,1,Shipped,27:09.0,,,,,,,
30-Jul-21,131268,102148,8,Rejected,27:34.0,,,,,,,
30-Jul-21,129132,25756,1,Shipped,27:44.0,,,,,,,
30-Jul-21,129135,25756,1,Rejected,27:55.0,,,,,,,
30-Jul-21,123369,97616,4,Rejected,28:01.0,,,,,,,
30-Jul-21,121653,98156,2,Rejected,28:10.0,,,,,,,
30-Jul-21,298353,88556,3,Shipped,28:24.0,,,,,,,
30-Jul-21,133473,52292,8,Rejected,28:36.0,,,,,,,
30-Jul-21,129450,76180,2,Rejected,29:48.0,,,,,,,
30-Jul-21,130887,9588,1,Rejected,29:53.0,,,,,,,
30-Jul-21,296931,214356,4,Rejected,30:45.0,,,,,,,
30-Jul-21,126273,72572,3,Rejected,30:46.0,,,,,,,
30-Jul-21,122961,66172,3,Shipped,30:58.0,,,,,,,
30-Jul-21,297030,218084,10,Rejected,31:00.0,,,,,,,
30-Jul-21,136182,56736,8,Rejected,31:05.0,,,,,,,
30-Jul-21,126759,83784,8,Shipped,31:50.0,,,,,,,
30-Jul-21,130965,57084,8,Shipped,32:19.0,,,,,,,
30-Jul-21,297897,219952,3,Rejected,32:31.0,,,,,,,
30-Jul-21,130749,33992,8,Rejected,32:32.0,,,,,,,
30-Jul-21,127959,34988,5,Rejected,32:36.0,,,,,,,
30-Jul-21,128208,80888,2,Shipped,32:47.0,,,,,,,
30-Jul-21,128052,100036,9,Shipped,33:14.0,,,,,,,
30-Jul-21,131688,112500,2,Rejected,33:37.0,,,,,,,
30-Jul-21,121047,79536,2,Rejected,33:43.0,,,,,,,
30-Jul-21,136866,36140,1,Shipped,33:48.0,,,,,,,
30-Jul-21,124056,94104,3,Shipped,33:51.0,,,,,,,
30-Jul-21,132996,113528,8,Rejected,33:54.0,,,,,,,
30-Jul-21,297033,219856,3,Shipped,33:55.0,,,,,,,
30-Jul-21,121308,91916,3,Rejected,34:03.0,,,,,,,
30-Jul-21,128874,109468,3,Rejected,34:03.0,,,,,,,
30-Jul-21,134199,81860,4,Rejected,34:05.0,,,,,,,
30-Jul-21,129228,110212,1,Rejected,34:09.0,,,,,,,
30-Jul-21,126447,105276,8,Rejected,34:13.0,,,,,,,
30-Jul-21,137628,67880,3,Rejected,34:29.0,,,,,,,
30-Jul-21,132549,93540,1,Rejected,35:07.0,,,,,,,
30-Jul-21,132657,40788,1,Shipped,35:19.0,,,,,,,
30-Jul-21,133779,82448,2,Shipped,37:30.0,,,,,,,
30-Jul-21,130554,73132,3,Rejected,37:44.0,,,,,,,
30-Jul-21,137778,35348,1,Shipped,37:57.0,,,,,,,
30-Jul-21,120807,60592,2,Shipped,38:37.0,,,,,,,
30-Jul-21,136878,109600,1,Rejected,38:47.0,,,,,,,
30-Jul-21,137244,89624,8,Shipped,39:12.0,,,,,,,
30-Jul-21,129630,63220,8,Shipped,39:21.0,,,,,,,
30-Jul-21,131046,30260,1,Shipped,39:56.0,,,,,,,
30-Jul-21,136596,104520,9,Rejected,40:07.0,,,,,,,
30-Jul-21,128355,58824,8,Shipped,40:12.0,,,,,,,
30-Jul-21,136230,51920,9,Rejected,40:16.0,,,,,,,
30-Jul-21,120768,96684,3,Rejected,40:57.0,,,,,,,
30-Jul-21,133245,111944,2,Rejected,41:06.0,,,,,,,
30-Jul-21,125628,48660,9,Shipped,41:26.0,,,,,,,
30-Jul-21,134613,35700,5,Shipped,42:35.0,,,,,,,
30-Jul-21,130497,35268,1,Rejected,42:39.0,,,,,,,
30-Jul-21,127221,103984,9,Rejected,42:52.0,,,,,,,
30-Jul-21,123282,104368,8,Rejected,43:10.0,,,,,,,
30-Jul-21,123885,85244,8,Rejected,43:12.0,,,,,,,
30-Jul-21,298068,55308,1,Rejected,44:10.0,,,,,,,
30-Jul-21,129237,25544,1,Shipped,44:22.0,,,,,,,
30-Jul-21,128715,1600,1,Shipped,44:29.0,,,,,,,
30-Jul-21,126594,79752,3,Rejected,44:33.0,,,,,,,
30-Jul-21,133359,109840,8,Shipped,44:34.0,,,,,,,
30-Jul-21,134910,107072,1,Rejected,44:50.0,,,,,,,
30-Jul-21,124221,49656,5,Rejected,44:53.0,,,,,,,
30-Jul-21,138036,96032,8,Rejected,45:14.0,,,,,,,
30-Jul-21,137706,28732,1,Shipped,45:18.0,,,,,,,
30-Jul-21,124584,26488,1,Rejected,45:25.0,,,,,,,
30-Jul-21,296838,112512,2,Shipped,45:49.0,,,,,,,
30-Jul-21,136722,41248,8,Rejected,45:57.0,,,,,,,
30-Jul-21,119928,61412,9,Rejected,45:59.0,,,,,,,
30-Jul-21,127518,38056,1,Shipped,46:05.0,,,,,,,
30-Jul-21,134961,115436,1,Rejected,46:11.0,,,,,,,
30-Jul-21,126261,107444,1,Rejected,46:25.0,,,,,,,
30-Jul-21,131490,112028,2,Rejected,46:25.0,,,,,,,
30-Jul-21,122493,103548,8,Rejected,46:47.0,,,,,,,
30-Jul-21,127230,104772,3,Shipped,46:48.0,,,,,,,
30-Jul-21,136728,116700,9,Rejected,47:26.0,,,,,,,
30-Jul-21,121188,20868,1,Rejected,47:37.0,,,,,,,
30-Jul-21,297795,185104,8,Rejected,47:46.0,,,,,,,
30-Jul-21,298227,55240,8,Rejected,47:46.0,,,,,,,
30-Jul-21,127062,82228,5,Rejected,47:55.0,,,,,,,
30-Jul-21,123447,90920,4,Shipped,47:56.0,,,,,,,
30-Jul-21,122574,97116,9,Shipped,48:52.0,,,,,,,
30-Jul-21,125265,51828,9,Rejected,49:16.0,,,,,,,
30-Jul-21,124353,94468,4,Rejected,49:52.0,,,,,,,
30-Jul-21,130902,9588,1,Shipped,50:41.0,,,,,,,
30-Jul-21,126129,105276,8,Rejected,51:12.0,,,,,,,
30-Jul-21,130605,69052,2,Shipped,51:37.0,,,,,,,
30-Jul-21,125409,98452,3,Rejected,52:12.0,,,,,,,
30-Jul-21,119940,100040,3,Rejected,52:53.0,,,,,,,
30-Jul-21,129507,38752,1,Shipped,52:53.0,,,,,,,
30-Jul-21,126540,62640,8,Rejected,52:58.0,,,,,,,
30-Jul-21,124866,86520,2,Rejected,53:55.0,,,,,,,
30-Jul-21,138390,52408,1,Shipped,54:42.0,,,,,,,
30-Jul-21,298077,220036,9,Rejected,54:49.0,,,,,,,
30-Jul-21,129831,66832,3,Rejected,55:47.0,,,,,,,
30-Jul-21,132927,100036,9,Rejected,56:12.0,,,,,,,
30-Jul-21,128601,72404,9,Rejected,56:13.0,,,,,,,
30-Jul-21,130200,1600,1,Shipped,56:23.0,,,,,,,
30-Jul-21,128907,87136,8,Rejected,57:00.0,,,,,,,
30-Jul-21,127578,89896,4,Shipped,57:11.0,,,,,,,
30-Jul-21,133908,58108,5,Rejected,57:16.0,,,,,,,
30-Jul-21,137184,81676,2,Shipped,57:28.0,,,,,,,
30-Jul-21,134847,52260,8,Rejected,57:41.0,,,,,,,
30-Jul-21,130839,88160,7,Rejected,57:53.0,,,,,,,
30-Jul-21,125547,69448,9,Shipped,58:13.0,,,,,,,
30-Jul-21,126975,44268,8,Rejected,58:14.0,,,,,,,
30-Jul-21,135534,31552,5,Shipped,58:43.0,,,,,,,
30-Jul-21,130842,60968,2,Shipped,59:04.0,,,,,,,
30-Jul-21,127392,108572,1,Rejected,59:18.0,,,,,,,
30-Jul-21,128691,51556,8,Rejected,59:32.0,,,,,,,
30-Jul-21,126408,99160,9,Shipped,59:43.0,,,,,,,
31-Jul-21,133005,41188,8,Shipped,00:02.0,,,,,,,
31-Jul-21,137430,55308,1,Shipped,00:13.0,,,,,,,
31-Jul-21,135480,67876,9,Shipped,00:16.0,,,,,,,
31-Jul-21,125169,82016,8,Rejected,00:23.0,,,,,,,
31-Jul-21,136626,85264,8,Rejected,00:34.0,,,,,,,
31-Jul-21,131397,112216,3,Shipped,01:04.0,,,,,,,
31-Jul-21,138054,38908,1,Shipped,01:27.0,,,,,,,
31-Jul-21,134646,43888,9,Rejected,01:35.0,,,,,,,
31-Jul-21,122826,31812,5,Shipped,01:40.0,,,,,,,
31-Jul-21,129747,47412,8,Rejected,01:41.0,,,,,,,
31-Jul-21,128571,42388,5,Rejected,01:49.0,,,,,,,
31-Jul-21,133686,54588,8,Rejected,01:55.0,,,,,,,
31-Jul-21,127374,108544,8,Shipped,01:58.0,,,,,,,
31-Jul-21,134436,93644,1,Shipped,02:42.0,,,,,,,
31-Jul-21,137712,49132,1,Shipped,02:44.0,,,,,,,
31-Jul-21,122835,103448,3,Rejected,03:08.0,,,,,,,
31-Jul-21,125649,100356,1,Rejected,03:12.0,,,,,,,
31-Jul-21,128457,41708,5,Shipped,03:17.0,,,,,,,
31-Jul-21,123969,105016,5,Rejected,03:19.0,,,,,,,
31-Jul-21,122142,26100,1,Rejected,03:30.0,,,,,,,
31-Jul-21,124329,62276,3,Rejected,03:54.0,,,,,,,
31-Jul-21,121647,7960,1,Shipped,04:49.0,,,,,,,
31-Jul-21,125922,68876,3,Shipped,04:49.0,,,,,,,
31-Jul-21,297813,84396,3,Shipped,05:22.0,,,,,,,
31-Jul-21,132126,1936,1,Rejected,05:40.0,,,,,,,
31-Jul-21,126189,81860,4,Rejected,05:58.0,,,,,,,
31-Jul-21,133812,110240,2,Rejected,06:04.0,,,,,,,
31-Jul-21,135189,76108,7,Rejected,06:36.0,,,,,,,
31-Jul-21,129345,105184,8,Rejected,07:01.0,,,,,,,
31-Jul-21,123462,68884,8,Rejected,07:31.0,,,,,,,
31-Jul-21,126048,55436,1,Rejected,08:06.0,,,,,,,
31-Jul-21,136032,76092,1,Rejected,08:19.0,,,,,,,
31-Jul-21,129096,23972,1,Shipped,08:53.0,,,,,,,
31-Jul-21,126810,107124,9,Rejected,09:35.0,,,,,,,
31-Jul-21,124524,63340,2,Rejected,09:50.0,,,,,,,
31-Jul-21,131325,53976,1,Shipped,09:51.0,,,,,,,
31-Jul-21,122073,64172,3,Rejected,09:59.0,,,,,,,
31-Jul-21,132174,112876,1,Rejected,10:03.0,,,,,,,
31-Jul-21,125829,96032,8,Rejected,10:04.0,,,,,,,
31-Jul-21,130776,50632,8,Shipped,10:06.0,,,,,,,
31-Jul-21,127839,108816,9,Rejected,10:14.0,,,,,,,
31-Jul-21,135792,76608,9,Shipped,10:26.0,,,,,,,
31-Jul-21,131103,111444,9,Shipped,10:35.0,,,,,,,
31-Jul-21,135834,89740,8,Shipped,10:54.0,,,,,,,
31-Jul-21,129525,41772,5,Rejected,10:59.0,,,,,,,
31-Jul-21,122940,99896,9,Rejected,11:37.0,,,,,,,
31-Jul-21,121494,72284,9,Rejected,11:47.0,,,,,,,
31-Jul-21,134814,115168,9,Rejected,11:47.0,,,,,,,
31-Jul-21,138123,25420,1,Shipped,13:32.0,,,,,,,
31-Jul-21,120507,34748,5,Shipped,13:50.0,,,,,,,
31-Jul-21,128508,1600,1,Shipped,14:08.0,,,,,,,
31-Jul-21,125364,58352,9,Rejected,14:25.0,,,,,,,
31-Jul-21,137850,109200,3,Shipped,14:29.0,,,,,,,
31-Jul-21,137199,22648,1,Shipped,14:39.0,,,,,,,
31-Jul-21,137133,40024,1,Shipped,15:03.0,,,,,,,
31-Jul-21,128745,45596,9,Shipped,15:15.0,,,,,,,
31-Jul-21,125241,55284,8,Rejected,15:17.0,,,,,,,
31-Jul-21,137202,115892,2,Rejected,16:00.0,,,,,,,
31-Jul-21,129357,76588,2,Rejected,16:10.0,,,,,,,
31-Jul-21,136095,101276,4,Shipped,16:17.0,,,,,,,
31-Jul-21,138315,27196,1,Rejected,16:21.0,,,,,,,
31-Jul-21,134385,41196,8,Shipped,16:39.0,,,,,,,
31-Jul-21,136686,48980,5,Shipped,17:01.0,,,,,,,
31-Jul-21,134505,112100,1,Shipped,17:16.0,,,,,,,
31-Jul-21,123672,30004,1,Rejected,17:38.0,,,,,,,
31-Jul-21,125385,29348,1,Rejected,17:46.0,,,,,,,
31-Jul-21,122700,70320,3,Rejected,18:35.0,,,,,,,
31-Jul-21,125301,36128,5,Rejected,18:38.0,,,,,,,
31-Jul-21,130530,104232,1,Rejected,18:42.0,,,,,,,
31-Jul-21,122349,100144,9,Shipped,18:58.0,,,,,,,
31-Jul-21,130932,26492,1,Shipped,19:09.0,,,,,,,
31-Jul-21,128172,109332,3,Rejected,19:22.0,,,,,,,
31-Jul-21,137397,76624,2,Shipped,19:31.0,,,,,,,
31-Jul-21,128538,73876,3,Shipped,19:44.0,,,,,,,
31-Jul-21,297705,161572,11,Rejected,19:47.0,,,,,,,
31-Jul-21,128076,45196,8,Shipped,19:56.0,,,,,,,
31-Jul-21,128310,56324,8,Rejected,20:05.0,,,,,,,
31-Jul-21,121692,99356,5,Rejected,20:34.0,,,,,,,
31-Jul-21,120048,95844,9,Shipped,20:53.0,,,,,,,
31-Jul-21,137730,115132,9,Shipped,21:22.0,,,,,,,
31-Jul-21,122643,84612,8,Rejected,21:39.0,,,,,,,
31-Jul-21,128394,54356,8,Shipped,21:47.0,,,,,,,
31-Jul-21,298296,217020,1,Rejected,21:50.0,,,,,,,
31-Jul-21,136494,79652,8,Rejected,22:17.0,,,,,,,
31-Jul-21,134184,27672,1,Rejected,23:08.0,,,,,,,
31-Jul-21,297714,210768,4,Shipped,24:11.0,,,,,,,
31-Jul-21,132042,77060,3,Rejected,24:48.0,,,,,,,
31-Jul-21,121575,87136,8,Rejected,24:51.0,,,,,,,
31-Jul-21,127269,97116,9,Rejected,25:02.0,,,,,,,
31-Jul-21,133338,45196,8,Rejected,25:03.0,,,,,,,
31-Jul-21,134343,114784,3,Rejected,25:12.0,,,,,,,
31-Jul-21,124470,71464,2,Shipped,25:17.0,,,,,,,
31-Jul-21,297717,117720,1,Rejected,25:18.0,,,,,,,
31-Jul-21,137568,73292,5,Shipped,25:22.0,,,,,,,
31-Jul-21,126927,84736,9,Rejected,25:23.0,,,,,,,
31-Jul-21,130158,996,1,Shipped,25:45.0,,,,,,,
31-Jul-21,123519,95892,8,Rejected,26:06.0,,,,,,,
31-Jul-21,130740,103844,3,Rejected,26:11.0,,,,,,,
31-Jul-21,133275,46424,9,Rejected,26:31.0,,,,,,,
31-Jul-21,297075,24656,1,Shipped,26:43.0,,,,,,,
31-Jul-21,131550,30784,5,Rejected,26:56.0,,,,,,,
31-Jul-21,122166,87076,8,Rejected,27:34.0,,,,,,,
31-Jul-21,135156,43224,1,Rejected,27:37.0,,,,,,,
31-Jul-21,134772,28300,5,Rejected,27:53.0,,,,,,,
31-Jul-21,134412,114908,9,Rejected,27:54.0,,,,,,,
31-Jul-21,125034,19684,1,Shipped,28:25.0,,,,,,,
31-Jul-21,126390,107564,1,Rejected,28:54.0,,,,,,,
31-Jul-21,121002,101300,3,Rejected,29:07.0,,,,,,,
31-Jul-21,298011,44628,9,Rejected,29:45.0,,,,,,,
31-Jul-21,123069,83456,9,Rejected,30:04.0,,,,,,,
31-Jul-21,125682,83720,9,Rejected,30:06.0,,,,,,,
31-Jul-21,130020,107700,3,Rejected,30:13.0,,,,,,,
31-Jul-21,130548,29844,5,Rejected,30:25.0,,,,,,,
31-Jul-21,297573,131124,9,Shipped,30:26.0,,,,,,,
31-Jul-21,129975,63956,8,Rejected,30:30.0,,,,,,,
31-Jul-21,121824,83784,8,Rejected,30:34.0,,,,,,,
31-Jul-21,126936,88044,8,Rejected,30:39.0,,,,,,,
31-Jul-21,124605,51000,2,Shipped,30:46.0,,,,,,,
31-Jul-21,122559,75744,8,Shipped,30:59.0,,,,,,,
31-Jul-21,134349,55236,8,Rejected,31:03.0,,,,,,,
31-Jul-21,136185,33712,5,Shipped,31:06.0,,,,,,,
31-Jul-21,132909,27120,5,Rejected,31:08.0,,,,,,,
31-Jul-21,124539,95092,9,Rejected,31:09.0,,,,,,,
31-Jul-21,126117,38308,1,Rejected,32:04.0,,,,,,,
31-Jul-21,127272,60176,9,Rejected,32:40.0,,,,,,,
31-Jul-21,131940,112244,2,Shipped,32:46.0,,,,,,,
31-Jul-21,133527,51452,1,Rejected,32:58.0,,,,,,,
31-Jul-21,133350,38276,1,Shipped,33:03.0,,,,,,,
31-Jul-21,125889,62572,1,Rejected,33:08.0,,,,,,,
31-Jul-21,130023,94224,9,Shipped,33:15.0,,,,,,,
31-Jul-21,297084,156604,11,Rejected,33:15.0,,,,,,,
31-Jul-21,131196,101624,1,Shipped,33:37.0,,,,,,,
31-Jul-21,124608,32884,5,Rejected,33:50.0,,,,,,,
31-Jul-21,134595,32660,1,Rejected,34:07.0,,,,,,,
31-Jul-21,122562,82088,8,Rejected,34:28.0,,,,,,,
31-Jul-21,123636,55672,8,Rejected,34:44.0,,,,,,,
31-Jul-21,129792,80068,3,Rejected,34:46.0,,,,,,,
31-Jul-21,132153,77428,2,Shipped,36:02.0,,,,,,,
31-Jul-21,137406,98392,2,Shipped,36:30.0,,,,,,,
31-Jul-21,123774,72140,5,Rejected,36:34.0,,,,,,,
31-Jul-21,133299,94312,7,Shipped,36:40.0,,,,,,,
31-Jul-21,127143,61352,9,Rejected,37:10.0,,,,,,,
31-Jul-21,137319,117336,7,Shipped,37:19.0,,,,,,,
31-Jul-21,131409,37084,1,Shipped,37:22.0,,,,,,,
31-Jul-21,133563,114136,8,Rejected,37:34.0,,,,,,,
31-Jul-21,123483,54024,9,Rejected,37:40.0,,,,,,,
31-Jul-21,133890,49156,1,Shipped,37:40.0,,,,,,,
31-Jul-21,125463,87776,8,Shipped,38:35.0,,,,,,,
31-Jul-21,137781,23272,1,Shipped,38:55.0,,,,,,,
31-Jul-21,120666,39748,1,Rejected,39:03.0,,,,,,,
31-Jul-21,137817,52800,8,Shipped,39:03.0,,,,,,,
31-Jul-21,125697,98488,4,Rejected,39:08.0,,,,,,,
31-Jul-21,138024,33784,1,Shipped,39:12.0,,,,,,,
31-Jul-21,133575,73072,1,Shipped,39:51.0,,,,,,,
31-Jul-21,128031,54204,9,Rejected,40:45.0,,,,,,,
31-Jul-21,137454,51160,8,Shipped,41:13.0,,,,,,,
31-Jul-21,125091,9988,1,Shipped,41:44.0,,,,,,,
31-Jul-21,123639,104624,2,Rejected,42:26.0,,,,,,,
31-Jul-21,129861,34304,1,Rejected,42:45.0,,,,,,,
31-Jul-21,137700,49132,1,Rejected,43:00.0,,,,,,,
31-Jul-21,296949,83592,7,Shipped,43:07.0,,,,,,,
31-Jul-21,132237,112920,9,Shipped,44:17.0,,,,,,,
31-Jul-21,297744,144536,5,Shipped,44:20.0,,,,,,,
31-Jul-21,298404,28864,1,Shipped,44:24.0,,,,,,,
31-Jul-21,135522,41192,8,Rejected,44:35.0,,,,,,,
31-Jul-21,135006,115276,5,Rejected,45:35.0,,,,,,,
31-Jul-21,123708,104748,8,Rejected,45:40.0,,,,,,,
31-Jul-21,136602,110064,1,Rejected,46:17.0,,,,,,,
31-Jul-21,135933,20360,1,Shipped,46:25.0,,,,,,,
31-Jul-21,132264,53096,8,Rejected,46:28.0,,,,,,,
31-Jul-21,127233,29576,5,Rejected,47:48.0,,,,,,,
31-Jul-21,296901,211452,3,Shipped,47:50.0,,,,,,,
31-Jul-21,123717,30796,1,Rejected,47:55.0,,,,,,,
31-Jul-21,136197,62328,8,Shipped,48:08.0,,,,,,,
31-Jul-21,129942,84992,8,Rejected,48:11.0,,,,,,,
31-Jul-21,297195,80160,7,Rejected,48:30.0,,,,,,,
31-Jul-21,122496,103548,8,Rejected,48:34.0,,,,,,,
31-Jul-21,133629,72740,1,Shipped,48:38.0,,,,,,,
31-Jul-21,134976,59892,8,Rejected,48:44.0,,,,,,,
31-Jul-21,125808,71916,8,Rejected,49:17.0,,,,,,,
31-Jul-21,121065,22048,1,Rejected,49:25.0,,,,,,,
31-Jul-21,135579,44572,1,Rejected,49:25.0,,,,,,,
31-Jul-21,126093,107164,1,Rejected,49:43.0,,,,,,,
31-Jul-21,128562,94600,9,Shipped,49:52.0,,,,,,,
31-Jul-21,135777,109320,9,Shipped,50:50.0,,,,,,,
31-Jul-21,133434,108800,4,Rejected,51:04.0,,,,,,,
31-Jul-21,131820,61464,2,Shipped,51:09.0,,,,,,,
31-Jul-21,136371,57724,9,Rejected,51:20.0,,,,,,,
31-Jul-21,138465,43328,1,Shipped,51:26.0,,,,,,,
31-Jul-21,131412,29788,1,Rejected,51:33.0,,,,,,,
31-Jul-21,131439,49660,8,Rejected,51:33.0,,,,,,,
31-Jul-21,133437,82296,2,Shipped,51:34.0,,,,,,,
31-Jul-21,125532,69448,9,Rejected,52:29.0,,,,,,,
31-Jul-21,126792,62720,4,Rejected,53:06.0,,,,,,,
31-Jul-21,137544,109456,3,Rejected,53:11.0,,,,,,,
31-Jul-21,135870,25932,1,Shipped,53:12.0,,,,,,,
31-Jul-21,123945,87136,8,Rejected,53:16.0,,,,,,,
31-Jul-21,135750,72496,3,Shipped,53:23.0,,,,,,,
31-Jul-21,121620,89340,9,Rejected,53:48.0,,,,,,,
31-Jul-21,137343,18936,1,Shipped,53:51.0,,,,,,,
31-Jul-21,127158,67144,2,Rejected,54:09.0,,,,,,,
31-Jul-21,135951,103548,8,Rejected,54:11.0,,,,,,,
31-Jul-21,130590,101416,1,Rejected,54:18.0,,,,,,,
31-Jul-21,133188,94084,1,Shipped,54:41.0,,,,,,,
31-Jul-21,128433,41708,5,Rejected,55:00.0,,,,,,,
31-Jul-21,297459,213548,5,Rejected,55:04.0,,,,,,,
31-Jul-21,120633,44400,9,Shipped,55:15.0,,,,,,,
31-Jul-21,297348,25784,1,Rejected,55:21.0,,,,,,,
31-Jul-21,137136,108516,1,Rejected,55:40.0,,,,,,,
31-Jul-21,138273,57508,1,Rejected,55:43.0,,,,,,,
31-Jul-21,135876,108812,8,Rejected,56:06.0,,,,,,,
31-Jul-21,134634,23972,1,Rejected,56:21.0,,,,,,,
31-Jul-21,120198,40176,1,Rejected,56:22.0,,,,,,,
31-Jul-21,125097,42860,1,Shipped,56:26.0,,,,,,,
31-Jul-21,129705,110080,2,Shipped,56:41.0,,,,,,,
31-Jul-21,130482,39680,1,Shipped,56:55.0,,,,,,,
31-Jul-21,123807,104736,9,Rejected,57:37.0,,,,,,,
31-Jul-21,126972,98452,3,Rejected,57:42.0,,,,,,,
31-Jul-21,133377,70540,4,Rejected,57:52.0,,,,,,,
31-Jul-21,137121,61944,8,Rejected,58:27.0,,,,,,,
31-Jul-21,123657,99020,9,Rejected,58:35.0,,,,,,,
31-Jul-21,296847,115652,8,Shipped,58:38.0,,,,,,,
31-Jul-21,131442,59936,9,Rejected,58:39.0,,,,,,,
31-Jul-21,132087,112252,8,Shipped,58:39.0,,,,,,,
31-Jul-21,137652,117660,3,Shipped,58:40.0,,,,,,,
31-Jul-21,138348,18760,1,Rejected,58:42.0,,,,,,,
31-Jul-21,129063,110156,1,Rejected,58:46.0,,,,,,,
31-Jul-21,128814,39748,1,Shipped,58:52.0,,,,,,,
31-Jul-21,137889,54740,8,Shipped,58:53.0,,,,,,,
31-Jul-21,126474,106892,1,Rejected,58:55.0,,,,,,,
31-Jul-21,122064,43844,9,Rejected,59:09.0,,,,,,,
31-Jul-21,127464,80516,3,Rejected,59:58.0,,,,,,,
1-Jul-22,316680,217764,10,Rejected,00:09.0,,,,,,,
1-Jul-22,302346,30796,1,Rejected,00:26.0,,,,,,,
1-Jul-22,309801,209352,10,Rejected,00:33.0,,,,,,,
1-Jul-22,302007,59752,9,Rejected,00:45.0,,,,,,,
1-Jul-22,302010,218752,8,Shipped,00:53.0,,,,,,,
1-Jul-22,309477,67940,1,Rejected,01:01.0,,,,,,,
1-Jul-22,313239,180028,11,Shipped,01:30.0,,,,,,,
1-Jul-22,314073,66964,2,Shipped,01:39.0,,,,,,,
1-Jul-22,311508,157372,5,Rejected,01:50.0,,,,,,,
1-Jul-22,306180,86668,9,Shipped,01:52.0,,,,,,,
1-Jul-22,299808,220436,1,Rejected,01:58.0,,,,,,,
1-Jul-22,308685,59880,1,Rejected,02:38.0,,,,,,,
1-Jul-22,301563,158412,1,Shipped,02:39.0,,,,,,,
1-Jul-22,302136,158848,5,Shipped,02:58.0,,,,,,,
1-Jul-22,315963,225032,2,Rejected,03:06.0,,,,,,,
1-Jul-22,302361,65180,5,Shipped,03:13.0,,,,,,,
1-Jul-22,313890,136340,2,Shipped,03:19.0,,,,,,,
1-Jul-22,315438,215700,12,Shipped,03:19.0,,,,,,,
1-Jul-22,318141,26040,1,Rejected,03:26.0,,,,,,,
1-Jul-22,318507,197132,4,Rejected,03:32.0,,,,,,,
1-Jul-22,299613,22840,1,Shipped,04:02.0,,,,,,,
1-Jul-22,298959,49384,9,Shipped,04:14.0,,,,,,,
1-Jul-22,305013,216684,9,Rejected,04:36.0,,,,,,,
1-Jul-22,309255,192124,11,Rejected,04:42.0,,,,,,,
1-Jul-22,318567,152976,11,Rejected,04:56.0,,,,,,,
1-Jul-22,299175,217656,8,Rejected,04:57.0,,,,,,,
1-Jul-22,309378,171948,9,Shipped,05:42.0,,,,,,,
1-Jul-22,312408,213756,9,Shipped,05:50.0,,,,,,,
1-Jul-22,309126,63428,10,Rejected,06:14.0,,,,,,,
1-Jul-22,308523,36312,1,Shipped,06:23.0,,,,,,,
1-Jul-22,304068,219084,3,Shipped,06:37.0,,,,,,,
1-Jul-22,315084,74932,2,Rejected,06:46.0,,,,,,,
1-Jul-22,310206,94152,9,Rejected,06:48.0,,,,,,,
1-Jul-22,316266,217832,5,Rejected,07:04.0,,,,,,,
1-Jul-22,298842,163336,10,Rejected,07:28.0,,,,,,,
1-Jul-22,310989,223508,9,Rejected,07:35.0,,,,,,,
1-Jul-22,313815,62240,2,Shipped,07:52.0,,,,,,,
1-Jul-22,301656,117372,9,Rejected,08:02.0,,,,,,,
1-Jul-22,306084,167872,10,Rejected,08:11.0,,,,,,,
1-Jul-22,302700,155544,8,Shipped,08:31.0,,,,,,,
1-Jul-22,307761,95112,4,Shipped,08:33.0,,,,,,,
1-Jul-22,315552,111320,2,Rejected,08:52.0,,,,,,,
1-Jul-22,303660,221836,1,Rejected,08:59.0,,,,,,,
1-Jul-22,304824,215116,2,Shipped,09:20.0,,,,,,,
1-Jul-22,306447,112052,4,Rejected,10:00.0,,,,,,,
1-Jul-22,313899,51672,9,Rejected,11:22.0,,,,,,,
1-Jul-22,300624,218388,9,Rejected,11:34.0,,,,,,,
1-Jul-22,304641,192944,8,Rejected,12:17.0,,,,,,,
1-Jul-22,318747,27664,1,Shipped,12:27.0,,,,,,,
1-Jul-22,299634,218272,1,Rejected,12:30.0,,,,,,,
1-Jul-22,306984,133728,8,Rejected,12:39.0,,,,,,,
1-Jul-22,316272,223688,11,Shipped,12:53.0,,,,,,,
1-Jul-22,314232,86680,2,Shipped,12:59.0,,,,,,,
1-Jul-22,312072,143824,2,Shipped,13:00.0,,,,,,,
1-Jul-22,304836,54080,9,Rejected,13:02.0,,,,,,,
1-Jul-22,310377,73208,3,Rejected,13:03.0,,,,,,,
1-Jul-22,316956,130984,1,Rejected,13:29.0,,,,,,,
1-Jul-22,318660,154968,4,Rejected,13:34.0,,,,,,,
1-Jul-22,299640,48264,1,Shipped,14:07.0,,,,,,,
1-Jul-22,311124,156896,1,Rejected,14:20.0,,,,,,,
1-Jul-22,316149,38600,1,Shipped,14:49.0,,,,,,,
1-Jul-22,304254,58952,2,Rejected,15:01.0,,,,,,,
1-Jul-22,302022,127724,2,Rejected,15:29.0,,,,,,,
1-Jul-22,315366,159932,10,Shipped,15:41.0,,,,,,,
1-Jul-22,299259,206188,10,Rejected,15:55.0,,,,,,,
1-Jul-22,317862,121424,4,Shipped,15:58.0,,,,,,,
1-Jul-22,311745,19396,1,Shipped,15:59.0,,,,,,,
1-Jul-22,307578,9988,1,Shipped,16:09.0,,,,,,,
1-Jul-22,316452,179644,4,Rejected,16:09.0,,,,,,,
1-Jul-22,310308,94160,4,Shipped,16:23.0,,,,,,,
1-Jul-22,306750,137736,1,Rejected,16:28.0,,,,,,,
1-Jul-22,307338,212368,4,Shipped,16:33.0,,,,,,,
1-Jul-22,315114,186728,2,Shipped,16:39.0,,,,,,,
1-Jul-22,312423,32760,5,Shipped,16:52.0,,,,,,,
1-Jul-22,308715,213700,9,Shipped,17:42.0,,,,,,,
1-Jul-22,310389,32668,5,Shipped,18:10.0,,,,,,,
1-Jul-22,304743,63284,3,Shipped,18:33.0,,,,,,,
1-Jul-22,302439,168088,1,Shipped,18:49.0,,,,,,,
1-Jul-22,306021,93876,9,Shipped,18:52.0,,,,,,,
1-Jul-22,303375,72980,9,Rejected,19:06.0,,,,,,,
1-Jul-22,303450,142224,9,Shipped,19:19.0,,,,,,,
1-Jul-22,302583,142428,2,Rejected,19:41.0,,,,,,,
1-Jul-22,305802,78960,1,Shipped,20:07.0,,,,,,,
1-Jul-22,313704,147104,5,Rejected,20:14.0,,,,,,,
1-Jul-22,307143,32884,5,Shipped,20:57.0,,,,,,,
1-Jul-22,304653,84984,2,Shipped,21:07.0,,,,,,,
1-Jul-22,312633,104008,11,Shipped,21:14.0,,,,,,,
1-Jul-22,309861,89888,1,Rejected,21:25.0,,,,,,,
1-Jul-22,303480,68384,8,Shipped,21:42.0,,,,,,,
1-Jul-22,300018,116580,9,Shipped,22:01.0,,,,,,,
1-Jul-22,311175,132984,4,Shipped,22:01.0,,,,,,,
1-Jul-22,300756,48184,8,Rejected,22:50.0,,,,,,,
1-Jul-22,300021,149940,2,Shipped,22:55.0,,,,,,,
1-Jul-22,300699,53580,1,Rejected,23:00.0,,,,,,,
1-Jul-22,310602,213220,1,Rejected,23:02.0,,,,,,,
1-Jul-22,314313,137016,4,Shipped,23:16.0,,,,,,,
1-Jul-22,302289,199376,3,Rejected,23:37.0,,,,,,,
1-Jul-22,305343,85932,3,Shipped,23:51.0,,,,,,,
1-Jul-22,303018,39348,1,Rejected,24:02.0,,,,,,,
1-Jul-22,310605,25784,1,Rejected,24:22.0,,,,,,,
1-Jul-22,299520,218804,8,Rejected,24:41.0,,,,,,,
1-Jul-22,300318,205104,9,Rejected,24:57.0,,,,,,,
1-Jul-22,311754,19404,1,Shipped,25:04.0,,,,,,,
1-Jul-22,314820,147592,1,Rejected,25:16.0,,,,,,,
1-Jul-22,318777,84104,11,Rejected,26:09.0,,,,,,,
1-Jul-22,304755,196132,2,Rejected,26:33.0,,,,,,,
1-Jul-22,303378,18632,1,Rejected,27:25.0,,,,,,,
1-Jul-22,309873,210768,4,Shipped,27:30.0,,,,,,,
1-Jul-22,304107,29888,1,Rejected,27:57.0,,,,,,,
1-Jul-22,305517,96408,2,Shipped,27:59.0,,,,,,,
1-Jul-22,313356,170484,4,Shipped,28:07.0,,,,,,,
1-Jul-22,315291,224868,3,Rejected,28:11.0,,,,,,,
1-Jul-22,314322,22360,1,Shipped,29:04.0,,,,,,,
1-Jul-22,299523,57336,2,Shipped,31:11.0,,,,,,,
1-Jul-22,303804,198976,1,Shipped,31:44.0,,,,,,,
1-Jul-22,309534,196220,4,Shipped,32:15.0,,,,,,,
1-Jul-22,309735,42848,8,Shipped,32:36.0,,,,,,,
1-Jul-22,317547,189960,9,Shipped,32:43.0,,,,,,,
1-Jul-22,302646,175832,5,Shipped,33:03.0,,,,,,,
1-Jul-22,311187,221364,8,Rejected,33:25.0,,,,,,,
1-Jul-22,316866,180860,8,Rejected,34:11.0,,,,,,,
1-Jul-22,308802,185616,4,Shipped,34:43.0,,,,,,,
1-Jul-22,305358,215816,11,Rejected,35:06.0,,,,,,,
1-Jul-22,311592,189396,4,Shipped,35:12.0,,,,,,,
1-Jul-22,305544,151468,4,Rejected,35:39.0,,,,,,,
1-Jul-22,317817,145644,7,Shipped,36:51.0,,,,,,,
1-Jul-22,304578,175832,5,Shipped,37:07.0,,,,,,,
1-Jul-22,312657,207536,10,Rejected,37:15.0,,,,,,,
1-Jul-22,311961,59956,8,Rejected,37:26.0,,,,,,,
1-Jul-22,310521,84284,9,Rejected,37:46.0,,,,,,,
1-Jul-22,304353,28464,1,Shipped,38:29.0,,,,,,,
1-Jul-22,309543,66216,10,Shipped,38:41.0,,,,,,,
1-Jul-22,302622,217764,10,Rejected,38:44.0,,,,,,,
1-Jul-22,309753,216548,8,Shipped,38:58.0,,,,,,,
1-Jul-22,302403,174228,7,Shipped,39:04.0,,,,,,,
1-Jul-22,310281,196872,4,Shipped,39:30.0,,,,,,,
1-Jul-22,308244,153700,9,Rejected,39:32.0,,,,,,,
1-Jul-22,307506,148392,11,Shipped,39:33.0,,,,,,,
1-Jul-22,314937,74908,4,Shipped,39:51.0,,,,,,,
1-Jul-22,316410,32228,1,Shipped,40:01.0,,,,,,,
1-Jul-22,318846,182084,2,Shipped,40:34.0,,,,,,,
1-Jul-22,310113,178744,8,Shipped,41:09.0,,,,,,,
1-Jul-22,300039,219084,3,Rejected,41:22.0,,,,,,,
1-Jul-22,302832,209128,4,Rejected,41:49.0,,,,,,,
1-Jul-22,299211,170448,1,Rejected,41:57.0,,,,,,,
1-Jul-22,314184,32548,5,Rejected,42:41.0,,,,,,,
1-Jul-22,309552,55508,1,Shipped,42:50.0,,,,,,,
1-Jul-22,302655,218864,1,Rejected,44:30.0,,,,,,,
1-Jul-22,310065,39412,1,Shipped,45:04.0,,,,,,,
1-Jul-22,299418,63092,4,Rejected,45:37.0,,,,,,,
1-Jul-22,305550,199376,3,Rejected,45:40.0,,,,,,,
1-Jul-22,304419,204460,9,Shipped,45:41.0,,,,,,,
1-Jul-22,317715,64620,2,Rejected,45:49.0,,,,,,,
1-Jul-22,310530,91932,11,Shipped,46:15.0,,,,,,,
1-Jul-22,310980,189956,9,Rejected,46:16.0,,,,,,,
1-Jul-22,313713,107124,9,Rejected,46:24.0,,,,,,,
1-Jul-22,318051,58352,9,Rejected,46:26.0,,,,,,,
1-Jul-22,306060,196848,8,Rejected,47:09.0,,,,,,,
1-Jul-22,313869,126392,2,Shipped,47:24.0,,,,,,,
1-Jul-22,299961,23048,1,Shipped,47:33.0,,,,,,,
1-Jul-22,305448,206336,2,Shipped,47:44.0,,,,,,,
1-Jul-22,314679,223644,5,Rejected,48:30.0,,,,,,,
1-Jul-22,302259,44792,1,Shipped,48:51.0,,,,,,,
1-Jul-22,315645,178744,8,Rejected,49:04.0,,,,,,,
1-Jul-22,303354,118440,3,Rejected,49:45.0,,,,,,,
1-Jul-22,313221,202768,1,Rejected,49:46.0,,,,,,,
1-Jul-22,313935,63084,4,Shipped,49:53.0,,,,,,,
1-Jul-22,304365,116960,3,Shipped,50:40.0,,,,,,,
1-Jul-22,318261,31604,5,Shipped,51:02.0,,,,,,,
1-Jul-22,316944,41280,8,Rejected,51:23.0,,,,,,,
1-Jul-22,302418,180376,8,Shipped,51:41.0,,,,,,,
1-Jul-22,303720,221164,1,Rejected,51:53.0,,,,,,,
1-Jul-22,316818,211680,1,Rejected,53:03.0,,,,,,,
1-Jul-22,311790,202996,9,Rejected,53:18.0,,,,,,,
1-Jul-22,317841,35348,1,Shipped,53:34.0,,,,,,,
1-Jul-22,304611,150148,1,Shipped,53:46.0,,,,,,,
1-Jul-22,317163,94168,10,Rejected,53:54.0,,,,,,,
1-Jul-22,303120,34972,1,Shipped,53:59.0,,,,,,,
1-Jul-22,313602,53976,1,Rejected,54:53.0,,,,,,,
1-Jul-22,305100,164852,2,Rejected,54:55.0,,,,,,,
1-Jul-22,312486,40448,1,Shipped,55:17.0,,,,,,,
1-Jul-22,317994,28728,1,Rejected,55:22.0,,,,,,,
1-Jul-22,318171,144512,1,Shipped,55:35.0,,,,,,,
1-Jul-22,313476,54204,9,Shipped,56:01.0,,,,,,,
1-Jul-22,301257,95816,11,Shipped,56:06.0,,,,,,,
1-Jul-22,315351,198704,4,Shipped,56:17.0,,,,,,,
1-Jul-22,305103,164852,2,Rejected,56:39.0,,,,,,,
1-Jul-22,317319,74092,8,Rejected,57:04.0,,,,,,,
1-Jul-22,306858,90676,3,Rejected,57:09.0,,,,,,,
1-Jul-22,311415,26484,1,Shipped,57:11.0,,,,,,,
1-Jul-22,301050,205284,3,Rejected,57:30.0,,,,,,,
1-Jul-22,306807,136896,1,Shipped,57:31.0,,,,,,,
1-Jul-22,303066,51012,8,Shipped,57:46.0,,,,,,,
1-Jul-22,307545,222752,4,Rejected,58:04.0,,,,,,,
1-Jul-22,307944,222860,9,Rejected,58:12.0,,,,,,,
1-Jul-22,318864,57084,8,Shipped,58:18.0,,,,,,,
1-Jul-22,309996,1096,1,Rejected,58:25.0,,,,,,,
1-Jul-22,306336,187224,3,Shipped,58:28.0,,,,,,,
1-Jul-22,317997,32264,5,Rejected,58:37.0,,,,,,,
1-Jul-22,308187,202548,4,Rejected,58:48.0,,,,,,,
1-Jul-22,313029,79516,1,Rejected,59:10.0,,,,,,,
1-Jul-22,311169,35800,1,Rejected,59:23.0,,,,,,,
2-Jul-22,314646,98288,2,Rejected,00:20.0,,,,,,,
2-Jul-22,313887,51432,11,Rejected,00:56.0,,,,,,,
2-Jul-22,301917,47312,2,Shipped,00:59.0,,,,,,,
2-Jul-22,313725,95952,3,Rejected,01:23.0,,,,,,,
2-Jul-22,304812,63284,3,Rejected,01:35.0,,,,,,,
2-Jul-22,316113,216708,10,Rejected,02:26.0,,,,,,,
2-Jul-22,301560,205284,3,Shipped,02:37.0,,,,,,,
2-Jul-22,309936,125324,1,Shipped,02:39.0,,,,,,,
2-Jul-22,299907,147112,10,Shipped,02:40.0,,,,,,,
2-Jul-22,312132,26672,1,Rejected,02:54.0,,,,,,,
2-Jul-22,303372,221744,9,Shipped,03:08.0,,,,,,,
2-Jul-22,305181,203372,8,Rejected,03:08.0,,,,,,,
2-Jul-22,315075,69872,9,Rejected,03:40.0,,,,,,,
2-Jul-22,307962,49932,9,Shipped,04:09.0,,,,,,,
2-Jul-22,299508,185272,1,Rejected,04:31.0,,,,,,,
2-Jul-22,306351,155184,11,Shipped,05:01.0,,,,,,,
2-Jul-22,302676,117628,9,Rejected,05:17.0,,,,,,,
2-Jul-22,308271,95208,4,Shipped,05:26.0,,,,,,,
2-Jul-22,314976,83652,7,Shipped,05:26.0,,,,,,,
2-Jul-22,305328,222176,8,Shipped,05:57.0,,,,,,,
2-Jul-22,311514,157372,5,Shipped,06:03.0,,,,,,,
2-Jul-22,310473,152296,9,Shipped,06:05.0,,,,,,,
2-Jul-22,313155,43180,4,Shipped,06:15.0,,,,,,,
2-Jul-22,300873,134208,9,Rejected,06:32.0,,,,,,,
2-Jul-22,306249,33784,1,Shipped,06:38.0,,,,,,,
2-Jul-22,309492,67940,1,Rejected,06:38.0,,,,,,,
2-Jul-22,314220,183488,7,Shipped,06:53.0,,,,,,,
2-Jul-22,312735,222956,8,Shipped,07:00.0,,,,,,,
2-Jul-22,299922,98008,1,Shipped,07:14.0,,,,,,,
2-Jul-22,315522,136464,9,Rejected,07:44.0,,,,,,,
2-Jul-22,305949,70668,4,Shipped,07:48.0,,,,,,,
2-Jul-22,311250,223600,12,Shipped,07:57.0,,,,,,,
2-Jul-22,311817,74352,1,Rejected,08:01.0,,,,,,,
2-Jul-22,307560,157236,3,Rejected,08:10.0,,,,,,,
2-Jul-22,303303,127792,8,Rejected,08:17.0,,,,,,,
2-Jul-22,304512,58420,8,Shipped,08:43.0,,,,,,,
2-Jul-22,312063,221940,4,Shipped,08:54.0,,,,,,,
2-Jul-22,306111,187224,3,Rejected,09:10.0,,,,,,,
2-Jul-22,300369,94556,3,Shipped,09:26.0,,,,,,,
2-Jul-22,311889,216000,1,Rejected,09:26.0,,,,,,,
2-Jul-22,309306,218752,8,Rejected,09:29.0,,,,,,,
2-Jul-22,301581,213048,4,Rejected,09:33.0,,,,,,,
2-Jul-22,311529,95696,2,Shipped,09:49.0,,,,,,,
2-Jul-22,318648,150784,2,Shipped,10:45.0,,,,,,,
2-Jul-22,310632,176536,9,Shipped,11:45.0,,,,,,,
2-Jul-22,299835,27204,1,Shipped,12:26.0,,,,,,,
2-Jul-22,301296,47924,1,Pending,12:36.0,,,,,,,
2-Jul-22,305403,199376,3,Rejected,13:04.0,,,,,,,
2-Jul-22,311739,74636,3,Shipped,13:12.0,,,,,,,
2-Jul-22,300498,81016,4,Shipped,13:47.0,,,,,,,
2-Jul-22,306936,112648,5,Rejected,14:02.0,,,,,,,
2-Jul-22,301299,59880,1,Shipped,14:03.0,,,,,,,
2-Jul-22,312504,169960,1,Shipped,14:15.0,,,,,,,
2-Jul-22,304443,51200,8,Shipped,14:25.0,,,,,,,
2-Jul-22,308874,78244,2,Shipped,14:28.0,,,,,,,
2-Jul-22,305334,206336,2,Rejected,14:40.0,,,,,,,
2-Jul-22,299442,79652,8,Rejected,14:57.0,,,,,,,
2-Jul-22,305685,217040,10,Shipped,16:35.0,,,,,,,
2-Jul-22,298857,183148,10,Shipped,16:51.0,,,,,,,
2-Jul-22,308208,153700,9,Shipped,17:06.0,,,,,,,
2-Jul-22,317196,168088,1,Rejected,17:24.0,,,,,,,
2-Jul-22,310641,199844,9,Rejected,17:26.0,,,,,,,
2-Jul-22,298983,170448,1,Shipped,18:07.0,,,,,,,
2-Jul-22,312624,84596,7,Shipped,18:07.0,,,,,,,
2-Jul-22,308091,123184,4,Rejected,19:05.0,,,,,,,
2-Jul-22,312237,111872,4,Shipped,19:33.0,,,,,,,
2-Jul-22,306135,156964,10,Rejected,19:54.0,,,,,,,
2-Jul-22,306840,44560,1,Shipped,20:10.0,,,,,,,
2-Jul-22,299265,211596,3,Rejected,20:15.0,,,,,,,
2-Jul-22,307347,48620,9,Shipped,20:15.0,,,,,,,
2-Jul-22,307350,194996,1,Rejected,20:58.0,,,,,,,
2-Jul-22,318396,178632,4,Shipped,21:02.0,,,,,,,
2-Jul-22,300429,220752,4,Shipped,21:26.0,,,,,,,
2-Jul-22,318156,70124,5,Shipped,21:34.0,,,,,,,
2-Jul-22,317544,100240,9,Rejected,21:40.0,,,,,,,
2-Jul-22,314454,85780,10,Rejected,21:43.0,,,,,,,
2-Jul-22,310137,57396,11,Rejected,21:49.0,,,,,,,
2-Jul-22,310140,222104,2,Rejected,22:10.0,,,,,,,
2-Jul-22,305508,203100,1,Rejected,22:14.0,,,,,,,
2-Jul-22,316629,20936,1,Shipped,22:17.0,,,,,,,
2-Jul-22,309609,174960,1,Shipped,22:26.0,,,,,,,
2-Jul-22,309864,130528,8,Rejected,22:33.0,,,,,,,
2-Jul-22,301377,220928,4,Rejected,22:39.0,,,,,,,
2-Jul-22,304260,89488,2,Rejected,23:29.0,,,,,,,
2-Jul-22,308304,49168,1,Rejected,23:31.0,,,,,,,
2-Jul-22,314571,180248,2,Rejected,23:56.0,,,,,,,
2-Jul-22,298548,138320,2,Shipped,24:09.0,,,,,,,
2-Jul-22,311043,37504,5,Rejected,24:35.0,,,,,,,
2-Jul-22,307992,222876,8,Rejected,24:37.0,,,,,,,
2-Jul-22,313575,224208,9,Shipped,24:48.0,,,,,,,
2-Jul-22,299481,155544,8,Rejected,24:52.0,,,,,,,
2-Jul-22,315129,27204,1,Shipped,25:03.0,,,,,,,
2-Jul-22,313992,151392,11,Shipped,25:04.0,,,,,,,
2-Jul-22,317889,196984,1,Rejected,25:08.0,,,,,,,
2-Jul-22,315921,221364,8,Shipped,25:33.0,,,,,,,
2-Jul-22,314169,129908,2,Shipped,25:58.0,,,,,,,
2-Jul-22,312972,72820,10,Rejected,26:05.0,,,,,,,
2-Jul-22,310656,31408,1,Rejected,26:40.0,,,,,,,
2-Jul-22,303021,202092,1,Shipped,26:46.0,,,,,,,
2-Jul-22,304854,147624,1,Shipped,26:51.0,,,,,,,
2-Jul-22,300882,159868,12,Rejected,27:10.0,,,,,,,
2-Jul-22,301593,50804,9,Shipped,27:30.0,,,,,,,
2-Jul-22,308229,86212,2,Shipped,27:34.0,,,,,,,
2-Jul-22,300252,47592,8,Rejected,27:49.0,,,,,,,
2-Jul-22,308823,218404,9,Rejected,28:00.0,,,,,,,
2-Jul-22,317955,98056,11,Shipped,28:25.0,,,,,,,
2-Jul-22,309720,179748,4,Shipped,28:27.0,,,,,,,
2-Jul-22,302805,115772,2,Rejected,28:58.0,,,,,,,
2-Jul-22,309726,54144,5,Shipped,28:58.0,,,,,,,
2-Jul-22,310608,183716,4,Rejected,29:00.0,,,,,,,
2-Jul-22,317130,73784,10,Rejected,29:43.0,,,,,,,
2-Jul-22,318933,225684,1,Rejected,29:55.0,,,,,,,
2-Jul-22,300174,67876,9,Rejected,30:02.0,,,,,,,
2-Jul-22,311934,89256,9,Shipped,30:47.0,,,,,,,
2-Jul-22,309627,205144,2,Rejected,31:36.0,,,,,,,
2-Jul-22,316230,162180,9,Rejected,32:00.0,,,,,,,
2-Jul-22,304560,221276,1,Shipped,32:17.0,,,,,,,
2-Jul-22,316053,180256,5,Shipped,32:23.0,,,,,,,
2-Jul-22,299742,79652,8,Rejected,33:08.0,,,,,,,
2-Jul-22,304563,94932,9,Rejected,33:23.0,,,,,,,
2-Jul-22,315657,224660,1,Rejected,33:27.0,,,,,,,
2-Jul-22,310179,219828,11,Rejected,33:46.0,,,,,,,
2-Jul-22,305622,35348,1,Shipped,34:13.0,,,,,,,
2-Jul-22,309111,188276,8,Rejected,34:32.0,,,,,,,
2-Jul-22,305541,160080,4,Shipped,34:50.0,,,,,,,
2-Jul-22,310518,136388,1,Rejected,34:53.0,,,,,,,
2-Jul-22,310338,222104,2,Rejected,35:05.0,,,,,,,
2-Jul-22,318834,207492,9,Shipped,35:09.0,,,,,,,
2-Jul-22,308754,192944,8,Rejected,35:20.0,,,,,,,
2-Jul-22,304572,113032,9,Shipped,35:21.0,,,,,,,
2-Jul-22,317601,83392,10,Shipped,35:24.0,,,,,,,
2-Jul-22,310419,176536,9,Rejected,35:31.0,,,,,,,
2-Jul-22,310902,223540,9,Shipped,35:34.0,,,,,,,
2-Jul-22,313449,76240,4,Shipped,35:45.0,,,,,,,
2-Jul-22,310422,220608,9,Shipped,36:09.0,,,,,,,
2-Jul-22,310905,204600,10,Rejected,36:18.0,,,,,,,
2-Jul-22,312711,84000,9,Rejected,36:30.0,,,,,,,
2-Jul-22,303081,177112,4,Rejected,36:36.0,,,,,,,
2-Jul-22,303240,217764,10,Rejected,36:56.0,,,,,,,
2-Jul-22,303705,133672,1,Rejected,37:15.0,,,,,,,
2-Jul-22,314337,50656,1,Pending,37:32.0,,,,,,,
2-Jul-22,304131,169088,2,Shipped,38:14.0,,,,,,,
2-Jul-22,316770,156160,5,Shipped,38:57.0,,,,,,,
2-Jul-22,315882,67940,1,Shipped,38:58.0,,,,,,,
2-Jul-22,318417,48260,9,Rejected,39:27.0,,,,,,,
2-Jul-22,315885,216968,8,Rejected,40:09.0,,,,,,,
2-Jul-22,315045,50736,9,Shipped,40:18.0,,,,,,,
2-Jul-22,316869,224272,4,Shipped,40:46.0,,,,,,,
2-Jul-22,302304,98332,9,Shipped,41:05.0,,,,,,,
2-Jul-22,307626,105272,9,Rejected,41:05.0,,,,,,,
2-Jul-22,312441,223944,9,Rejected,41:28.0,,,,,,,
2-Jul-22,317967,183580,1,Shipped,42:09.0,,,,,,,
2-Jul-22,306591,190500,9,Shipped,43:07.0,,,,,,,
2-Jul-22,307788,47156,5,Rejected,43:53.0,,,,,,,
2-Jul-22,304026,12828,2,Shipped,43:56.0,,,,,,,
2-Jul-22,306096,38448,1,Rejected,44:19.0,,,,,,,
2-Jul-22,318345,169184,11,Rejected,44:27.0,,,,,,,
2-Jul-22,303102,216344,2,Shipped,44:34.0,,,,,,,
2-Jul-22,300300,43844,9,Rejected,44:59.0,,,,,,,
2-Jul-22,318903,138868,1,Rejected,45:02.0,,,,,,,
2-Jul-22,310527,146544,1,Shipped,45:22.0,,,,,,,
2-Jul-22,315789,153200,4,Shipped,45:24.0,,,,,,,
2-Jul-22,300120,206588,5,Rejected,46:02.0,,,,,,,
2-Jul-22,309561,148004,3,Shipped,46:23.0,,,,,,,
2-Jul-22,308022,24980,1,Shipped,46:36.0,,,,,,,
2-Jul-22,311628,50656,1,Shipped,46:38.0,,,,,,,
2-Jul-22,317586,74636,3,Rejected,46:43.0,,,,,,,
2-Jul-22,315060,34624,1,Shipped,47:00.0,,,,,,,
2-Jul-22,313929,185272,1,Shipped,47:13.0,,,,,,,
2-Jul-22,299700,75252,2,Shipped,47:56.0,,,,,,,
2-Jul-22,309072,69140,2,Rejected,48:03.0,,,,,,,
2-Jul-22,299016,25784,1,Shipped,48:06.0,,,,,,,
2-Jul-22,308595,36232,1,Rejected,48:40.0,,,,,,,
2-Jul-22,304485,182536,1,Rejected,48:56.0,,,,,,,
2-Jul-22,316923,147592,1,Rejected,48:56.0,,,,,,,
2-Jul-22,308172,136896,1,Rejected,49:15.0,,,,,,,
2-Jul-22,311292,86340,9,Shipped,49:22.0,,,,,,,
2-Jul-22,316491,197132,4,Shipped,49:28.0,,,,,,,
2-Jul-22,318063,58352,9,Shipped,50:24.0,,,,,,,
2-Jul-22,304488,175832,5,Rejected,50:28.0,,,,,,,
2-Jul-22,311412,154168,11,Shipped,50:34.0,,,,,,,
2-Jul-22,305640,109020,9,Shipped,50:39.0,,,,,,,
2-Jul-22,317391,225112,8,Shipped,50:40.0,,,,,,,
2-Jul-22,307419,222660,4,Shipped,50:41.0,,,,,,,
2-Jul-22,303645,57952,5,Rejected,51:17.0,,,,,,,
2-Jul-22,304794,133464,2,Shipped,51:29.0,,,,,,,
2-Jul-22,316947,188276,8,Rejected,51:31.0,,,,,,,
2-Jul-22,313938,30848,5,Rejected,51:32.0,,,,,,,
2-Jul-22,313941,180260,4,Shipped,51:35.0,,,,,,,
2-Jul-22,316005,217824,9,Shipped,52:12.0,,,,,,,
2-Jul-22,298920,180260,4,Shipped,52:51.0,,,,,,,
2-Jul-22,318498,70488,5,Rejected,52:52.0,,,,,,,
2-Jul-22,313005,102200,11,Rejected,53:27.0,,,,,,,
2-Jul-22,302532,49656,5,Shipped,53:50.0,,,,,,,
2-Jul-22,303942,88760,1,Shipped,54:10.0,,,,,,,
2-Jul-22,299982,125236,1,Shipped,54:45.0,,,,,,,
2-Jul-22,302328,148028,11,Shipped,55:17.0,,,,,,,
2-Jul-22,307239,48264,1,Rejected,56:26.0,,,,,,,
2-Jul-22,307539,125236,1,Shipped,56:26.0,,,,,,,
2-Jul-22,301641,25756,1,Rejected,56:32.0,,,,,,,
2-Jul-22,309153,69052,2,Shipped,56:58.0,,,,,,,
2-Jul-22,299043,48564,1,Shipped,57:18.0,,,,,,,
2-Jul-22,316017,18632,1,Rejected,57:19.0,,,,,,,
2-Jul-22,305853,63860,4,Shipped,57:29.0,,,,,,,
2-Jul-22,302205,204484,10,Rejected,57:34.0,,,,,,,
2-Jul-22,301263,219944,4,Rejected,57:39.0,,,,,,,
2-Jul-22,315579,72212,1,Rejected,57:46.0,,,,,,,
2-Jul-22,306810,213896,2,Rejected,57:51.0,,,,,,,
2-Jul-22,314490,224584,9,Rejected,58:37.0,,,,,,,
2-Jul-22,310464,96388,9,Shipped,58:59.0,,,,,,,
2-Jul-22,317082,212368,4,Shipped,59:20.0,,,,,,,
2-Jul-22,302928,74412,10,Shipped,59:30.0,,,,,,,
2-Jul-22,301191,48264,1,Shipped,59:32.0,,,,,,,
2-Jul-22,312942,214328,11,Shipped,59:43.0,,,,,,,
2-Jul-22,318384,215408,2,Rejected,59:57.0,,,,,,,
3-Jul-22,298950,117020,11,Shipped,00:18.0,,,,,,,
3-Jul-22,306345,53008,8,Shipped,00:26.0,,,,,,,
3-Jul-22,300612,22332,1,Shipped,00:40.0,,,,,,,
3-Jul-22,315354,46424,9,Rejected,00:49.0,,,,,,,
3-Jul-22,302064,219392,1,Shipped,00:52.0,,,,,,,
3-Jul-22,306813,36948,1,Shipped,01:14.0,,,,,,,
3-Jul-22,303126,221584,3,Rejected,01:24.0,,,,,,,
3-Jul-22,309807,89888,1,Rejected,01:50.0,,,,,,,
3-Jul-22,302859,212076,1,Rejected,02:21.0,,,,,,,
3-Jul-22,299427,182504,1,Rejected,02:25.0,,,,,,,
3-Jul-22,318942,146384,2,Rejected,02:33.0,,,,,,,
3-Jul-22,300069,218752,8,Shipped,02:54.0,,,,,,,
3-Jul-22,311649,180120,8,Rejected,03:07.0,,,,,,,
3-Jul-22,314751,160596,10,Rejected,03:13.0,,,,,,,
3-Jul-22,310098,105788,4,Shipped,03:32.0,,,,,,,
3-Jul-22,301350,209128,4,Shipped,03:49.0,,,,,,,
3-Jul-22,302211,111340,9,Rejected,04:08.0,,,,,,,
3-Jul-22,314868,179364,9,Rejected,04:15.0,,,,,,,
3-Jul-22,303195,221220,8,Rejected,04:22.0,,,,,,,
3-Jul-22,307755,72828,1,Rejected,04:23.0,,,,,,,
3-Jul-22,313317,156968,2,Shipped,04:58.0,,,,,,,
3-Jul-22,300141,170772,5,Rejected,05:34.0,,,,,,,
3-Jul-22,313968,204652,9,Shipped,05:39.0,,,,,,,
3-Jul-22,318876,72196,3,Shipped,05:40.0,,,,,,,
3-Jul-22,302772,29388,5,Shipped,06:01.0,,,,,,,
3-Jul-22,307464,35268,1,Rejected,06:18.0,,,,,,,
3-Jul-22,309489,219476,9,Rejected,06:25.0,,,,,,,
3-Jul-22,306741,190500,9,Rejected,06:33.0,,,,,,,
3-Jul-22,316119,216708,10,Shipped,07:06.0,,,,,,,
3-Jul-22,299625,71616,10,Rejected,07:24.0,,,,,,,
3-Jul-22,316695,217764,10,Shipped,07:51.0,,,,,,,
3-Jul-22,306951,221444,11,Rejected,08:15.0,,,,,,,
3-Jul-22,318096,223908,3,Rejected,08:54.0,,,,,,,
3-Jul-22,302637,193268,7,Rejected,09:43.0,,,,,,,
3-Jul-22,304158,221364,8,Rejected,10:06.0,,,,,,,
3-Jul-22,301128,209904,8,Rejected,10:21.0,,,,,,,
3-Jul-22,309171,223172,11,Rejected,10:30.0,,,,,,,
3-Jul-22,316830,55528,8,Rejected,10:33.0,,,,,,,
3-Jul-22,302148,18944,1,Rejected,10:47.0,,,,,,,
3-Jul-22,300495,182440,2,Shipped,10:56.0,,,,,,,
3-Jul-22,302580,190028,8,Rejected,11:42.0,,,,,,,
3-Jul-22,315099,69872,9,Shipped,12:09.0,,,,,,,
3-Jul-22,309501,120056,8,Shipped,12:24.0,,,,,,,
3-Jul-22,314460,88076,2,Rejected,12:37.0,,,,,,,
3-Jul-22,316989,225236,2,Rejected,12:39.0,,,,,,,
3-Jul-22,301200,73692,8,Shipped,12:46.0,,,,,,,
3-Jul-22,308694,51032,5,Rejected,12:55.0,,,,,,,
3-Jul-22,307890,43412,9,Rejected,12:57.0,,,,,,,
3-Jul-22,306894,57908,1,Rejected,12:59.0,,,,,,,
3-Jul-22,317940,75608,9,Shipped,13:23.0,,,,,,,
3-Jul-22,301485,220580,2,Rejected,13:31.0,,,,,,,
3-Jul-22,317535,133960,5,Shipped,13:33.0,,,,,,,
3-Jul-22,311868,67352,2,Shipped,13:34.0,,,,,,,
3-Jul-22,305031,47956,1,Rejected,13:44.0,,,,,,,
3-Jul-22,308382,70960,1,Rejected,13:51.0,,,,,,,
3-Jul-22,314757,224748,9,Rejected,15:40.0,,,,,,,
3-Jul-22,307272,192944,8,Shipped,15:56.0,,,,,,,
3-Jul-22,309393,19080,1,Shipped,16:16.0,,,,,,,
3-Jul-22,306756,44388,8,Rejected,16:52.0,,,,,,,
3-Jul-22,310221,59676,2,Shipped,17:14.0,,,,,,,
3-Jul-22,308712,222196,1,Rejected,17:23.0,,,,,,,
3-Jul-22,310638,116792,9,Shipped,17:23.0,,,,,,,
3-Jul-22,317679,138412,10,Rejected,18:02.0,,,,,,,
3-Jul-22,301137,162412,11,Rejected,18:12.0,,,,,,,
3-Jul-22,308088,180216,4,Rejected,18:22.0,,,,,,,
3-Jul-22,311028,199700,8,Rejected,18:31.0,,,,,,,
3-Jul-22,312693,70272,10,Rejected,18:48.0,,,,,,,
3-Jul-22,310590,221292,11,Rejected,19:22.0,,,,,,,
3-Jul-22,300423,219084,3,Rejected,19:42.0,,,,,,,
3-Jul-22,304218,184236,5,Rejected,19:42.0,,,,,,,
3-Jul-22,317880,126196,3,Rejected,19:50.0,,,,,,,
3-Jul-22,315528,37084,1,Rejected,19:51.0,,,,,,,
3-Jul-22,309519,202768,1,Shipped,20:00.0,,,,,,,
3-Jul-22,318339,41280,8,Rejected,20:11.0,,,,,,,
3-Jul-22,302034,48264,1,Shipped,20:50.0,,,,,,,
3-Jul-22,311100,217864,9,Rejected,20:51.0,,,,,,,
3-Jul-22,310737,223488,9,Shipped,20:55.0,,,,,,,
3-Jul-22,300153,154696,3,Shipped,20:57.0,,,,,,,
3-Jul-22,303345,135788,5,Rejected,20:58.0,,,,,,,
3-Jul-22,313569,224208,9,Rejected,21:08.0,,,,,,,
3-Jul-22,303990,196032,4,Rejected,21:16.0,,,,,,,
3-Jul-22,310410,88460,8,Shipped,23:39.0,,,,,,,
3-Jul-22,309612,49932,9,Shipped,23:43.0,,,,,,,
3-Jul-22,301011,205104,9,Shipped,23:52.0,,,,,,,
3-Jul-22,299406,217832,5,Rejected,24:00.0,,,,,,,
3-Jul-22,299451,175940,9,Shipped,24:26.0,,,,,,,
3-Jul-22,306090,72212,1,Rejected,24:46.0,,,,,,,
3-Jul-22,313062,44064,1,Rejected,25:18.0,,,,,,,
3-Jul-22,302643,85868,9,Shipped,25:45.0,,,,,,,
3-Jul-22,317004,55240,8,Shipped,25:47.0,,,,,,,
3-Jul-22,302103,65144,1,Rejected,26:08.0,,,,,,,
3-Jul-22,307596,176468,1,Shipped,26:30.0,,,,,,,
3-Jul-22,312249,223688,11,Rejected,26:43.0,,,,,,,
3-Jul-22,314172,87824,8,Shipped,26:44.0,,,,,,,
3-Jul-22,315762,148392,11,Rejected,27:16.0,,,,,,,
3-Jul-22,304461,67176,3,Shipped,27:23.0,,,,,,,
3-Jul-22,303237,217764,10,Rejected,27:31.0,,,,,,,
3-Jul-22,303786,116652,8,Rejected,27:35.0,,,,,,,
3-Jul-22,306765,137736,1,Shipped,27:43.0,,,,,,,
3-Jul-22,310662,175236,1,Rejected,28:01.0,,,,,,,
3-Jul-22,298551,192296,9,Rejected,28:16.0,,,,,,,
3-Jul-22,302520,165060,1,Shipped,28:28.0,,,,,,,
3-Jul-22,312903,61860,8,Rejected,28:30.0,,,,,,,
3-Jul-22,299274,130984,1,Rejected,28:37.0,,,,,,,
3-Jul-22,299109,143284,3,Rejected,28:41.0,,,,,,,
3-Jul-22,307362,134440,2,Shipped,29:39.0,,,,,,,
3-Jul-22,317010,169596,11,Shipped,29:42.0,,,,,,,
3-Jul-22,315402,105788,4,Shipped,31:04.0,,,,,,,
3-Jul-22,303177,184228,5,Shipped,31:07.0,,,,,,,
3-Jul-22,318285,225552,1,Rejected,31:09.0,,,,,,,
3-Jul-22,299361,128712,9,Shipped,31:28.0,,,,,,,
3-Jul-22,305826,172128,1,Rejected,31:31.0,,,,,,,
3-Jul-22,304185,96940,2,Shipped,31:40.0,,,,,,,
3-Jul-22,315309,105984,9,Shipped,31:53.0,,,,,,,
3-Jul-22,304674,89124,2,Shipped,32:06.0,,,,,,,
3-Jul-22,300894,159868,12,Rejected,32:27.0,,,,,,,
3-Jul-22,304116,217408,2,Rejected,32:32.0,,,,,,,
3-Jul-22,300780,95208,4,Rejected,32:50.0,,,,,,,
3-Jul-22,315144,187496,2,Shipped,33:08.0,,,,,,,
3-Jul-22,307200,36288,5,Shipped,33:16.0,,,,,,,
3-Jul-22,318033,29980,1,Rejected,33:25.0,,,,,,,
3-Jul-22,304119,19324,1,Shipped,33:59.0,,,,,,,
3-Jul-22,299001,202196,2,Rejected,34:09.0,,,,,,,
3-Jul-22,317898,137360,1,Rejected,34:13.0,,,,,,,
3-Jul-22,301404,219392,1,Rejected,34:23.0,,,,,,,
3-Jul-22,318894,1284,1,Shipped,34:34.0,,,,,,,
3-Jul-22,306210,182232,4,Shipped,34:42.0,,,,,,,
3-Jul-22,318837,156104,11,Shipped,35:14.0,,,,,,,
3-Jul-22,307107,49420,8,Rejected,35:21.0,,,,,,,
3-Jul-22,313527,51672,9,Shipped,35:26.0,,,,,,,
3-Jul-22,315324,221296,9,Rejected,36:27.0,,,,,,,
3-Jul-22,316893,128188,10,Shipped,37:05.0,,,,,,,
3-Jul-22,303900,88760,1,Rejected,37:12.0,,,,,,,
3-Jul-22,310836,169120,10,Shipped,37:22.0,,,,,,,
3-Jul-22,315777,201316,4,Shipped,37:26.0,,,,,,,
3-Jul-22,314664,35516,5,Rejected,37:32.0,,,,,,,
3-Jul-22,316767,84596,7,Shipped,37:32.0,,,,,,,
3-Jul-22,308457,55508,1,Shipped,37:37.0,,,,,,,
3-Jul-22,301677,128084,1,Rejected,37:44.0,,,,,,,
3-Jul-22,304881,160512,10,Shipped,39:03.0,,,,,,,
3-Jul-22,310677,131352,1,Rejected,39:12.0,,,,,,,
3-Jul-22,312183,223888,4,Shipped,39:18.0,,,,,,,
3-Jul-22,314133,202168,9,Shipped,39:31.0,,,,,,,
3-Jul-22,302736,47592,8,Shipped,40:07.0,,,,,,,
3-Jul-22,304266,100940,1,Rejected,40:53.0,,,,,,,
3-Jul-22,305625,190428,1,Rejected,40:58.0,,,,,,,
3-Jul-22,311046,204460,9,Rejected,41:00.0,,,,,,,
3-Jul-22,299289,194504,9,Rejected,41:44.0,,,,,,,
3-Jul-22,314427,192996,8,Shipped,42:14.0,,,,,,,
3-Jul-22,310908,92908,1,Rejected,42:36.0,,,,,,,
3-Jul-22,314190,118308,9,Shipped,43:58.0,,,,,,,
3-Jul-22,311619,204132,8,Rejected,44:24.0,,,,,,,
3-Jul-22,316278,30312,1,Shipped,44:24.0,,,,,,,
3-Jul-22,311772,86752,1,Shipped,44:28.0,,,,,,,
3-Jul-22,316902,111936,3,Shipped,44:40.0,,,,,,,
3-Jul-22,306600,190500,9,Shipped,44:42.0,,,,,,,
3-Jul-22,310239,94152,9,Shipped,44:53.0,,,,,,,
3-Jul-22,299682,148592,1,Rejected,45:26.0,,,,,,,
3-Jul-22,307920,110308,2,Rejected,45:34.0,,,,,,,
3-Jul-22,306609,220952,5,Shipped,46:06.0,,,,,,,
3-Jul-22,309207,138996,1,Rejected,46:21.0,,,,,,,
3-Jul-22,307221,21608,1,Shipped,46:27.0,,,,,,,
3-Jul-22,303339,221712,3,Rejected,46:31.0,,,,,,,
3-Jul-22,300408,203284,2,Rejected,47:09.0,,,,,,,
3-Jul-22,303927,174956,1,Shipped,48:11.0,,,,,,,
3-Jul-22,307224,99356,5,Rejected,48:11.0,,,,,,,
3-Jul-22,315423,207124,2,Rejected,48:40.0,,,,,,,
3-Jul-22,307650,80460,11,Shipped,48:42.0,,,,,,,
3-Jul-22,310686,53688,9,Shipped,48:46.0,,,,,,,
3-Jul-22,303045,202092,1,Rejected,48:55.0,,,,,,,
3-Jul-22,313113,207672,1,Shipped,49:12.0,,,,,,,
3-Jul-22,318708,41372,5,Shipped,49:39.0,,,,,,,
3-Jul-22,302985,209164,4,Rejected,49:55.0,,,,,,,
3-Jul-22,307317,221436,8,Shipped,50:08.0,,,,,,,
3-Jul-22,309666,204724,10,Rejected,50:10.0,,,,,,,
3-Jul-22,312462,75600,9,Rejected,50:13.0,,,,,,,
3-Jul-22,310200,94152,9,Shipped,50:19.0,,,,,,,
3-Jul-22,311295,18632,1,Shipped,50:52.0,,,,,,,
3-Jul-22,309774,53688,9,Shipped,50:59.0,,,,,,,
3-Jul-22,306513,146532,1,Rejected,51:08.0,,,,,,,
3-Jul-22,312027,122752,11,Rejected,51:08.0,,,,,,,
3-Jul-22,299394,163620,8,Rejected,51:14.0,,,,,,,
3-Jul-22,299160,161288,4,Shipped,51:20.0,,,,,,,
3-Jul-22,312933,114664,9,Shipped,52:08.0,,,,,,,
3-Jul-22,316590,53108,8,Rejected,52:49.0,,,,,,,
3-Jul-22,309669,115088,2,Shipped,53:37.0,,,,,,,
3-Jul-22,315225,86608,2,Shipped,54:01.0,,,,,,,
3-Jul-22,316977,180132,11,Shipped,54:07.0,,,,,,,
3-Jul-22,308607,95388,9,Rejected,54:41.0,,,,,,,
3-Jul-22,302757,64728,2,Rejected,54:49.0,,,,,,,
3-Jul-22,302325,133552,1,Rejected,55:12.0,,,,,,,
3-Jul-22,308259,211252,9,Rejected,55:17.0,,,,,,,
3-Jul-22,311310,197724,4,Shipped,55:47.0,,,,,,,
3-Jul-22,314955,203272,1,Rejected,55:55.0,,,,,,,
3-Jul-22,299235,149940,2,Rejected,56:29.0,,,,,,,
3-Jul-22,317073,79872,3,Shipped,56:49.0,,,,,,,
3-Jul-22,316599,53108,8,Shipped,56:53.0,,,,,,,
3-Jul-22,302334,52032,8,Shipped,56:59.0,,,,,,,
3-Jul-22,317076,159656,9,Rejected,57:06.0,,,,,,,
3-Jul-22,307941,81684,2,Rejected,57:21.0,,,,,,,
3-Jul-22,303837,26132,1,Shipped,57:23.0,,,,,,,
3-Jul-22,299046,100036,9,Shipped,57:32.0,,,,,,,
3-Jul-22,316368,136388,1,Shipped,57:35.0,,,,,,,
3-Jul-22,317718,36128,5,Rejected,57:42.0,,,,,,,
3-Jul-22,316785,72932,5,Shipped,57:45.0,,,,,,,
3-Jul-22,312333,1960,1,Rejected,58:36.0,,,,,,,
3-Jul-22,313026,97940,3,Shipped,58:46.0,,,,,,,
3-Jul-22,300972,77420,2,Rejected,58:49.0,,,,,,,
3-Jul-22,303735,125116,10,Rejected,59:02.0,,,,,,,
3-Jul-22,304251,217408,2,Rejected,59:25.0,,,,,,,
3-Jul-22,309078,165404,11,Rejected,59:33.0,,,,,,,
3-Jul-22,311805,105456,11,Shipped,59:36.0,,,,,,,
3-Jul-22,317169,123076,2,Rejected,59:54.0,,,,,,,
4-Jul-22,318081,178744,8,Shipped,00:04.0,,,,,,,
4-Jul-22,305766,45140,8,Shipped,00:06.0,,,,,,,
4-Jul-22,302004,59752,9,Shipped,00:18.0,,,,,,,
4-Jul-22,314067,210204,2,Rejected,00:19.0,,,,,,,
4-Jul-22,309933,155768,1,Pending,00:48.0,,,,,,,
4-Jul-22,314070,223960,4,Rejected,00:56.0,,,,,,,
4-Jul-22,317760,181916,2,Shipped,00:59.0,,,,,,,
4-Jul-22,308628,54072,1,Shipped,01:09.0,,,,,,,
4-Jul-22,307245,136880,9,Shipped,01:21.0,,,,,,,
4-Jul-22,313692,81092,11,Rejected,01:45.0,,,,,,,
4-Jul-22,303495,166168,8,Rejected,01:53.0,,,,,,,
4-Jul-22,306870,161688,5,Rejected,01:53.0,,,,,,,
4-Jul-22,306816,76956,4,Rejected,01:55.0,,,,,,,
4-Jul-22,314283,74944,10,Rejected,02:09.0,,,,,,,
4-Jul-22,304203,105788,4,Rejected,02:20.0,,,,,,,
4-Jul-22,307959,49932,9,Rejected,02:38.0,,,,,,,
4-Jul-22,305775,164812,8,Rejected,03:05.0,,,,,,,
4-Jul-22,313251,208756,4,Shipped,03:15.0,,,,,,,
4-Jul-22,305322,222176,8,Rejected,03:17.0,,,,,,,
4-Jul-22,310860,221292,11,Shipped,03:24.0,,,,,,,
4-Jul-22,317397,117092,1,Shipped,03:29.0,,,,,,,
4-Jul-22,307965,180216,4,Shipped,04:18.0,,,,,,,
4-Jul-22,315516,136464,9,Rejected,05:21.0,,,,,,,
4-Jul-22,306432,64172,3,Rejected,05:24.0,,,,,,,
4-Jul-22,298830,79652,8,Rejected,05:25.0,,,,,,,
4-Jul-22,305016,221304,3,Rejected,05:31.0,,,,,,,
4-Jul-22,311334,190840,9,Shipped,06:28.0,,,,,,,
4-Jul-22,303582,183832,1,Shipped,07:26.0,,,,,,,
4-Jul-22,302940,23048,1,Rejected,07:27.0,,,,,,,
4-Jul-22,318819,118816,1,Shipped,07:36.0,,,,,,,
4-Jul-22,306063,123916,1,Rejected,07:50.0,,,,,,,
4-Jul-22,303477,111056,9,Rejected,07:55.0,,,,,,,
4-Jul-22,305289,57488,8,Shipped,08:44.0,,,,,,,
4-Jul-22,317676,138412,10,Rejected,08:54.0,,,,,,,
4-Jul-22,301863,215888,5,Shipped,09:10.0,,,,,,,
4-Jul-22,314991,214408,4,Rejected,09:41.0,,,,,,,
4-Jul-22,311532,105528,9,Shipped,10:04.0,,,,,,,
4-Jul-22,314229,168088,1,Shipped,10:05.0,,,,,,,
4-Jul-22,307899,81684,2,Rejected,10:36.0,,,,,,,
4-Jul-22,318651,35520,1,Shipped,10:47.0,,,,,,,
4-Jul-22,302280,205244,9,Rejected,12:12.0,,,,,,,
4-Jul-22,304722,25444,1,Rejected,12:13.0,,,,,,,
4-Jul-22,305889,123428,4,Rejected,12:32.0,,,,,,,
4-Jul-22,298974,86224,9,Shipped,13:40.0,,,,,,,
4-Jul-22,302430,211996,2,Rejected,14:04.0,,,,,,,
4-Jul-22,299331,47924,1,Shipped,14:25.0,,,,,,,
4-Jul-22,304944,134272,4,Shipped,14:28.0,,,,,,,
4-Jul-22,304647,220980,4,Rejected,14:56.0,,,,,,,
4-Jul-22,306465,215508,1,Shipped,15:06.0,,,,,,,
4-Jul-22,299256,203004,3,Rejected,15:36.0,,,,,,,
4-Jul-22,313734,182972,5,Rejected,15:36.0,,,,,,,
4-Jul-22,302436,221428,4,Rejected,16:13.0,,,,,,,
4-Jul-22,305793,180256,5,Shipped,16:31.0,,,,,,,
4-Jul-22,309513,220608,9,Rejected,17:18.0,,,,,,,
4-Jul-22,300582,179392,9,Shipped,17:19.0,,,,,,,
4-Jul-22,311556,3496,11,Rejected,17:37.0,,,,,,,
4-Jul-22,301497,83540,7,Shipped,17:50.0,,,,,,,
4-Jul-22,303864,221364,8,Rejected,17:52.0,,,,,,,
4-Jul-22,307071,204504,10,Rejected,18:12.0,,,,,,,
4-Jul-22,308547,52032,8,Shipped,18:21.0,,,,,,,
4-Jul-22,311910,56172,2,Rejected,18:30.0,,,,,,,
4-Jul-22,299187,151284,11,Shipped,18:47.0,,,,,,,
4-Jul-22,299262,204864,3,Rejected,18:53.0,,,,,,,
4-Jul-22,303678,208000,3,Rejected,18:56.0,,,,,,,
4-Jul-22,307983,132980,1,Shipped,19:30.0,,,,,,,
4-Jul-22,315381,22360,1,Shipped,20:03.0,,,,,,,
4-Jul-22,305691,199376,3,Shipped,20:22.0,,,,,,,
4-Jul-22,317055,150552,11,Shipped,20:47.0,,,,,,,
4-Jul-22,306879,47612,1,Rejected,20:59.0,,,,,,,
4-Jul-22,302586,147368,4,Rejected,21:12.0,,,,,,,
4-Jul-22,306267,211440,4,Shipped,21:25.0,,,,,,,
4-Jul-22,300696,184868,8,Shipped,21:49.0,,,,,,,
4-Jul-22,318192,22840,1,Shipped,21:50.0,,,,,,,
4-Jul-22,301041,25684,1,Shipped,21:55.0,,,,,,,
4-Jul-22,306963,59676,2,Rejected,22:41.0,,,,,,,
4-Jul-22,315459,32808,1,Shipped,23:24.0,,,,,,,
4-Jul-22,315021,216028,4,Shipped,23:39.0,,,,,,,
4-Jul-22,298752,163000,11,Rejected,23:54.0,,,,,,,
4-Jul-22,312018,40996,1,Shipped,24:44.0,,,,,,,
4-Jul-22,313578,186708,3,Shipped,25:01.0,,,,,,,
4-Jul-22,306762,94152,9,Shipped,25:28.0,,,,,,,
4-Jul-22,318891,103788,1,Shipped,25:30.0,,,,,,,
4-Jul-22,304959,98900,11,Rejected,25:59.0,,,,,,,
4-Jul-22,308883,218404,9,Shipped,26:08.0,,,,,,,
4-Jul-22,300168,213708,3,Rejected,26:49.0,,,,,,,
4-Jul-22,300441,43844,9,Shipped,26:56.0,,,,,,,
4-Jul-22,309408,61616,9,Shipped,26:58.0,,,,,,,
4-Jul-22,304965,93688,9,Shipped,27:25.0,,,,,,,
4-Jul-22,317430,207632,8,Shipped,27:37.0,,,,,,,
4-Jul-22,317802,130160,9,Shipped,27:45.0,,,,,,,
4-Jul-22,307602,27580,1,Rejected,27:51.0,,,,,,,
4-Jul-22,315531,81848,2,Shipped,28:02.0,,,,,,,
4-Jul-22,301146,102328,2,Rejected,28:03.0,,,,,,,
4-Jul-22,313071,125236,1,Rejected,28:27.0,,,,,,,
4-Jul-22,318279,194196,1,Rejected,28:37.0,,,,,,,
4-Jul-22,315180,146780,4,Shipped,28:56.0,,,,,,,
4-Jul-22,304866,67940,1,Shipped,29:02.0,,,,,,,
4-Jul-22,305421,46944,8,Shipped,29:30.0,,,,,,,
4-Jul-22,300294,185092,11,Rejected,29:46.0,,,,,,,
4-Jul-22,313650,103548,8,Rejected,29:49.0,,,,,,,
4-Jul-22,314007,181916,2,Shipped,29:54.0,,,,,,,
4-Jul-22,303417,183064,10,Rejected,30:20.0,,,,,,,
4-Jul-22,315300,224860,3,Rejected,30:27.0,,,,,,,
4-Jul-22,298764,22216,1,Rejected,30:35.0,,,,,,,
4-Jul-22,313842,95952,3,Shipped,31:00.0,,,,,,,
4-Jul-22,313197,213064,5,Rejected,31:02.0,,,,,,,
4-Jul-22,310893,150028,4,Shipped,31:14.0,,,,,,,
4-Jul-22,299343,220208,11,Shipped,31:25.0,,,,,,,
4-Jul-22,311070,223564,8,Rejected,31:28.0,,,,,,,
4-Jul-22,308232,222912,1,Rejected,31:31.0,,,,,,,
4-Jul-22,307098,222576,4,Shipped,31:56.0,,,,,,,
4-Jul-22,312801,210884,3,Rejected,32:13.0,,,,,,,
4-Jul-22,300891,36144,5,Shipped,32:15.0,,,,,,,
4-Jul-22,312021,167600,1,Shipped,32:19.0,,,,,,,
4-Jul-22,315774,208112,5,Rejected,32:20.0,,,,,,,
4-Jul-22,301389,32444,5,Shipped,32:27.0,,,,,,,
4-Jul-22,302232,202092,1,Shipped,32:39.0,,,,,,,
4-Jul-22,299943,172060,3,Shipped,33:02.0,,,,,,,
4-Jul-22,298998,173240,9,Shipped,33:13.0,,,,,,,
4-Jul-22,302298,93988,3,Rejected,33:25.0,,,,,,,
4-Jul-22,305700,178812,8,Pending,33:33.0,,,,,,,
4-Jul-22,301398,90192,3,Rejected,33:37.0,,,,,,,
4-Jul-22,305538,186388,4,Rejected,34:04.0,,,,,,,
4-Jul-22,307374,155200,11,Shipped,34:10.0,,,,,,,
4-Jul-22,318204,26992,1,Rejected,34:12.0,,,,,,,
4-Jul-22,309060,31112,1,Shipped,34:13.0,,,,,,,
4-Jul-22,303618,128084,1,Rejected,34:29.0,,,,,,,
4-Jul-22,308133,47396,9,Rejected,34:32.0,,,,,,,
4-Jul-22,317901,57632,8,Rejected,34:32.0,,,,,,,
4-Jul-22,313659,224188,4,Shipped,34:42.0,,,,,,,
4-Jul-22,302115,105728,8,Shipped,34:50.0,,,,,,,
4-Jul-22,301083,51192,5,Rejected,34:58.0,,,,,,,
4-Jul-22,299670,184868,8,Shipped,35:21.0,,,,,,,
4-Jul-22,301962,130984,1,Shipped,35:22.0,,,,,,,
4-Jul-22,311004,183740,4,Rejected,35:28.0,,,,,,,
4-Jul-22,311274,218084,10,Rejected,35:57.0,,,,,,,
4-Jul-22,300723,77528,9,Rejected,36:06.0,,,,,,,
4-Jul-22,314928,71804,1,Shipped,36:14.0,,,,,,,
4-Jul-22,306927,156832,1,Rejected,36:16.0,,,,,,,
4-Jul-22,309426,157236,3,Shipped,36:21.0,,,,,,,
4-Jul-22,300978,71724,1,Rejected,36:32.0,,,,,,,
4-Jul-22,312180,46576,5,Shipped,36:39.0,,,,,,,
4-Jul-22,314688,216000,1,Rejected,37:02.0,,,,,,,
4-Jul-22,311601,180256,5,Shipped,37:18.0,,,,,,,
4-Jul-22,301320,91520,8,Rejected,37:31.0,,,,,,,
4-Jul-22,306288,134528,4,Shipped,37:57.0,,,,,,,
4-Jul-22,304128,162972,3,Shipped,38:11.0,,,,,,,
4-Jul-22,301227,154828,4,Rejected,38:29.0,,,,,,,
4-Jul-22,315474,208112,5,Rejected,38:36.0,,,,,,,
4-Jul-22,315702,190520,11,Shipped,38:42.0,,,,,,,
4-Jul-22,301410,106420,9,Shipped,39:02.0,,,,,,,
4-Jul-22,306495,169312,5,Shipped,39:02.0,,,,,,,
4-Jul-22,302247,133960,5,Rejected,39:17.0,,,,,,,
4-Jul-22,315783,224824,1,Rejected,39:31.0,,,,,,,
4-Jul-22,312987,32536,1,Shipped,39:59.0,,,,,,,
4-Jul-22,316353,71364,2,Shipped,40:00.0,,,,,,,
4-Jul-22,317448,3300,1,Shipped,40:11.0,,,,,,,
4-Jul-22,303906,207672,1,Rejected,40:14.0,,,,,,,
4-Jul-22,317013,64460,9,Shipped,40:15.0,,,,,,,
4-Jul-22,300543,117648,8,Shipped,40:21.0,,,,,,,
4-Jul-22,309546,94824,4,Shipped,40:32.0,,,,,,,
4-Jul-22,308247,55508,1,Shipped,40:38.0,,,,,,,
4-Jul-22,308478,1364,1,Shipped,40:39.0,,,,,,,
4-Jul-22,302739,29564,5,Rejected,40:50.0,,,,,,,
4-Jul-22,300117,196484,1,Rejected,41:00.0,,,,,,,
4-Jul-22,318621,110056,8,Shipped,41:02.0,,,,,,,
4-Jul-22,312390,197132,4,Shipped,41:04.0,,,,,,,
4-Jul-22,316131,199844,9,Rejected,41:07.0,,,,,,,
4-Jul-22,315408,220884,4,Shipped,41:22.0,,,,,,,
4-Jul-22,315411,63772,2,Rejected,41:25.0,,,,,,,
4-Jul-22,311697,223728,9,Shipped,41:30.0,,,,,,,
4-Jul-22,308484,222636,1,Rejected,41:36.0,,,,,,,
4-Jul-22,317826,61960,9,Shipped,41:41.0,,,,,,,
4-Jul-22,315786,186708,3,Rejected,41:50.0,,,,,,,
4-Jul-22,304194,172052,1,Shipped,41:54.0,,,,,,,
4-Jul-22,306219,221436,8,Rejected,42:39.0,,,,,,,
4-Jul-22,311766,69448,9,Shipped,42:46.0,,,,,,,
4-Jul-22,305439,9988,1,Shipped,43:01.0,,,,,,,
4-Jul-22,312855,51672,9,Rejected,43:10.0,,,,,,,
4-Jul-22,304884,21164,1,Rejected,43:33.0,,,,,,,
4-Jul-22,303633,44324,1,Shipped,43:37.0,,,,,,,
4-Jul-22,314400,206852,3,Shipped,43:42.0,,,,,,,
4-Jul-22,300588,134600,1,Rejected,43:44.0,,,,,,,
4-Jul-22,299145,163088,3,Shipped,43:56.0,,,,,,,
4-Jul-22,317244,223540,9,Shipped,44:02.0,,,,,,,
4-Jul-22,303036,46520,1,Rejected,44:17.0,,,,,,,
4-Jul-22,304476,182536,1,Rejected,44:29.0,,,,,,,
4-Jul-22,317292,134336,1,Shipped,44:51.0,,,,,,,
4-Jul-22,300591,134600,1,Shipped,45:29.0,,,,,,,
4-Jul-22,313536,223516,9,Rejected,45:31.0,,,,,,,
4-Jul-22,316812,225228,2,Rejected,45:40.0,,,,,,,
4-Jul-22,299685,149576,9,Shipped,45:43.0,,,,,,,
4-Jul-22,302256,191964,3,Shipped,45:45.0,,,,,,,
4-Jul-22,302316,155364,1,Shipped,46:02.0,,,,,,,
4-Jul-22,309654,18528,1,Shipped,46:04.0,,,,,,,
4-Jul-22,309447,60864,11,Shipped,46:05.0,,,,,,,
4-Jul-22,312198,223892,1,Shipped,46:22.0,,,,,,,
4-Jul-22,305733,221736,8,Rejected,46:48.0,,,,,,,
4-Jul-22,310293,94168,10,Rejected,47:03.0,,,,,,,
4-Jul-22,310071,55068,1,Rejected,47:23.0,,,,,,,
4-Jul-22,305631,74056,2,Shipped,47:24.0,,,,,,,
4-Jul-22,317973,158416,11,Rejected,47:35.0,,,,,,,
4-Jul-22,300336,128656,9,Shipped,47:47.0,,,,,,,
4-Jul-22,308331,213524,4,Shipped,48:15.0,,,,,,,
4-Jul-22,317253,118816,1,Rejected,48:53.0,,,,,,,
4-Jul-22,298908,180260,4,Shipped,49:13.0,,,,,,,
4-Jul-22,302841,195004,2,Shipped,49:17.0,,,,,,,
4-Jul-22,301626,147384,8,Rejected,49:33.0,,,,,,,
4-Jul-22,308337,9856,1,Shipped,49:37.0,,,,,,,
4-Jul-22,308028,30804,1,Shipped,49:40.0,,,,,,,
4-Jul-22,312309,31800,1,Rejected,49:42.0,,,,,,,
4-Jul-22,315894,204588,1,Shipped,50:03.0,,,,,,,
4-Jul-22,306975,85432,4,Shipped,50:13.0,,,,,,,
4-Jul-22,316584,116980,1,Rejected,51:08.0,,,,,,,
4-Jul-22,307932,222860,9,Rejected,51:32.0,,,,,,,
4-Jul-22,299967,48768,5,Rejected,51:34.0,,,,,,,
4-Jul-22,315216,136572,9,Shipped,51:45.0,,,,,,,
4-Jul-22,316428,217832,5,Rejected,51:49.0,,,,,,,
4-Jul-22,316503,172252,1,Rejected,52:23.0,,,,,,,
4-Jul-22,299799,89660,9,Rejected,52:30.0,,,,,,,
4-Jul-22,307320,194996,1,Shipped,52:33.0,,,,,,,
4-Jul-22,316104,204156,10,Rejected,52:36.0,,,,,,,
4-Jul-22,299973,217860,4,Shipped,53:19.0,,,,,,,
4-Jul-22,314766,151292,10,Rejected,53:19.0,,,,,,,
4-Jul-22,310851,128188,10,Rejected,53:49.0,,,,,,,
4-Jul-22,315348,61940,3,Shipped,53:54.0,,,,,,,
4-Jul-22,300054,21640,1,Shipped,54:03.0,,,,,,,
4-Jul-22,299979,220744,2,Shipped,54:26.0,,,,,,,
4-Jul-22,299307,80608,11,Rejected,54:43.0,,,,,,,
4-Jul-22,313014,208916,8,Rejected,54:44.0,,,,,,,
4-Jul-22,314769,221524,10,Rejected,54:50.0,,,,,,,
4-Jul-22,313389,179868,11,Rejected,55:07.0,,,,,,,
4-Jul-22,313017,142224,9,Shipped,55:13.0,,,,,,,
4-Jul-22,313230,213064,5,Rejected,55:19.0,,,,,,,
4-Jul-22,301908,220796,1,Rejected,55:25.0,,,,,,,
4-Jul-22,309576,170484,4,Shipped,55:45.0,,,,,,,
4-Jul-22,305571,93872,4,Shipped,57:02.0,,,,,,,
4-Jul-22,309123,138448,1,Rejected,57:12.0,,,,,,,
4-Jul-22,298608,63856,4,Shipped,57:40.0,,,,,,,
4-Jul-22,318861,225676,8,Rejected,57:48.0,,,,,,,
4-Jul-22,309672,223276,11,Rejected,58:25.0,,,,,,,
4-Jul-22,306006,156396,11,Rejected,59:30.0,,,,,,,
4-Jul-22,316671,195632,4,Rejected,59:32.0,,,,,,,
4-Jul-22,316674,214088,5,Shipped,59:48.0,,,,,,,
5-Jul-22,304623,155128,11,Shipped,00:11.0,,,,,,,
5-Jul-22,302931,169048,10,Rejected,00:26.0,,,,,,,
5-Jul-22,314529,157976,9,Rejected,00:48.0,,,,,,,
5-Jul-22,302133,191852,4,Rejected,01:15.0,,,,,,,
5-Jul-22,316239,79792,2,Rejected,02:34.0,,,,,,,
5-Jul-22,310095,55068,1,Shipped,02:57.0,,,,,,,
5-Jul-22,314217,74944,10,Rejected,03:11.0,,,,,,,
5-Jul-22,305469,134456,1,Rejected,03:52.0,,,,,,,
5-Jul-22,298734,149240,1,Rejected,04:12.0,,,,,,,
5-Jul-22,312873,209048,8,Shipped,04:34.0,,,,,,,
5-Jul-22,315078,212960,11,Shipped,04:39.0,,,,,,,
5-Jul-22,299247,39988,1,Rejected,04:57.0,,,,,,,
5-Jul-22,298962,172124,9,Shipped,05:15.0,,,,,,,
5-Jul-22,311808,64212,1,Shipped,05:51.0,,,,,,,
5-Jul-22,312348,194128,4,Shipped,06:58.0,,,,,,,
5-Jul-22,315360,88640,4,Shipped,07:09.0,,,,,,,
5-Jul-22,311814,136572,9,Rejected,07:12.0,,,,,,,
5-Jul-22,306438,92804,5,Shipped,07:13.0,,,,,,,
5-Jul-22,311343,66000,9,Shipped,08:08.0,,,,,,,
5-Jul-22,311346,201184,4,Shipped,08:09.0,,,,,,,
5-Jul-22,318093,209048,8,Rejected,08:45.0,,,,,,,
5-Jul-22,314799,148324,4,Shipped,09:16.0,,,,,,,
5-Jul-22,301473,82596,8,Rejected,09:26.0,,,,,,,
5-Jul-22,307974,118816,1,Rejected,09:43.0,,,,,,,
5-Jul-22,316032,191400,9,Shipped,09:54.0,,,,,,,
5-Jul-22,315624,39500,1,Rejected,10:23.0,,,,,,,
5-Jul-22,307566,66732,9,Rejected,10:37.0,,,,,,,
5-Jul-22,318222,133544,8,Rejected,11:17.0,,,,,,,
5-Jul-22,299067,82844,9,Rejected,11:40.0,,,,,,,
5-Jul-22,312000,148184,1,Shipped,12:18.0,,,,,,,
5-Jul-22,317937,57776,11,Shipped,12:25.0,,,,,,,
5-Jul-22,316743,225216,3,Rejected,12:51.0,,,,,,,
5-Jul-22,313047,120056,8,Shipped,13:12.0,,,,,,,
5-Jul-22,301365,130984,1,Rejected,13:24.0,,,,,,,
5-Jul-22,307263,30500,1,Shipped,13:46.0,,,,,,,
5-Jul-22,308385,210768,4,Rejected,14:04.0,,,,,,,
5-Jul-22,309837,77732,4,Rejected,14:16.0,,,,,,,
5-Jul-22,310947,145620,1,Rejected,14:42.0,,,,,,,
5-Jul-22,312231,35416,1,Shipped,15:10.0,,,,,,,
5-Jul-22,313344,76336,1,Rejected,15:32.0,,,,,,,
5-Jul-22,308538,96808,4,Rejected,15:53.0,,,,,,,
5-Jul-22,306183,73300,8,Shipped,16:06.0,,,,,,,
5-Jul-22,312774,27120,5,Rejected,16:12.0,,,,,,,
5-Jul-22,306366,96024,4,Shipped,16:23.0,,,,,,,
5-Jul-22,309396,171916,2,Shipped,16:38.0,,,,,,,
5-Jul-22,308295,46424,9,Rejected,17:39.0,,,,,,,
5-Jul-22,304257,167148,4,Rejected,17:55.0,,,,,,,
5-Jul-22,317868,60844,9,Shipped,18:08.0,,,,,,,
5-Jul-22,311130,86344,10,Rejected,18:24.0,,,,,,,
5-Jul-22,308784,79808,3,Rejected,18:28.0,,,,,,,
5-Jul-22,308721,86668,9,Shipped,18:43.0,,,,,,,
5-Jul-22,306261,55092,1,Shipped,19:03.0,,,,,,,
5-Jul-22,312891,223776,1,Rejected,19:04.0,,,,,,,
5-Jul-22,301500,90192,3,Rejected,19:13.0,,,,,,,
5-Jul-22,303207,195696,9,Rejected,19:13.0,,,,,,,
5-Jul-22,308850,171948,9,Shipped,19:18.0,,,,,,,
5-Jul-22,307137,131584,9,Rejected,19:31.0,,,,,,,
5-Jul-22,303984,90196,8,Rejected,19:36.0,,,,,,,
5-Jul-22,318588,148184,1,Shipped,19:41.0,,,,,,,
5-Jul-22,304317,221620,1,Rejected,19:45.0,,,,,,,
5-Jul-22,306474,188232,7,Rejected,19:50.0,,,,,,,
5-Jul-22,299655,69848,2,Rejected,19:52.0,,,,,,,
5-Jul-22,305406,199376,3,Rejected,20:49.0,,,,,,,
5-Jul-22,307275,53572,9,Shipped,21:12.0,,,,,,,
5-Jul-22,309216,215444,1,Rejected,21:25.0,,,,,,,
5-Jul-22,315015,33468,5,Shipped,22:15.0,,,,,,,
5-Jul-22,309402,61616,9,Rejected,22:34.0,,,,,,,
5-Jul-22,309951,191592,9,Rejected,22:43.0,,,,,,,
5-Jul-22,316389,53108,8,Rejected,22:47.0,,,,,,,
5-Jul-22,303321,214900,10,Rejected,23:03.0,,,,,,,
5-Jul-22,318597,118816,1,Shipped,23:13.0,,,,,,,
5-Jul-22,311259,180260,4,Shipped,23:28.0,,,,,,,
5-Jul-22,298545,78912,10,Shipped,24:04.0,,,,,,,
5-Jul-22,303528,51200,8,Shipped,24:21.0,,,,,,,
5-Jul-22,306759,120276,7,Rejected,24:23.0,,,,,,,
5-Jul-22,304263,142240,1,Shipped,24:28.0,,,,,,,
5-Jul-22,316632,94168,10,Rejected,24:44.0,,,,,,,
5-Jul-22,300159,41300,1,Rejected,24:49.0,,,,,,,
5-Jul-22,313350,132960,4,Rejected,24:53.0,,,,,,,
5-Jul-22,303324,88816,3,Rejected,25:04.0,,,,,,,
5-Jul-22,306117,80848,8,Shipped,25:08.0,,,,,,,
5-Jul-22,306477,212368,4,Shipped,25:09.0,,,,,,,
5-Jul-22,302046,65144,1,Rejected,25:26.0,,,,,,,
5-Jul-22,317208,44064,1,Shipped,25:44.0,,,,,,,
5-Jul-22,314319,190680,8,Shipped,26:24.0,,,,,,,
5-Jul-22,301311,130984,1,Rejected,26:28.0,,,,,,,
5-Jul-22,311379,212324,4,Shipped,27:06.0,,,,,,,
5-Jul-22,306030,77712,10,Rejected,28:00.0,,,,,,,
5-Jul-22,308787,223000,3,Rejected,28:47.0,,,,,,,
5-Jul-22,314325,122240,9,Rejected,29:15.0,,,,,,,
5-Jul-22,318480,146124,4,Shipped,29:32.0,,,,,,,
5-Jul-22,314733,130772,1,Rejected,29:55.0,,,,,,,
5-Jul-22,303333,37300,5,Rejected,30:05.0,,,,,,,
5-Jul-22,300765,169312,5,Rejected,30:14.0,,,,,,,
5-Jul-22,318282,214700,10,Rejected,30:23.0,,,,,,,
5-Jul-22,303198,219308,9,Rejected,30:33.0,,,,,,,
5-Jul-22,318405,41280,8,Rejected,30:33.0,,,,,,,
5-Jul-22,309417,157236,3,Shipped,31:06.0,,,,,,,
5-Jul-22,305277,171916,2,Shipped,31:42.0,,,,,,,
5-Jul-22,306777,21176,1,Shipped,31:54.0,,,,,,,
5-Jul-22,307005,75292,4,Shipped,31:58.0,,,,,,,
5-Jul-22,309003,190208,8,Rejected,32:10.0,,,,,,,
5-Jul-22,298560,19884,1,Shipped,32:27.0,,,,,,,
5-Jul-22,309138,61584,5,Rejected,32:28.0,,,,,,,
5-Jul-22,311469,73876,3,Shipped,32:37.0,,,,,,,
5-Jul-22,300255,47592,8,Shipped,32:41.0,,,,,,,
5-Jul-22,306564,202196,2,Rejected,32:46.0,,,,,,,
5-Jul-22,300258,73964,2,Shipped,33:01.0,,,,,,,
5-Jul-22,302394,180840,8,Rejected,33:39.0,,,,,,,
5-Jul-22,308997,131548,9,Shipped,34:06.0,,,,,,,
5-Jul-22,302235,133944,8,Rejected,34:14.0,,,,,,,
5-Jul-22,303219,199844,9,Rejected,34:17.0,,,,,,,
5-Jul-22,315033,104068,2,Shipped,34:17.0,,,,,,,
5-Jul-22,306570,18704,1,Rejected,34:44.0,,,,,,,
5-Jul-22,300999,186728,2,Shipped,35:02.0,,,,,,,
5-Jul-22,307611,48264,1,Rejected,35:06.0,,,,,,,
5-Jul-22,307104,214776,11,Shipped,35:17.0,,,,,,,
5-Jul-22,312177,40988,1,Shipped,35:27.0,,,,,,,
5-Jul-22,308454,70960,1,Shipped,35:42.0,,,,,,,
5-Jul-22,303432,53104,2,Rejected,36:04.0,,,,,,,
5-Jul-22,315327,194196,1,Rejected,36:43.0,,,,,,,
5-Jul-22,308241,212100,4,Rejected,36:51.0,,,,,,,
5-Jul-22,312387,26040,1,Shipped,37:14.0,,,,,,,
5-Jul-22,318414,165816,1,Rejected,38:06.0,,,,,,,
5-Jul-22,307830,222196,1,Rejected,38:47.0,,,,,,,
5-Jul-22,312102,21608,1,Rejected,39:13.0,,,,,,,
5-Jul-22,311157,89568,9,Rejected,39:17.0,,,,,,,
5-Jul-22,304236,156340,4,Rejected,39:20.0,,,,,,,
5-Jul-22,309435,100940,1,Rejected,39:22.0,,,,,,,
5-Jul-22,314673,47592,8,Shipped,39:31.0,,,,,,,
5-Jul-22,318618,205244,9,Shipped,39:47.0,,,,,,,
5-Jul-22,318291,174936,10,Rejected,40:16.0,,,,,,,
5-Jul-22,306498,140520,2,Rejected,40:46.0,,,,,,,
5-Jul-22,301158,82616,2,Rejected,40:56.0,,,,,,,
5-Jul-22,300546,996,1,Rejected,41:31.0,,,,,,,
5-Jul-22,314391,149668,4,Shipped,41:37.0,,,,,,,
5-Jul-22,298791,130984,1,Rejected,41:47.0,,,,,,,
5-Jul-22,314139,53688,9,Shipped,41:50.0,,,,,,,
5-Jul-22,312297,86296,1,Shipped,42:08.0,,,,,,,
5-Jul-22,309069,25404,1,Rejected,42:15.0,,,,,,,
5-Jul-22,313863,146672,8,Shipped,42:41.0,,,,,,,
5-Jul-22,318426,193024,5,Rejected,43:11.0,,,,,,,
5-Jul-22,303540,153200,4,Shipped,43:21.0,,,,,,,
5-Jul-22,318210,41216,8,Rejected,43:43.0,,,,,,,
5-Jul-22,314187,163600,2,Shipped,43:49.0,,,,,,,
5-Jul-22,309645,204724,10,Rejected,43:55.0,,,,,,,
5-Jul-22,310974,201428,9,Rejected,44:28.0,,,,,,,
5-Jul-22,308985,67384,5,Shipped,45:03.0,,,,,,,
5-Jul-22,313866,224396,9,Rejected,45:10.0,,,,,,,
5-Jul-22,302913,113936,1,Shipped,45:28.0,,,,,,,
5-Jul-22,314199,32548,5,Rejected,45:28.0,,,,,,,
5-Jul-22,303708,133672,1,Rejected,45:42.0,,,,,,,
5-Jul-22,307395,18916,1,Rejected,45:50.0,,,,,,,
5-Jul-22,312564,33084,5,Shipped,46:06.0,,,,,,,
5-Jul-22,299697,85424,9,Shipped,46:48.0,,,,,,,
5-Jul-22,312717,70668,4,Shipped,46:48.0,,,,,,,
5-Jul-22,304989,191360,10,Rejected,46:50.0,,,,,,,
5-Jul-22,313104,25420,1,Shipped,47:01.0,,,,,,,
5-Jul-22,309330,125236,1,Shipped,47:11.0,,,,,,,
5-Jul-22,316002,145160,12,Rejected,47:22.0,,,,,,,
5-Jul-22,305928,164852,2,Shipped,47:35.0,,,,,,,
5-Jul-22,301173,106420,9,Rejected,47:58.0,,,,,,,
5-Jul-22,317550,186656,10,Shipped,48:05.0,,,,,,,
5-Jul-22,299496,94932,9,Rejected,48:11.0,,,,,,,
5-Jul-22,316419,223684,4,Shipped,48:37.0,,,,,,,
5-Jul-22,305382,35416,1,Shipped,48:39.0,,,,,,,
5-Jul-22,309771,169312,5,Rejected,48:42.0,,,,,,,
5-Jul-22,303381,145388,1,Rejected,48:46.0,,,,,,,
5-Jul-22,317667,131636,3,Rejected,49:15.0,,,,,,,
5-Jul-22,307227,99356,5,Rejected,49:33.0,,,,,,,
5-Jul-22,299397,150196,2,Shipped,49:42.0,,,,,,,
5-Jul-22,302919,58200,1,Rejected,50:03.0,,,,,,,
5-Jul-22,304896,21164,1,Rejected,50:28.0,,,,,,,
5-Jul-22,312807,70516,10,Rejected,50:45.0,,,,,,,
5-Jul-22,318801,152632,9,Shipped,50:46.0,,,,,,,
5-Jul-22,308178,152724,11,Shipped,50:49.0,,,,,,,
5-Jul-22,309912,210600,1,Shipped,50:58.0,,,,,,,
5-Jul-22,316101,70508,4,Shipped,51:04.0,,,,,,,
5-Jul-22,312468,183812,1,Rejected,51:10.0,,,,,,,
5-Jul-22,309339,171492,4,Shipped,51:49.0,,,,,,,
5-Jul-22,313302,158076,2,Shipped,52:01.0,,,,,,,
5-Jul-22,306624,62796,1,Rejected,52:39.0,,,,,,,
5-Jul-22,312324,149940,2,Rejected,52:48.0,,,,,,,
5-Jul-22,316659,207268,1,Shipped,52:49.0,,,,,,,
5-Jul-22,311304,85132,1,Shipped,52:58.0,,,,,,,
5-Jul-22,314853,44324,1,Shipped,53:04.0,,,,,,,
5-Jul-22,302196,204484,10,Rejected,53:15.0,,,,,,,
5-Jul-22,303471,45100,1,Rejected,53:30.0,,,,,,,
5-Jul-22,313008,79376,4,Shipped,53:40.0,,,,,,,
5-Jul-22,316662,217764,10,Rejected,53:48.0,,,,,,,
5-Jul-22,318330,81264,9,Shipped,54:26.0,,,,,,,
5-Jul-22,312861,202168,9,Rejected,54:32.0,,,,,,,
5-Jul-22,313227,19256,1,Shipped,55:14.0,,,,,,,
5-Jul-22,308511,207672,1,Shipped,55:21.0,,,,,,,
5-Jul-22,309918,125324,1,Rejected,55:33.0,,,,,,,
5-Jul-22,307743,30312,1,Shipped,55:34.0,,,,,,,
5-Jul-22,301446,90192,3,Rejected,55:53.0,,,,,,,
5-Jul-22,314409,37084,1,Rejected,55:54.0,,,,,,,
5-Jul-22,299037,214900,10,Shipped,55:58.0,,,,,,,
5-Jul-22,315903,68436,1,Shipped,56:01.0,,,,,,,
5-Jul-22,309921,19832,1,Rejected,56:02.0,,,,,,,
5-Jul-22,317031,74156,3,Shipped,56:03.0,,,,,,,
5-Jul-22,301260,130984,1,Rejected,56:25.0,,,,,,,
5-Jul-22,314640,112600,5,Rejected,56:52.0,,,,,,,
5-Jul-22,311643,78960,1,Rejected,57:09.0,,,,,,,
5-Jul-22,317469,47808,5,Shipped,57:10.0,,,,,,,
5-Jul-22,306171,175844,2,Shipped,57:18.0,,,,,,,
5-Jul-22,314643,98288,2,Rejected,57:42.0,,,,,,,
5-Jul-22,306174,53008,8,Rejected,58:14.0,,,,,,,
5-Jul-22,304497,100356,1,Shipped,58:15.0,,,,,,,
5-Jul-22,298944,195004,2,Rejected,58:31.0,,,,,,,
5-Jul-22,313881,137544,10,Rejected,59:05.0,,,,,,,
5-Jul-22,300135,135876,1,Rejected,59:16.0,,,,,,,
5-Jul-22,305319,42100,8,Shipped,59:21.0,,,,,,,
5-Jul-22,315504,43844,9,Rejected,59:41.0,,,,,,,
6-Jul-22,305769,78496,2,Shipped,00:09.0,,,,,,,
6-Jul-22,316023,217832,5,Rejected,00:23.0,,,,,,,
6-Jul-22,313146,216620,4,Shipped,00:59.0,,,,,,,
6-Jul-22,315510,222196,1,Rejected,01:15.0,,,,,,,
6-Jul-22,318870,143884,5,Shipped,01:22.0,,,,,,,
6-Jul-22,318087,89184,1,Rejected,01:23.0,,,,,,,
6-Jul-22,317175,160316,2,Shipped,01:38.0,,,,,,,
6-Jul-22,313494,21176,1,Shipped,01:41.0,,,,,,,
6-Jul-22,309252,219476,9,Shipped,01:55.0,,,,,,,
6-Jul-22,317763,99620,2,Shipped,02:15.0,,,,,,,
6-Jul-22,299241,68864,2,Shipped,02:35.0,,,,,,,
6-Jul-22,315441,52080,9,Rejected,03:23.0,,,,,,,
6-Jul-22,305862,101908,11,Shipped,04:16.0,,,,,,,
6-Jul-22,310797,102200,11,Shipped,04:26.0,,,,,,,
6-Jul-22,300990,188760,9,Rejected,04:36.0,,,,,,,
6-Jul-22,317928,49168,1,Shipped,04:46.0,,,,,,,
6-Jul-22,311241,79652,8,Rejected,05:08.0,,,,,,,
6-Jul-22,317772,182064,8,Shipped,05:12.0,,,,,,,
6-Jul-22,309219,19228,1,Shipped,05:23.0,,,,,,,
6-Jul-22,317724,99736,9,Shipped,05:39.0,,,,,,,
6-Jul-22,298530,95696,2,Shipped,05:49.0,,,,,,,
6-Jul-22,317331,92100,9,Rejected,05:52.0,,,,,,,
6-Jul-22,305400,162980,3,Rejected,06:18.0,,,,,,,
6-Jul-22,312219,67144,2,Shipped,06:21.0,,,,,,,
6-Jul-22,303846,134336,1,Rejected,06:28.0,,,,,,,
6-Jul-22,307968,173644,2,Shipped,06:49.0,,,,,,,
6-Jul-22,312615,149940,2,Shipped,07:21.0,,,,,,,
6-Jul-22,311340,201184,4,Shipped,07:36.0,,,,,,,
6-Jul-22,313254,132960,4,Shipped,07:39.0,,,,,,,
6-Jul-22,308640,59752,9,Shipped,07:44.0,,,,,,,
6-Jul-22,310929,182164,8,Rejected,08:21.0,,,,,,,
6-Jul-22,302877,89184,1,Shipped,10:22.0,,,,,,,
6-Jul-22,308373,65180,5,Shipped,10:47.0,,,,,,,
6-Jul-22,308283,207164,5,Rejected,10:55.0,,,,,,,
6-Jul-22,299826,21176,1,Shipped,11:05.0,,,,,,,
6-Jul-22,302079,81484,4,Shipped,11:10.0,,,,,,,
6-Jul-22,306252,82096,3,Shipped,11:18.0,,,,,,,
6-Jul-22,300372,83820,1,Shipped,11:27.0,,,,,,,
6-Jul-22,309174,97940,3,Shipped,11:50.0,,,,,,,
6-Jul-22,310023,110832,5,Rejected,12:42.0,,,,,,,
6-Jul-22,309834,20936,1,Shipped,13:33.0,,,,,,,
6-Jul-22,300084,83392,10,Rejected,14:23.0,,,,,,,
6-Jul-22,311358,70224,10,Rejected,14:31.0,,,,,,,
6-Jul-22,314586,223488,9,Shipped,15:13.0,,,,,,,
6-Jul-22,307335,135216,2,Shipped,15:40.0,,,,,,,
6-Jul-22,314721,28464,1,Shipped,16:47.0,,,,,,,
6-Jul-22,307584,66732,9,Shipped,16:49.0,,,,,,,
6-Jul-22,305139,32452,1,Shipped,17:02.0,,,,,,,
6-Jul-22,304086,69448,9,Rejected,17:10.0,,,,,,,
6-Jul-22,318456,94160,4,Shipped,17:35.0,,,,,,,
6-Jul-22,317118,195648,1,Shipped,18:40.0,,,,,,,
6-Jul-22,308403,70960,1,Rejected,18:47.0,,,,,,,
6-Jul-22,299079,214432,9,Rejected,19:11.0,,,,,,,
6-Jul-22,302163,117224,8,Rejected,19:12.0,,,,,,,
6-Jul-22,318756,25420,1,Shipped,19:12.0,,,,,,,
6-Jul-22,315687,178788,4,Shipped,19:28.0,,,,,,,
6-Jul-22,302955,221548,3,Rejected,20:02.0,,,,,,,
6-Jul-22,307077,72080,5,Shipped,20:24.0,,,,,,,
6-Jul-22,316251,217764,10,Rejected,20:37.0,,,,,,,
6-Jul-22,318012,28728,1,Rejected,20:39.0,,,,,,,
6-Jul-22,306687,61728,1,Rejected,20:47.0,,,,,,,
6-Jul-22,318105,26460,1,Shipped,21:03.0,,,,,,,
6-Jul-22,312513,205092,9,Rejected,21:05.0,,,,,,,
6-Jul-22,318516,73072,1,Shipped,21:14.0,,,,,,,
6-Jul-22,306882,78588,4,Rejected,21:30.0,,,,,,,
6-Jul-22,311667,52420,8,Shipped,21:46.0,,,,,,,
6-Jul-22,304224,156340,4,Rejected,21:47.0,,,,,,,
6-Jul-22,305214,221764,9,Rejected,21:52.0,,,,,,,
6-Jul-22,316332,124548,9,Shipped,22:04.0,,,,,,,
6-Jul-22,304170,25772,1,Shipped,22:06.0,,,,,,,
6-Jul-22,310044,76468,9,Rejected,22:19.0,,,,,,,
6-Jul-22,311178,86344,10,Shipped,22:24.0,,,,,,,
6-Jul-22,316158,96024,4,Rejected,22:48.0,,,,,,,
6-Jul-22,317121,125260,9,Shipped,22:51.0,,,,,,,
6-Jul-22,312789,210884,3,Rejected,23:04.0,,,,,,,
6-Jul-22,306846,25756,1,Rejected,23:17.0,,,,,,,
6-Jul-22,308307,150148,1,Shipped,23:49.0,,,,,,,
6-Jul-22,311913,29844,5,Rejected,23:53.0,,,,,,,
6-Jul-22,304659,25444,1,Shipped,24:01.0,,,,,,,
6-Jul-22,310047,202344,1,Rejected,24:19.0,,,,,,,
6-Jul-22,302040,72088,5,Rejected,24:33.0,,,,,,,
6-Jul-22,310821,73208,3,Shipped,24:51.0,,,,,,,
6-Jul-22,314097,157596,9,Shipped,24:52.0,,,,,,,
6-Jul-22,311895,165060,1,Rejected,25:09.0,,,,,,,
6-Jul-22,318930,71772,5,Shipped,25:25.0,,,,,,,
6-Jul-22,310824,71388,1,Shipped,25:31.0,,,,,,,
6-Jul-22,318111,113936,1,Shipped,25:58.0,,,,,,,
6-Jul-22,306054,114192,9,Rejected,26:28.0,,,,,,,
6-Jul-22,307707,118276,4,Shipped,26:35.0,,,,,,,
6-Jul-22,307911,216060,9,Rejected,26:41.0,,,,,,,
6-Jul-22,314106,139280,11,Shipped,27:33.0,,,,,,,
6-Jul-22,307167,186708,3,Shipped,27:49.0,,,,,,,
6-Jul-22,312522,223896,1,Shipped,28:12.0,,,,,,,
6-Jul-22,310227,96536,11,Shipped,28:14.0,,,,,,,
6-Jul-22,318609,210144,4,Shipped,28:44.0,,,,,,,
6-Jul-22,315294,125544,9,Shipped,28:53.0,,,,,,,
6-Jul-22,314328,189396,4,Shipped,29:32.0,,,,,,,
6-Jul-22,300387,186824,1,Rejected,29:57.0,,,,,,,
6-Jul-22,307497,179868,11,Shipped,30:55.0,,,,,,,
6-Jul-22,309624,220480,1,Rejected,30:58.0,,,,,,,
6-Jul-22,299364,218804,8,Rejected,31:30.0,,,,,,,
6-Jul-22,314535,67476,3,Shipped,32:10.0,,,,,,,
6-Jul-22,310107,183332,10,Rejected,32:11.0,,,,,,,
6-Jul-22,308238,153700,9,Rejected,32:40.0,,,,,,,
6-Jul-22,299739,147592,1,Rejected,32:48.0,,,,,,,
6-Jul-22,301218,220744,2,Rejected,33:10.0,,,,,,,
6-Jul-22,312531,217672,4,Shipped,33:11.0,,,,,,,
6-Jul-22,304008,25920,1,Shipped,33:22.0,,,,,,,
6-Jul-22,312432,58400,5,Shipped,33:29.0,,,,,,,
6-Jul-22,311958,126244,8,Rejected,33:57.0,,,,,,,
6-Jul-22,315312,27196,1,Shipped,33:59.0,,,,,,,
6-Jul-22,311589,177392,10,Rejected,34:55.0,,,,,,,
6-Jul-22,301602,220744,2,Shipped,34:57.0,,,,,,,
6-Jul-22,300180,100940,1,Rejected,35:00.0,,,,,,,
6-Jul-22,298773,63856,4,Shipped,35:22.0,,,,,,,
6-Jul-22,303180,216708,10,Rejected,35:30.0,,,,,,,
6-Jul-22,300033,205316,2,Rejected,35:43.0,,,,,,,
6-Jul-22,308760,45016,9,Rejected,35:52.0,,,,,,,
6-Jul-22,309975,161700,3,Shipped,36:14.0,,,,,,,
6-Jul-22,314022,223924,1,Shipped,36:19.0,,,,,,,
6-Jul-22,317442,189960,9,Rejected,36:26.0,,,,,,,
6-Jul-22,300789,156604,11,Shipped,36:30.0,,,,,,,
6-Jul-22,306579,186708,3,Shipped,36:39.0,,,,,,,
6-Jul-22,301086,217576,2,Rejected,36:59.0,,,,,,,
6-Jul-22,302826,221432,1,Rejected,37:29.0,,,,,,,
6-Jul-22,308577,70960,1,Shipped,37:34.0,,,,,,,
6-Jul-22,315471,79004,1,Pending,37:42.0,,,,,,,
6-Jul-22,302469,172124,9,Rejected,37:53.0,,,,,,,
6-Jul-22,312549,70176,4,Rejected,37:53.0,,,,,,,
6-Jul-22,300537,220604,8,Rejected,38:44.0,,,,,,,
6-Jul-22,307383,151092,5,Shipped,38:53.0,,,,,,,
6-Jul-22,307863,182376,5,Shipped,38:54.0,,,,,,,
6-Jul-22,301878,180256,5,Shipped,39:23.0,,,,,,,
6-Jul-22,315330,44764,1,Shipped,39:26.0,,,,,,,
6-Jul-22,304413,67352,2,Shipped,39:59.0,,,,,,,
6-Jul-22,311007,61460,8,Pending,39:59.0,,,,,,,
6-Jul-22,307782,106860,11,Shipped,40:02.0,,,,,,,
6-Jul-22,310617,108340,1,Shipped,40:03.0,,,,,,,
6-Jul-22,298689,169384,5,Shipped,40:13.0,,,,,,,
6-Jul-22,311694,170756,1,Shipped,40:19.0,,,,,,,
6-Jul-22,308475,216060,9,Rejected,40:25.0,,,,,,,
6-Jul-22,315477,97632,3,Shipped,40:52.0,,,,,,,
6-Jul-22,317739,38752,1,Shipped,40:59.0,,,,,,,
6-Jul-22,306792,25756,1,Shipped,41:10.0,,,,,,,
6-Jul-22,308481,39676,1,Rejected,41:31.0,,,,,,,
6-Jul-22,300183,41188,8,Shipped,41:54.0,,,,,,,
6-Jul-22,312450,53008,8,Rejected,41:58.0,,,,,,,
6-Jul-22,299958,81268,4,Rejected,42:13.0,,,,,,,
6-Jul-22,316965,205484,1,Rejected,42:32.0,,,,,,,
6-Jul-22,301695,215276,1,Rejected,43:10.0,,,,,,,
6-Jul-22,310845,80896,1,Rejected,43:13.0,,,,,,,
6-Jul-22,302910,58200,1,Shipped,43:18.0,,,,,,,
6-Jul-22,313095,184304,4,Shipped,43:29.0,,,,,,,
6-Jul-22,306594,190500,9,Shipped,43:53.0,,,,,,,
6-Jul-22,317631,191860,1,Shipped,44:14.0,,,,,,,
6-Jul-22,304983,96340,1,Shipped,44:46.0,,,,,,,
6-Jul-22,317652,126740,1,Rejected,45:05.0,,,,,,,
6-Jul-22,316095,113936,1,Rejected,45:31.0,,,,,,,
6-Jul-22,310977,217832,5,Rejected,45:38.0,,,,,,,
6-Jul-22,306309,73784,10,Rejected,46:00.0,,,,,,,
6-Jul-22,298596,153200,4,Shipped,46:39.0,,,,,,,
6-Jul-22,316098,55828,8,Rejected,47:30.0,,,,,,,
6-Jul-22,310122,101884,9,Rejected,47:37.0,,,,,,,
6-Jul-22,315486,71956,3,Rejected,47:43.0,,,,,,,
6-Jul-22,303486,44500,3,Rejected,47:44.0,,,,,,,
6-Jul-22,314763,100632,3,Rejected,48:01.0,,,,,,,
6-Jul-22,314268,94528,5,Rejected,48:14.0,,,,,,,
6-Jul-22,317151,203800,4,Rejected,48:16.0,,,,,,,
6-Jul-22,316422,207248,4,Shipped,48:50.0,,,,,,,
6-Jul-22,313716,215696,1,Rejected,49:04.0,,,,,,,
6-Jul-22,309276,218752,8,Shipped,49:23.0,,,,,,,
6-Jul-22,303930,221864,2,Shipped,49:34.0,,,,,,,
6-Jul-22,310689,23016,1,Shipped,49:57.0,,,,,,,
6-Jul-22,301434,64460,9,Shipped,50:08.0,,,,,,,
6-Jul-22,306231,126016,1,Shipped,51:19.0,,,,,,,
6-Jul-22,303402,171080,5,Shipped,51:24.0,,,,,,,
6-Jul-22,299586,148184,1,Shipped,51:25.0,,,,,,,
6-Jul-22,314745,37872,1,Rejected,51:47.0,,,,,,,
6-Jul-22,310695,996,1,Shipped,51:51.0,,,,,,,
6-Jul-22,303468,221404,1,Rejected,52:10.0,,,,,,,
6-Jul-22,310356,210768,4,Shipped,52:11.0,,,,,,,
6-Jul-22,318717,30004,1,Rejected,52:17.0,,,,,,,
6-Jul-22,300915,167600,1,Shipped,52:57.0,,,,,,,
6-Jul-22,301635,73876,3,Rejected,53:01.0,,,,,,,
6-Jul-22,305232,221296,9,Rejected,53:01.0,,,,,,,
6-Jul-22,301992,124968,1,Rejected,53:34.0,,,,,,,
6-Jul-22,315165,55796,5,Rejected,54:04.0,,,,,,,
6-Jul-22,315489,201560,4,Shipped,54:04.0,,,,,,,
6-Jul-22,300195,90560,8,Rejected,54:33.0,,,,,,,
6-Jul-22,299229,149940,2,Rejected,54:59.0,,,,,,,
6-Jul-22,317307,74092,8,Rejected,55:25.0,,,,,,,
6-Jul-22,304341,103472,11,Rejected,55:41.0,,,,,,,
6-Jul-22,314748,37872,1,Shipped,55:55.0,,,,,,,
6-Jul-22,305934,153904,8,Shipped,56:04.0,,,,,,,
6-Jul-22,304287,164896,2,Rejected,56:07.0,,,,,,,
6-Jul-22,302760,149940,2,Rejected,56:16.0,,,,,,,
6-Jul-22,305454,159640,2,Shipped,56:19.0,,,,,,,
6-Jul-22,308181,199376,3,Shipped,56:21.0,,,,,,,
6-Jul-22,300129,128656,9,Rejected,56:31.0,,,,,,,
6-Jul-22,303726,88764,2,Shipped,56:36.0,,,,,,,
6-Jul-22,315681,194996,1,Shipped,56:39.0,,,,,,,
6-Jul-22,318351,171916,2,Rejected,56:46.0,,,,,,,
6-Jul-22,311640,74676,4,Shipped,57:08.0,,,,,,,
6-Jul-22,307791,46576,5,Shipped,57:10.0,,,,,,,
6-Jul-22,307242,53368,9,Shipped,57:19.0,,,,,,,
6-Jul-22,303834,23408,1,Shipped,57:20.0,,,,,,,
6-Jul-22,308952,164644,2,Rejected,57:35.0,,,,,,,
6-Jul-22,317607,201736,10,Shipped,58:07.0,,,,,,,
6-Jul-22,314061,112608,2,Rejected,58:21.0,,,,,,,
6-Jul-22,309795,209276,10,Rejected,58:42.0,,,,,,,
6-Jul-22,315849,50000,9,Rejected,58:54.0,,,,,,,
6-Jul-22,307878,28464,1,Shipped,59:34.0,,,,,,,
6-Jul-22,307794,130560,11,Shipped,59:37.0,,,,,,,
6-Jul-22,311322,37276,4,Rejected,59:47.0,,,,,,,
6-Jul-22,300201,2124,1,Shipped,59:55.0,,,,,,,
6-Jul-22,302130,162268,2,Shipped,59:58.0,,,,,,,
6-Jul-22,315906,197868,1,Rejected,59:58.0,,,,,,,
7-Jul-22,308358,89632,2,Rejected,00:37.0,,,,,,,
7-Jul-22,305661,181376,4,Shipped,00:48.0,,,,,,,
7-Jul-22,313488,213064,5,Shipped,00:49.0,,,,,,,
7-Jul-22,316437,111320,2,Rejected,01:18.0,,,,,,,
7-Jul-22,311064,32852,1,Rejected,01:50.0,,,,,,,
7-Jul-22,308844,38796,1,Rejected,02:03.0,,,,,,,
7-Jul-22,301554,90192,3,Shipped,02:22.0,,,,,,,
7-Jul-22,318738,62920,8,Rejected,02:30.0,,,,,,,
7-Jul-22,302691,104452,2,Rejected,02:44.0,,,,,,,
7-Jul-22,314430,223488,9,Rejected,02:48.0,,,,,,,
7-Jul-22,316608,125236,1,Rejected,02:56.0,,,,,,,
7-Jul-22,302208,124968,1,Shipped,03:14.0,,,,,,,
7-Jul-22,300000,206588,5,Shipped,03:20.0,,,,,,,
7-Jul-22,308268,55508,1,Rejected,03:51.0,,,,,,,
7-Jul-22,313620,87352,1,Pending,04:02.0,,,,,,,
7-Jul-22,305778,98596,4,Shipped,04:31.0,,,,,,,
7-Jul-22,310863,128188,10,Shipped,04:45.0,,,,,,,
7-Jul-22,316206,223924,1,Rejected,05:06.0,,,,,,,
7-Jul-22,312678,68876,10,Shipped,05:07.0,,,,,,,
7-Jul-22,301719,18900,1,Shipped,05:40.0,,,,,,,
7-Jul-22,302871,92552,4,Rejected,05:45.0,,,,,,,
7-Jul-22,298629,208944,8,Rejected,05:51.0,,,,,,,
7-Jul-22,310923,26460,1,Shipped,05:56.0,,,,,,,
7-Jul-22,309819,21504,1,Shipped,06:05.0,,,,,,,
7-Jul-22,311337,66000,9,Shipped,06:31.0,,,,,,,
7-Jul-22,302538,217764,10,Rejected,06:53.0,,,,,,,
7-Jul-22,299349,212368,4,Rejected,06:56.0,,,,,,,
7-Jul-22,316689,218276,1,Rejected,07:01.0,,,,,,,
7-Jul-22,314223,91728,1,Rejected,07:41.0,,,,,,,
7-Jul-22,305226,98452,10,Shipped,07:45.0,,,,,,,
7-Jul-22,312684,55828,8,Shipped,07:53.0,,,,,,,
7-Jul-22,299433,182504,1,Rejected,08:14.0,,,,,,,
7-Jul-22,306528,213772,4,Shipped,08:45.0,,,,,,,
7-Jul-22,302076,30796,1,Rejected,08:46.0,,,,,,,
7-Jul-22,298743,211596,3,Rejected,09:06.0,,,,,,,
7-Jul-22,313158,161636,4,Shipped,09:06.0,,,,,,,
7-Jul-22,318099,83968,9,Shipped,09:14.0,,,,,,,
7-Jul-22,317340,50736,9,Shipped,09:17.0,,,,,,,
7-Jul-22,313971,32472,1,Shipped,09:20.0,,,,,,,
7-Jul-22,310209,221800,3,Rejected,09:24.0,,,,,,,
7-Jul-22,316617,53688,9,Shipped,09:29.0,,,,,,,
7-Jul-22,317409,71960,4,Shipped,09:45.0,,,,,,,
7-Jul-22,305268,57488,8,Rejected,10:29.0,,,,,,,
7-Jul-22,312066,180120,8,Shipped,10:29.0,,,,,,,
7-Jul-22,303000,21380,1,Rejected,10:32.0,,,,,,,
7-Jul-22,313338,108736,7,Shipped,10:33.0,,,,,,,
7-Jul-22,299514,220720,3,Rejected,10:50.0,,,,,,,
7-Jul-22,301287,179424,4,Rejected,10:57.0,,,,,,,
7-Jul-22,304437,142548,9,Shipped,11:07.0,,,,,,,
7-Jul-22,311025,108392,9,Rejected,11:21.0,,,,,,,
7-Jul-22,317040,213464,9,Shipped,11:36.0,,,,,,,
7-Jul-22,309156,213756,9,Rejected,11:38.0,,,,,,,
7-Jul-22,306981,162292,11,Shipped,11:51.0,,,,,,,
7-Jul-22,310488,222572,11,Shipped,12:40.0,,,,,,,
7-Jul-22,308202,221592,9,Rejected,12:41.0,,,,,,,
7-Jul-22,305487,220608,9,Rejected,13:23.0,,,,,,,
7-Jul-22,308205,78244,2,Shipped,13:30.0,,,,,,,
7-Jul-22,318333,199456,1,Rejected,13:46.0,,,,,,,
7-Jul-22,314892,192816,12,Rejected,13:47.0,,,,,,,
7-Jul-22,311094,134528,4,Rejected,13:53.0,,,,,,,
7-Jul-22,303312,74056,2,Rejected,13:58.0,,,,,,,
7-Jul-22,310278,190260,9,Shipped,14:12.0,,,,,,,
7-Jul-22,317352,8696,1,Shipped,14:18.0,,,,,,,
7-Jul-22,298854,122528,9,Shipped,14:52.0,,,,,,,
7-Jul-22,306831,213464,9,Rejected,14:57.0,,,,,,,
7-Jul-22,311991,223848,1,Rejected,16:19.0,,,,,,,
7-Jul-22,309510,219476,9,Shipped,16:44.0,,,,,,,
7-Jul-22,299646,154440,2,Shipped,17:01.0,,,,,,,
7-Jul-22,308655,18652,1,Rejected,18:03.0,,,,,,,
7-Jul-22,316749,185432,4,Shipped,18:44.0,,,,,,,
7-Jul-22,316320,203272,1,Rejected,18:48.0,,,,,,,
7-Jul-22,300273,196848,8,Rejected,18:51.0,,,,,,,
7-Jul-22,308724,213700,9,Rejected,18:55.0,,,,,,,
7-Jul-22,318468,154048,11,Shipped,18:59.0,,,,,,,
7-Jul-22,316626,203408,12,Shipped,19:25.0,,,,,,,
7-Jul-22,307488,156316,1,Rejected,20:00.0,,,,,,,
7-Jul-22,307074,119328,1,Shipped,20:03.0,,,,,,,
7-Jul-22,311364,221104,1,Rejected,20:33.0,,,,,,,
7-Jul-22,299925,22200,1,Rejected,20:36.0,,,,,,,
7-Jul-22,308553,71632,5,Shipped,21:02.0,,,,,,,
7-Jul-22,316995,210884,3,Shipped,21:16.0,,,,,,,
7-Jul-22,318885,86144,4,Rejected,21:25.0,,,,,,,
7-Jul-22,318195,24188,4,Shipped,22:33.0,,,,,,,
7-Jul-22,317646,201196,2,Rejected,22:54.0,,,,,,,
7-Jul-22,301380,197132,4,Shipped,23:18.0,,,,,,,
7-Jul-22,310959,183996,4,Shipped,23:56.0,,,,,,,
7-Jul-22,312792,210884,3,Rejected,24:06.0,,,,,,,
7-Jul-22,312846,137532,9,Rejected,24:59.0,,,,,,,
7-Jul-22,305907,185368,9,Rejected,25:26.0,,,,,,,
7-Jul-22,302961,206568,1,Shipped,25:32.0,,,,,,,
7-Jul-22,308109,76820,4,Shipped,26:09.0,,,,,,,
7-Jul-22,314436,194996,1,Shipped,26:17.0,,,,,,,
7-Jul-22,318114,113936,1,Shipped,26:33.0,,,,,,,
7-Jul-22,300246,133612,8,Shipped,26:52.0,,,,,,,
7-Jul-22,300708,86888,9,Shipped,26:53.0,,,,,,,
7-Jul-22,311835,46896,1,Shipped,26:54.0,,,,,,,
7-Jul-22,299487,77488,2,Rejected,27:25.0,,,,,,,
7-Jul-22,307491,182504,1,Shipped,28:22.0,,,,,,,
7-Jul-22,304860,151868,4,Shipped,28:23.0,,,,,,,
7-Jul-22,317892,208068,3,Shipped,28:27.0,,,,,,,
7-Jul-22,316470,95816,11,Rejected,28:37.0,,,,,,,
7-Jul-22,318198,139888,3,Shipped,28:41.0,,,,,,,
7-Jul-22,311463,152544,2,Rejected,29:14.0,,,,,,,
7-Jul-22,299112,216992,3,Rejected,29:15.0,,,,,,,
7-Jul-22,304671,222072,11,Rejected,29:35.0,,,,,,,
7-Jul-22,308664,188764,10,Rejected,30:01.0,,,,,,,
7-Jul-22,307827,53628,9,Shipped,30:41.0,,,,,,,
7-Jul-22,305823,169240,4,Rejected,30:48.0,,,,,,,
7-Jul-22,302610,221404,1,Rejected,31:17.0,,,,,,,
7-Jul-22,311184,89924,1,Shipped,31:41.0,,,,,,,
7-Jul-22,314178,55068,1,Rejected,31:50.0,,,,,,,
7-Jul-22,304761,81036,5,Rejected,32:04.0,,,,,,,
7-Jul-22,311001,61036,9,Shipped,32:16.0,,,,,,,
7-Jul-22,306924,216000,1,Rejected,33:21.0,,,,,,,
7-Jul-22,317277,208336,1,Shipped,33:30.0,,,,,,,
7-Jul-22,318363,168860,4,Shipped,33:41.0,,,,,,,
7-Jul-22,306780,152448,9,Shipped,33:44.0,,,,,,,
7-Jul-22,312099,72932,5,Rejected,34:03.0,,,,,,,
7-Jul-22,313656,103548,8,Rejected,34:08.0,,,,,,,
7-Jul-22,298677,202196,2,Rejected,34:10.0,,,,,,,
7-Jul-22,308574,74448,4,Shipped,34:40.0,,,,,,,
7-Jul-22,310830,156656,2,Shipped,35:04.0,,,,,,,
7-Jul-22,315318,224860,3,Rejected,35:21.0,,,,,,,
7-Jul-22,309741,119324,9,Shipped,35:34.0,,,,,,,
7-Jul-22,301527,88460,8,Shipped,35:52.0,,,,,,,
7-Jul-22,313209,185092,11,Shipped,35:54.0,,,,,,,
7-Jul-22,309978,80764,9,Rejected,36:45.0,,,,,,,
7-Jul-22,299007,85068,8,Shipped,37:11.0,,,,,,,
7-Jul-22,300393,69700,2,Rejected,37:46.0,,,,,,,
7-Jul-22,305196,28000,1,Rejected,38:27.0,,,,,,,
7-Jul-22,299121,21884,1,Shipped,38:37.0,,,,,,,
7-Jul-22,309270,53764,8,Shipped,38:38.0,,,,,,,
7-Jul-22,307305,72132,2,Rejected,38:42.0,,,,,,,
7-Jul-22,307620,181084,8,Shipped,39:15.0,,,,,,,
7-Jul-22,312279,83820,1,Shipped,39:21.0,,,,,,,
7-Jul-22,298578,188972,4,Rejected,39:40.0,,,,,,,
7-Jul-22,305997,156896,1,Rejected,39:49.0,,,,,,,
7-Jul-22,310434,182536,1,Rejected,40:01.0,,,,,,,
7-Jul-22,303822,221444,11,Rejected,40:18.0,,,,,,,
7-Jul-22,298785,72176,3,Shipped,41:00.0,,,,,,,
7-Jul-22,306390,123428,4,Rejected,41:37.0,,,,,,,
7-Jul-22,312444,200364,1,Rejected,41:38.0,,,,,,,
7-Jul-22,301692,89476,10,Rejected,42:11.0,,,,,,,
7-Jul-22,308319,209696,10,Rejected,42:14.0,,,,,,,
7-Jul-22,310680,76756,3,Shipped,42:17.0,,,,,,,
7-Jul-22,316920,147592,1,Rejected,42:18.0,,,,,,,
7-Jul-22,304770,213512,3,Rejected,42:23.0,,,,,,,
7-Jul-22,314394,86376,1,Shipped,42:40.0,,,,,,,
7-Jul-22,309639,164404,1,Shipped,42:42.0,,,,,,,
7-Jul-22,308010,43412,9,Rejected,42:51.0,,,,,,,
7-Jul-22,316164,79792,2,Rejected,43:01.0,,,,,,,
7-Jul-22,314595,82280,8,Rejected,43:13.0,,,,,,,
7-Jul-22,302253,58200,1,Shipped,43:29.0,,,,,,,
7-Jul-22,313383,124220,9,Shipped,43:34.0,,,,,,,
7-Jul-22,299214,60500,2,Rejected,43:38.0,,,,,,,
7-Jul-22,306597,212248,8,Rejected,44:20.0,,,,,,,
7-Jul-22,318048,202624,10,Rejected,44:21.0,,,,,,,
7-Jul-22,304695,117480,1,Rejected,44:54.0,,,,,,,
7-Jul-22,312114,21392,1,Rejected,45:14.0,,,,,,,
7-Jul-22,303546,63728,1,Shipped,45:36.0,,,,,,,
7-Jul-22,318624,86924,2,Shipped,45:43.0,,,,,,,
7-Jul-22,301701,47336,8,Rejected,45:51.0,,,,,,,
7-Jul-22,304596,106360,9,Rejected,46:02.0,,,,,,,
7-Jul-22,316056,34284,1,Rejected,46:15.0,,,,,,,
7-Jul-22,302661,118440,3,Rejected,46:23.0,,,,,,,
7-Jul-22,316362,112052,4,Shipped,47:03.0,,,,,,,
7-Jul-22,305076,213220,1,Rejected,47:20.0,,,,,,,
7-Jul-22,308328,118816,1,Shipped,47:34.0,,,,,,,
7-Jul-22,313830,224368,9,Rejected,47:34.0,,,,,,,
7-Jul-22,305556,187692,2,Shipped,47:47.0,,,,,,,
7-Jul-22,299793,132984,4,Rejected,48:31.0,,,,,,,
7-Jul-22,298701,161176,4,Rejected,48:45.0,,,,,,,
7-Jul-22,302262,58200,1,Shipped,49:15.0,,,,,,,
7-Jul-22,309279,223216,8,Rejected,49:31.0,,,,,,,
7-Jul-22,312459,207268,1,Rejected,49:32.0,,,,,,,
7-Jul-22,308763,135860,1,Shipped,49:42.0,,,,,,,
7-Jul-22,317835,182372,8,Shipped,49:51.0,,,,,,,
7-Jul-22,303048,21380,1,Shipped,49:56.0,,,,,,,
7-Jul-22,317298,81960,8,Shipped,50:55.0,,,,,,,
7-Jul-22,300555,181348,8,Rejected,51:13.0,,,,,,,
7-Jul-22,301026,183064,10,Rejected,51:13.0,,,,,,,
7-Jul-22,313848,88684,1,Shipped,51:15.0,,,,,,,
7-Jul-22,312999,180256,5,Shipped,51:16.0,,,,,,,
7-Jul-22,299499,101600,2,Shipped,51:29.0,,,,,,,
7-Jul-22,315954,153200,4,Shipped,51:52.0,,,,,,,
7-Jul-22,303489,140520,2,Rejected,52:01.0,,,,,,,
7-Jul-22,302193,221352,1,Rejected,52:08.0,,,,,,,
7-Jul-22,308343,218772,9,Shipped,52:14.0,,,,,,,
7-Jul-22,309783,220480,1,Shipped,52:14.0,,,,,,,
7-Jul-22,302754,72132,2,Shipped,52:19.0,,,,,,,
7-Jul-22,305568,187692,2,Rejected,52:23.0,,,,,,,
7-Jul-22,318495,144432,10,Shipped,52:38.0,,,,,,,
7-Jul-22,308256,173804,4,Shipped,52:43.0,,,,,,,
7-Jul-22,315345,170056,1,Rejected,52:55.0,,,,,,,
7-Jul-22,317394,149708,4,Shipped,53:28.0,,,,,,,
7-Jul-22,318213,74636,3,Shipped,53:32.0,,,,,,,
7-Jul-22,301830,164320,3,Rejected,54:08.0,,,,,,,
7-Jul-22,308349,38408,1,Shipped,54:22.0,,,,,,,
7-Jul-22,304143,136388,1,Shipped,54:26.0,,,,,,,
7-Jul-22,303948,207672,1,Rejected,54:39.0,,,,,,,
7-Jul-22,301833,137392,8,Shipped,54:57.0,,,,,,,
7-Jul-22,312210,85432,4,Shipped,55:09.0,,,,,,,
7-Jul-22,309465,113052,9,Shipped,55:13.0,,,,,,,
7-Jul-22,308514,53628,9,Shipped,56:31.0,,,,,,,
7-Jul-22,317844,183580,1,Rejected,56:55.0,,,,,,,
7-Jul-22,301449,86296,1,Shipped,57:19.0,,,,,,,
7-Jul-22,299706,18636,1,Shipped,57:31.0,,,,,,,
7-Jul-22,314055,70516,10,Rejected,57:36.0,,,,,,,
7-Jul-22,302124,191852,4,Shipped,57:38.0,,,,,,,
7-Jul-22,303729,194096,2,Rejected,57:44.0,,,,,,,
7-Jul-22,304806,203876,10,Rejected,58:08.0,,,,,,,
7-Jul-22,310545,191592,9,Rejected,58:30.0,,,,,,,
7-Jul-22,313485,54204,9,Shipped,58:46.0,,,,,,,
7-Jul-22,301551,213048,4,Rejected,58:59.0,,,,,,,
7-Jul-22,303390,117648,8,Rejected,59:01.0,,,,,,,
7-Jul-22,305655,63860,4,Rejected,59:07.0,,,,,,,
7-Jul-22,314961,68624,7,Shipped,59:29.0,,,,,,,
7-Jul-22,318324,115064,9,Rejected,59:53.0,,,,,,,
7-Jul-22,310548,191592,9,Rejected,59:59.0,,,,,,,
8-Jul-22,312597,75512,4,Shipped,00:00.0,,,,,,,
8-Jul-22,300567,32264,5,Shipped,00:20.0,,,,,,,
8-Jul-22,311091,194632,8,Rejected,01:24.0,,,,,,,
8-Jul-22,312870,54668,8,Rejected,01:38.0,,,,,,,
8-Jul-22,299607,1364,1,Rejected,02:03.0,,,,,,,
8-Jul-22,299610,77488,2,Shipped,02:24.0,,,,,,,
8-Jul-22,308772,183488,7,Rejected,03:02.0,,,,,,,
8-Jul-22,309816,207268,1,Rejected,03:31.0,,,,,,,
8-Jul-22,318915,211948,4,Shipped,04:11.0,,,,,,,
8-Jul-22,302484,19404,1,Shipped,04:13.0,,,,,,,
8-Jul-22,315249,68884,8,Rejected,04:24.0,,,,,,,
8-Jul-22,313776,55092,1,Rejected,04:35.0,,,,,,,
8-Jul-22,302214,79244,2,Shipped,04:38.0,,,,,,,
8-Jul-22,301458,188196,4,Shipped,04:50.0,,,,,,,
8-Jul-22,313410,181292,1,Rejected,05:04.0,,,,,,,
8-Jul-22,314550,54956,2,Shipped,05:04.0,,,,,,,
8-Jul-22,307671,39388,1,Shipped,05:21.0,,,,,,,
8-Jul-22,314160,204544,4,Rejected,05:35.0,,,,,,,
8-Jul-22,310011,223080,4,Shipped,05:41.0,,,,,,,
8-Jul-22,299817,187676,2,Shipped,05:46.0,,,,,,,
8-Jul-22,303501,201244,4,Rejected,05:50.0,,,,,,,
8-Jul-22,316614,225188,4,Rejected,06:17.0,,,,,,,
8-Jul-22,314979,20636,1,Shipped,06:28.0,,,,,,,
8-Jul-22,308367,30500,1,Shipped,06:37.0,,,,,,,
8-Jul-22,311655,134596,2,Rejected,06:40.0,,,,,,,
8-Jul-22,312882,51828,9,Rejected,06:54.0,,,,,,,
8-Jul-22,310374,134456,1,Rejected,07:02.0,,,,,,,
8-Jul-22,303747,41840,8,Rejected,07:05.0,,,,,,,
8-Jul-22,318921,139888,3,Rejected,07:14.0,,,,,,,
8-Jul-22,302775,29388,5,Shipped,07:29.0,,,,,,,
8-Jul-22,314493,218588,1,Rejected,07:42.0,,,,,,,
8-Jul-22,305946,73252,4,Shipped,07:45.0,,,,,,,
8-Jul-22,305481,90860,3,Rejected,07:49.0,,,,,,,
8-Jul-22,313896,36128,5,Shipped,08:15.0,,,,,,,
8-Jul-22,308277,212100,4,Shipped,08:27.0,,,,,,,
8-Jul-22,302778,29388,5,Rejected,08:33.0,,,,,,,
8-Jul-22,304515,44424,9,Rejected,09:08.0,,,,,,,
8-Jul-22,307050,214016,1,Rejected,09:35.0,,,,,,,
8-Jul-22,303261,96644,8,Rejected,10:23.0,,,,,,,
8-Jul-22,305955,51976,9,Rejected,10:30.0,,,,,,,
8-Jul-22,313641,41708,5,Rejected,11:03.0,,,,,,,
8-Jul-22,313977,189228,1,Shipped,11:05.0,,,,,,,
8-Jul-22,317190,182064,8,Rejected,11:06.0,,,,,,,
8-Jul-22,306456,147028,9,Shipped,11:09.0,,,,,,,
8-Jul-22,313044,59752,9,Shipped,11:10.0,,,,,,,
8-Jul-22,299829,82352,3,Rejected,11:38.0,,,,,,,
8-Jul-22,311118,156896,1,Rejected,11:48.0,,,,,,,
8-Jul-22,310941,212804,2,Rejected,11:54.0,,,,,,,
8-Jul-22,311442,162972,3,Rejected,11:57.0,,,,,,,
8-Jul-22,300228,19324,1,Shipped,12:09.0,,,,,,,
8-Jul-22,301923,147912,8,Shipped,12:25.0,,,,,,,
8-Jul-22,314889,52752,8,Rejected,13:07.0,,,,,,,
8-Jul-22,306987,220872,9,Rejected,13:10.0,,,,,,,
8-Jul-22,305598,77528,9,Shipped,13:37.0,,,,,,,
8-Jul-22,314235,87776,8,Rejected,13:50.0,,,,,,,
8-Jul-22,299637,36312,1,Shipped,14:06.0,,,,,,,
8-Jul-22,315102,31604,5,Shipped,14:23.0,,,,,,,
8-Jul-22,305490,162996,2,Rejected,14:35.0,,,,,,,
8-Jul-22,306672,139280,11,Rejected,14:45.0,,,,,,,
8-Jul-22,299070,53008,8,Rejected,14:50.0,,,,,,,
8-Jul-22,310305,143768,5,Rejected,14:54.0,,,,,,,
8-Jul-22,305136,180840,8,Rejected,15:40.0,,,,,,,
8-Jul-22,312156,36768,1,Rejected,15:43.0,,,,,,,
8-Jul-22,316041,32228,1,Rejected,16:04.0,,,,,,,
8-Jul-22,303768,97632,3,Shipped,16:13.0,,,,,,,
8-Jul-22,308541,170484,4,Shipped,16:26.0,,,,,,,
8-Jul-22,310497,79652,8,Rejected,16:31.0,,,,,,,
8-Jul-22,300837,29500,1,Shipped,16:35.0,,,,,,,
8-Jul-22,311748,188764,10,Shipped,16:46.0,,,,,,,
8-Jul-22,301587,83936,2,Shipped,16:58.0,,,,,,,
8-Jul-22,310578,158412,1,Shipped,17:14.0,,,,,,,
8-Jul-22,300507,88944,11,Shipped,17:18.0,,,,,,,
8-Jul-22,300945,158716,4,Rejected,17:22.0,,,,,,,
8-Jul-22,311172,182440,2,Shipped,17:28.0,,,,,,,
8-Jul-22,303981,44336,9,Shipped,17:33.0,,,,,,,
8-Jul-22,312687,198260,3,Rejected,17:33.0,,,,,,,
8-Jul-22,314085,139280,11,Rejected,17:52.0,,,,,,,
8-Jul-22,312363,221940,4,Rejected,18:02.0,,,,,,,
8-Jul-22,311037,223600,12,Rejected,18:24.0,,,,,,,
8-Jul-22,306471,37356,1,Rejected,18:28.0,,,,,,,
8-Jul-22,308928,105456,11,Rejected,18:32.0,,,,,,,
8-Jul-22,308400,28464,1,Rejected,18:43.0,,,,,,,
8-Jul-22,314508,55456,2,Rejected,19:35.0,,,,,,,
8-Jul-22,317883,20228,5,Shipped,20:00.0,,,,,,,
8-Jul-22,303441,180788,1,Rejected,20:25.0,,,,,,,
8-Jul-22,318591,164644,2,Rejected,20:26.0,,,,,,,
8-Jul-22,303867,142548,9,Rejected,20:50.0,,,,,,,
8-Jul-22,317943,114012,10,Shipped,20:54.0,,,,,,,
8-Jul-22,299085,53008,8,Rejected,21:08.0,,,,,,,
8-Jul-22,318234,189840,8,Rejected,21:53.0,,,,,,,
8-Jul-22,313347,3408,1,Shipped,22:05.0,,,,,,,
8-Jul-22,308730,201644,3,Rejected,22:28.0,,,,,,,
8-Jul-22,318768,84104,11,Rejected,22:48.0,,,,,,,
8-Jul-22,299724,96032,8,Rejected,22:49.0,,,,,,,
8-Jul-22,301512,88460,8,Rejected,23:44.0,,,,,,,
8-Jul-22,312969,196412,2,Rejected,24:25.0,,,,,,,
8-Jul-22,306897,25284,1,Shipped,24:29.0,,,,,,,
8-Jul-22,306849,59676,2,Rejected,24:47.0,,,,,,,
8-Jul-22,309717,170296,2,Shipped,24:59.0,,,,,,,
8-Jul-22,317574,24384,1,Rejected,24:59.0,,,,,,,
8-Jul-22,314421,133744,1,Rejected,25:09.0,,,,,,,
8-Jul-22,314166,150148,1,Shipped,25:14.0,,,,,,,
8-Jul-22,313908,131548,9,Shipped,25:17.0,,,,,,,
8-Jul-22,312750,190076,9,Rejected,25:30.0,,,,,,,
8-Jul-22,303999,74812,4,Rejected,25:37.0,,,,,,,
8-Jul-22,303288,27188,1,Rejected,25:48.0,,,,,,,
8-Jul-22,304104,178744,8,Shipped,25:52.0,,,,,,,
8-Jul-22,313995,53976,1,Rejected,26:11.0,,,,,,,
8-Jul-22,314727,175832,5,Shipped,26:46.0,,,,,,,
8-Jul-22,311454,91728,1,Rejected,27:01.0,,,,,,,
8-Jul-22,302448,201560,4,Shipped,27:06.0,,,,,,,
8-Jul-22,305412,219084,3,Rejected,27:26.0,,,,,,,
8-Jul-22,311142,125684,8,Shipped,27:30.0,,,,,,,
8-Jul-22,311757,20828,1,Shipped,28:41.0,,,,,,,
8-Jul-22,313584,146124,4,Shipped,28:53.0,,,,,,,
8-Jul-22,312171,30604,1,Rejected,28:56.0,,,,,,,
8-Jul-22,313998,201724,2,Shipped,28:56.0,,,,,,,
8-Jul-22,300936,48176,9,Rejected,29:00.0,,,,,,,
8-Jul-22,301950,130984,1,Rejected,29:18.0,,,,,,,
8-Jul-22,306558,197132,4,Rejected,29:30.0,,,,,,,
8-Jul-22,313788,161700,3,Shipped,29:30.0,,,,,,,
8-Jul-22,311382,69448,9,Rejected,29:35.0,,,,,,,
8-Jul-22,318024,37948,1,Rejected,30:06.0,,,,,,,
8-Jul-22,305424,61064,9,Shipped,30:26.0,,,,,,,
8-Jul-22,313194,23272,1,Shipped,30:55.0,,,,,,,
8-Jul-22,315984,181940,1,Shipped,30:56.0,,,,,,,
8-Jul-22,308889,101884,9,Shipped,31:31.0,,,,,,,
8-Jul-22,303612,18632,1,Shipped,32:02.0,,,,,,,
8-Jul-22,307287,217764,10,Shipped,32:05.0,,,,,,,
8-Jul-22,303888,96808,4,Rejected,32:19.0,,,,,,,
8-Jul-22,308565,70960,1,Rejected,32:53.0,,,,,,,
8-Jul-22,312768,185092,11,Rejected,33:10.0,,,,,,,
8-Jul-22,299115,57268,9,Rejected,33:37.0,,,,,,,
8-Jul-22,309738,155356,11,Shipped,34:50.0,,,,,,,
8-Jul-22,307203,222452,8,Shipped,35:29.0,,,,,,,
8-Jul-22,302241,50656,1,Shipped,35:40.0,,,,,,,
8-Jul-22,309633,220180,9,Shipped,35:43.0,,,,,,,
8-Jul-22,314265,18632,1,Shipped,35:43.0,,,,,,,
8-Jul-22,316479,9332,1,Shipped,36:10.0,,,,,,,
8-Jul-22,300036,137536,1,Rejected,36:12.0,,,,,,,
8-Jul-22,310752,201244,4,Shipped,36:13.0,,,,,,,
8-Jul-22,315195,170484,4,Rejected,37:10.0,,,,,,,
8-Jul-22,300897,159868,12,Rejected,37:48.0,,,,,,,
8-Jul-22,305259,128992,1,Rejected,37:54.0,,,,,,,
8-Jul-22,317907,80608,11,Shipped,37:56.0,,,,,,,
8-Jul-22,303903,26696,1,Shipped,38:43.0,,,,,,,
8-Jul-22,309750,119324,9,Shipped,38:49.0,,,,,,,
8-Jul-22,300900,80068,3,Rejected,38:58.0,,,,,,,
8-Jul-22,315939,106864,2,Shipped,39:15.0,,,,,,,
8-Jul-22,309183,22412,1,Shipped,39:57.0,,,,,,,
8-Jul-22,300114,145060,1,Rejected,40:07.0,,,,,,,
8-Jul-22,299766,147592,1,Rejected,40:12.0,,,,,,,
8-Jul-22,318540,125056,9,Rejected,40:18.0,,,,,,,
8-Jul-22,301683,89476,10,Rejected,40:21.0,,,,,,,
8-Jul-22,308472,45792,8,Shipped,40:22.0,,,,,,,
8-Jul-22,309981,208068,3,Rejected,40:25.0,,,,,,,
8-Jul-22,317061,160080,4,Rejected,40:26.0,,,,,,,
8-Jul-22,316236,115244,8,Rejected,40:28.0,,,,,,,
8-Jul-22,299460,150784,2,Rejected,40:41.0,,,,,,,
8-Jul-22,311919,41004,1,Shipped,40:41.0,,,,,,,
8-Jul-22,309438,136356,1,Shipped,41:00.0,,,,,,,
8-Jul-22,306120,156868,8,Shipped,41:23.0,,,,,,,
8-Jul-22,300042,48980,5,Shipped,41:48.0,,,,,,,
8-Jul-22,303462,213276,11,Shipped,41:54.0,,,,,,,
8-Jul-22,299136,76872,3,Shipped,42:02.0,,,,,,,
8-Jul-22,311967,59956,8,Rejected,42:10.0,,,,,,,
8-Jul-22,300045,97116,9,Shipped,42:48.0,,,,,,,
8-Jul-22,309900,193904,1,Shipped,42:50.0,,,,,,,
8-Jul-22,313290,26936,1,Rejected,42:55.0,,,,,,,
8-Jul-22,306393,60792,2,Rejected,43:01.0,,,,,,,
8-Jul-22,314715,18724,1,Rejected,43:11.0,,,,,,,
8-Jul-22,314634,191400,9,Shipped,43:19.0,,,,,,,
8-Jul-22,311880,46872,1,Rejected,43:31.0,,,,,,,
8-Jul-22,305715,74156,3,Shipped,43:33.0,,,,,,,
8-Jul-22,303423,221772,10,Rejected,43:40.0,,,,,,,
8-Jul-22,316968,205484,1,Rejected,43:51.0,,,,,,,
8-Jul-22,310284,206336,2,Shipped,43:59.0,,,,,,,
8-Jul-22,317019,21104,1,Rejected,44:25.0,,,,,,,
8-Jul-22,312993,207124,2,Rejected,44:28.0,,,,,,,
8-Jul-22,315417,169776,2,Rejected,44:51.0,,,,,,,
8-Jul-22,306603,107464,8,Pending,44:52.0,,,,,,,
8-Jul-22,308019,24980,1,Rejected,45:00.0,,,,,,,
8-Jul-22,310119,222452,8,Shipped,45:34.0,,,,,,,
8-Jul-22,311487,174372,2,Rejected,45:41.0,,,,,,,
8-Jul-22,307398,179868,11,Rejected,45:53.0,,,,,,,
8-Jul-22,318543,150428,11,Shipped,46:01.0,,,,,,,
8-Jul-22,303297,32776,5,Rejected,46:34.0,,,,,,,
8-Jul-22,309450,3300,1,Shipped,46:41.0,,,,,,,
8-Jul-22,304779,54532,9,Rejected,47:01.0,,,,,,,
8-Jul-22,302979,112776,3,Rejected,47:10.0,,,,,,,
8-Jul-22,316773,218652,9,Rejected,47:32.0,,,,,,,
8-Jul-22,309333,59112,11,Shipped,47:34.0,,,,,,,
8-Jul-22,301704,29980,1,Shipped,47:51.0,,,,,,,
8-Jul-22,316137,24048,1,Rejected,48:07.0,,,,,,,
8-Jul-22,304137,168088,1,Shipped,48:17.0,,,,,,,
8-Jul-22,308334,180840,8,Shipped,48:36.0,,,,,,,
8-Jul-22,305634,161384,11,Rejected,48:53.0,,,,,,,
8-Jul-22,305385,28000,1,Shipped,49:06.0,,,,,,,
8-Jul-22,300552,88916,8,Shipped,49:21.0,,,,,,,
8-Jul-22,302844,64144,4,Rejected,49:56.0,,,,,,,
8-Jul-22,311781,202996,9,Rejected,50:24.0,,,,,,,
8-Jul-22,308598,46816,5,Rejected,50:25.0,,,,,,,
8-Jul-22,301776,220856,5,Rejected,50:30.0,,,,,,,
8-Jul-22,312783,223924,1,Shipped,50:45.0,,,,,,,
8-Jul-22,312123,2712,1,Rejected,50:55.0,,,,,,,
8-Jul-22,318132,223112,9,Shipped,51:05.0,,,,,,,
8-Jul-22,312570,101064,9,Rejected,51:15.0,,,,,,,
8-Jul-22,314052,223112,9,Shipped,51:17.0,,,,,,,
8-Jul-22,301329,98596,4,Rejected,51:33.0,,,,,,,
8-Jul-22,308601,18652,1,Rejected,52:57.0,,,,,,,
8-Jul-22,302058,219392,1,Rejected,53:08.0,,,,,,,
8-Jul-22,301182,80068,3,Rejected,53:43.0,,,,,,,
8-Jul-22,313128,123428,4,Rejected,54:31.0,,,,,,,
8-Jul-22,305256,222224,1,Rejected,54:50.0,,,,,,,
8-Jul-22,307836,54532,9,Rejected,55:04.0,,,,,,,
8-Jul-22,307839,43412,9,Rejected,55:37.0,,,,,,,
8-Jul-22,315546,145160,12,Rejected,55:41.0,,,,,,,
8-Jul-22,310185,77364,2,Rejected,55:45.0,,,,,,,
8-Jul-22,303951,20592,1,Shipped,56:19.0,,,,,,,
8-Jul-22,311112,109492,9,Rejected,56:31.0,,,,,,,
8-Jul-22,300480,45016,9,Rejected,56:49.0,,,,,,,
8-Jul-22,318858,96388,9,Rejected,57:02.0,,,,,,,
8-Jul-22,299469,185092,11,Rejected,57:22.0,,,,,,,
8-Jul-22,318312,130380,9,Rejected,57:36.0,,,,,,,
8-Jul-22,311997,222636,1,Rejected,57:37.0,,,,,,,
8-Jul-22,302670,125116,10,Rejected,57:59.0,,,,,,,
8-Jul-22,311424,73784,10,Rejected,58:05.0,,,,,,,
8-Jul-22,307434,40448,1,Shipped,58:16.0,,,,,,,
8-Jul-22,303459,107964,3,Shipped,58:37.0,,,,,,,
8-Jul-22,303168,140400,1,Rejected,58:47.0,,,,,,,
8-Jul-22,314064,222176,8,Shipped,58:54.0,,,,,,,
8-Jul-22,314655,54284,2,Shipped,58:56.0,,,,,,,
8-Jul-22,311925,78040,1,Rejected,58:57.0,,,,,,,
8-Jul-22,302925,79652,8,Rejected,59:15.0,,,,,,,
9-Jul-22,303960,134336,1,Rejected,00:30.0,,,,,,,
9-Jul-22,307443,69448,9,Shipped,00:32.0,,,,,,,
9-Jul-22,299334,163336,10,Rejected,00:44.0,,,,,,,
9-Jul-22,302934,164872,1,Rejected,00:50.0,,,,,,,
9-Jul-22,316872,162484,10,Rejected,01:07.0,,,,,,,
9-Jul-22,303150,216992,3,Rejected,02:09.0,,,,,,,
9-Jul-22,305859,25784,1,Rejected,02:21.0,,,,,,,
9-Jul-22,317664,204376,2,Rejected,02:24.0,,,,,,,
9-Jul-22,318636,58124,11,Shipped,03:03.0,,,,,,,
9-Jul-22,300924,135744,10,Rejected,04:54.0,,,,,,,
9-Jul-22,312828,164644,2,Rejected,04:54.0,,,,,,,
9-Jul-22,304302,221964,1,Rejected,04:55.0,,,,,,,
9-Jul-22,305865,222324,8,Rejected,04:55.0,,,,,,,
9-Jul-22,304629,73252,4,Shipped,05:08.0,,,,,,,
9-Jul-22,308919,220788,4,Shipped,06:00.0,,,,,,,
9-Jul-22,311517,61616,9,Shipped,06:08.0,,,,,,,
9-Jul-22,305871,51192,5,Rejected,06:13.0,,,,,,,
9-Jul-22,300420,158132,2,Shipped,06:31.0,,,,,,,
9-Jul-22,313320,30536,5,Shipped,06:37.0,,,,,,,
9-Jul-22,310371,174960,1,Shipped,06:42.0,,,,,,,
9-Jul-22,300684,158008,9,Rejected,07:23.0,,,,,,,
9-Jul-22,309132,223140,2,Rejected,08:01.0,,,,,,,
9-Jul-22,310563,40960,1,Rejected,08:19.0,,,,,,,
9-Jul-22,299820,220744,2,Rejected,08:25.0,,,,,,,
9-Jul-22,313635,25420,1,Rejected,08:42.0,,,,,,,
9-Jul-22,305484,162996,2,Rejected,08:53.0,,,,,,,
9-Jul-22,304518,44424,9,Shipped,09:48.0,,,,,,,
9-Jul-22,310728,134600,1,Shipped,10:27.0,,,,,,,
9-Jul-22,308922,216344,2,Rejected,10:50.0,,,,,,,
9-Jul-22,300690,43532,8,Shipped,10:52.0,,,,,,,
9-Jul-22,302427,213024,1,Shipped,11:01.0,,,,,,,
9-Jul-22,315447,131892,9,Shipped,11:06.0,,,,,,,
9-Jul-22,317100,50000,9,Shipped,12:22.0,,,,,,,
9-Jul-22,301290,211548,4,Rejected,12:28.0,,,,,,,
9-Jul-22,300009,28192,5,Shipped,12:29.0,,,,,,,
9-Jul-22,306255,39428,1,Shipped,13:02.0,,,,,,,
9-Jul-22,303234,99264,9,Rejected,13:08.0,,,,,,,
9-Jul-22,305787,156428,5,Shipped,13:26.0,,,,,,,
9-Jul-22,301755,144012,1,Rejected,13:31.0,,,,,,,
9-Jul-22,313164,126196,3,Rejected,13:52.0,,,,,,,
9-Jul-22,299838,25412,1,Shipped,14:20.0,,,,,,,
9-Jul-22,313422,213756,9,Shipped,15:27.0,,,,,,,
9-Jul-22,299379,186264,1,Rejected,15:53.0,,,,,,,
9-Jul-22,302157,167084,10,Rejected,15:59.0,,,,,,,
9-Jul-22,306753,35268,1,Rejected,16:44.0,,,,,,,
9-Jul-22,314628,224592,3,Rejected,16:59.0,,,,,,,
9-Jul-22,304530,109424,1,Rejected,17:08.0,,,,,,,
9-Jul-22,302703,46760,5,Shipped,17:12.0,,,,,,,
9-Jul-22,304392,204996,7,Shipped,17:46.0,,,,,,,
9-Jul-22,307887,115616,8,Rejected,17:53.0,,,,,,,
9-Jul-22,300288,218388,9,Rejected,18:28.0,,,,,,,
9-Jul-22,308406,150148,1,Shipped,18:50.0,,,,,,,
9-Jul-22,302091,19656,1,Shipped,19:14.0,,,,,,,
9-Jul-22,310587,145980,4,Shipped,19:20.0,,,,,,,
9-Jul-22,304350,139280,11,Shipped,19:45.0,,,,,,,
9-Jul-22,304167,87352,1,Shipped,19:47.0,,,,,,,
9-Jul-22,315591,217832,5,Shipped,20:30.0,,,,,,,
9-Jul-22,314463,224564,2,Rejected,20:41.0,,,,,,,
9-Jul-22,312366,70508,4,Rejected,20:46.0,,,,,,,
9-Jul-22,300381,127500,9,Shipped,21:05.0,,,,,,,
9-Jul-22,317616,83392,10,Shipped,21:12.0,,,,,,,
9-Jul-22,310593,160840,1,Shipped,21:16.0,,,,,,,
9-Jul-22,304950,74544,2,Shipped,21:23.0,,,,,,,
9-Jul-22,313989,197764,11,Rejected,21:33.0,,,,,,,
9-Jul-22,315864,203272,1,Rejected,21:37.0,,,,,,,
9-Jul-22,301308,152976,11,Shipped,21:44.0,,,,,,,
9-Jul-22,308661,34012,9,Shipped,21:45.0,,,,,,,
9-Jul-22,312240,223516,9,Rejected,21:45.0,,,,,,,
9-Jul-22,304746,145708,1,Shipped,21:57.0,,,,,,,
9-Jul-22,298659,170756,1,Shipped,22:01.0,,,,,,,
9-Jul-22,314307,142928,11,Rejected,22:22.0,,,,,,,
9-Jul-22,318765,70124,5,Shipped,22:22.0,,,,,,,
9-Jul-22,301935,221292,11,Shipped,22:40.0,,,,,,,
9-Jul-22,305409,123916,1,Shipped,23:03.0,,,,,,,
9-Jul-22,318402,143804,4,Rejected,23:11.0,,,,,,,
9-Jul-22,305190,221848,4,Shipped,23:37.0,,,,,,,
9-Jul-22,312087,202996,9,Shipped,23:41.0,,,,,,,
9-Jul-22,298755,45616,1,Shipped,23:57.0,,,,,,,
9-Jul-22,305811,220608,9,Rejected,23:57.0,,,,,,,
9-Jul-22,305292,126196,3,Rejected,24:08.0,,,,,,,
9-Jul-22,303444,18864,1,Shipped,25:01.0,,,,,,,
9-Jul-22,307995,55312,11,Rejected,25:01.0,,,,,,,
9-Jul-22,299205,89660,9,Rejected,25:28.0,,,,,,,
9-Jul-22,299097,179472,2,Rejected,25:57.0,,,,,,,
9-Jul-22,303693,85868,9,Shipped,26:12.0,,,,,,,
9-Jul-22,307161,55508,1,Rejected,26:14.0,,,,,,,
9-Jul-22,306483,220788,4,Rejected,26:27.0,,,,,,,
9-Jul-22,301941,124968,1,Rejected,26:35.0,,,,,,,
9-Jul-22,313509,37872,1,Shipped,26:43.0,,,,,,,
9-Jul-22,305349,70668,4,Shipped,26:47.0,,,,,,,
9-Jul-22,306375,125236,1,Shipped,26:49.0,,,,,,,
9-Jul-22,301944,218752,8,Rejected,26:56.0,,,,,,,
9-Jul-22,299664,209388,11,Shipped,27:06.0,,,,,,,
9-Jul-22,315765,156580,1,Rejected,27:17.0,,,,,,,
9-Jul-22,309411,61616,9,Rejected,27:24.0,,,,,,,
9-Jul-22,299103,146532,1,Shipped,27:31.0,,,,,,,
9-Jul-22,313512,218752,8,Pending,27:43.0,,,,,,,
9-Jul-22,317007,30096,1,Shipped,27:49.0,,,,,,,
9-Jul-22,307173,222676,11,Rejected,28:01.0,,,,,,,
9-Jul-22,305520,162996,2,Shipped,28:04.0,,,,,,,
9-Jul-22,311457,91728,1,Shipped,28:16.0,,,,,,,
9-Jul-22,309618,222896,8,Rejected,28:21.0,,,,,,,
9-Jul-22,315534,46424,9,Shipped,29:15.0,,,,,,,
9-Jul-22,303795,60264,3,Rejected,29:21.0,,,,,,,
9-Jul-22,307719,27580,1,Rejected,29:23.0,,,,,,,
9-Jul-22,302814,156428,5,Rejected,29:38.0,,,,,,,
9-Jul-22,317217,142896,4,Shipped,29:40.0,,,,,,,
9-Jul-22,311268,112644,2,Shipped,30:36.0,,,,,,,
9-Jul-22,314259,70128,4,Shipped,30:37.0,,,,,,,
9-Jul-22,316050,27204,1,Shipped,30:59.0,,,,,,,
9-Jul-22,302598,104452,2,Shipped,31:01.0,,,,,,,
9-Jul-22,300528,57464,9,Rejected,31:36.0,,,,,,,
9-Jul-22,312978,221572,10,Rejected,32:06.0,,,,,,,
9-Jul-22,302454,119320,9,Rejected,32:23.0,,,,,,,
9-Jul-22,301392,94520,4,Shipped,32:42.0,,,,,,,
9-Jul-22,299865,72124,2,Rejected,33:31.0,,,,,,,
9-Jul-22,315930,60844,9,Shipped,33:50.0,,,,,,,
9-Jul-22,316233,182372,8,Rejected,34:33.0,,,,,,,
9-Jul-22,310341,151184,2,Rejected,35:57.0,,,,,,,
9-Jul-22,298566,188972,4,Shipped,36:06.0,,,,,,,
9-Jul-22,303816,221444,11,Rejected,36:07.0,,,,,,,
9-Jul-22,309744,1960,1,Shipped,36:25.0,,,,,,,
9-Jul-22,302652,94932,9,Rejected,36:26.0,,,,,,,
9-Jul-22,311475,190840,9,Shipped,36:35.0,,,,,,,
9-Jul-22,301530,74524,4,Rejected,36:37.0,,,,,,,
9-Jul-22,317235,225112,8,Rejected,36:44.0,,,,,,,
9-Jul-22,307011,80716,9,Rejected,37:01.0,,,,,,,
9-Jul-22,309537,26224,1,Shipped,37:22.0,,,,,,,
9-Jul-22,301737,166168,8,Rejected,37:34.0,,,,,,,
9-Jul-22,299544,91172,9,Shipped,37:49.0,,,,,,,
9-Jul-22,301533,219528,11,Rejected,38:20.0,,,,,,,
9-Jul-22,305430,150784,2,Shipped,38:20.0,,,,,,,
9-Jul-22,303819,23264,1,Shipped,38:56.0,,,,,,,
9-Jul-22,318042,90192,3,Shipped,39:57.0,,,,,,,
9-Jul-22,303336,165132,1,Shipped,40:16.0,,,,,,,
9-Jul-22,312285,93168,1,Shipped,40:21.0,,,,,,,
9-Jul-22,306795,42860,1,Rejected,41:11.0,,,,,,,
9-Jul-22,313668,80556,4,Shipped,41:15.0,,,,,,,
9-Jul-22,308004,86888,9,Shipped,41:26.0,,,,,,,
9-Jul-22,300855,115088,2,Rejected,41:58.0,,,,,,,
9-Jul-22,308487,136896,1,Shipped,42:23.0,,,,,,,
9-Jul-22,307386,48264,1,Rejected,42:33.0,,,,,,,
9-Jul-22,306099,222392,3,Rejected,43:21.0,,,,,,,
9-Jul-22,309642,43256,1,Shipped,43:21.0,,,,,,,
9-Jul-22,314040,223112,9,Rejected,43:28.0,,,,,,,
9-Jul-22,299553,178228,11,Rejected,43:29.0,,,,,,,
9-Jul-22,314043,195592,1,Rejected,43:46.0,,,,,,,
9-Jul-22,301845,79652,8,Rejected,43:59.0,,,,,,,
9-Jul-22,306798,118276,4,Rejected,44:52.0,,,,,,,
9-Jul-22,301980,50656,1,Shipped,45:40.0,,,,,,,
9-Jul-22,304134,96260,8,Shipped,45:47.0,,,,,,,
9-Jul-22,310245,91272,2,Rejected,46:23.0,,,,,,,
9-Jul-22,305166,72980,9,Rejected,46:30.0,,,,,,,
9-Jul-22,310125,101884,9,Rejected,48:30.0,,,,,,,
9-Jul-22,309909,9988,1,Shipped,48:38.0,,,,,,,
9-Jul-22,313593,122752,11,Shipped,48:51.0,,,,,,,
9-Jul-22,311493,158412,1,Shipped,49:15.0,,,,,,,
9-Jul-22,298911,172124,9,Rejected,49:28.0,,,,,,,
9-Jul-22,303555,996,1,Shipped,50:13.0,,,,,,,
9-Jul-22,312024,181752,8,Rejected,50:31.0,,,,,,,
9-Jul-22,300282,55240,8,Shipped,50:51.0,,,,,,,
9-Jul-22,316221,28464,1,Rejected,51:19.0,,,,,,,
9-Jul-22,301332,29980,1,Shipped,51:37.0,,,,,,,
9-Jul-22,312669,89560,3,Rejected,51:56.0,,,,,,,
9-Jul-22,302634,59336,9,Rejected,52:17.0,,,,,,,
9-Jul-22,316506,81940,1,Rejected,52:30.0,,,,,,,
9-Jul-22,305844,95112,4,Shipped,52:58.0,,,,,,,
9-Jul-22,315678,151392,11,Shipped,53:09.0,,,,,,,
9-Jul-22,317988,220788,4,Shipped,54:43.0,,,,,,,
9-Jul-22,304998,54532,9,Shipped,55:03.0,,,,,,,
9-Jul-22,318627,101884,9,Shipped,55:46.0,,,,,,,
9-Jul-22,311973,169184,11,Rejected,55:54.0,,,,,,,
9-Jul-22,300477,79328,4,Shipped,56:05.0,,,,,,,
9-Jul-22,301782,190500,9,Rejected,56:06.0,,,,,,,
9-Jul-22,307662,135788,5,Rejected,56:10.0,,,,,,,
9-Jul-22,313134,206936,1,Shipped,56:30.0,,,,,,,
9-Jul-22,313608,94668,1,Rejected,56:32.0,,,,,,,
9-Jul-22,318966,167048,1,Shipped,57:31.0,,,,,,,
9-Jul-22,303651,18864,1,Shipped,58:03.0,,,,,,,
9-Jul-22,300267,218324,9,Shipped,58:33.0,,,,,,,
9-Jul-22,308040,44764,1,Shipped,58:41.0,,,,,,,
9-Jul-22,318630,216116,9,Shipped,58:45.0,,,,,,,
9-Jul-22,311901,18632,1,Shipped,58:51.0,,,,,,,
9-Jul-22,310089,55068,1,Rejected,58:55.0,,,,,,,
9-Jul-22,312588,147344,2,Rejected,58:55.0,,,,,,,
9-Jul-22,318219,125236,1,Shipped,59:15.0,,,,,,,
9-Jul-22,311718,156868,8,Shipped,59:47.0,,,,,,,
10-Jul-22,309474,120056,8,Rejected,00:02.0,,,,,,,
10-Jul-22,314364,188468,2,Rejected,00:06.0,,,,,,,
10-Jul-22,310467,135860,1,Shipped,00:12.0,,,,,,,
10-Jul-22,317172,125236,1,Shipped,00:30.0,,,,,,,
10-Jul-22,314970,52736,9,Rejected,00:31.0,,,,,,,
10-Jul-22,300489,192832,2,Shipped,00:33.0,,,,,,,
10-Jul-22,302766,22640,1,Shipped,00:34.0,,,,,,,
10-Jul-22,311226,81268,4,Shipped,00:42.0,,,,,,,
10-Jul-22,317592,160156,11,Rejected,00:51.0,,,,,,,
10-Jul-22,318000,21608,1,Shipped,00:59.0,,,,,,,
10-Jul-22,308769,169120,10,Rejected,01:09.0,,,,,,,
10-Jul-22,314703,42140,5,Rejected,01:09.0,,,,,,,
10-Jul-22,313032,164708,10,Rejected,01:17.0,,,,,,,
10-Jul-22,309678,210768,4,Shipped,01:18.0,,,,,,,
10-Jul-22,303966,83392,10,Rejected,02:01.0,,,,,,,
10-Jul-22,304815,131352,1,Shipped,02:53.0,,,,,,,
10-Jul-22,313149,161636,4,Rejected,02:59.0,,,,,,,
10-Jul-22,303282,38688,1,Shipped,03:13.0,,,,,,,
10-Jul-22,310299,99752,9,Shipped,03:25.0,,,,,,,
10-Jul-22,309234,157568,11,Rejected,03:51.0,,,,,,,
10-Jul-22,304293,108752,1,Rejected,05:04.0,,,,,,,
10-Jul-22,311652,80460,11,Shipped,05:29.0,,,,,,,
10-Jul-22,310869,37504,5,Shipped,05:46.0,,,,,,,
10-Jul-22,302487,205244,9,Shipped,06:05.0,,,,,,,
10-Jul-22,310368,91172,9,Shipped,06:15.0,,,,,,,
10-Jul-22,314622,156316,1,Rejected,06:29.0,,,,,,,
10-Jul-22,307971,132984,4,Shipped,06:51.0,,,,,,,
10-Jul-22,301743,207124,2,Rejected,06:54.0,,,,,,,
10-Jul-22,298845,46212,8,Shipped,07:30.0,,,,,,,
10-Jul-22,313329,219676,3,Rejected,07:35.0,,,,,,,
10-Jul-22,313818,211680,1,Rejected,07:56.0,,,,,,,
10-Jul-22,313821,177392,10,Rejected,08:13.0,,,,,,,
10-Jul-22,313836,172824,1,Rejected,08:30.0,,,,,,,
10-Jul-22,313551,224272,4,Shipped,08:31.0,,,,,,,
10-Jul-22,316062,72980,9,Shipped,08:37.0,,,,,,,
10-Jul-22,298740,84596,7,Shipped,08:56.0,,,,,,,
10-Jul-22,311523,86212,2,Shipped,09:00.0,,,,,,,
10-Jul-22,315363,220032,3,Rejected,09:07.0,,,,,,,
10-Jul-22,314796,55796,5,Rejected,09:15.0,,,,,,,
10-Jul-22,310263,190260,9,Shipped,09:25.0,,,,,,,
10-Jul-22,300219,180788,1,Rejected,09:32.0,,,,,,,
10-Jul-22,311439,75488,4,Shipped,09:32.0,,,,,,,
10-Jul-22,301476,220672,11,Shipped,09:56.0,,,,,,,
10-Jul-22,312354,190076,9,Shipped,10:05.0,,,,,,,
10-Jul-22,299181,220580,2,Rejected,10:15.0,,,,,,,
10-Jul-22,307845,172252,1,Rejected,10:28.0,,,,,,,
10-Jul-22,310020,202656,3,Rejected,10:29.0,,,,,,,
10-Jul-22,300492,30504,1,Shipped,10:32.0,,,,,,,
10-Jul-22,305676,79652,8,Rejected,10:35.0,,,,,,,
10-Jul-22,315261,57084,8,Rejected,10:38.0,,,,,,,
10-Jul-22,306537,190500,9,Rejected,10:50.0,,,,,,,
10-Jul-22,305958,222336,8,Rejected,10:59.0,,,,,,,
10-Jul-22,315450,172252,1,Rejected,11:16.0,,,,,,,
10-Jul-22,304719,106360,9,Rejected,12:11.0,,,,,,,
10-Jul-22,307905,45100,1,Rejected,12:15.0,,,,,,,
10-Jul-22,305784,183908,4,Rejected,12:47.0,,,,,,,
10-Jul-22,314625,224592,3,Rejected,13:02.0,,,,,,,
10-Jul-22,305274,127792,8,Rejected,13:10.0,,,,,,,
10-Jul-22,311865,72088,5,Shipped,13:13.0,,,,,,,
10-Jul-22,312225,42452,1,Shipped,13:15.0,,,,,,,
10-Jul-22,302082,220128,1,Rejected,13:46.0,,,,,,,
10-Jul-22,304521,206336,2,Shipped,13:46.0,,,,,,,
10-Jul-22,316377,209128,4,Shipped,14:00.0,,,,,,,
10-Jul-22,299439,79652,8,Rejected,14:07.0,,,,,,,
10-Jul-22,303855,199376,3,Shipped,14:38.0,,,,,,,
10-Jul-22,302949,148112,1,Rejected,14:44.0,,,,,,,
10-Jul-22,306921,79744,1,Shipped,15:08.0,,,,,,,
10-Jul-22,315105,224312,5,Rejected,15:11.0,,,,,,,
10-Jul-22,314895,223776,1,Rejected,15:19.0,,,,,,,
10-Jul-22,301491,98804,11,Rejected,15:27.0,,,,,,,
10-Jul-22,311988,171948,9,Rejected,15:29.0,,,,,,,
10-Jul-22,308964,182192,8,Rejected,15:34.0,,,,,,,
10-Jul-22,313737,89176,2,Rejected,15:39.0,,,,,,,
10-Jul-22,307575,96808,4,Shipped,15:44.0,,,,,,,
10-Jul-22,303315,36232,1,Shipped,16:22.0,,,,,,,
10-Jul-22,300627,19080,1,Shipped,16:32.0,,,,,,,
10-Jul-22,304269,221364,8,Rejected,16:33.0,,,,,,,
10-Jul-22,316959,130984,1,Rejected,16:43.0,,,,,,,
10-Jul-22,302088,51372,8,Rejected,17:09.0,,,,,,,
10-Jul-22,311907,3448,1,Rejected,17:11.0,,,,,,,
10-Jul-22,318393,171948,9,Shipped,17:16.0,,,,,,,
10-Jul-22,315738,67580,2,Rejected,17:31.0,,,,,,,
10-Jul-22,299844,93732,5,Shipped,17:40.0,,,,,,,
10-Jul-22,318153,128760,1,Shipped,17:46.0,,,,,,,
10-Jul-22,310581,9988,1,Shipped,17:49.0,,,,,,,
10-Jul-22,302025,127724,2,Shipped,18:08.0,,,,,,,
10-Jul-22,310812,73208,3,Rejected,18:21.0,,,,,,,
10-Jul-22,305211,156340,4,Rejected,18:42.0,,,,,,,
10-Jul-22,308970,51032,5,Shipped,18:54.0,,,,,,,
10-Jul-22,302286,128084,1,Shipped,19:40.0,,,,,,,
10-Jul-22,301932,80416,5,Rejected,20:38.0,,,,,,,
10-Jul-22,310512,190520,11,Shipped,21:02.0,,,,,,,
10-Jul-22,310401,194388,1,Shipped,21:24.0,,,,,,,
10-Jul-22,299478,52820,9,Rejected,21:37.0,,,,,,,
10-Jul-22,304455,63996,2,Shipped,22:37.0,,,,,,,
10-Jul-22,314244,219544,1,Shipped,22:42.0,,,,,,,
10-Jul-22,313182,19884,1,Shipped,22:54.0,,,,,,,
10-Jul-22,317262,118816,1,Rejected,23:05.0,,,,,,,
10-Jul-22,317265,202168,9,Shipped,23:06.0,,,,,,,
10-Jul-22,303414,68884,8,Rejected,23:21.0,,,,,,,
10-Jul-22,307089,205104,9,Shipped,23:26.0,,,,,,,
10-Jul-22,311103,209048,8,Shipped,23:31.0,,,,,,,
10-Jul-22,318666,19080,1,Rejected,23:38.0,,,,,,,
10-Jul-22,315810,131380,4,Rejected,23:44.0,,,,,,,
10-Jul-22,311136,218516,8,Rejected,23:56.0,,,,,,,
10-Jul-22,318672,105644,4,Shipped,23:57.0,,,,,,,
10-Jul-22,302169,158412,1,Shipped,24:30.0,,,,,,,
10-Jul-22,305694,218132,2,Shipped,24:40.0,,,,,,,
10-Jul-22,318522,179800,10,Rejected,24:41.0,,,,,,,
10-Jul-22,318525,224536,12,Rejected,24:52.0,,,,,,,
10-Jul-22,308106,157236,3,Rejected,24:57.0,,,,,,,
10-Jul-22,308976,45100,1,Rejected,25:14.0,,,,,,,
10-Jul-22,315282,47036,5,Shipped,25:23.0,,,,,,,
10-Jul-22,303606,208000,3,Shipped,25:38.0,,,,,,,
10-Jul-22,304179,104008,11,Shipped,25:38.0,,,,,,,
10-Jul-22,309867,57908,1,Shipped,26:35.0,,,,,,,
10-Jul-22,316254,217764,10,Rejected,26:57.0,,,,,,,
10-Jul-22,308112,46424,9,Shipped,27:16.0,,,,,,,
10-Jul-22,308886,40996,1,Shipped,28:10.0,,,,,,,
10-Jul-22,316467,217832,5,Rejected,28:32.0,,,,,,,
10-Jul-22,311460,162972,3,Shipped,29:05.0,,,,,,,
10-Jul-22,306942,86040,3,Rejected,29:07.0,,,,,,,
10-Jul-22,300996,110056,8,Rejected,29:32.0,,,,,,,
10-Jul-22,300633,130984,1,Rejected,29:38.0,,,,,,,
10-Jul-22,301077,87824,8,Shipped,29:38.0,,,,,,,
10-Jul-22,304110,75660,4,Rejected,29:39.0,,,,,,,
10-Jul-22,306279,82356,2,Shipped,29:57.0,,,,,,,
10-Jul-22,304968,19656,1,Shipped,30:03.0,,,,,,,
10-Jul-22,304464,27036,1,Rejected,30:26.0,,,,,,,
10-Jul-22,312174,1444,1,Shipped,30:42.0,,,,,,,
10-Jul-22,303420,68884,8,Rejected,30:53.0,,,,,,,
10-Jul-22,308235,38752,1,Rejected,31:33.0,,,,,,,
10-Jul-22,311763,135992,1,Rejected,32:01.0,,,,,,,
10-Jul-22,314016,25920,1,Shipped,32:14.0,,,,,,,
10-Jul-22,311073,91728,1,Rejected,32:39.0,,,,,,,
10-Jul-22,318027,37948,1,Shipped,32:50.0,,,,,,,
10-Jul-22,313914,43844,9,Shipped,33:06.0,,,,,,,
10-Jul-22,313857,103928,10,Rejected,33:41.0,,,,,,,
10-Jul-22,299538,163336,10,Shipped,33:47.0,,,,,,,
10-Jul-22,314019,53976,1,Rejected,34:08.0,,,,,,,
10-Jul-22,309879,207268,1,Shipped,34:27.0,,,,,,,
10-Jul-22,313203,84000,9,Shipped,34:35.0,,,,,,,
10-Jul-22,316188,79256,10,Rejected,35:07.0,,,,,,,
10-Jul-22,315699,211948,4,Shipped,35:36.0,,,,,,,
10-Jul-22,317502,68240,3,Shipped,35:42.0,,,,,,,
10-Jul-22,311688,55236,8,Rejected,35:58.0,,,,,,,
10-Jul-22,307998,111872,4,Rejected,36:07.0,,,,,,,
10-Jul-22,312273,202840,1,Rejected,36:41.0,,,,,,,
10-Jul-22,304575,197724,4,Rejected,37:01.0,,,,,,,
10-Jul-22,299868,130984,1,Rejected,37:03.0,,,,,,,
10-Jul-22,312543,207268,1,Rejected,37:06.0,,,,,,,
10-Jul-22,314028,90192,3,Shipped,37:22.0,,,,,,,
10-Jul-22,305295,205592,9,Rejected,37:25.0,,,,,,,
10-Jul-22,314667,92112,4,Rejected,37:44.0,,,,,,,
10-Jul-22,301680,116316,4,Rejected,37:55.0,,,,,,,
10-Jul-22,317694,49816,8,Rejected,37:55.0,,,,,,,
10-Jul-22,302970,162412,11,Shipped,38:26.0,,,,,,,
10-Jul-22,317145,205092,9,Rejected,38:39.0,,,,,,,
10-Jul-22,305067,175236,1,Rejected,38:41.0,,,,,,,
10-Jul-22,306291,25932,1,Shipped,38:47.0,,,,,,,
10-Jul-22,305991,186708,3,Rejected,39:08.0,,,,,,,
10-Jul-22,305706,221352,1,Shipped,39:14.0,,,,,,,
10-Jul-22,315999,172128,1,Rejected,39:16.0,,,,,,,
10-Jul-22,315660,185436,3,Rejected,39:53.0,,,,,,,
10-Jul-22,301230,22840,1,Shipped,39:55.0,,,,,,,
10-Jul-22,318897,207124,2,Rejected,40:37.0,,,,,,,
10-Jul-22,301536,170208,2,Rejected,41:09.0,,,,,,,
10-Jul-22,318375,67352,2,Shipped,41:44.0,,,,,,,
10-Jul-22,304416,67352,2,Shipped,42:17.0,,,,,,,
10-Jul-22,308580,76028,4,Rejected,42:22.0,,,,,,,
10-Jul-22,301539,72828,1,Shipped,42:38.0,,,,,,,
10-Jul-22,312192,39680,1,Shipped,42:45.0,,,,,,,
10-Jul-22,306966,140584,3,Shipped,43:13.0,,,,,,,
10-Jul-22,313461,56116,8,Shipped,43:25.0,,,,,,,
10-Jul-22,302310,95208,4,Shipped,44:10.0,,,,,,,
10-Jul-22,308982,61940,3,Rejected,44:25.0,,,,,,,
10-Jul-22,301098,207804,3,Shipped,44:39.0,,,,,,,
10-Jul-22,299874,164340,10,Rejected,44:40.0,,,,,,,
10-Jul-22,301902,220856,5,Rejected,44:58.0,,,,,,,
10-Jul-22,303243,124220,9,Rejected,45:17.0,,,,,,,
10-Jul-22,305547,187692,2,Shipped,45:29.0,,,,,,,
10-Jul-22,310446,182536,1,Shipped,45:29.0,,,,,,,
10-Jul-22,318429,180260,4,Shipped,45:36.0,,,,,,,
10-Jul-22,312660,35800,1,Rejected,45:57.0,,,,,,,
10-Jul-22,308592,61960,9,Shipped,46:08.0,,,,,,,
10-Jul-22,310770,75356,10,Shipped,46:24.0,,,,,,,
10-Jul-22,306405,85432,4,Rejected,46:34.0,,,,,,,
10-Jul-22,303105,142548,9,Rejected,46:40.0,,,,,,,
10-Jul-22,306711,222324,8,Pending,46:48.0,,,,,,,
10-Jul-22,298905,138900,9,Rejected,46:56.0,,,,,,,
10-Jul-22,299151,60960,5,Shipped,47:35.0,,,,,,,
10-Jul-22,305169,81368,3,Rejected,47:51.0,,,,,,,
10-Jul-22,312858,66092,4,Shipped,47:56.0,,,,,,,
10-Jul-22,305079,63720,5,Shipped,48:00.0,,,,,,,
10-Jul-22,310683,134272,4,Rejected,48:04.0,,,,,,,
10-Jul-22,310776,1032,1,Shipped,48:07.0,,,,,,,
10-Jul-22,305244,190428,1,Rejected,48:09.0,,,,,,,
10-Jul-22,314349,40988,1,Shipped,49:01.0,,,,,,,
10-Jul-22,318348,192832,2,Shipped,49:17.0,,,,,,,
10-Jul-22,301326,98596,4,Shipped,49:25.0,,,,,,,
10-Jul-22,309033,165404,11,Rejected,49:47.0,,,,,,,
10-Jul-22,303639,92292,1,Shipped,50:07.0,,,,,,,
10-Jul-22,311784,136572,9,Shipped,50:25.0,,,,,,,
10-Jul-22,304791,106360,9,Shipped,50:28.0,,,,,,,
10-Jul-22,307653,27580,1,Rejected,50:34.0,,,,,,,
10-Jul-22,309567,2712,1,Shipped,50:40.0,,,,,,,
10-Jul-22,315339,170056,1,Rejected,50:54.0,,,,,,,
10-Jul-22,316581,113936,1,Shipped,51:03.0,,,,,,,
10-Jul-22,315213,79652,8,Rejected,51:37.0,,,,,,,
10-Jul-22,316587,217764,10,Rejected,51:40.0,,,,,,,
10-Jul-22,302529,104224,2,Rejected,51:45.0,,,,,,,
10-Jul-22,315897,105572,3,Shipped,52:03.0,,,,,,,
10-Jul-22,309780,97632,3,Rejected,52:11.0,,,,,,,
10-Jul-22,302475,110056,8,Shipped,52:22.0,,,,,,,
10-Jul-22,306804,74908,4,Shipped,52:30.0,,,,,,,
10-Jul-22,304371,160080,4,Rejected,53:12.0,,,,,,,
10-Jul-22,299166,78200,8,Rejected,53:41.0,,,,,,,
10-Jul-22,305091,53908,9,Shipped,54:07.0,,,,,,,
10-Jul-22,316509,69448,9,Shipped,54:14.0,,,,,,,
10-Jul-22,313947,177460,4,Shipped,54:18.0,,,,,,,
10-Jul-22,304800,221848,4,Rejected,54:21.0,,,,,,,
10-Jul-22,300870,64676,3,Rejected,54:31.0,,,,,,,
10-Jul-22,299226,135628,8,Rejected,54:46.0,,,,,,,
10-Jul-22,307938,222860,9,Rejected,55:14.0,,,,,,,
10-Jul-22,317670,144364,1,Shipped,55:45.0,,,,,,,
10-Jul-22,316290,32228,1,Rejected,56:40.0,,,,,,,
10-Jul-22,306114,172128,1,Shipped,56:42.0,,,,,,,
10-Jul-22,310170,223112,9,Rejected,56:57.0,,,,,,,
10-Jul-22,300132,209904,8,Pending,57:02.0,,,,,,,
10-Jul-22,317166,180236,2,Shipped,57:13.0,,,,,,,
10-Jul-22,314448,194632,8,Rejected,57:20.0,,,,,,,
10-Jul-22,309789,201316,4,Shipped,57:27.0,,,,,,,
10-Jul-22,311421,1960,1,Shipped,57:30.0,,,,,,,
10-Jul-22,307875,28464,1,Shipped,58:02.0,,,,,,,
10-Jul-22,301269,182356,1,Rejected,58:33.0,,,,,,,
10-Jul-22,302274,180840,8,Rejected,59:23.0,,,,,,,
10-Jul-22,301188,195696,9,Rejected,59:26.0,,,,,,,
10-Jul-22,302001,205092,9,Shipped,59:40.0,,,,,,,
10-Jul-22,299994,22372,1,Shipped,59:41.0,,,,,,,
10-Jul-22,305574,129664,1,Shipped,59:50.0,,,,,,,
11-Jul-22,306654,61136,1,Shipped,00:04.0,,,,,,,
11-Jul-22,308625,46816,5,Shipped,00:04.0,,,,,,,
11-Jul-22,313614,158132,2,Rejected,00:18.0,,,,,,,
11-Jul-22,303741,160840,1,Shipped,01:45.0,,,,,,,
11-Jul-22,313308,30536,5,Rejected,01:51.0,,,,,,,
11-Jul-22,307749,126160,11,Rejected,02:11.0,,,,,,,
11-Jul-22,299055,36620,5,Shipped,02:15.0,,,,,,,
11-Jul-22,313785,135804,12,Rejected,02:27.0,,,,,,,
11-Jul-22,306012,79392,3,Rejected,03:15.0,,,,,,,
11-Jul-22,298731,216572,1,Rejected,03:31.0,,,,,,,
11-Jul-22,307752,150164,2,Shipped,03:56.0,,,,,,,
11-Jul-22,311328,112780,10,Rejected,04:03.0,,,,,,,
11-Jul-22,299916,182388,1,Rejected,04:16.0,,,,,,,
11-Jul-22,300138,22812,1,Shipped,04:29.0,,,,,,,
11-Jul-22,313623,76588,2,Shipped,04:33.0,,,,,,,
11-Jul-22,311238,216572,1,Rejected,04:41.0,,,,,,,
11-Jul-22,304818,78960,1,Shipped,04:44.0,,,,,,,
11-Jul-22,308637,54072,1,Rejected,04:50.0,,,,,,,
11-Jul-22,302139,26132,1,Shipped,05:29.0,,,,,,,
11-Jul-22,316521,168896,5,Rejected,06:07.0,,,,,,,
11-Jul-22,304065,29888,1,Rejected,06:28.0,,,,,,,
11-Jul-22,314373,25756,1,Shipped,06:37.0,,,,,,,
11-Jul-22,305478,83456,9,Rejected,06:58.0,,,,,,,
11-Jul-22,310260,199236,4,Shipped,07:08.0,,,,,,,
11-Jul-22,302568,220180,9,Shipped,08:20.0,,,,,,,
11-Jul-22,299823,74636,3,Rejected,08:30.0,,,,,,,
11-Jul-22,316875,61860,8,Shipped,08:38.0,,,,,,,
11-Jul-22,300687,218772,9,Rejected,08:46.0,,,,,,,
11-Jul-22,305022,142976,8,Shipped,10:14.0,,,,,,,
11-Jul-22,300150,170772,5,Rejected,10:36.0,,,,,,,
11-Jul-22,311355,61956,10,Shipped,10:39.0,,,,,,,
11-Jul-22,309828,32668,5,Rejected,11:04.0,,,,,,,
11-Jul-22,316701,110056,8,Rejected,11:22.0,,,,,,,
11-Jul-22,307848,172252,1,Shipped,12:08.0,,,,,,,
11-Jul-22,312153,107468,12,Rejected,12:21.0,,,,,,,
11-Jul-22,298641,72088,5,Rejected,12:25.0,,,,,,,
11-Jul-22,311823,145620,1,Rejected,12:33.0,,,,,,,
11-Jul-22,305331,220508,9,Shipped,13:09.0,,,,,,,
11-Jul-22,312738,222956,8,Rejected,13:15.0,,,,,,,
11-Jul-22,300576,193548,1,Rejected,13:22.0,,,,,,,
11-Jul-22,316794,64460,9,Rejected,13:46.0,,,,,,,
11-Jul-22,314484,204988,3,Rejected,13:53.0,,,,,,,
11-Jul-22,298644,219536,1,Rejected,13:57.0,,,,,,,
11-Jul-22,308700,104068,2,Rejected,14:27.0,,,,,,,
11-Jul-22,309387,223172,11,Rejected,14:27.0,,,,,,,
11-Jul-22,309237,208628,4,Shipped,14:33.0,,,,,,,
11-Jul-22,313167,154112,1,Shipped,14:36.0,,,,,,,
11-Jul-22,299475,155544,8,Rejected,14:40.0,,,,,,,
11-Jul-22,309159,145620,1,Rejected,14:54.0,,,,,,,
11-Jul-22,309708,204724,10,Rejected,14:54.0,,,,,,,
11-Jul-22,309840,89888,1,Shipped,15:00.0,,,,,,,
11-Jul-22,317358,167048,1,Rejected,15:04.0,,,,,,,
11-Jul-22,316038,72980,9,Rejected,15:08.0,,,,,,,
11-Jul-22,309939,42748,5,Rejected,15:30.0,,,,,,,
11-Jul-22,310494,79652,8,Rejected,15:37.0,,,,,,,
11-Jul-22,298980,161184,1,Shipped,15:39.0,,,,,,,
11-Jul-22,306087,64688,8,Rejected,17:07.0,,,,,,,
11-Jul-22,317865,86668,9,Shipped,17:20.0,,,,,,,
11-Jul-22,308211,25784,1,Shipped,17:33.0,,,,,,,
11-Jul-22,315375,216304,3,Shipped,17:37.0,,,,,,,
11-Jul-22,308085,47396,9,Rejected,17:41.0,,,,,,,
11-Jul-22,313566,80152,9,Shipped,17:50.0,,,,,,,
11-Jul-22,318459,71804,1,Shipped,17:52.0,,,,,,,
11-Jul-22,302496,173644,2,Rejected,18:39.0,,,,,,,
11-Jul-22,317793,101756,10,Shipped,18:40.0,,,,,,,
11-Jul-22,318462,223140,2,Shipped,18:50.0,,,,,,,
11-Jul-22,304395,127792,8,Shipped,18:52.0,,,,,,,
11-Jul-22,304533,44424,9,Shipped,19:21.0,,,,,,,
11-Jul-22,310395,48340,9,Shipped,19:23.0,,,,,,,
11-Jul-22,309855,150428,11,Shipped,19:36.0,,,,,,,
11-Jul-22,305037,195988,9,Shipped,19:39.0,,,,,,,
11-Jul-22,300327,171948,9,Shipped,19:59.0,,,,,,,
11-Jul-22,315273,31604,5,Rejected,20:04.0,,,,,,,
11-Jul-22,311568,161700,3,Shipped,21:05.0,,,,,,,
11-Jul-22,300093,138900,9,Rejected,21:12.0,,,,,,,
11-Jul-22,315456,47168,5,Shipped,21:29.0,,,,,,,
11-Jul-22,313056,196944,4,Shipped,21:36.0,,,,,,,
11-Jul-22,318594,150428,11,Shipped,22:02.0,,,,,,,
11-Jul-22,316386,217832,5,Rejected,22:04.0,,,,,,,
11-Jul-22,308418,116580,9,Shipped,22:12.0,,,,,,,
11-Jul-22,304848,219944,4,Rejected,22:41.0,,,,,,,
11-Jul-22,312369,142428,2,Rejected,22:46.0,,,,,,,
11-Jul-22,309954,204588,1,Shipped,22:54.0,,,,,,,
11-Jul-22,311256,153832,4,Shipped,22:59.0,,,,,,,
11-Jul-22,299088,149292,10,Rejected,23:07.0,,,,,,,
11-Jul-22,318015,51520,8,Rejected,23:10.0,,,,,,,
11-Jul-22,311832,110080,11,Shipped,23:58.0,,,,,,,
11-Jul-22,307155,70960,1,Rejected,24:01.0,,,,,,,
11-Jul-22,300702,111968,9,Rejected,24:36.0,,,,,,,
11-Jul-22,315387,209924,1,Rejected,24:51.0,,,,,,,
11-Jul-22,301143,47336,8,Rejected,25:04.0,,,,,,,
11-Jul-22,311376,212552,10,Rejected,25:17.0,,,,,,,
11-Jul-22,309198,222452,8,Rejected,26:00.0,,,,,,,
11-Jul-22,302172,58808,5,Shipped,26:06.0,,,,,,,
11-Jul-22,299388,67116,10,Rejected,26:07.0,,,,,,,
11-Jul-22,309528,170484,4,Rejected,26:16.0,,,,,,,
11-Jul-22,315756,201316,4,Rejected,26:34.0,,,,,,,
11-Jul-22,315759,196984,1,Rejected,26:37.0,,,,,,,
11-Jul-22,306903,24980,1,Rejected,26:39.0,,,,,,,
11-Jul-22,318159,68016,5,Rejected,26:47.0,,,,,,,
11-Jul-22,311952,126244,8,Shipped,26:52.0,,,,,,,
11-Jul-22,312642,96536,11,Shipped,27:03.0,,,,,,,
11-Jul-22,307284,43412,9,Shipped,27:13.0,,,,,,,
11-Jul-22,310056,83588,9,Shipped,27:14.0,,,,,,,
11-Jul-22,315564,28820,1,Rejected,27:25.0,,,,,,,
11-Jul-22,307716,217616,9,Shipped,27:38.0,,,,,,,
11-Jul-22,305253,109220,3,Rejected,27:44.0,,,,,,,
11-Jul-22,305418,27956,1,Rejected,27:46.0,,,,,,,
11-Jul-22,312165,223884,1,Rejected,27:57.0,,,,,,,
11-Jul-22,302106,220796,1,Rejected,28:05.0,,,,,,,
11-Jul-22,309321,86520,2,Rejected,28:14.0,,,,,,,
11-Jul-22,298881,71684,1,Shipped,28:23.0,,,,,,,
11-Jul-22,300762,137132,8,Rejected,28:41.0,,,,,,,
11-Jul-22,300171,41300,1,Shipped,28:55.0,,,,,,,
11-Jul-22,300885,129908,2,Shipped,29:01.0,,,,,,,
11-Jul-22,303405,135216,2,Rejected,29:42.0,,,,,,,
11-Jul-22,315771,190296,11,Shipped,29:45.0,,,,,,,
11-Jul-22,301314,147932,8,Rejected,29:59.0,,,,,,,
11-Jul-22,318963,69544,5,Rejected,30:26.0,,,,,,,
11-Jul-22,303252,219692,3,Shipped,31:13.0,,,,,,,
11-Jul-22,302391,214408,4,Rejected,31:40.0,,,,,,,
11-Jul-22,307191,222680,2,Rejected,31:44.0,,,,,,,
11-Jul-22,317895,161700,3,Rejected,32:04.0,,,,,,,
11-Jul-22,302178,36232,1,Shipped,32:14.0,,,,,,,
11-Jul-22,298674,130984,1,Rejected,32:27.0,,,,,,,
11-Jul-22,311271,158200,1,Shipped,32:30.0,,,,,,,
11-Jul-22,313653,103548,8,Rejected,32:46.0,,,,,,,
11-Jul-22,317688,57728,1,Rejected,33:12.0,,,,,,,
11-Jul-22,309243,204460,9,Rejected,33:22.0,,,,,,,
11-Jul-22,300786,158008,9,Shipped,34:15.0,,,,,,,
11-Jul-22,304677,126140,10,Rejected,34:18.0,,,,,,,
11-Jul-22,298770,35416,1,Shipped,34:54.0,,,,,,,
11-Jul-22,313860,222956,8,Shipped,35:05.0,,,,,,,
11-Jul-22,316407,109536,9,Shipped,35:18.0,,,,,,,
11-Jul-22,315192,55796,5,Shipped,35:35.0,,,,,,,
11-Jul-22,312909,221856,11,Rejected,36:06.0,,,,,,,
11-Jul-22,304875,125236,1,Rejected,36:21.0,,,,,,,
11-Jul-22,301608,116316,4,Rejected,36:29.0,,,,,,,
11-Jul-22,302463,8424,5,Shipped,36:45.0,,,,,,,
11-Jul-22,311595,85260,9,Shipped,37:05.0,,,,,,,
11-Jul-22,312276,65524,2,Rejected,37:44.0,,,,,,,
11-Jul-22,312438,148536,2,Shipped,38:40.0,,,,,,,
11-Jul-22,300540,220608,9,Rejected,39:03.0,,,,,,,
11-Jul-22,311877,46872,1,Rejected,39:32.0,,,,,,,
11-Jul-22,300798,213064,5,Shipped,39:41.0,,,,,,,
11-Jul-22,318537,216000,1,Shipped,39:49.0,,,,,,,
11-Jul-22,317625,167412,1,Rejected,39:54.0,,,,,,,
11-Jul-22,306786,222476,8,Rejected,40:47.0,,,,,,,
11-Jul-22,299676,212804,2,Rejected,40:58.0,,,,,,,
11-Jul-22,311280,223600,12,Rejected,42:05.0,,,,,,,
11-Jul-22,301620,48308,5,Shipped,43:05.0,,,,,,,
11-Jul-22,303912,164852,2,Rejected,43:13.0,,,,,,,
11-Jul-22,306147,38408,1,Shipped,43:26.0,,,,,,,
11-Jul-22,318900,138868,1,Rejected,43:26.0,,,,,,,
11-Jul-22,313293,30856,1,Shipped,44:00.0,,,,,,,
11-Jul-22,300909,189992,2,Rejected,44:24.0,,,,,,,
11-Jul-22,299556,96024,4,Shipped,44:55.0,,,,,,,
11-Jul-22,304338,154732,1,Rejected,45:30.0,,,,,,,
11-Jul-22,313101,112620,9,Shipped,45:41.0,,,,,,,
11-Jul-22,306708,57952,5,Rejected,46:24.0,,,,,,,
11-Jul-22,305841,93168,1,Shipped,46:25.0,,,,,,,
11-Jul-22,306225,57004,9,Shipped,47:00.0,,,,,,,
11-Jul-22,304242,158900,5,Rejected,47:22.0,,,,,,,
11-Jul-22,315837,7848,1,Rejected,47:22.0,,,,,,,
11-Jul-22,317832,130160,9,Shipped,47:29.0,,,,,,,
11-Jul-22,315717,147744,1,Shipped,47:46.0,,,,,,,
11-Jul-22,311058,169184,11,Rejected,48:21.0,,,,,,,
11-Jul-22,304785,147592,1,Rejected,48:59.0,,,,,,,
11-Jul-22,299157,28192,5,Shipped,49:24.0,,,,,,,
11-Jul-22,301818,70916,1,Shipped,49:36.0,,,,,,,
11-Jul-22,312924,82356,2,Shipped,49:51.0,,,,,,,
11-Jul-22,315597,185144,1,Rejected,49:55.0,,,,,,,
11-Jul-22,316941,68916,7,Shipped,50:38.0,,,,,,,
11-Jul-22,318951,35516,5,Rejected,50:48.0,,,,,,,
11-Jul-22,305748,215608,9,Shipped,50:58.0,,,,,,,
11-Jul-22,300957,220268,9,Rejected,51:11.0,,,,,,,
11-Jul-22,301884,51764,8,Rejected,51:28.0,,,,,,,
11-Jul-22,310359,114920,9,Shipped,52:12.0,,,,,,,
11-Jul-22,311061,47312,2,Rejected,52:27.0,,,,,,,
11-Jul-22,316728,54204,9,Rejected,52:39.0,,,,,,,
11-Jul-22,309990,21812,1,Shipped,52:48.0,,,,,,,
11-Jul-22,315603,77684,9,Shipped,53:22.0,,,,,,,
11-Jul-22,300663,66732,9,Rejected,53:39.0,,,,,,,
11-Jul-22,310917,105412,10,Rejected,53:44.0,,,,,,,
11-Jul-22,310920,223544,2,Rejected,54:04.0,,,,,,,
11-Jul-22,312729,223984,1,Rejected,54:30.0,,,,,,,
11-Jul-22,308034,44764,1,Rejected,54:37.0,,,,,,,
11-Jul-22,312399,148768,11,Shipped,54:45.0,,,,,,,
11-Jul-22,300603,188468,2,Shipped,55:07.0,,,,,,,
11-Jul-22,303123,996,1,Shipped,56:17.0,,,,,,,
11-Jul-22,307029,189844,10,Shipped,56:21.0,,,,,,,
11-Jul-22,317313,996,1,Shipped,56:25.0,,,,,,,
11-Jul-22,311313,204600,10,Rejected,56:26.0,,,,,,,
11-Jul-22,317034,215256,8,Rejected,56:35.0,,,,,,,
11-Jul-22,310791,223496,1,Rejected,57:24.0,,,,,,,
11-Jul-22,298938,117472,1,Shipped,57:41.0,,,,,,,
11-Jul-22,315072,223488,9,Shipped,57:57.0,,,,,,,
11-Jul-22,302922,79652,8,Rejected,58:12.0,,,,,,,
11-Jul-22,298617,35348,1,Rejected,58:44.0,,,,,,,
11-Jul-22,307947,220912,8,Rejected,58:44.0,,,,,,,
11-Jul-22,298620,207492,9,Shipped,59:19.0,,,,,,,
11-Jul-22,313398,37872,1,Shipped,59:20.0,,,,,,,
11-Jul-22,300825,218808,2,Rejected,59:23.0,,,,,,,
11-Jul-22,313686,198076,1,Rejected,59:29.0,,,,,,,
11-Jul-22,304290,219828,11,Shipped,59:48.0,,,,,,,
11-Jul-22,309930,158416,11,Shipped,59:49.0,,,,,,,
12-Jul-22,299313,71628,2,Shipped,00:04.0,,,,,,,
12-Jul-22,307956,222860,9,Shipped,00:11.0,,,,,,,
12-Jul-22,309084,223140,2,Rejected,01:07.0,,,,,,,
12-Jul-22,302856,180256,5,Shipped,01:28.0,,,,,,,
12-Jul-22,312495,112052,4,Rejected,02:00.0,,,,,,,
12-Jul-22,316059,67940,1,Shipped,02:09.0,,,,,,,
12-Jul-22,312498,48264,1,Shipped,02:18.0,,,,,,,
12-Jul-22,316440,186656,10,Rejected,02:31.0,,,,,,,
12-Jul-22,302352,125260,9,Shipped,02:37.0,,,,,,,
12-Jul-22,314730,222392,3,Rejected,02:37.0,,,,,,,
12-Jul-22,308916,223080,4,Rejected,02:59.0,,,,,,,
12-Jul-22,314370,71916,8,Shipped,03:11.0,,,,,,,
12-Jul-22,312342,197724,4,Shipped,03:12.0,,,,,,,
12-Jul-22,310008,202656,3,Rejected,03:19.0,,,,,,,
12-Jul-22,308520,23688,1,Shipped,03:49.0,,,,,,,
12-Jul-22,317721,85132,1,Rejected,04:05.0,,,,,,,
12-Jul-22,309684,42848,8,Rejected,04:46.0,,,,,,,
12-Jul-22,300003,20936,1,Shipped,05:17.0,,,,,,,
12-Jul-22,305940,93712,8,Rejected,05:17.0,,,,,,,
12-Jul-22,310719,27120,5,Shipped,05:36.0,,,,,,,
12-Jul-22,307458,190076,9,Shipped,06:04.0,,,,,,,
12-Jul-22,303258,18632,1,Rejected,06:32.0,,,,,,,
12-Jul-22,316374,49168,1,Shipped,06:44.0,,,,,,,
12-Jul-22,314451,98504,9,Shipped,06:48.0,,,,,,,
12-Jul-22,302016,179828,2,Rejected,06:57.0,,,,,,,
12-Jul-22,313326,198552,3,Rejected,07:30.0,,,,,,,
12-Jul-22,304077,139600,4,Shipped,07:45.0,,,,,,,
12-Jul-22,303750,114748,2,Shipped,07:48.0,,,,,,,
12-Jul-22,313335,158132,2,Rejected,08:00.0,,,,,,,
12-Jul-22,316827,58200,1,Shipped,08:00.0,,,,,,,
12-Jul-22,307470,169240,4,Rejected,08:10.0,,,,,,,
12-Jul-22,312411,21608,1,Shipped,08:13.0,,,,,,,
12-Jul-22,318642,160840,1,Shipped,08:14.0,,,,,,,
12-Jul-22,303753,145792,3,Shipped,08:40.0,,,,,,,
12-Jul-22,300351,159128,8,Rejected,09:04.0,,,,,,,
12-Jul-22,308691,210768,4,Shipped,09:14.0,,,,,,,
12-Jul-22,312351,48296,5,Shipped,09:16.0,,,,,,,
12-Jul-22,316737,110056,8,Shipped,09:34.0,,,,,,,
12-Jul-22,309588,77548,4,Shipped,09:41.0,,,,,,,
12-Jul-22,315093,186344,1,Shipped,09:41.0,,,,,,,
12-Jul-22,304932,25444,1,Shipped,09:43.0,,,,,,,
12-Jul-22,316305,124548,9,Rejected,10:07.0,,,,,,,
12-Jul-22,309093,218248,1,Rejected,10:19.0,,,,,,,
12-Jul-22,302682,68680,2,Shipped,11:21.0,,,,,,,
12-Jul-22,301131,151100,1,Shipped,11:26.0,,,,,,,
12-Jul-22,307482,96388,9,Rejected,11:38.0,,,,,,,
12-Jul-22,317613,85132,1,Rejected,11:49.0,,,,,,,
12-Jul-22,307977,179364,9,Shipped,11:56.0,,,,,,,
12-Jul-22,304833,216968,8,Rejected,12:59.0,,,,,,,
12-Jul-22,304314,221988,5,Rejected,13:59.0,,,,,,,
12-Jul-22,311445,119496,4,Shipped,14:32.0,,,,,,,
12-Jul-22,308811,123184,4,Rejected,15:16.0,,,,,,,
12-Jul-22,306468,196852,10,Rejected,15:24.0,,,,,,,
12-Jul-22,304527,48564,1,Shipped,15:34.0,,,,,,,
12-Jul-22,315108,31604,5,Shipped,15:48.0,,,,,,,
12-Jul-22,308388,221164,1,Rejected,16:03.0,,,,,,,
12-Jul-22,315369,54668,8,Rejected,16:21.0,,,,,,,
12-Jul-22,311553,163632,1,Rejected,16:41.0,,,,,,,
12-Jul-22,303594,203360,4,Shipped,16:53.0,,,,,,,
12-Jul-22,306834,201312,10,Rejected,17:22.0,,,,,,,
12-Jul-22,306369,62796,1,Shipped,17:23.0,,,,,,,
12-Jul-22,309846,160840,1,Shipped,17:46.0,,,,,,,
12-Jul-22,315006,74824,10,Rejected,18:01.0,,,,,,,
12-Jul-22,302493,80416,5,Shipped,18:09.0,,,,,,,
12-Jul-22,306876,197724,4,Rejected,18:20.0,,,,,,,
12-Jul-22,300090,128656,9,Shipped,18:26.0,,,,,,,
12-Jul-22,301371,19396,1,Shipped,18:26.0,,,,,,,
12-Jul-22,318336,94152,9,Shipped,18:31.0,,,,,,,
12-Jul-22,301890,145116,4,Shipped,18:48.0,,,,,,,
12-Jul-22,318465,80516,10,Shipped,18:57.0,,,,,,,
12-Jul-22,315009,74824,10,Shipped,19:44.0,,,,,,,
12-Jul-22,308412,170504,4,Shipped,19:46.0,,,,,,,
12-Jul-22,306048,183424,5,Rejected,19:53.0,,,,,,,
12-Jul-22,307140,57952,5,Shipped,20:02.0,,,,,,,
12-Jul-22,303318,127792,8,Rejected,20:04.0,,,,,,,
12-Jul-22,304095,2124,1,Rejected,21:01.0,,,,,,,
12-Jul-22,317541,221940,4,Shipped,21:19.0,,,,,,,
12-Jul-22,304842,221880,8,Rejected,21:21.0,,,,,,,
12-Jul-22,302892,221352,1,Shipped,21:25.0,,,,,,,
12-Jul-22,303603,70668,4,Shipped,21:36.0,,,,,,,
12-Jul-22,300927,201244,4,Rejected,22:01.0,,,,,,,
12-Jul-22,313572,80152,9,Rejected,22:07.0,,,,,,,
12-Jul-22,300966,79808,3,Shipped,22:20.0,,,,,,,
12-Jul-22,315867,217096,10,Shipped,22:45.0,,,,,,,
12-Jul-22,313839,210180,9,Shipped,22:49.0,,,,,,,
12-Jul-22,306372,179364,9,Shipped,23:02.0,,,,,,,
12-Jul-22,299268,211596,3,Rejected,23:18.0,,,,,,,
12-Jul-22,301140,22648,1,Rejected,23:31.0,,,,,,,
12-Jul-22,300435,217656,8,Shipped,23:44.0,,,,,,,
12-Jul-22,300630,218804,8,Rejected,23:48.0,,,,,,,
12-Jul-22,317364,225112,8,Rejected,23:57.0,,,,,,,
12-Jul-22,301074,45016,9,Rejected,24:18.0,,,,,,,
12-Jul-22,308220,153700,9,Rejected,24:39.0,,,,,,,
12-Jul-22,314094,207584,10,Rejected,24:48.0,,,,,,,
12-Jul-22,316197,216684,9,Shipped,24:50.0,,,,,,,
12-Jul-22,308799,45100,1,Rejected,25:28.0,,,,,,,
12-Jul-22,312519,51092,8,Shipped,25:38.0,,,,,,,
12-Jul-22,314316,134272,4,Shipped,25:56.0,,,,,,,
12-Jul-22,311871,35416,1,Rejected,26:30.0,,,,,,,
12-Jul-22,301764,152540,5,Rejected,26:36.0,,,,,,,
12-Jul-22,306906,222584,2,Rejected,26:54.0,,,,,,,
12-Jul-22,302445,216028,4,Rejected,27:03.0,,,,,,,
12-Jul-22,312849,65144,1,Rejected,27:09.0,,,,,,,
12-Jul-22,314103,130828,10,Rejected,27:12.0,,,,,,,
12-Jul-22,317952,61960,9,Rejected,27:22.0,,,,,,,
12-Jul-22,305415,216168,1,Rejected,27:31.0,,,,,,,
12-Jul-22,300333,209924,1,Rejected,27:42.0,,,,,,,
12-Jul-22,299409,212804,2,Shipped,27:54.0,,,,,,,
12-Jul-22,311838,184524,5,Shipped,28:19.0,,,,,,,
12-Jul-22,312525,186388,4,Shipped,28:36.0,,,,,,,
12-Jul-22,309966,203272,1,Rejected,28:55.0,,,,,,,
12-Jul-22,303144,73252,4,Shipped,28:56.0,,,,,,,
12-Jul-22,304401,90196,8,Rejected,28:56.0,,,,,,,
12-Jul-22,301386,61460,8,Shipped,29:08.0,,,,,,,
12-Jul-22,302811,156428,5,Shipped,29:22.0,,,,,,,
12-Jul-22,311994,123932,9,Rejected,29:37.0,,,,,,,
12-Jul-22,311760,206336,2,Shipped,29:52.0,,,,,,,
12-Jul-22,304545,219828,11,Shipped,29:57.0,,,,,,,
12-Jul-22,307185,59676,2,Shipped,30:06.0,,,,,,,
12-Jul-22,311106,169184,11,Shipped,30:07.0,,,,,,,
12-Jul-22,316758,111152,4,Shipped,30:19.0,,,,,,,
12-Jul-22,318612,150148,1,Shipped,30:33.0,,,,,,,
12-Jul-22,316935,223960,4,Rejected,30:39.0,,,,,,,
12-Jul-22,304407,47796,8,Shipped,30:40.0,,,,,,,
12-Jul-22,307722,203156,4,Rejected,31:20.0,,,,,,,
12-Jul-22,300774,169312,5,Shipped,31:34.0,,,,,,,
12-Jul-22,305985,217236,3,Shipped,32:23.0,,,,,,,
12-Jul-22,317379,28464,1,Shipped,32:36.0,,,,,,,
12-Jul-22,308124,148264,5,Rejected,32:40.0,,,,,,,
12-Jul-22,304230,221940,4,Shipped,33:03.0,,,,,,,
12-Jul-22,305697,92100,9,Shipped,33:11.0,,,,,,,
12-Jul-22,318411,202996,9,Shipped,33:21.0,,,,,,,
12-Jul-22,313080,59644,9,Rejected,34:08.0,,,,,,,
12-Jul-22,302619,51896,9,Rejected,34:29.0,,,,,,,
12-Jul-22,301605,93188,2,Shipped,35:05.0,,,,,,,
12-Jul-22,309117,216028,4,Rejected,35:10.0,,,,,,,
12-Jul-22,314601,216028,4,Rejected,35:21.0,,,,,,,
12-Jul-22,315696,159800,1,Shipped,35:23.0,,,,,,,
12-Jul-22,303273,32756,5,Shipped,35:28.0,,,,,,,
12-Jul-22,312534,70176,4,Rejected,35:57.0,,,,,,,
12-Jul-22,313791,65772,3,Rejected,36:07.0,,,,,,,
12-Jul-22,306213,179364,9,Rejected,36:17.0,,,,,,,
12-Jul-22,312912,154784,2,Shipped,36:19.0,,,,,,,
12-Jul-22,307206,30536,5,Shipped,36:24.0,,,,,,,
12-Jul-22,303084,64144,4,Rejected,36:39.0,,,,,,,
12-Jul-22,318120,203272,1,Shipped,36:57.0,,,,,,,
12-Jul-22,313827,34460,1,Rejected,37:03.0,,,,,,,
12-Jul-22,306582,19656,1,Rejected,37:12.0,,,,,,,
12-Jul-22,300534,190500,9,Rejected,37:15.0,,,,,,,
12-Jul-22,303183,79652,8,Rejected,38:19.0,,,,,,,
12-Jul-22,315153,173804,4,Shipped,38:34.0,,,,,,,
12-Jul-22,313083,153056,11,Shipped,38:45.0,,,,,,,
12-Jul-22,301965,174372,2,Rejected,38:58.0,,,,,,,
12-Jul-22,314127,201196,2,Rejected,39:08.0,,,,,,,
12-Jul-22,302301,30796,1,Rejected,39:10.0,,,,,,,
12-Jul-22,299133,214712,9,Rejected,39:46.0,,,,,,,
12-Jul-22,303087,46576,5,Shipped,41:01.0,,,,,,,
12-Jul-22,301002,29500,1,Shipped,41:08.0,,,,,,,
12-Jul-22,313671,70176,4,Shipped,41:18.0,,,,,,,
12-Jul-22,312291,142924,2,Shipped,41:22.0,,,,,,,
12-Jul-22,301971,204052,10,Rejected,41:34.0,,,,,,,
12-Jul-22,312447,190720,8,Shipped,41:50.0,,,,,,,
12-Jul-22,307308,42860,1,Shipped,42:13.0,,,,,,,
12-Jul-22,303159,184236,5,Rejected,42:30.0,,,,,,,
12-Jul-22,311484,73020,1,Shipped,42:30.0,,,,,,,
12-Jul-22,306144,147508,8,Shipped,43:10.0,,,,,,,
12-Jul-22,315708,224992,3,Rejected,43:34.0,,,,,,,
12-Jul-22,305301,205592,9,Rejected,44:08.0,,,,,,,
12-Jul-22,310236,199236,4,Rejected,44:23.0,,,,,,,
12-Jul-22,307884,36128,5,Rejected,44:27.0,,,,,,,
12-Jul-22,308322,25284,1,Shipped,44:28.0,,,,,,,
12-Jul-22,315711,205860,10,Rejected,44:31.0,,,,,,,
12-Jul-22,301899,181880,5,Rejected,44:58.0,,,,,,,
12-Jul-22,315663,119828,2,Shipped,45:03.0,,,,,,,
12-Jul-22,310287,161392,4,Shipped,45:38.0,,,,,,,
12-Jul-22,305736,57492,9,Shipped,47:15.0,,,,,,,
12-Jul-22,303162,212188,4,Shipped,47:31.0,,,,,,,
12-Jul-22,308949,221280,12,Rejected,47:31.0,,,,,,,
12-Jul-22,304359,200296,3,Rejected,47:45.0,,,,,,,
12-Jul-22,313833,164872,1,Rejected,47:48.0,,,,,,,
12-Jul-22,311712,122368,8,Shipped,48:05.0,,,,,,,
12-Jul-22,316575,112780,10,Rejected,48:07.0,,,,,,,
12-Jul-22,307923,218704,2,Shipped,48:24.0,,,,,,,
12-Jul-22,317976,172252,1,Rejected,48:33.0,,,,,,,
12-Jul-22,316167,78912,10,Rejected,49:12.0,,,,,,,
12-Jul-22,318705,60172,3,Rejected,49:20.0,,,,,,,
12-Jul-22,313218,46984,1,Shipped,49:21.0,,,,,,,
12-Jul-22,310536,197132,4,Shipped,49:31.0,,,,,,,
12-Jul-22,301431,90192,3,Rejected,49:39.0,,,,,,,
12-Jul-22,313539,68124,2,Shipped,49:47.0,,,,,,,
12-Jul-22,307416,212536,4,Rejected,50:36.0,,,,,,,
12-Jul-22,301023,205640,10,Rejected,50:43.0,,,,,,,
12-Jul-22,314274,50804,9,Rejected,50:46.0,,,,,,,
12-Jul-22,300813,199756,2,Rejected,51:27.0,,,,,,,
12-Jul-22,312321,222464,10,Shipped,51:39.0,,,,,,,
12-Jul-22,317979,221296,9,Shipped,51:49.0,,,,,,,
12-Jul-22,310077,41968,1,Shipped,52:23.0,,,,,,,
12-Jul-22,318720,61460,8,Shipped,52:26.0,,,,,,,
12-Jul-22,301179,111152,4,Shipped,52:42.0,,,,,,,
12-Jul-22,300561,171996,2,Shipped,52:57.0,,,,,,,
12-Jul-22,301989,221312,11,Shipped,52:57.0,,,,,,,
12-Jul-22,304311,151092,5,Rejected,53:14.0,,,,,,,
12-Jul-22,311019,145620,1,Rejected,54:39.0,,,,,,,
12-Jul-22,306633,94168,10,Rejected,54:45.0,,,,,,,
12-Jul-22,317991,223924,1,Rejected,54:53.0,,,,,,,
12-Jul-22,315666,73812,4,Rejected,55:08.0,,,,,,,
12-Jul-22,312048,219544,1,Rejected,55:23.0,,,,,,,
12-Jul-22,306723,23048,1,Shipped,55:27.0,,,,,,,
12-Jul-22,307236,32896,1,Shipped,55:37.0,,,,,,,
12-Jul-22,317310,57628,5,Shipped,55:40.0,,,,,,,
12-Jul-22,300471,182440,2,Shipped,55:44.0,,,,,,,
12-Jul-22,313233,213064,5,Rejected,56:23.0,,,,,,,
12-Jul-22,317517,136572,9,Shipped,56:26.0,,,,,,,
12-Jul-22,299310,80608,11,Rejected,56:43.0,,,,,,,
12-Jul-22,310149,57396,11,Rejected,57:07.0,,,,,,,
12-Jul-22,307542,83456,9,Shipped,57:59.0,,,,,,,
12-Jul-22,303225,150060,3,Shipped,58:24.0,,,,,,,
12-Jul-22,315627,221296,9,Rejected,58:26.0,,,,,,,
12-Jul-22,311430,223680,4,Shipped,58:33.0,,,,,,,
12-Jul-22,313878,125116,10,Rejected,58:48.0,,,,,,,
12-Jul-22,306648,20896,1,Rejected,58:50.0,,,,,,,
12-Jul-22,318813,33700,1,Rejected,58:50.0,,,,,,,
12-Jul-22,301185,35520,1,Shipped,58:58.0,,,,,,,
12-Jul-22,301113,116980,1,Shipped,59:20.0,,,,,,,
12-Jul-22,312819,224128,1,Rejected,59:32.0,,,,,,,
12-Jul-22,313143,206936,1,Rejected,59:41.0,,,,,,,
12-Jul-22,306342,222476,8,Rejected,59:46.0,,,,,,,
12-Jul-22,312594,214328,11,Shipped,59:57.0,,,,,,,
13-Jul-22,317472,33468,5,Rejected,00:34.0,,,,,,,
13-Jul-22,304428,47612,1,Rejected,00:35.0,,,,,,,
13-Jul-22,318297,191132,5,Shipped,00:36.0,,,,,,,
13-Jul-22,311931,32988,1,Rejected,01:03.0,,,,,,,
13-Jul-22,304431,89488,2,Shipped,01:18.0,,,,,,,
13-Jul-22,307248,99356,5,Shipped,01:42.0,,,,,,,
13-Jul-22,313245,148264,5,Shipped,01:47.0,,,,,,,
13-Jul-22,310203,94152,9,Rejected,01:50.0,,,,,,,
13-Jul-22,302994,112776,3,Rejected,02:02.0,,,,,,,
13-Jul-22,301278,62796,1,Shipped,02:10.0,,,,,,,
13-Jul-22,300414,151248,9,Shipped,02:15.0,,,,,,,
13-Jul-22,299712,217656,8,Shipped,02:18.0,,,,,,,
13-Jul-22,301557,147592,1,Rejected,02:26.0,,,,,,,
13-Jul-22,316824,194388,1,Shipped,02:50.0,,,,,,,
13-Jul-22,309480,219476,9,Rejected,03:03.0,,,,,,,
13-Jul-22,302769,29388,5,Shipped,03:13.0,,,,,,,
13-Jul-22,317088,93872,4,Shipped,03:14.0,,,,,,,
13-Jul-22,311232,79652,8,Rejected,03:19.0,,,,,,,
13-Jul-22,310707,84596,7,Shipped,03:33.0,,,,,,,
13-Jul-22,313956,65016,2,Shipped,03:40.0,,,,,,,
13-Jul-22,301455,46988,8,Rejected,03:58.0,,,,,,,
13-Jul-22,298956,28192,5,Rejected,03:59.0,,,,,,,
13-Jul-22,313962,206852,3,Rejected,04:18.0,,,,,,,
13-Jul-22,317850,32980,5,Rejected,04:19.0,,,,,,,
13-Jul-22,316518,159612,2,Shipped,04:23.0,,,,,,,
13-Jul-22,302997,21380,1,Rejected,04:30.0,,,,,,,
13-Jul-22,309483,219476,9,Rejected,05:01.0,,,,,,,
13-Jul-22,312876,208756,4,Rejected,05:01.0,,,,,,,
13-Jul-22,313965,96808,4,Rejected,05:17.0,,,,,,,
13-Jul-22,304923,156176,2,Shipped,06:08.0,,,,,,,
13-Jul-22,302937,190680,8,Shipped,06:21.0,,,,,,,
13-Jul-22,301194,180228,4,Rejected,06:38.0,,,,,,,
13-Jul-22,317595,191132,5,Shipped,06:38.0,,,,,,,
13-Jul-22,299376,218804,8,Rejected,06:45.0,,,,,,,
13-Jul-22,316527,145160,12,Rejected,06:49.0,,,,,,,
13-Jul-22,306912,59676,2,Rejected,06:53.0,,,,,,,
13-Jul-22,308058,118816,1,Shipped,07:22.0,,,,,,,
13-Jul-22,300621,111788,9,Rejected,07:38.0,,,,,,,
13-Jul-22,305121,63720,5,Rejected,07:51.0,,,,,,,
13-Jul-22,313731,151092,5,Rejected,07:54.0,,,,,,,
13-Jul-22,313632,73652,3,Shipped,08:27.0,,,,,,,
13-Jul-22,309495,192944,8,Shipped,08:37.0,,,,,,,
13-Jul-22,318822,19468,1,Rejected,09:32.0,,,,,,,
13-Jul-22,314226,43844,9,Shipped,09:35.0,,,,,,,
13-Jul-22,309309,165404,11,Rejected,09:38.0,,,,,,,
13-Jul-22,307479,57508,1,Shipped,09:54.0,,,,,,,
13-Jul-22,315258,32876,1,Shipped,10:14.0,,,,,,,
13-Jul-22,312954,134440,2,Shipped,10:15.0,,,,,,,
13-Jul-22,308808,123184,4,Rejected,10:42.0,,,,,,,
13-Jul-22,304716,138068,1,Rejected,10:43.0,,,,,,,
13-Jul-22,306459,112052,4,Shipped,11:21.0,,,,,,,
13-Jul-22,316269,54204,9,Shipped,11:26.0,,,,,,,
13-Jul-22,302151,166892,1,Shipped,11:41.0,,,,,,,
13-Jul-22,302367,175236,1,Rejected,12:02.0,,,,,,,
13-Jul-22,314613,74908,4,Rejected,12:04.0,,,,,,,
13-Jul-22,311541,156744,1,Shipped,12:29.0,,,,,,,
13-Jul-22,309504,134268,1,Shipped,12:38.0,,,,,,,
13-Jul-22,307485,194380,1,Rejected,12:49.0,,,,,,,
13-Jul-22,316833,55528,8,Rejected,12:56.0,,,,,,,
13-Jul-22,303135,75412,11,Shipped,12:58.0,,,,,,,
13-Jul-22,307056,156592,2,Rejected,13:08.0,,,,,,,
13-Jul-22,308379,213700,9,Shipped,13:19.0,,,,,,,
13-Jul-22,312765,3484,1,Shipped,13:20.0,,,,,,,
13-Jul-22,310380,75988,4,Shipped,13:26.0,,,,,,,
13-Jul-22,311544,22448,1,Shipped,13:40.0,,,,,,,
13-Jul-22,299328,206588,5,Rejected,13:50.0,,,,,,,
13-Jul-22,301035,77420,2,Rejected,14:11.0,,,,,,,
13-Jul-22,310875,160012,2,Rejected,14:30.0,,,,,,,
13-Jul-22,300942,80860,9,Shipped,14:46.0,,,,,,,
13-Jul-22,312228,205512,10,Shipped,14:52.0,,,,,,,
13-Jul-22,311550,59464,2,Shipped,15:05.0,,,,,,,
13-Jul-22,309507,220608,9,Rejected,15:40.0,,,,,,,
13-Jul-22,298650,111340,9,Shipped,15:50.0,,,,,,,
13-Jul-22,298539,88556,3,Rejected,16:08.0,,,,,,,
13-Jul-22,303858,188152,4,Shipped,16:09.0,,,,,,,
13-Jul-22,304740,106360,9,Rejected,16:20.0,,,,,,,
13-Jul-22,316455,158596,11,Shipped,16:20.0,,,,,,,
13-Jul-22,312507,54532,9,Shipped,16:39.0,,,,,,,
13-Jul-22,308706,197680,4,Rejected,16:48.0,,,,,,,
13-Jul-22,300747,36232,1,Shipped,16:52.0,,,,,,,
13-Jul-22,307068,215088,11,Shipped,17:08.0,,,,,,,
13-Jul-22,303978,113136,1,Shipped,17:32.0,,,,,,,
13-Jul-22,301590,93188,2,Rejected,17:42.0,,,,,,,
13-Jul-22,315861,190076,9,Shipped,17:43.0,,,,,,,
13-Jul-22,310032,76468,9,Rejected,18:09.0,,,,,,,
13-Jul-22,316962,94668,1,Rejected,18:16.0,,,,,,,
13-Jul-22,315120,74988,10,Rejected,18:18.0,,,,,,,
13-Jul-22,310506,111788,9,Shipped,18:29.0,,,,,,,
13-Jul-22,298749,96024,4,Rejected,19:26.0,,,,,,,
13-Jul-22,299652,151184,2,Shipped,19:37.0,,,,,,,
13-Jul-22,303987,24656,1,Shipped,19:47.0,,,,,,,
13-Jul-22,301671,173804,4,Rejected,19:59.0,,,,,,,
13-Jul-22,305967,73876,3,Rejected,20:19.0,,,,,,,
13-Jul-22,312627,183812,1,Shipped,21:10.0,,,,,,,
13-Jul-22,302889,99752,9,Rejected,21:11.0,,,,,,,
13-Jul-22,302640,74448,4,Shipped,21:30.0,,,,,,,
13-Jul-22,305808,212100,4,Rejected,21:31.0,,,,,,,
13-Jul-22,303174,166168,8,Rejected,21:37.0,,,,,,,
13-Jul-22,302376,146532,1,Shipped,21:42.0,,,,,,,
13-Jul-22,317946,36312,1,Shipped,21:44.0,,,,,,,
13-Jul-22,307698,208068,3,Rejected,22:29.0,,,,,,,
13-Jul-22,312894,65524,2,Shipped,22:35.0,,,,,,,
13-Jul-22,301872,218804,8,Rejected,22:41.0,,,,,,,
13-Jul-22,310884,223532,4,Rejected,22:51.0,,,,,,,
13-Jul-22,315870,223960,4,Shipped,23:08.0,,,,,,,
13-Jul-22,315636,44472,9,Rejected,24:40.0,,,,,,,
13-Jul-22,312246,223112,9,Rejected,24:42.0,,,,,,,
13-Jul-22,310818,140520,2,Rejected,24:49.0,,,,,,,
13-Jul-22,318318,171948,9,Rejected,24:50.0,,,,,,,
13-Jul-22,309615,28656,1,Shipped,25:07.0,,,,,,,
13-Jul-22,305979,75048,3,Rejected,25:08.0,,,,,,,
13-Jul-22,316803,71136,11,Rejected,25:41.0,,,,,,,
13-Jul-22,315462,198396,1,Rejected,25:44.0,,,,,,,
13-Jul-22,309057,177388,11,Rejected,26:27.0,,,,,,,
13-Jul-22,310173,180840,8,Rejected,27:13.0,,,,,,,
13-Jul-22,313437,32940,1,Shipped,27:21.0,,,,,,,
13-Jul-22,315768,224824,1,Rejected,27:41.0,,,,,,,
13-Jul-22,310332,216168,1,Rejected,27:53.0,,,,,,,
13-Jul-22,302964,72828,1,Shipped,28:14.0,,,,,,,
13-Jul-22,302175,94040,2,Shipped,28:26.0,,,,,,,
13-Jul-22,309723,163680,9,Shipped,28:28.0,,,,,,,
13-Jul-22,309963,53388,8,Rejected,28:48.0,,,,,,,
13-Jul-22,301767,152540,5,Rejected,29:25.0,,,,,,,
13-Jul-22,309621,222452,8,Shipped,29:33.0,,,,,,,
13-Jul-22,312645,34328,1,Shipped,29:44.0,,,,,,,
13-Jul-22,300714,190076,9,Shipped,29:49.0,,,,,,,
13-Jul-22,315027,215040,4,Rejected,30:14.0,,,,,,,
13-Jul-22,302385,187992,5,Rejected,30:16.0,,,,,,,
13-Jul-22,310965,64760,3,Rejected,30:23.0,,,,,,,
13-Jul-22,309531,110308,2,Shipped,30:24.0,,,,,,,
13-Jul-22,308940,44100,9,Rejected,30:46.0,,,,,,,
13-Jul-22,300177,152284,11,Shipped,30:49.0,,,,,,,
13-Jul-22,317133,44100,9,Shipped,30:53.0,,,,,,,
13-Jul-22,311679,204588,1,Rejected,31:04.0,,,,,,,
13-Jul-22,315468,150164,2,Rejected,31:18.0,,,,,,,
13-Jul-22,313524,57508,1,Shipped,32:23.0,,,,,,,
13-Jul-22,313077,119312,8,Shipped,32:42.0,,,,,,,
13-Jul-22,305829,221164,1,Rejected,33:04.0,,,,,,,
13-Jul-22,315189,148184,1,Rejected,33:06.0,,,,,,,
13-Jul-22,299535,82084,10,Rejected,33:37.0,,,,,,,
13-Jul-22,316347,172052,1,Shipped,33:45.0,,,,,,,
13-Jul-22,318249,28864,1,Shipped,33:59.0,,,,,,,
13-Jul-22,311190,209240,1,Shipped,34:13.0,,,,,,,
13-Jul-22,308130,116296,4,Rejected,34:14.0,,,,,,,
13-Jul-22,305061,216684,9,Rejected,34:35.0,,,,,,,
13-Jul-22,310416,63192,2,Shipped,34:41.0,,,,,,,
13-Jul-22,307008,212592,1,Rejected,35:06.0,,,,,,,
13-Jul-22,304275,72932,5,Shipped,35:09.0,,,,,,,
13-Jul-22,317640,210480,9,Rejected,35:13.0,,,,,,,
13-Jul-22,301812,34404,5,Shipped,35:40.0,,,,,,,
13-Jul-22,302244,30796,1,Shipped,36:27.0,,,,,,,
13-Jul-22,312270,112052,4,Shipped,36:35.0,,,,,,,
13-Jul-22,315993,151884,11,Rejected,36:41.0,,,,,,,
13-Jul-22,299541,81632,4,Rejected,36:42.0,,,,,,,
13-Jul-22,308673,188764,10,Rejected,36:47.0,,,,,,,
13-Jul-22,314334,36556,1,Shipped,37:05.0,,,,,,,
13-Jul-22,299280,84000,9,Shipped,37:14.0,,,,,,,
13-Jul-22,307299,152284,11,Shipped,37:24.0,,,,,,,
13-Jul-22,310839,71788,5,Rejected,37:33.0,,,,,,,
13-Jul-22,314424,168144,5,Shipped,37:58.0,,,,,,,
13-Jul-22,305298,148392,11,Rejected,38:03.0,,,,,,,
13-Jul-22,300648,189460,4,Shipped,38:04.0,,,,,,,
13-Jul-22,312852,202168,9,Rejected,38:10.0,,,,,,,
13-Jul-22,309267,47156,5,Rejected,38:24.0,,,,,,,
13-Jul-22,311691,204588,1,Shipped,38:45.0,,,,,,,
13-Jul-22,313215,147624,1,Rejected,39:05.0,,,,,,,
13-Jul-22,314934,147112,10,Shipped,39:44.0,,,,,,,
13-Jul-22,299763,114748,2,Shipped,40:10.0,,,,,,,
13-Jul-22,317451,179984,5,Rejected,40:27.0,,,,,,,
13-Jul-22,304971,55032,8,Rejected,40:51.0,,,,,,,
13-Jul-22,304974,93688,9,Shipped,41:06.0,,,,,,,
13-Jul-22,312837,224152,11,Rejected,41:40.0,,,,,,,
13-Jul-22,307629,69820,5,Shipped,42:03.0,,,,,,,
13-Jul-22,313845,161700,3,Shipped,42:07.0,,,,,,,
13-Jul-22,303096,64144,4,Rejected,42:12.0,,,,,,,
13-Jul-22,318849,182084,2,Shipped,42:49.0,,,,,,,
13-Jul-22,299139,132484,1,Rejected,42:53.0,,,,,,,
13-Jul-22,312558,58200,1,Shipped,42:55.0,,,,,,,
13-Jul-22,303033,95364,2,Shipped,43:10.0,,,,,,,
13-Jul-22,305160,221932,11,Shipped,43:27.0,,,,,,,
13-Jul-22,307812,43180,4,Rejected,43:30.0,,,,,,,
13-Jul-22,317742,147592,1,Rejected,43:43.0,,,,,,,
13-Jul-22,302835,40464,1,Shipped,44:05.0,,,,,,,
13-Jul-22,301236,27060,1,Shipped,44:16.0,,,,,,,
13-Jul-22,299778,26484,1,Rejected,44:21.0,,,,,,,
13-Jul-22,316359,76680,4,Shipped,44:28.0,,,,,,,
13-Jul-22,301542,180324,2,Shipped,44:42.0,,,,,,,
13-Jul-22,304986,121424,4,Shipped,44:50.0,,,,,,,
13-Jul-22,306306,222464,10,Rejected,45:01.0,,,,,,,
13-Jul-22,306504,157352,9,Shipped,45:09.0,,,,,,,
13-Jul-22,307314,996,1,Shipped,45:17.0,,,,,,,
13-Jul-22,311622,112052,4,Rejected,45:18.0,,,,,,,
13-Jul-22,305367,44088,8,Rejected,45:45.0,,,,,,,
13-Jul-22,314607,174288,11,Rejected,45:51.0,,,,,,,
13-Jul-22,308166,219308,9,Rejected,45:55.0,,,,,,,
13-Jul-22,306705,217968,8,Pending,45:57.0,,,,,,,
13-Jul-22,304698,45100,1,Rejected,46:04.0,,,,,,,
13-Jul-22,303717,211548,4,Shipped,46:16.0,,,,,,,
13-Jul-22,307110,122552,2,Shipped,46:54.0,,,,,,,
13-Jul-22,314850,195592,1,Shipped,47:30.0,,,,,,,
13-Jul-22,299565,185272,1,Shipped,47:39.0,,,,,,,
13-Jul-22,317589,41116,1,Rejected,48:10.0,,,,,,,
13-Jul-22,314145,201268,10,Rejected,48:29.0,,,,,,,
13-Jul-22,317247,225112,8,Rejected,48:32.0,,,,,,,
13-Jul-22,304197,105788,4,Shipped,48:41.0,,,,,,,
13-Jul-22,307026,80848,8,Rejected,48:50.0,,,,,,,
13-Jul-22,308025,222412,10,Rejected,48:50.0,,,,,,,
13-Jul-22,316488,35348,1,Rejected,49:04.0,,,,,,,
13-Jul-22,299019,175140,3,Shipped,49:24.0,,,,,,,
13-Jul-22,318432,138656,4,Shipped,49:24.0,,,,,,,
13-Jul-22,299574,74828,2,Shipped,50:00.0,,,,,,,
13-Jul-22,318549,75800,2,Shipped,50:26.0,,,,,,,
13-Jul-22,306039,221296,9,Shipped,50:51.0,,,,,,,
13-Jul-22,317838,26868,5,Rejected,51:20.0,,,,,,,
13-Jul-22,309777,201580,4,Rejected,51:35.0,,,,,,,
13-Jul-22,316170,19404,1,Rejected,51:35.0,,,,,,,
13-Jul-22,306411,150428,11,Shipped,51:44.0,,,,,,,
13-Jul-22,301779,152588,4,Rejected,52:11.0,,,,,,,
13-Jul-22,311634,57756,8,Rejected,52:43.0,,,,,,,
13-Jul-22,311301,197724,4,Rejected,52:44.0,,,,,,,
13-Jul-22,313599,79536,2,Rejected,52:49.0,,,,,,,
13-Jul-22,308508,996,1,Shipped,53:03.0,,,,,,,
13-Jul-22,313386,37872,1,Rejected,53:06.0,,,,,,,
13-Jul-22,304905,93688,9,Rejected,53:27.0,,,,,,,
13-Jul-22,305394,175932,1,Shipped,53:31.0,,,,,,,
13-Jul-22,317304,184900,4,Shipped,53:35.0,,,,,,,
13-Jul-22,304797,54532,9,Rejected,54:03.0,,,,,,,
13-Jul-22,305931,222264,1,Rejected,54:04.0,,,,,,,
13-Jul-22,305250,222216,10,Rejected,54:06.0,,,,,,,
13-Jul-22,299703,203144,3,Rejected,54:30.0,,,,,,,
13-Jul-22,299031,6224,1,Shipped,54:33.0,,,,,,,
13-Jul-22,299592,65612,8,Rejected,54:49.0,,,,,,,
13-Jul-22,301107,160840,1,Shipped,56:21.0,,,,,,,
13-Jul-22,311502,190720,8,Rejected,56:26.0,,,,,,,
13-Jul-22,299466,207724,3,Rejected,56:33.0,,,,,,,
13-Jul-22,307857,38796,1,Rejected,57:04.0,,,,,,,
13-Jul-22,307881,219476,9,Shipped,57:12.0,,,,,,,
13-Jul-22,312810,134640,3,Shipped,57:26.0,,,,,,,
13-Jul-22,304050,109220,3,Rejected,57:35.0,,,,,,,
13-Jul-22,298611,35348,1,Rejected,58:14.0,,,,,,,
13-Jul-22,307437,222680,2,Shipped,58:26.0,,,,,,,
13-Jul-22,302127,192996,8,Rejected,58:51.0,,,,,,,
13-Jul-22,305316,185072,8,Rejected,59:09.0,,,,,,,
13-Jul-22,312405,996,1,Shipped,59:11.0,,,,,,,
13-Jul-22,317322,225300,1,Rejected,59:15.0,,,,,,,
13-Jul-22,318444,33128,1,Shipped,59:26.0,,,,,,,
13-Jul-22,299604,77488,2,Rejected,59:35.0,,,,,,,
13-Jul-22,299892,117024,2,Shipped,59:37.0,,,,,,,
13-Jul-22,306726,197132,4,Shipped,59:38.0,,,,,,,
13-Jul-22,301809,75292,4,Rejected,59:47.0,,,,,,,
14-Jul-22,316677,142956,5,Rejected,00:03.0,,,,,,,
14-Jul-22,309081,188276,8,Shipped,00:26.0,,,,,,,
14-Jul-22,309798,207492,9,Shipped,00:26.0,,,,,,,
14-Jul-22,301347,152976,11,Shipped,00:51.0,,,,,,,
14-Jul-22,313764,151092,5,Rejected,00:52.0,,,,,,,
14-Jul-22,313491,73072,1,Shipped,01:06.0,,,,,,,
14-Jul-22,299052,191504,8,Rejected,01:36.0,,,,,,,
14-Jul-22,299316,77508,2,Rejected,02:00.0,,,,,,,
14-Jul-22,313314,76336,1,Shipped,02:01.0,,,,,,,
14-Jul-22,302862,46576,5,Rejected,02:38.0,,,,,,,
14-Jul-22,316821,114112,3,Shipped,02:44.0,,,,,,,
14-Jul-22,304062,178744,8,Rejected,03:32.0,,,,,,,
14-Jul-22,318873,30004,1,Pending,03:32.0,,,,,,,
14-Jul-22,307323,222700,4,Shipped,03:35.0,,,,,,,
14-Jul-22,303969,153200,4,Shipped,03:42.0,,,,,,,
14-Jul-22,314574,169120,10,Rejected,03:46.0,,,,,,,
14-Jul-22,313959,96808,4,Rejected,04:16.0,,,,,,,
14-Jul-22,315549,201560,4,Shipped,04:19.0,,,,,,,
14-Jul-22,301566,191360,10,Shipped,04:23.0,,,,,,,
14-Jul-22,303072,47808,5,Shipped,04:35.0,,,,,,,
14-Jul-22,300681,77916,3,Rejected,05:09.0,,,,,,,
14-Jul-22,310218,86340,9,Rejected,05:19.0,,,,,,,
14-Jul-22,305583,93876,9,Rejected,05:26.0,,,,,,,
14-Jul-22,299814,76272,11,Shipped,05:29.0,,,,,,,
14-Jul-22,300216,19324,1,Rejected,06:23.0,,,,,,,
14-Jul-22,318270,183716,4,Rejected,07:31.0,,,,,,,
14-Jul-22,302142,221300,10,Rejected,07:55.0,,,,,,,
14-Jul-22,311436,119496,4,Rejected,07:55.0,,,,,,,
14-Jul-22,314877,88460,8,Rejected,08:00.0,,,,,,,
14-Jul-22,302424,213024,1,Shipped,08:42.0,,,,,,,
14-Jul-22,317475,225336,11,Shipped,08:47.0,,,,,,,
14-Jul-22,315966,84000,9,Shipped,08:50.0,,,,,,,
14-Jul-22,302874,46576,5,Shipped,09:26.0,,,,,,,
14-Jul-22,315255,34460,1,Shipped,09:29.0,,,,,,,
14-Jul-22,313974,96808,4,Rejected,09:36.0,,,,,,,
14-Jul-22,315525,26380,1,Shipped,09:43.0,,,,,,,
14-Jul-22,310932,214160,5,Rejected,09:57.0,,,,,,,
14-Jul-22,304938,209164,4,Rejected,10:57.0,,,,,,,
14-Jul-22,305592,207268,1,Shipped,11:06.0,,,,,,,
14-Jul-22,306543,190500,9,Rejected,11:38.0,,,,,,,
14-Jul-22,303309,127792,8,Rejected,12:03.0,,,,,,,
14-Jul-22,318657,218724,9,Rejected,12:12.0,,,,,,,
14-Jul-22,318183,84284,9,Rejected,12:13.0,,,,,,,
14-Jul-22,300231,29980,1,Shipped,12:28.0,,,,,,,
14-Jul-22,301725,50656,1,Rejected,12:53.0,,,,,,,
14-Jul-22,303516,32444,5,Shipped,12:54.0,,,,,,,
14-Jul-22,315453,150972,10,Rejected,12:55.0,,,,,,,
14-Jul-22,308376,136896,1,Rejected,13:04.0,,,,,,,
14-Jul-22,308073,89864,9,Shipped,13:34.0,,,,,,,
14-Jul-22,310026,201560,4,Rejected,14:18.0,,,,,,,
14-Jul-22,298977,202168,9,Shipped,14:34.0,,,,,,,
14-Jul-22,299073,214712,9,Shipped,15:07.0,,,,,,,
14-Jul-22,311253,47156,5,Shipped,15:08.0,,,,,,,
14-Jul-22,299643,94528,5,Shipped,15:10.0,,,,,,,
14-Jul-22,310383,61460,8,Rejected,15:12.0,,,,,,,
14-Jul-22,305337,73876,3,Rejected,15:38.0,,,,,,,
14-Jul-22,312741,216620,4,Rejected,15:43.0,,,,,,,
14-Jul-22,304446,123076,2,Shipped,15:55.0,,,,,,,
14-Jul-22,308082,218704,2,Shipped,15:55.0,,,,,,,
14-Jul-22,314589,91728,1,Shipped,15:55.0,,,,,,,
14-Jul-22,303672,217764,10,Rejected,16:25.0,,,,,,,
14-Jul-22,317481,111340,9,Shipped,16:44.0,,,,,,,
14-Jul-22,317115,225288,5,Shipped,16:56.0,,,,,,,
14-Jul-22,313560,35384,1,Rejected,17:01.0,,,,,,,
14-Jul-22,318006,223924,1,Rejected,17:07.0,,,,,,,
14-Jul-22,298866,154212,2,Shipped,17:18.0,,,,,,,
14-Jul-22,313563,52948,8,Rejected,17:40.0,,,,,,,
14-Jul-22,304323,161292,1,Rejected,18:12.0,,,,,,,
14-Jul-22,302802,64144,4,Rejected,18:37.0,,,,,,,
14-Jul-22,309849,216028,4,Shipped,18:54.0,,,,,,,
14-Jul-22,306186,48620,9,Rejected,19:08.0,,,,,,,
14-Jul-22,303525,96808,4,Shipped,19:15.0,,,,,,,
14-Jul-22,317199,57756,8,Shipped,19:17.0,,,,,,,
14-Jul-22,303012,19640,1,Shipped,19:19.0,,,,,,,
14-Jul-22,305613,205592,9,Shipped,19:33.0,,,,,,,
14-Jul-22,301305,121492,8,Rejected,19:36.0,,,,,,,
14-Jul-22,309315,222452,8,Rejected,19:48.0,,,,,,,
14-Jul-22,298656,112052,4,Shipped,20:01.0,,,,,,,
14-Jul-22,307986,132980,1,Shipped,20:54.0,,,,,,,
14-Jul-22,318399,41760,8,Rejected,21:17.0,,,,,,,
14-Jul-22,315012,27204,1,Shipped,21:18.0,,,,,,,
14-Jul-22,301209,130984,1,Rejected,21:37.0,,,,,,,
14-Jul-22,300513,197132,4,Shipped,22:15.0,,,,,,,
14-Jul-22,311571,202348,4,Rejected,22:15.0,,,,,,,
14-Jul-22,314817,85068,8,Shipped,22:45.0,,,,,,,
14-Jul-22,310143,185072,8,Shipped,23:08.0,,,,,,,
14-Jul-22,308853,162484,10,Rejected,23:25.0,,,,,,,
14-Jul-22,307908,29396,5,Shipped,23:37.0,,,,,,,
14-Jul-22,299730,87824,8,Shipped,23:58.0,,,,,,,
14-Jul-22,313059,44424,9,Shipped,24:21.0,,,,,,,
14-Jul-22,312429,219108,2,Shipped,24:24.0,,,,,,,
14-Jul-22,312831,78788,10,Shipped,24:28.0,,,,,,,
14-Jul-22,318600,190296,11,Shipped,24:41.0,,,,,,,
14-Jul-22,301938,80416,5,Rejected,24:51.0,,,,,,,
14-Jul-22,311574,116296,4,Rejected,24:57.0,,,,,,,
14-Jul-22,308223,222908,11,Shipped,25:01.0,,,,,,,
14-Jul-22,299271,146596,11,Rejected,25:18.0,,,,,,,
14-Jul-22,313434,20904,1,Shipped,25:40.0,,,,,,,
14-Jul-22,305346,76956,4,Shipped,26:31.0,,,,,,,
14-Jul-22,312699,30796,1,Shipped,26:36.0,,,,,,,
14-Jul-22,301515,123932,9,Rejected,26:40.0,,,,,,,
14-Jul-22,311076,214328,11,Rejected,26:41.0,,,,,,,
14-Jul-22,305352,221364,8,Shipped,27:17.0,,,,,,,
14-Jul-22,310962,145620,1,Rejected,27:28.0,,,,,,,
14-Jul-22,315396,127524,9,Rejected,27:49.0,,,,,,,
14-Jul-22,301596,107060,8,Rejected,27:58.0,,,,,,,
14-Jul-22,306276,180132,11,Shipped,28:18.0,,,,,,,
14-Jul-22,312378,142428,2,Shipped,28:38.0,,,,,,,
14-Jul-22,314439,30776,5,Shipped,29:44.0,,,,,,,
14-Jul-22,317376,204988,3,Rejected,29:49.0,,,,,,,
14-Jul-22,315639,75688,3,Rejected,30:00.0,,,,,,,
14-Jul-22,307494,92068,3,Rejected,30:11.0,,,,,,,
14-Jul-22,311580,146532,1,Shipped,30:11.0,,,,,,,
14-Jul-22,306204,200412,10,Rejected,30:13.0,,,,,,,
14-Jul-22,303801,147508,8,Shipped,30:14.0,,,,,,,
14-Jul-22,298989,191860,1,Shipped,30:35.0,,,,,,,
14-Jul-22,317271,224592,3,Rejected,30:43.0,,,,,,,
14-Jul-22,300525,197132,4,Shipped,31:04.0,,,,,,,
14-Jul-22,300717,185092,11,Rejected,31:21.0,,,,,,,
14-Jul-22,306561,35268,1,Shipped,31:37.0,,,,,,,
14-Jul-22,307725,136896,1,Shipped,31:37.0,,,,,,,
14-Jul-22,306888,37536,1,Shipped,31:49.0,,,,,,,
14-Jul-22,315306,224868,3,Rejected,31:49.0,,,,,,,
14-Jul-22,316806,47956,1,Rejected,32:29.0,,,,,,,
14-Jul-22,318246,219288,1,Rejected,32:31.0,,,,,,,
14-Jul-22,307101,217916,2,Shipped,32:37.0,,,,,,,
14-Jul-22,307197,222672,10,Rejected,33:06.0,,,,,,,
14-Jul-22,312906,224160,9,Rejected,33:17.0,,,,,,,
14-Jul-22,304566,46776,8,Rejected,33:47.0,,,,,,,
14-Jul-22,312654,165212,5,Shipped,33:48.0,,,,,,,
14-Jul-22,308667,194272,8,Rejected,33:56.0,,,,,,,
14-Jul-22,301317,169600,9,Rejected,34:19.0,,,,,,,
14-Jul-22,298887,209900,11,Shipped,34:41.0,,,,,,,
14-Jul-22,315990,211712,4,Rejected,34:41.0,,,,,,,
14-Jul-22,316404,219180,1,Shipped,35:05.0,,,,,,,
14-Jul-22,303153,221444,11,Rejected,35:19.0,,,,,,,
14-Jul-22,318486,193052,4,Shipped,35:48.0,,,,,,,
14-Jul-22,311151,51332,1,Rejected,36:34.0,,,,,,,
14-Jul-22,314835,178192,4,Shipped,36:49.0,,,,,,,
14-Jul-22,300969,53956,5,Rejected,36:56.0,,,,,,,
14-Jul-22,299871,138724,1,Rejected,37:07.0,,,,,,,
14-Jul-22,299208,136404,11,Rejected,37:11.0,,,,,,,
14-Jul-22,311397,70224,10,Shipped,37:37.0,,,,,,,
14-Jul-22,300108,188760,9,Rejected,37:41.0,,,,,,,
14-Jul-22,316482,108392,9,Shipped,37:47.0,,,,,,,
14-Jul-22,300111,82160,2,Rejected,37:54.0,,,,,,,
14-Jul-22,304017,50656,1,Shipped,38:04.0,,,,,,,
14-Jul-22,312918,61860,8,Shipped,38:55.0,,,,,,,
14-Jul-22,306294,160464,4,Shipped,39:29.0,,,,,,,
14-Jul-22,318423,195592,1,Shipped,39:55.0,,,,,,,
14-Jul-22,309897,143700,1,Shipped,39:59.0,,,,,,,
14-Jul-22,303030,206400,11,Rejected,40:30.0,,,,,,,
14-Jul-22,304020,52080,9,Rejected,40:34.0,,,,,,,
14-Jul-22,310524,101756,10,Rejected,40:51.0,,,,,,,
14-Jul-22,313530,223516,9,Rejected,41:09.0,,,,,,,
14-Jul-22,303090,216344,2,Rejected,41:10.0,,,,,,,
14-Jul-22,300903,217456,3,Shipped,41:26.0,,,,,,,
14-Jul-22,298584,188972,4,Shipped,41:29.0,,,,,,,
14-Jul-22,300801,57776,11,Rejected,41:39.0,,,,,,,
14-Jul-22,315540,57560,2,Shipped,41:43.0,,,,,,,
14-Jul-22,310437,148264,5,Shipped,41:49.0,,,,,,,
14-Jul-22,309324,89632,2,Shipped,42:28.0,,,,,,,
14-Jul-22,301092,217576,2,Rejected,42:44.0,,,,,,,
14-Jul-22,312195,156404,2,Shipped,43:11.0,,,,,,,
14-Jul-22,314037,142948,10,Rejected,43:12.0,,,,,,,
14-Jul-22,304980,221392,3,Rejected,43:15.0,,,,,,,
14-Jul-22,300279,146780,4,Shipped,43:16.0,,,,,,,
14-Jul-22,309204,143700,1,Shipped,43:25.0,,,,,,,
14-Jul-22,311769,190244,3,Shipped,43:27.0,,,,,,,
14-Jul-22,302742,74524,4,Shipped,43:38.0,,,,,,,
14-Jul-22,305718,117888,11,Shipped,43:44.0,,,,,,,
14-Jul-22,311109,75292,4,Shipped,43:56.0,,,,,,,
14-Jul-22,318255,194196,1,Rejected,44:13.0,,,,,,,
14-Jul-22,301623,156604,11,Shipped,45:06.0,,,,,,,
14-Jul-22,304776,54532,9,Rejected,45:36.0,,,,,,,
14-Jul-22,317829,130160,9,Rejected,45:45.0,,,,,,,
14-Jul-22,306036,85584,8,Rejected,45:58.0,,,,,,,
14-Jul-22,317388,214648,2,Shipped,45:58.0,,,,,,,
14-Jul-22,308325,28300,5,Rejected,46:02.0,,,,,,,
14-Jul-22,303714,221164,1,Shipped,46:03.0,,,,,,,
14-Jul-22,299013,24656,1,Shipped,46:39.0,,,,,,,
14-Jul-22,317970,21508,1,Shipped,46:53.0,,,,,,,
14-Jul-22,304479,109424,1,Rejected,47:08.0,,,,,,,
14-Jul-22,316416,70320,3,Shipped,47:29.0,,,,,,,
14-Jul-22,299493,110832,5,Rejected,47:41.0,,,,,,,
14-Jul-22,299154,217048,4,Shipped,47:46.0,,,,,,,
14-Jul-22,308253,189396,4,Shipped,47:54.0,,,,,,,
14-Jul-22,303924,29888,1,Rejected,47:59.0,,,,,,,
14-Jul-22,308499,216060,9,Shipped,48:01.0,,,,,,,
14-Jul-22,316776,32288,1,Rejected,48:09.0,,,,,,,
14-Jul-22,306315,27956,1,Shipped,48:29.0,,,,,,,
14-Jul-22,309564,124968,1,Shipped,48:43.0,,,,,,,
14-Jul-22,305562,74448,4,Shipped,49:04.0,,,,,,,
14-Jul-22,316656,174228,7,Shipped,49:33.0,,,,,,,
14-Jul-22,318165,1208,1,Shipped,49:43.0,,,,,,,
14-Jul-22,310251,91272,2,Rejected,49:46.0,,,,,,,
14-Jul-22,310785,135480,9,Rejected,50:33.0,,,,,,,
14-Jul-22,316860,33084,5,Shipped,51:32.0,,,,,,,
14-Jul-22,312756,178468,1,Rejected,51:43.0,,,,,,,
14-Jul-22,302265,22836,1,Shipped,51:57.0,,,,,,,
14-Jul-22,313470,223140,2,Rejected,52:15.0,,,,,,,
14-Jul-22,305391,35416,1,Shipped,52:31.0,,,,,,,
14-Jul-22,307740,77528,9,Shipped,52:45.0,,,,,,,
14-Jul-22,306720,44388,8,Rejected,53:29.0,,,,,,,
14-Jul-22,316011,56832,1,Shipped,53:42.0,,,,,,,
14-Jul-22,309915,43412,9,Rejected,54:02.0,,,,,,,
14-Jul-22,307935,222860,9,Rejected,54:34.0,,,,,,,
14-Jul-22,305757,220456,10,Rejected,54:58.0,,,,,,,
14-Jul-22,311085,211440,4,Rejected,55:05.0,,,,,,,
14-Jul-22,313683,151092,5,Rejected,55:06.0,,,,,,,
14-Jul-22,301335,193904,1,Shipped,55:10.0,,,,,,,
14-Jul-22,317925,193024,5,Shipped,55:17.0,,,,,,,
14-Jul-22,299985,35520,1,Shipped,55:27.0,,,,,,,
14-Jul-22,300198,74636,3,Shipped,55:30.0,,,,,,,
14-Jul-22,302667,125116,10,Rejected,55:40.0,,,,,,,
14-Jul-22,312051,49612,1,Rejected,55:42.0,,,,,,,
14-Jul-22,299886,57464,9,Rejected,56:15.0,,,,,,,
14-Jul-22,314583,223772,9,Rejected,56:26.0,,,,,,,
14-Jul-22,302202,47336,8,Rejected,56:33.0,,,,,,,
14-Jul-22,314958,207560,9,Shipped,56:40.0,,,,,,,
14-Jul-22,309354,60328,4,Rejected,56:45.0,,,,,,,
14-Jul-22,313479,123972,9,Rejected,57:25.0,,,,,,,
14-Jul-22,298935,149240,1,Shipped,57:39.0,,,,,,,
14-Jul-22,301266,62796,1,Rejected,57:43.0,,,,,,,
14-Jul-22,316020,160404,11,Shipped,57:48.0,,,,,,,
14-Jul-22,305937,66328,8,Rejected,57:51.0,,,,,,,
14-Jul-22,316371,222612,3,Rejected,57:57.0,,,,,,,
14-Jul-22,307665,66216,10,Rejected,58:00.0,,,,,,,
14-Jul-22,315795,178788,4,Rejected,58:00.0,,,,,,,
14-Jul-22,313305,32548,5,Rejected,58:04.0,,,,,,,
14-Jul-22,318729,66804,2,Shipped,58:22.0,,,,,,,
14-Jul-22,302337,52032,8,Rejected,58:23.0,,,,,,,
14-Jul-22,310857,162624,4,Rejected,58:29.0,,,,,,,
14-Jul-22,300921,197248,3,Rejected,58:36.0,,,,,,,
14-Jul-22,308622,46816,5,Shipped,59:00.0,,,,,,,
14-Jul-22,307950,82488,3,Rejected,59:06.0,,,,,,,
14-Jul-22,308682,212108,4,Shipped,59:09.0,,,,,,,
14-Jul-22,313950,32768,1,Shipped,59:18.0,,,,,,,
15-Jul-22,316191,224128,1,Rejected,00:02.0,,,,,,,
15-Jul-22,301116,114084,7,Shipped,00:22.0,,,,,,,
15-Jul-22,304710,21608,1,Shipped,01:05.0,,,,,,,
15-Jul-22,311325,203820,10,Rejected,01:12.0,,,,,,,
15-Jul-22,306864,25920,1,Shipped,01:23.0,,,,,,,
15-Jul-22,312813,224116,1,Rejected,01:25.0,,,,,,,
15-Jul-22,305457,75488,4,Shipped,01:40.0,,,,,,,
15-Jul-22,315513,201316,4,Shipped,01:53.0,,,,,,,
15-Jul-22,312606,58400,5,Shipped,02:07.0,,,,,,,
15-Jul-22,318267,225488,11,Rejected,02:07.0,,,,,,,
15-Jul-22,312609,55068,1,Shipped,02:10.0,,,,,,,
15-Jul-22,318090,143700,1,Rejected,02:34.0,,,,,,,
15-Jul-22,317643,58124,11,Shipped,02:46.0,,,,,,,
15-Jul-22,313407,136340,2,Rejected,03:05.0,,,,,,,
15-Jul-22,316140,216708,10,Rejected,03:30.0,,,,,,,
15-Jul-22,300366,117252,3,Shipped,03:53.0,,,,,,,
15-Jul-22,318447,222164,8,Shipped,04:07.0,,,,,,,
15-Jul-22,300678,158008,9,Rejected,04:23.0,,,,,,,
15-Jul-22,307668,27580,1,Rejected,04:38.0,,,,,,,
15-Jul-22,317091,203560,10,Shipped,04:49.0,,,,,,,
15-Jul-22,309486,110308,2,Rejected,05:14.0,,,,,,,
15-Jul-22,307455,35268,1,Rejected,05:18.0,,,,,,,
15-Jul-22,315855,158412,1,Shipped,05:29.0,,,,,,,
15-Jul-22,300618,149240,1,Shipped,05:39.0,,,,,,,
15-Jul-22,303657,57952,5,Shipped,05:40.0,,,,,,,
15-Jul-22,315621,194980,1,Rejected,05:40.0,,,,,,,
15-Jul-22,305667,59568,1,Shipped,05:41.0,,,,,,,
15-Jul-22,315519,37084,1,Shipped,05:54.0,,,,,,,
15-Jul-22,309015,133960,5,Rejected,06:11.0,,,,,,,
15-Jul-22,317403,19404,1,Rejected,06:29.0,,,,,,,
15-Jul-22,307758,72828,1,Shipped,06:31.0,,,,,,,
15-Jul-22,315357,77916,3,Rejected,06:34.0,,,,,,,
15-Jul-22,304155,204408,3,Rejected,06:59.0,,,,,,,
15-Jul-22,302577,209696,10,Rejected,07:06.0,,,,,,,
15-Jul-22,303474,217844,11,Shipped,07:07.0,,,,,,,
15-Jul-22,304074,142208,9,Rejected,07:21.0,,,,,,,
15-Jul-22,302364,133552,1,Rejected,07:34.0,,,,,,,
15-Jul-22,300309,204052,10,Rejected,07:35.0,,,,,,,
15-Jul-22,309687,158716,4,Rejected,07:52.0,,,,,,,
15-Jul-22,317334,225304,9,Shipped,08:05.0,,,,,,,
15-Jul-22,306441,49168,1,Shipped,08:10.0,,,,,,,
15-Jul-22,302145,179828,2,Shipped,08:45.0,,,,,,,
15-Jul-22,299325,206588,5,Rejected,08:49.0,,,,,,,
15-Jul-22,308280,212368,4,Rejected,08:51.0,,,,,,,
15-Jul-22,317097,108904,9,Rejected,08:58.0,,,,,,,
15-Jul-22,301920,221296,9,Rejected,08:59.0,,,,,,,
15-Jul-22,311352,66000,9,Rejected,09:18.0,,,,,,,
15-Jul-22,314988,105888,3,Shipped,09:35.0,,,,,,,
15-Jul-22,312033,44504,9,Shipped,09:45.0,,,,,,,
15-Jul-22,315174,182604,4,Shipped,10:12.0,,,,,,,
15-Jul-22,302787,58588,1,Pending,10:23.0,,,,,,,
15-Jul-22,309693,217916,2,Shipped,10:23.0,,,,,,,
15-Jul-22,308643,156868,8,Shipped,11:01.0,,,,,,,
15-Jul-22,304941,213164,4,Shipped,11:02.0,,,,,,,
15-Jul-22,303507,93712,8,Rejected,11:07.0,,,,,,,
15-Jul-22,308070,18724,1,Shipped,11:33.0,,,,,,,
15-Jul-22,304827,137536,1,Rejected,11:35.0,,,,,,,
15-Jul-22,318654,89184,1,Shipped,11:43.0,,,,,,,
15-Jul-22,312150,46576,5,Shipped,11:45.0,,,,,,,
15-Jul-22,313980,77548,4,Shipped,11:45.0,,,,,,,
15-Jul-22,315096,31604,5,Shipped,11:50.0,,,,,,,
15-Jul-22,301482,217968,8,Shipped,11:57.0,,,,,,,
15-Jul-22,313161,124548,9,Rejected,12:47.0,,,,,,,
15-Jul-22,307329,168832,2,Rejected,13:03.0,,,,,,,
15-Jul-22,308649,156868,8,Shipped,13:11.0,,,,,,,
15-Jul-22,304839,133612,8,Rejected,13:44.0,,,,,,,
15-Jul-22,301488,55088,8,Rejected,13:58.0,,,,,,,
15-Jul-22,310491,79652,8,Rejected,14:42.0,,,,,,,
15-Jul-22,305496,206336,2,Rejected,15:10.0,,,,,,,
15-Jul-22,307065,49456,8,Rejected,15:34.0,,,,,,,
15-Jul-22,311946,167600,1,Rejected,15:52.0,,,,,,,
15-Jul-22,299445,79652,8,Rejected,16:09.0,,,,,,,
15-Jul-22,311658,44400,9,Shipped,16:22.0,,,,,,,
15-Jul-22,314295,92376,9,Rejected,16:24.0,,,,,,,
15-Jul-22,303861,221444,11,Shipped,16:27.0,,,,,,,
15-Jul-22,315111,205592,9,Shipped,16:36.0,,,,,,,
15-Jul-22,309714,211156,2,Rejected,16:46.0,,,,,,,
15-Jul-22,318453,223140,2,Rejected,16:46.0,,,,,,,
15-Jul-22,317538,210372,4,Shipped,17:24.0,,,,,,,
15-Jul-22,303675,217764,10,Rejected,17:25.0,,,,,,,
15-Jul-22,311097,217864,9,Rejected,18:03.0,,,,,,,
15-Jul-22,308862,96388,9,Rejected,18:09.0,,,,,,,
15-Jul-22,304308,221964,1,Rejected,18:13.0,,,,,,,
15-Jul-22,302799,46576,5,Rejected,18:21.0,,,,,,,
15-Jul-22,310314,68300,1,Rejected,19:18.0,,,,,,,
15-Jul-22,317874,87388,5,Shipped,19:19.0,,,,,,,
15-Jul-22,312510,37276,4,Rejected,20:10.0,,,,,,,
15-Jul-22,304092,169088,2,Rejected,20:21.0,,,,,,,
15-Jul-22,303216,30680,1,Rejected,20:54.0,,,,,,,
15-Jul-22,305904,185368,9,Rejected,21:01.0,,,,,,,
15-Jul-22,317490,61036,9,Shipped,21:25.0,,,,,,,
15-Jul-22,303267,217140,8,Rejected,21:30.0,,,,,,,
15-Jul-22,315744,60844,9,Rejected,21:50.0,,,,,,,
15-Jul-22,317619,211596,3,Rejected,22:07.0,,,,,,,
15-Jul-22,304176,62796,1,Rejected,22:17.0,,,,,,,
15-Jul-22,306999,213896,2,Shipped,22:51.0,,,,,,,
15-Jul-22,304536,88916,8,Shipped,22:58.0,,,,,,,
15-Jul-22,300240,138996,1,Rejected,23:17.0,,,,,,,
15-Jul-22,318519,167048,1,Rejected,23:58.0,,,,,,,
15-Jul-22,316047,224208,9,Shipped,24:14.0,,,,,,,
15-Jul-22,314910,153200,4,Shipped,24:34.0,,,,,,,
15-Jul-22,313746,123328,5,Rejected,24:44.0,,,,,,,
15-Jul-22,299928,132984,4,Shipped,25:09.0,,,,,,,
15-Jul-22,311373,221588,10,Shipped,25:15.0,,,,,,,
15-Jul-22,304101,216028,4,Rejected,25:18.0,,,,,,,
15-Jul-22,302043,98804,11,Rejected,25:22.0,,,,,,,
15-Jul-22,306900,191852,4,Rejected,25:29.0,,,,,,,
15-Jul-22,318681,35520,1,Shipped,26:21.0,,,,,,,
15-Jul-22,310653,37276,4,Rejected,26:33.0,,,,,,,
15-Jul-22,316914,147592,1,Rejected,26:36.0,,,,,,,
15-Jul-22,307824,30796,1,Rejected,26:45.0,,,,,,,
15-Jul-22,299934,188116,1,Shipped,26:51.0,,,,,,,
15-Jul-22,300759,137132,8,Rejected,26:57.0,,,,,,,
15-Jul-22,305910,48684,9,Shipped,27:05.0,,,,,,,
15-Jul-22,299454,220708,8,Rejected,27:11.0,,,,,,,
15-Jul-22,312975,217384,10,Rejected,27:20.0,,,,,,,
15-Jul-22,316338,94168,10,Rejected,27:22.0,,,,,,,
15-Jul-22,317805,42748,5,Shipped,27:57.0,,,,,,,
15-Jul-22,300933,52724,1,Shipped,28:02.0,,,,,,,
15-Jul-22,301839,187252,3,Rejected,28:06.0,,,,,,,
15-Jul-22,306768,214976,8,Shipped,28:15.0,,,,,,,
15-Jul-22,311181,40448,1,Shipped,28:36.0,,,,,,,
15-Jul-22,312093,26460,1,Shipped,28:43.0,,,,,,,
15-Jul-22,318477,107044,1,Shipped,28:43.0,,,,,,,
15-Jul-22,318534,156656,2,Shipped,28:57.0,,,,,,,
15-Jul-22,303792,221856,11,Rejected,29:02.0,,,,,,,
15-Jul-22,315024,104068,2,Rejected,29:56.0,,,,,,,
15-Jul-22,304404,90196,8,Shipped,30:27.0,,,,,,,
15-Jul-22,318240,160576,2,Shipped,30:52.0,,,,,,,
15-Jul-22,301827,207724,3,Rejected,31:32.0,,,,,,,
15-Jul-22,298995,191860,1,Shipped,32:06.0,,,,,,,
15-Jul-22,315141,79016,4,Rejected,32:23.0,,,,,,,
15-Jul-22,299736,112816,9,Shipped,32:25.0,,,,,,,
15-Jul-22,302595,47448,8,Rejected,32:37.0,,,,,,,
15-Jul-22,318342,115244,8,Rejected,32:49.0,,,,,,,
15-Jul-22,318030,39676,1,Shipped,33:10.0,,,,,,,
15-Jul-22,303615,81036,5,Shipped,33:42.0,,,,,,,
15-Jul-22,314262,71804,1,Rejected,33:49.0,,,,,,,
15-Jul-22,307293,193112,9,Shipped,33:56.0,,,,,,,
15-Jul-22,318201,113468,4,Rejected,34:01.0,,,,,,,
15-Jul-22,298680,214900,10,Shipped,34:18.0,,,,,,,
15-Jul-22,316275,95388,9,Rejected,35:03.0,,,,,,,
15-Jul-22,299004,25444,1,Shipped,35:05.0,,,,,,,
15-Jul-22,306576,73300,8,Shipped,35:33.0,,,,,,,
15-Jul-22,299949,217860,4,Rejected,35:38.0,,,,,,,
15-Jul-22,317229,212572,11,Shipped,35:54.0,,,,,,,
15-Jul-22,303627,89040,8,Shipped,36:44.0,,,,,,,
15-Jul-22,310758,40988,1,Shipped,37:53.0,,,,,,,
15-Jul-22,300645,53688,9,Shipped,37:57.0,,,,,,,
15-Jul-22,307302,221764,9,Rejected,38:40.0,,,,,,,
15-Jul-22,301875,75488,4,Rejected,39:04.0,,,,,,,
15-Jul-22,310431,207632,8,Shipped,39:20.0,,,,,,,
15-Jul-22,312105,222104,2,Rejected,39:21.0,,,,,,,
15-Jul-22,317913,126196,3,Shipped,39:21.0,,,,,,,
15-Jul-22,310110,166456,1,Rejected,39:31.0,,,,,,,
15-Jul-22,318372,211856,1,Rejected,39:35.0,,,,,,,
15-Jul-22,301413,219392,1,Shipped,39:50.0,,,,,,,
15-Jul-22,302406,180840,8,Rejected,40:24.0,,,,,,,
15-Jul-22,301686,209376,2,Shipped,40:37.0,,,,,,,
15-Jul-22,306789,172752,11,Shipped,40:50.0,,,,,,,
15-Jul-22,303369,79108,1,Rejected,40:51.0,,,,,,,
15-Jul-22,302607,79744,1,Shipped,41:07.0,,,,,,,
15-Jul-22,315414,220884,4,Shipped,42:29.0,,,,,,,
15-Jul-22,308007,54580,8,Rejected,42:31.0,,,,,,,
15-Jul-22,311283,38448,1,Shipped,43:07.0,,,,,,,
15-Jul-22,311700,90192,3,Rejected,43:20.0,,,,,,,
15-Jul-22,315333,224824,1,Rejected,43:22.0,,,,,,,
15-Jul-22,303264,221672,11,Rejected,43:37.0,,,,,,,
15-Jul-22,317148,132960,4,Shipped,44:33.0,,,,,,,
15-Jul-22,314694,180256,5,Shipped,44:38.0,,,,,,,
15-Jul-22,317514,110056,8,Rejected,45:04.0,,,,,,,
15-Jul-22,299679,185272,1,Shipped,45:09.0,,,,,,,
15-Jul-22,317745,169120,10,Rejected,45:12.0,,,,,,,
15-Jul-22,307524,48340,9,Rejected,45:20.0,,,,,,,
15-Jul-22,305724,83592,7,Shipped,45:52.0,,,,,,,
15-Jul-22,303711,146532,1,Rejected,46:01.0,,,,,,,
15-Jul-22,306153,147508,8,Shipped,46:08.0,,,,,,,
15-Jul-22,305727,83592,7,Shipped,46:24.0,,,,,,,
15-Jul-22,305925,156896,1,Rejected,47:18.0,,,,,,,
15-Jul-22,308169,153832,4,Rejected,47:24.0,,,,,,,
15-Jul-22,316485,18652,1,Rejected,47:26.0,,,,,,,
15-Jul-22,311631,221280,12,Shipped,47:56.0,,,,,,,
15-Jul-22,304602,29888,1,Shipped,48:02.0,,,,,,,
15-Jul-22,307410,201316,4,Rejected,49:09.0,,,,,,,
15-Jul-22,316974,99916,1,Rejected,49:18.0,,,,,,,
15-Jul-22,305388,206336,2,Rejected,49:37.0,,,,,,,
15-Jul-22,309282,41420,8,Rejected,49:37.0,,,,,,,
15-Jul-22,311214,144512,1,Shipped,49:51.0,,,,,,,
15-Jul-22,316425,217832,5,Rejected,49:57.0,,,,,,,
15-Jul-22,305565,214776,11,Shipped,50:08.0,,,,,,,
15-Jul-22,315840,154440,2,Rejected,50:09.0,,,,,,,
15-Jul-22,303111,89124,2,Rejected,50:10.0,,,,,,,
15-Jul-22,309336,83540,7,Shipped,51:04.0,,,,,,,
15-Jul-22,312930,148168,2,Shipped,51:11.0,,,,,,,
15-Jul-22,310461,143044,11,Rejected,51:54.0,,,,,,,
15-Jul-22,300123,128656,9,Rejected,51:58.0,,,,,,,
15-Jul-22,311499,61616,9,Rejected,52:00.0,,,,,,,
15-Jul-22,303054,175236,1,Rejected,52:18.0,,,,,,,
15-Jul-22,298797,163336,10,Rejected,52:22.0,,,,,,,
15-Jul-22,316365,97632,3,Shipped,52:43.0,,,,,,,
15-Jul-22,301986,79072,4,Rejected,52:56.0,,,,,,,
15-Jul-22,312477,80848,8,Shipped,52:59.0,,,,,,,
15-Jul-22,300051,218752,8,Rejected,53:34.0,,,,,,,
15-Jul-22,318969,122360,2,Rejected,53:54.0,,,,,,,
15-Jul-22,301887,208000,3,Shipped,54:51.0,,,,,,,
15-Jul-22,316905,130984,1,Rejected,55:08.0,,,,,,,
15-Jul-22,308610,171920,9,Rejected,55:22.0,,,,,,,
15-Jul-22,312330,186000,1,Rejected,55:43.0,,,,,,,
15-Jul-22,303327,81792,3,Rejected,55:56.0,,,,,,,
15-Jul-22,313020,179828,2,Shipped,56:13.0,,,,,,,
15-Jul-22,298605,211000,1,Rejected,56:20.0,,,,,,,
15-Jul-22,304044,74812,4,Shipped,56:34.0,,,,,,,
15-Jul-22,312579,96808,4,Shipped,56:34.0,,,,,,,
15-Jul-22,317070,159656,9,Rejected,56:44.0,,,,,,,
15-Jul-22,301911,181880,5,Shipped,56:46.0,,,,,,,
15-Jul-22,315792,105528,9,Shipped,56:51.0,,,,,,,
15-Jul-22,301914,217968,8,Rejected,57:10.0,,,,,,,
15-Jul-22,308184,2828,1,Shipped,57:23.0,,,,,,,
15-Jul-22,308265,156968,2,Shipped,57:31.0,,,,,,,
15-Jul-22,301644,35416,1,Shipped,57:52.0,,,,,,,
15-Jul-22,314058,161384,11,Rejected,58:12.0,,,,,,,
15-Jul-22,313611,123916,1,Shipped,58:26.0,,,,,,,
15-Jul-22,317559,69448,9,Pending,58:40.0,,,,,,,
15-Jul-22,309999,204588,1,Rejected,59:12.0,,,,,,,
15-Jul-22,314361,206136,10,Rejected,59:14.0,,,,,,,
15-Jul-22,309471,156656,2,Rejected,59:25.0,,,,,,,
15-Jul-22,313236,112956,1,Shipped,59:28.0,,,,,,,
15-Jul-22,313953,197724,4,Rejected,59:30.0,,,,,,,
15-Jul-22,318633,62920,8,Rejected,59:45.0,,,,,,,
15-Jul-22,314964,27204,1,Shipped,59:59.0,,,,,,,
16-Jul-22,301650,173804,4,Shipped,00:28.0,,,,,,,
16-Jul-22,305772,44352,9,Shipped,01:02.0,,,,,,,
16-Jul-22,312129,194996,1,Shipped,01:20.0,,,,,,,
16-Jul-22,299898,207492,9,Shipped,01:35.0,,,,,,,
16-Jul-22,312945,209660,10,Rejected,01:42.0,,,,,,,
16-Jul-22,310551,218516,8,Shipped,01:51.0,,,,,,,
16-Jul-22,313770,221644,10,Rejected,01:58.0,,,,,,,
16-Jul-22,313311,219676,3,Rejected,02:00.0,,,,,,,
16-Jul-22,315240,190500,9,Shipped,02:02.0,,,,,,,
16-Jul-22,301119,23048,1,Rejected,02:53.0,,,,,,,
16-Jul-22,305265,171916,2,Rejected,03:24.0,,,,,,,
16-Jul-22,306909,54080,9,Shipped,03:31.0,,,,,,,
16-Jul-22,311235,51332,1,Shipped,03:45.0,,,,,,,
16-Jul-22,313617,211948,4,Rejected,03:54.0,,,,,,,
16-Jul-22,306018,51976,9,Rejected,04:00.0,,,,,,,
16-Jul-22,302574,189228,1,Shipped,04:15.0,,,,,,,
16-Jul-22,306348,40108,1,Shipped,04:18.0,,,,,,,
16-Jul-22,302070,43180,4,Shipped,04:25.0,,,,,,,
16-Jul-22,308364,142592,3,Rejected,04:26.0,,,,,,,
16-Jul-22,302613,78912,10,Rejected,04:31.0,,,,,,,
16-Jul-22,303249,195708,4,Rejected,04:56.0,,,,,,,
16-Jul-22,315081,74932,2,Shipped,05:28.0,,,,,,,
16-Jul-22,315915,217464,11,Shipped,06:34.0,,,,,,,
16-Jul-22,313323,20868,1,Shipped,07:01.0,,,,,,,
16-Jul-22,308826,217832,5,Rejected,07:30.0,,,,,,,
16-Jul-22,314079,190076,9,Shipped,08:17.0,,,,,,,
16-Jul-22,316698,158268,11,Rejected,09:10.0,,,,,,,
16-Jul-22,311526,61616,9,Shipped,09:17.0,,,,,,,
16-Jul-22,306534,62796,1,Rejected,09:45.0,,,,,,,
16-Jul-22,311535,221280,12,Rejected,10:08.0,,,,,,,
16-Jul-22,316212,223924,1,Rejected,10:28.0,,,,,,,
16-Jul-22,305781,80068,3,Rejected,10:47.0,,,,,,,
16-Jul-22,317529,225324,12,Rejected,10:56.0,,,,,,,
16-Jul-22,313416,176276,4,Shipped,11:07.0,,,,,,,
16-Jul-22,300693,92292,1,Rejected,11:43.0,,,,,,,
16-Jul-22,298851,209388,11,Shipped,11:45.0,,,,,,,
16-Jul-22,310569,203944,4,Shipped,11:50.0,,,,,,,
16-Jul-22,305679,220608,9,Rejected,12:50.0,,,,,,,
16-Jul-22,318513,221940,4,Shipped,12:58.0,,,,,,,
16-Jul-22,317730,57440,5,Rejected,13:04.0,,,,,,,
16-Jul-22,304215,150144,5,Rejected,13:27.0,,,,,,,
16-Jul-22,306360,108752,1,Rejected,13:58.0,,,,,,,
16-Jul-22,309705,36232,1,Shipped,14:38.0,,,,,,,
16-Jul-22,305604,93876,9,Shipped,15:22.0,,,,,,,
16-Jul-22,302154,166892,1,Shipped,15:29.0,,,,,,,
16-Jul-22,317046,212368,4,Rejected,16:06.0,,,,,,,
16-Jul-22,309021,223120,4,Rejected,16:37.0,,,,,,,
16-Jul-22,303009,87776,8,Shipped,17:02.0,,,,,,,
16-Jul-22,305796,220608,9,Rejected,17:04.0,,,,,,,
16-Jul-22,309843,222496,12,Rejected,17:36.0,,,,,,,
16-Jul-22,311664,81472,4,Shipped,17:53.0,,,,,,,
16-Jul-22,315267,57084,8,Rejected,18:07.0,,,,,,,
16-Jul-22,301368,186824,1,Rejected,18:21.0,,,,,,,
16-Jul-22,318189,61464,2,Shipped,18:31.0,,,,,,,
16-Jul-22,302499,57440,5,Rejected,18:45.0,,,,,,,
16-Jul-22,308550,222572,11,Shipped,19:19.0,,,,,,,
16-Jul-22,309945,137636,10,Shipped,19:22.0,,,,,,,
16-Jul-22,313506,34328,1,Shipped,20:43.0,,,,,,,
16-Jul-22,318315,130380,9,Rejected,20:44.0,,,,,,,
16-Jul-22,318762,104008,11,Shipped,20:50.0,,,,,,,
16-Jul-22,300753,48184,8,Rejected,21:11.0,,,,,,,
16-Jul-22,314310,50656,1,Shipped,23:00.0,,,,,,,
16-Jul-22,300930,185248,11,Rejected,23:02.0,,,,,,,
16-Jul-22,317796,28300,5,Shipped,24:18.0,,,,,,,
16-Jul-22,317424,206936,1,Rejected,24:39.0,,,,,,,
16-Jul-22,312747,185108,8,Shipped,24:49.0,,,,,,,
16-Jul-22,306939,43960,1,Rejected,24:50.0,,,,,,,
16-Jul-22,310323,150164,2,Shipped,24:56.0,,,,,,,
16-Jul-22,315393,214132,10,Rejected,25:45.0,,,,,,,
16-Jul-22,308880,66076,1,Rejected,25:59.0,,,,,,,
16-Jul-22,315561,100632,3,Rejected,26:34.0,,,,,,,
16-Jul-22,300162,190244,3,Rejected,26:39.0,,,,,,,
16-Jul-22,318780,84104,11,Shipped,27:03.0,,,,,,,
16-Jul-22,312375,48296,5,Shipped,27:04.0,,,,,,,
16-Jul-22,300249,98332,9,Shipped,27:11.0,,,,,,,
16-Jul-22,300711,185092,11,Rejected,27:49.0,,,,,,,
16-Jul-22,307170,53196,8,Shipped,27:58.0,,,,,,,
16-Jul-22,316755,218696,3,Rejected,28:03.0,,,,,,,
16-Jul-22,298554,138320,2,Shipped,28:18.0,,,,,,,
16-Jul-22,305523,222232,9,Shipped,28:22.0,,,,,,,
16-Jul-22,301749,100940,1,Shipped,28:37.0,,,,,,,
16-Jul-22,298761,32400,1,Shipped,28:38.0,,,,,,,
16-Jul-22,308745,171920,9,Rejected,28:39.0,,,,,,,
16-Jul-22,301893,57488,8,Shipped,29:22.0,,,,,,,
16-Jul-22,306201,48620,9,Rejected,29:46.0,,,,,,,
16-Jul-22,314175,214700,10,Rejected,29:52.0,,,,,,,
16-Jul-22,314514,147592,1,Rejected,30:28.0,,,,,,,
16-Jul-22,311844,144432,10,Shipped,30:34.0,,,,,,,
16-Jul-22,316257,217764,10,Rejected,30:43.0,,,,,,,
16-Jul-22,307188,32884,5,Rejected,30:59.0,,,,,,,
16-Jul-22,315183,53008,8,Rejected,31:20.0,,,,,,,
16-Jul-22,299859,81036,5,Shipped,31:42.0,,,,,,,
16-Jul-22,310668,175236,1,Shipped,32:08.0,,,,,,,
16-Jul-22,314685,183424,5,Rejected,32:32.0,,,,,,,
16-Jul-22,302181,221352,1,Rejected,33:08.0,,,,,,,
16-Jul-22,317274,157352,9,Shipped,33:11.0,,,,,,,
16-Jul-22,312264,117020,11,Shipped,33:15.0,,,,,,,
16-Jul-22,299745,74824,10,Shipped,33:23.0,,,,,,,
16-Jul-22,311685,184524,5,Rejected,33:25.0,,,,,,,
16-Jul-22,304680,54356,8,Rejected,34:26.0,,,,,,,
16-Jul-22,299277,84888,9,Rejected,35:17.0,,,,,,,
16-Jul-22,299415,220632,5,Rejected,35:23.0,,,,,,,
16-Jul-22,300843,167952,9,Shipped,35:43.0,,,,,,,
16-Jul-22,309180,96388,9,Rejected,35:50.0,,,,,,,
16-Jul-22,317505,100240,9,Rejected,35:51.0,,,,,,,
16-Jul-22,314832,212804,2,Rejected,36:42.0,,,,,,,
16-Jul-22,302823,163336,10,Shipped,37:10.0,,,,,,,
16-Jul-22,316161,206568,1,Shipped,37:32.0,,,,,,,
16-Jul-22,314031,67580,2,Shipped,37:33.0,,,,,,,
16-Jul-22,305703,131492,1,Shipped,37:38.0,,,,,,,
16-Jul-22,309432,100940,1,Rejected,37:58.0,,,,,,,
16-Jul-22,317649,130984,1,Rejected,38:08.0,,,,,,,
16-Jul-22,309201,143700,1,Rejected,38:13.0,,,,,,,
16-Jul-22,315780,67384,5,Shipped,38:20.0,,,,,,,
16-Jul-22,312552,55068,1,Shipped,38:45.0,,,,,,,
16-Jul-22,315567,183716,4,Shipped,38:50.0,,,,,,,
16-Jul-22,316260,217616,9,Shipped,38:50.0,,,,,,,
16-Jul-22,311856,114704,1,Shipped,39:12.0,,,,,,,
16-Jul-22,307209,39388,1,Rejected,39:31.0,,,,,,,
16-Jul-22,311196,39676,1,Shipped,39:42.0,,,,,,,
16-Jul-22,311607,31552,5,Shipped,39:55.0,,,,,,,
16-Jul-22,301323,221144,1,Rejected,40:00.0,,,,,,,
16-Jul-22,316809,71136,11,Rejected,40:21.0,,,,,,,
16-Jul-22,304587,109424,1,Shipped,40:42.0,,,,,,,
16-Jul-22,306930,222600,8,Rejected,41:19.0,,,,,,,
16-Jul-22,312108,31604,5,Rejected,41:20.0,,,,,,,
16-Jul-22,310164,48340,9,Rejected,41:40.0,,,,,,,
16-Jul-22,302523,213220,1,Rejected,41:45.0,,,,,,,
16-Jul-22,302973,29056,1,Shipped,42:24.0,,,,,,,
16-Jul-22,302625,217764,10,Rejected,42:29.0,,,,,,,
16-Jul-22,308832,9580,1,Rejected,42:35.0,,,,,,,
16-Jul-22,308676,188764,10,Rejected,42:45.0,,,,,,,
16-Jul-22,316218,224592,3,Rejected,42:47.0,,,,,,,
16-Jul-22,306588,48264,1,Rejected,42:52.0,,,,,,,
16-Jul-22,306300,211372,9,Rejected,43:14.0,,,,,,,
16-Jul-22,301974,50656,1,Shipped,43:35.0,,,,,,,
16-Jul-22,310971,217832,5,Rejected,43:51.0,,,,,,,
16-Jul-22,306501,138080,1,Shipped,44:19.0,,,,,,,
16-Jul-22,307311,221436,8,Shipped,44:19.0,,,,,,,
16-Jul-22,302412,180840,8,Rejected,44:59.0,,,,,,,
16-Jul-22,309558,156604,11,Shipped,45:03.0,,,,,,,
16-Jul-22,309648,195592,1,Shipped,45:07.0,,,,,,,
16-Jul-22,300459,84396,3,Rejected,45:15.0,,,,,,,
16-Jul-22,299295,80608,11,Rejected,45:17.0,,,,,,,
16-Jul-22,314343,97116,9,Shipped,45:29.0,,,,,,,
16-Jul-22,305922,156896,1,Rejected,45:38.0,,,,,,,
16-Jul-22,298899,202996,9,Rejected,45:52.0,,,,,,,
16-Jul-22,299691,85868,9,Rejected,46:09.0,,,,,,,
16-Jul-22,310449,84936,2,Shipped,46:09.0,,,,,,,
16-Jul-22,318909,98176,8,Shipped,46:20.0,,,,,,,
16-Jul-22,305730,208556,8,Rejected,46:25.0,,,,,,,
16-Jul-22,317460,224260,1,Rejected,46:36.0,,,,,,,
16-Jul-22,306162,147508,8,Shipped,47:05.0,,,,,,,
16-Jul-22,307116,49420,8,Shipped,47:17.0,,,,,,,
16-Jul-22,303042,146520,2,Shipped,47:33.0,,,,,,,
16-Jul-22,299568,27400,1,Rejected,48:05.0,,,,,,,
16-Jul-22,305739,208556,8,Shipped,48:10.0,,,,,,,
16-Jul-22,299883,218804,8,Rejected,48:11.0,,,,,,,
16-Jul-22,305742,164812,8,Rejected,48:21.0,,,,,,,
16-Jul-22,311490,177112,4,Shipped,48:21.0,,,,,,,
16-Jul-22,305262,56812,9,Shipped,48:23.0,,,,,,,
16-Jul-22,313872,110788,1,Rejected,48:28.0,,,,,,,
16-Jul-22,302628,43824,9,Rejected,48:42.0,,,,,,,
16-Jul-22,304701,180256,5,Shipped,49:11.0,,,,,,,
16-Jul-22,300867,69052,2,Shipped,49:12.0,,,,,,,
16-Jul-22,318378,162664,4,Rejected,49:21.0,,,,,,,
16-Jul-22,299304,169004,2,Rejected,49:22.0,,,,,,,
16-Jul-22,317556,63208,4,Rejected,49:24.0,,,,,,,
16-Jul-22,298704,51828,9,Shipped,49:32.0,,,,,,,
16-Jul-22,312567,101064,9,Rejected,49:40.0,,,,,,,
16-Jul-22,307929,218704,2,Rejected,49:41.0,,,,,,,
16-Jul-22,318060,70540,4,Shipped,49:56.0,,,,,,,
16-Jul-22,310458,143768,5,Shipped,50:03.0,,,,,,,
16-Jul-22,318912,215996,12,Rejected,50:24.0,,,,,,,
16-Jul-22,301773,221048,9,Rejected,50:26.0,,,,,,,
16-Jul-22,306324,178000,4,Rejected,50:33.0,,,,,,,
16-Jul-22,312315,149940,2,Rejected,50:40.0,,,,,,,
16-Jul-22,303936,9580,1,Rejected,50:47.0,,,,,,,
16-Jul-22,307233,220988,9,Shipped,51:08.0,,,,,,,
16-Jul-22,312573,96808,4,Shipped,51:27.0,,,,,,,
16-Jul-22,306516,222392,3,Rejected,51:28.0,,,,,,,
16-Jul-22,314637,199756,2,Shipped,51:31.0,,,,,,,
16-Jul-22,304899,219084,3,Rejected,51:36.0,,,,,,,
16-Jul-22,301440,191852,4,Rejected,51:39.0,,,,,,,
16-Jul-22,305088,32064,1,Shipped,51:53.0,,,,,,,
16-Jul-22,315219,125260,9,Shipped,52:01.0,,,,,,,
16-Jul-22,301905,76272,11,Shipped,52:09.0,,,,,,,
16-Jul-22,314214,79016,4,Rejected,52:14.0,,,,,,,
16-Jul-22,309285,165404,11,Rejected,52:24.0,,,,,,,
16-Jul-22,308988,202196,2,Shipped,52:26.0,,,,,,,
16-Jul-22,316887,133552,1,Rejected,52:33.0,,,,,,,
16-Jul-22,316815,97480,2,Rejected,52:40.0,,,,,,,
16-Jul-22,303147,80416,5,Rejected,53:02.0,,,,,,,
16-Jul-22,304902,56352,1,Shipped,53:08.0,,,,,,,
16-Jul-22,302571,189228,1,Shipped,53:17.0,,,,,,,
16-Jul-22,315222,68884,8,Rejected,53:38.0,,,,,,,
16-Jul-22,314697,220672,11,Rejected,54:03.0,,,,,,,
16-Jul-22,307659,72828,1,Shipped,54:11.0,,,,,,,
16-Jul-22,313125,206936,1,Shipped,54:19.0,,,,,,,
16-Jul-22,304614,174152,4,Rejected,54:22.0,,,,,,,
16-Jul-22,302850,180256,5,Rejected,54:46.0,,,,,,,
16-Jul-22,306420,37356,1,Rejected,55:09.0,,,,,,,
16-Jul-22,299595,96272,9,Shipped,55:34.0,,,,,,,
16-Jul-22,304299,156428,5,Shipped,56:09.0,,,,,,,
16-Jul-22,315498,58528,8,Shipped,56:16.0,,,,,,,
16-Jul-22,307854,190680,8,Rejected,56:35.0,,,,,,,
16-Jul-22,299598,66156,8,Shipped,56:38.0,,,,,,,
16-Jul-22,300732,22372,1,Shipped,57:21.0,,,,,,,
16-Jul-22,314784,61276,9,Shipped,57:31.0,,,,,,,
16-Jul-22,305004,160080,4,Rejected,57:48.0,,,,,,,
16-Jul-22,311427,52392,8,Rejected,58:20.0,,,,,,,
16-Jul-22,300486,75968,7,Shipped,58:21.0,,,,,,,
16-Jul-22,309357,60328,4,Rejected,58:21.0,,,,,,,
16-Jul-22,314568,53008,8,Rejected,59:01.0,,,,,,,
16-Jul-22,301998,90268,2,Shipped,59:06.0,,,,,,,
16-Jul-22,311433,177392,10,Rejected,59:19.0,,,,,,,
16-Jul-22,316791,92652,9,Shipped,59:54.0,,,,,,,
16-Jul-22,318564,40996,1,Shipped,59:55.0,,,,,,,
17-Jul-22,315435,182036,5,Rejected,00:43.0,,,,,,,
17-Jul-22,314865,28864,1,Rejected,00:46.0,,,,,,,
17-Jul-22,303300,179432,5,Rejected,00:51.0,,,,,,,
17-Jul-22,306732,65796,4,Shipped,01:03.0,,,,,,,
17-Jul-22,309804,218704,2,Shipped,01:09.0,,,,,,,
17-Jul-22,298626,208944,8,Rejected,01:10.0,,,,,,,
17-Jul-22,314610,224680,10,Shipped,01:14.0,,,,,,,
17-Jul-22,299337,74636,3,Rejected,01:15.0,,,,,,,
17-Jul-22,313767,151092,5,Shipped,01:36.0,,,,,,,
17-Jul-22,307038,126392,2,Shipped,01:45.0,,,,,,,
17-Jul-22,318357,169184,11,Shipped,01:54.0,,,,,,,
17-Jul-22,313548,78588,4,Shipped,02:01.0,,,,,,,
17-Jul-22,310554,191592,9,Shipped,02:03.0,,,,,,,
17-Jul-22,312843,205104,9,Shipped,02:03.0,,,,,,,
17-Jul-22,299901,43916,9,Rejected,02:12.0,,,,,,,
17-Jul-22,310005,72044,5,Rejected,02:14.0,,,,,,,
17-Jul-22,301452,46988,8,Rejected,03:30.0,,,,,,,
17-Jul-22,308631,197712,3,Shipped,03:30.0,,,,,,,
17-Jul-22,304920,217408,2,Shipped,03:41.0,,,,,,,
17-Jul-22,301860,220608,9,Rejected,03:53.0,,,,,,,
17-Jul-22,300417,220516,8,Rejected,04:09.0,,,,,,,
17-Jul-22,310716,54580,8,Shipped,04:09.0,,,,,,,
17-Jul-22,315168,209300,10,Rejected,04:12.0,,,,,,,
17-Jul-22,300963,138024,9,Rejected,04:27.0,,,,,,,
17-Jul-22,303654,77900,2,Shipped,04:33.0,,,,,,,
17-Jul-22,302868,96644,8,Shipped,04:34.0,,,,,,,
17-Jul-22,300615,220952,5,Shipped,04:40.0,,,,,,,
17-Jul-22,303972,185184,8,Shipped,05:13.0,,,,,,,
17-Jul-22,317178,200436,4,Rejected,05:54.0,,,,,,,
17-Jul-22,301575,44336,9,Rejected,06:10.0,,,,,,,
17-Jul-22,316686,110056,8,Rejected,06:12.0,,,,,,,
17-Jul-22,303393,67144,2,Rejected,06:21.0,,,,,,,
17-Jul-22,317181,170780,11,Rejected,06:55.0,,,,,,,
17-Jul-22,309303,180376,8,Shipped,07:11.0,,,,,,,
17-Jul-22,304071,169384,5,Shipped,07:18.0,,,,,,,
17-Jul-22,317634,201428,9,Rejected,07:18.0,,,,,,,
17-Jul-22,310131,198932,3,Rejected,07:30.0,,,,,,,
17-Jul-22,307797,145496,9,Shipped,07:55.0,,,,,,,
17-Jul-22,299430,150784,2,Rejected,08:10.0,,,,,,,
17-Jul-22,308067,152276,11,Rejected,08:21.0,,,,,,,
17-Jul-22,314802,108540,2,Shipped,09:16.0,,,,,,,
17-Jul-22,313257,54424,9,Rejected,09:30.0,,,,,,,
17-Jul-22,298965,30960,1,Shipped,09:40.0,,,,,,,
17-Jul-22,312414,162484,10,Shipped,09:55.0,,,,,,,
17-Jul-22,316740,151168,9,Rejected,09:57.0,,,,,,,
17-Jul-22,304332,211596,3,Rejected,10:04.0,,,,,,,
17-Jul-22,298746,91172,9,Shipped,10:05.0,,,,,,,
17-Jul-22,314886,168088,1,Shipped,10:18.0,,,,,,,
17-Jul-22,314082,78132,2,Shipped,11:19.0,,,,,,,
17-Jul-22,317346,163724,9,Shipped,11:20.0,,,,,,,
17-Jul-22,316068,82256,3,Rejected,12:19.0,,,,,,,
17-Jul-22,313260,132484,1,Shipped,12:22.0,,,,,,,
17-Jul-22,316245,198976,1,Rejected,12:24.0,,,,,,,
17-Jul-22,308859,160596,10,Rejected,13:12.0,,,,,,,
17-Jul-22,300012,136880,9,Shipped,14:30.0,,,,,,,
17-Jul-22,309600,45100,1,Shipped,14:40.0,,,,,,,
17-Jul-22,306363,135896,11,Shipped,15:24.0,,,,,,,
17-Jul-22,310731,223492,4,Shipped,15:38.0,,,,,,,
17-Jul-22,310572,23188,1,Shipped,15:39.0,,,,,,,
17-Jul-22,305682,47132,8,Shipped,15:49.0,,,,,,,
17-Jul-22,317637,118072,10,Shipped,16:06.0,,,,,,,
17-Jul-22,302796,46576,5,Rejected,16:28.0,,,,,,,
17-Jul-22,303438,18864,1,Rejected,16:30.0,,,,,,,
17-Jul-22,314298,115016,2,Shipped,16:32.0,,,,,,,
17-Jul-22,300501,53628,9,Shipped,16:42.0,,,,,,,
17-Jul-22,315000,128896,5,Shipped,16:52.0,,,,,,,
17-Jul-22,301302,179424,4,Shipped,16:54.0,,,,,,,
17-Jul-22,298863,162980,3,Shipped,17:10.0,,,,,,,
17-Jul-22,298869,84888,9,Rejected,17:18.0,,,,,,,
17-Jul-22,310500,221104,1,Rejected,17:27.0,,,,,,,
17-Jul-22,302883,75608,9,Shipped,17:33.0,,,,,,,
17-Jul-22,310191,71772,5,Rejected,17:38.0,,,,,,,
17-Jul-22,308214,142548,9,Rejected,17:42.0,,,,,,,
17-Jul-22,302370,186512,1,Rejected,17:50.0,,,,,,,
17-Jul-22,306990,222584,2,Rejected,17:58.0,,,,,,,
17-Jul-22,306837,217916,2,Shipped,18:01.0,,,,,,,
17-Jul-22,310953,81368,3,Rejected,18:28.0,,,,,,,
17-Jul-22,313425,73072,1,Rejected,18:32.0,,,,,,,
17-Jul-22,308967,222452,8,Rejected,18:47.0,,,,,,,
17-Jul-22,311949,59956,8,Rejected,18:53.0,,,,,,,
17-Jul-22,306993,111872,4,Rejected,19:09.0,,,,,,,
17-Jul-22,309399,115108,5,Shipped,19:12.0,,,,,,,
17-Jul-22,315126,31604,5,Shipped,19:15.0,,,,,,,
17-Jul-22,300291,83392,10,Rejected,19:22.0,,,,,,,
17-Jul-22,309516,86924,2,Shipped,19:24.0,,,,,,,
17-Jul-22,302031,139608,8,Shipped,19:57.0,,,,,,,
17-Jul-22,309195,222452,8,Rejected,21:15.0,,,,,,,
17-Jul-22,307080,53688,9,Shipped,21:43.0,,,,,,,
17-Jul-22,310599,160192,1,Rejected,21:44.0,,,,,,,
17-Jul-22,302508,57440,5,Shipped,21:49.0,,,,,,,
17-Jul-22,314901,217096,10,Rejected,22:07.0,,,,,,,
17-Jul-22,308217,222900,11,Shipped,22:09.0,,,,,,,
17-Jul-22,317202,36312,1,Shipped,22:15.0,,,,,,,
17-Jul-22,308424,192832,2,Shipped,22:59.0,,,,,,,
17-Jul-22,304953,83392,10,Shipped,23:01.0,,,,,,,
17-Jul-22,306072,216684,9,Shipped,23:24.0,,,,,,,
17-Jul-22,308736,51032,5,Rejected,23:29.0,,,,,,,
17-Jul-22,299517,112280,3,Shipped,23:44.0,,,,,,,
17-Jul-22,303684,56172,2,Shipped,23:50.0,,,,,,,
17-Jul-22,311670,98332,9,Rejected,23:54.0,,,,,,,
17-Jul-22,317205,41004,1,Shipped,23:59.0,,,,,,,
17-Jul-22,303687,84596,7,Shipped,24:15.0,,,,,,,
17-Jul-22,305046,42100,8,Rejected,24:18.0,,,,,,,
17-Jul-22,315177,161384,11,Shipped,24:48.0,,,,,,,
17-Jul-22,298758,172124,9,Rejected,24:52.0,,,,,,,
17-Jul-22,302712,221436,8,Rejected,24:54.0,,,,,,,
17-Jul-22,303783,67708,4,Rejected,25:10.0,,,,,,,
17-Jul-22,316395,166324,11,Rejected,25:13.0,,,,,,,
17-Jul-22,308937,213512,3,Rejected,25:15.0,,,,,,,
17-Jul-22,300096,48980,5,Rejected,25:20.0,,,,,,,
17-Jul-22,308430,40988,1,Shipped,25:51.0,,,,,,,
17-Jul-22,317370,65180,5,Shipped,26:05.0,,,,,,,
17-Jul-22,318678,19080,1,Shipped,26:17.0,,,,,,,
17-Jul-22,303696,56172,2,Shipped,26:38.0,,,,,,,
17-Jul-22,299100,53008,8,Shipped,26:50.0,,,,,,,
17-Jul-22,317211,206852,3,Rejected,26:55.0,,,,,,,
17-Jul-22,313188,112956,1,Rejected,27:04.0,,,,,,,
17-Jul-22,309870,67172,1,Rejected,27:05.0,,,,,,,
17-Jul-22,305616,219944,4,Shipped,27:16.0,,,,,,,
17-Jul-22,306486,37356,1,Rejected,27:48.0,,,,,,,
17-Jul-22,308835,221620,1,Rejected,28:46.0,,,,,,,
17-Jul-22,308559,190520,11,Rejected,28:48.0,,,,,,,
17-Jul-22,301518,64728,2,Rejected,28:59.0,,,,,,,
17-Jul-22,310158,48340,9,Rejected,29:40.0,,,,,,,
17-Jul-22,302817,156428,5,Shipped,29:53.0,,,,,,,
17-Jul-22,308748,119328,1,Shipped,29:57.0,,,,,,,
17-Jul-22,310212,174712,1,Rejected,29:59.0,,,,,,,
17-Jul-22,298557,179824,11,Shipped,30:01.0,,,,,,,
17-Jul-22,299856,125236,1,Shipped,30:03.0,,,,,,,
17-Jul-22,300102,57464,9,Rejected,30:09.0,,,,,,,
17-Jul-22,300771,156604,11,Rejected,30:25.0,,,,,,,
17-Jul-22,306885,18872,1,Rejected,30:25.0,,,,,,,
17-Jul-22,312648,145864,3,Shipped,30:40.0,,,,,,,
17-Jul-22,314829,224272,4,Rejected,30:56.0,,,,,,,
17-Jul-22,316341,199172,2,Shipped,31:03.0,,,,,,,
17-Jul-22,317220,168088,1,Shipped,31:21.0,,,,,,,
17-Jul-22,305154,133612,8,Rejected,31:29.0,,,,,,,
17-Jul-22,302727,180216,4,Rejected,32:02.0,,,,,,,
17-Jul-22,310230,118652,9,Rejected,32:05.0,,,,,,,
17-Jul-22,309228,213172,2,Rejected,32:23.0,,,,,,,
17-Jul-22,299529,68916,7,Shipped,32:39.0,,,,,,,
17-Jul-22,315642,147912,8,Shipped,32:58.0,,,,,,,
17-Jul-22,308907,209300,10,Rejected,34:18.0,,,,,,,
17-Jul-22,317706,126196,3,Rejected,34:33.0,,,,,,,
17-Jul-22,317226,45596,9,Shipped,35:07.0,,,,,,,
17-Jul-22,299946,43204,1,Rejected,35:15.0,,,,,,,
17-Jul-22,306573,25412,1,Shipped,35:28.0,,,,,,,
17-Jul-22,315321,224868,3,Rejected,35:36.0,,,,,,,
17-Jul-22,314025,41004,1,Rejected,36:23.0,,,,,,,
17-Jul-22,316089,206936,1,Rejected,36:24.0,,,,,,,
17-Jul-22,312537,110560,4,Shipped,36:37.0,,,,,,,
17-Jul-22,304122,124220,9,Rejected,36:47.0,,,,,,,
17-Jul-22,315150,68436,1,Shipped,37:46.0,,,,,,,
17-Jul-22,305988,220608,9,Shipped,39:01.0,,,,,,,
17-Jul-22,313284,51092,8,Shipped,39:04.0,,,,,,,
17-Jul-22,313377,50588,7,Shipped,39:28.0,,,,,,,
17-Jul-22,306387,60864,11,Shipped,40:07.0,,,,,,,
17-Jul-22,312822,35800,1,Rejected,40:07.0,,,,,,,
17-Jul-22,298782,36312,1,Shipped,40:55.0,,,,,,,
17-Jul-22,305712,58400,5,Shipped,41:07.0,,,,,,,
17-Jul-22,302472,150784,2,Rejected,41:15.0,,,,,,,
17-Jul-22,298788,95388,9,Shipped,41:29.0,,,,,,,
17-Jul-22,312921,203272,1,Shipped,41:29.0,,,,,,,
17-Jul-22,317064,160080,4,Shipped,42:06.0,,,,,,,
17-Jul-22,307515,218572,11,Rejected,42:17.0,,,,,,,
17-Jul-22,315828,216956,4,Rejected,42:46.0,,,,,,,
17-Jul-22,308013,192832,2,Shipped,42:56.0,,,,,,,
17-Jul-22,307638,79652,8,Rejected,42:58.0,,,,,,,
17-Jul-22,306303,199856,4,Rejected,43:25.0,,,,,,,
17-Jul-22,308157,137816,2,Shipped,43:27.0,,,,,,,
17-Jul-22,314841,224272,4,Shipped,43:27.0,,,,,,,
17-Jul-22,301425,158412,1,Rejected,43:43.0,,,,,,,
17-Jul-22,317712,99736,9,Rejected,44:08.0,,,,,,,
17-Jul-22,312300,35016,1,Shipped,44:56.0,,,,,,,
17-Jul-22,303915,12828,2,Rejected,45:40.0,,,,,,,
17-Jul-22,312561,149940,2,Shipped,45:43.0,,,,,,,
17-Jul-22,302748,218544,11,Rejected,45:44.0,,,,,,,
17-Jul-22,311706,94824,4,Shipped,45:47.0,,,,,,,
17-Jul-22,305553,162996,2,Shipped,46:02.0,,,,,,,
17-Jul-22,317022,92876,4,Shipped,46:10.0,,,,,,,
17-Jul-22,304032,18704,1,Rejected,46:26.0,,,,,,,
17-Jul-22,306312,181768,1,Shipped,46:44.0,,,,,,,
17-Jul-22,312663,184616,2,Rejected,47:23.0,,,,,,,
17-Jul-22,303351,118440,3,Rejected,47:33.0,,,,,,,
17-Jul-22,316572,221164,1,Rejected,47:50.0,,,,,,,
17-Jul-22,301629,50296,1,Rejected,50:00.0,,,,,,,
17-Jul-22,313116,171640,8,Shipped,50:02.0,,,,,,,
17-Jul-22,305637,164928,1,Rejected,50:04.0,,,,,,,
17-Jul-22,312804,18724,1,Rejected,50:25.0,,,,,,,
17-Jul-22,306717,36232,1,Rejected,50:35.0,,,,,,,
17-Jul-22,301251,62796,1,Rejected,50:37.0,,,,,,,
17-Jul-22,304608,62796,1,Rejected,50:37.0,,,,,,,
17-Jul-22,315162,150784,2,Rejected,51:04.0,,,,,,,
17-Jul-22,305451,221348,4,Rejected,51:30.0,,,,,,,
17-Jul-22,315600,77684,9,Rejected,51:39.0,,,,,,,
17-Jul-22,300816,199756,2,Shipped,51:58.0,,,,,,,
17-Jul-22,317982,51520,8,Shipped,51:59.0,,,,,,,
17-Jul-22,313224,147624,1,Shipped,52:18.0,,,,,,,
17-Jul-22,309459,213512,3,Rejected,52:20.0,,,,,,,
17-Jul-22,310914,209240,1,Shipped,52:41.0,,,,,,,
17-Jul-22,312126,62716,4,Shipped,52:53.0,,,,,,,
17-Jul-22,303276,169940,1,Rejected,53:08.0,,,,,,,
17-Jul-22,312480,214160,5,Shipped,53:12.0,,,,,,,
17-Jul-22,317160,29624,1,Rejected,53:13.0,,,,,,,
17-Jul-22,314148,101908,11,Rejected,53:25.0,,,,,,,
17-Jul-22,315720,210204,2,Shipped,53:28.0,,,,,,,
17-Jul-22,315651,101908,11,Shipped,53:30.0,,,,,,,
17-Jul-22,305172,219024,1,Rejected,53:57.0,,,,,,,
17-Jul-22,303165,221588,10,Rejected,54:23.0,,,,,,,
17-Jul-22,306129,127792,8,Rejected,54:39.0,,,,,,,
17-Jul-22,316950,188276,8,Shipped,54:51.0,,,,,,,
17-Jul-22,315228,170484,4,Shipped,55:04.0,,,,,,,
17-Jul-22,302121,66936,3,Shipped,55:05.0,,,,,,,
17-Jul-22,301545,123548,3,Rejected,55:37.0,,,,,,,
17-Jul-22,303057,201552,10,Rejected,56:01.0,,,,,,,
17-Jul-22,306636,201316,4,Rejected,56:14.0,,,,,,,
17-Jul-22,299991,220036,9,Shipped,56:20.0,,,,,,,
17-Jul-22,318135,25920,1,Shipped,56:50.0,,,,,,,
17-Jul-22,304704,98176,8,Rejected,56:54.0,,,,,,,
17-Jul-22,306102,28464,1,Rejected,57:19.0,,,,,,,
17-Jul-22,312582,222716,1,Rejected,57:49.0,,,,,,,
17-Jul-22,314154,115620,1,Shipped,57:54.0,,,,,,,
17-Jul-22,309579,34328,1,Shipped,58:08.0,,,,,,,
17-Jul-22,303732,125116,10,Rejected,58:13.0,,,,,,,
17-Jul-22,300606,83392,10,Shipped,58:45.0,,,,,,,
17-Jul-22,306339,96024,4,Rejected,58:53.0,,,,,,,
17-Jul-22,315234,64372,2,Rejected,59:11.0,,,,,,,
18-Jul-22,313401,87388,5,Shipped,00:22.0,,,,,,,
18-Jul-22,316605,181880,5,Rejected,00:30.0,,,,,,,
18-Jul-22,304053,39500,1,Shipped,00:37.0,,,,,,,
18-Jul-22,314367,136388,1,Shipped,00:48.0,,,,,,,
18-Jul-22,314076,81092,11,Shipped,02:47.0,,,,,,,
18-Jul-22,311022,65740,4,Shipped,03:41.0,,,,,,,
18-Jul-22,302565,52752,8,Shipped,04:13.0,,,,,,,
18-Jul-22,301029,3740,1,Shipped,04:45.0,,,,,,,
18-Jul-22,304821,106360,9,Rejected,04:46.0,,,,,,,
18-Jul-22,301569,85804,9,Rejected,04:53.0,,,,,,,
18-Jul-22,318918,197376,4,Shipped,05:04.0,,,,,,,
18-Jul-22,299058,138068,1,Shipped,05:07.0,,,,,,,
18-Jul-22,317094,113748,8,Rejected,05:41.0,,,,,,,
18-Jul-22,310722,66000,9,Rejected,05:43.0,,,,,,,
18-Jul-22,303498,67144,2,Shipped,05:46.0,,,,,,,
18-Jul-22,307461,133612,8,Rejected,06:15.0,,,,,,,
18-Jul-22,300213,29980,1,Rejected,06:17.0,,,,,,,
18-Jul-22,301794,207268,1,Shipped,06:30.0,,,,,,,
18-Jul-22,306744,74908,4,Shipped,06:43.0,,,,,,,
18-Jul-22,310560,213220,1,Rejected,07:01.0,,,,,,,
18-Jul-22,316734,30776,5,Shipped,07:21.0,,,,,,,
18-Jul-22,314286,68212,9,Shipped,07:22.0,,,,,,,
18-Jul-22,305019,178744,8,Shipped,07:55.0,,,,,,,
18-Jul-22,306660,32776,5,Shipped,08:22.0,,,,,,,
18-Jul-22,307473,222476,8,Rejected,08:23.0,,,,,,,
18-Jul-22,316143,153504,5,Rejected,08:26.0,,,,,,,
18-Jul-22,310803,207024,4,Rejected,08:53.0,,,,,,,
18-Jul-22,306444,148616,2,Shipped,09:15.0,,,,,,,
18-Jul-22,317343,194632,8,Rejected,09:18.0,,,,,,,
18-Jul-22,318102,105788,4,Shipped,09:38.0,,,,,,,
18-Jul-22,298968,218120,4,Rejected,09:48.0,,,,,,,
18-Jul-22,310935,92908,1,Shipped,10:00.0,,,,,,,
18-Jul-22,299436,182504,1,Rejected,10:32.0,,,,,,,
18-Jul-22,310269,82340,10,Rejected,10:35.0,,,,,,,
18-Jul-22,300354,157720,4,Rejected,11:11.0,,,,,,,
18-Jul-22,305025,178788,4,Rejected,11:33.0,,,,,,,
18-Jul-22,310275,218288,2,Rejected,11:33.0,,,,,,,
18-Jul-22,308286,212368,4,Rejected,11:45.0,,,,,,,
18-Jul-22,312012,57808,8,Rejected,11:49.0,,,,,,,
18-Jul-22,316446,174200,9,Rejected,11:55.0,,,,,,,
18-Jul-22,307131,34740,1,Shipped,12:07.0,,,,,,,
18-Jul-22,307053,79536,2,Rejected,12:10.0,,,,,,,
18-Jul-22,301926,77848,4,Shipped,12:48.0,,,,,,,
18-Jul-22,310104,154116,1,Rejected,13:01.0,,,,,,,
18-Jul-22,306954,191588,8,Rejected,13:09.0,,,,,,,
18-Jul-22,309702,120200,1,Shipped,13:16.0,,,,,,,
18-Jul-22,312360,190076,9,Rejected,13:19.0,,,,,,,
18-Jul-22,318753,24808,1,Shipped,14:01.0,,,,,,,
18-Jul-22,313503,34304,1,Shipped,14:20.0,,,,,,,
18-Jul-22,301134,117648,8,Shipped,14:37.0,,,,,,,
18-Jul-22,300975,85980,1,Rejected,15:34.0,,,,,,,
18-Jul-22,304449,86924,2,Shipped,16:06.0,,,,,,,
18-Jul-22,311826,179392,9,Shipped,16:14.0,,,,,,,
18-Jul-22,312744,177392,10,Rejected,16:33.0,,,,,,,
18-Jul-22,313902,64320,4,Shipped,16:37.0,,,,,,,
18-Jul-22,309603,98596,4,Shipped,16:50.0,,,,,,,
18-Jul-22,316797,64460,9,Rejected,17:59.0,,,,,,,
18-Jul-22,308397,214016,1,Rejected,18:04.0,,,,,,,
18-Jul-22,302373,104608,1,Rejected,18:10.0,,,,,,,
18-Jul-22,310035,104712,9,Rejected,18:12.0,,,,,,,
18-Jul-22,315123,29844,5,Shipped,18:48.0,,,,,,,
18-Jul-22,302442,20916,1,Rejected,19:17.0,,,,,,,
18-Jul-22,317877,9332,1,Pending,19:20.0,,,,,,,
18-Jul-22,301758,219440,3,Rejected,19:36.0,,,,,,,
18-Jul-22,302952,51012,8,Rejected,20:00.0,,,,,,,
18-Jul-22,308994,89448,9,Rejected,20:11.0,,,,,,,
18-Jul-22,312036,64208,3,Rejected,20:11.0,,,,,,,
18-Jul-22,308097,222476,8,Shipped,20:41.0,,,,,,,
18-Jul-22,315807,224680,10,Rejected,20:41.0,,,,,,,
18-Jul-22,300510,205104,9,Rejected,20:47.0,,,,,,,
18-Jul-22,301038,221044,10,Rejected,20:48.0,,,,,,,
18-Jul-22,309105,223140,2,Rejected,20:48.0,,,,,,,
18-Jul-22,302094,79652,8,Rejected,20:57.0,,,,,,,
18-Jul-22,301803,147592,1,Rejected,21:13.0,,,,,,,
18-Jul-22,303993,142548,9,Rejected,21:47.0,,,,,,,
18-Jul-22,307146,222452,8,Shipped,21:53.0,,,,,,,
18-Jul-22,299658,208708,2,Rejected,22:04.0,,,,,,,
18-Jul-22,302511,67176,3,Rejected,22:17.0,,,,,,,
18-Jul-22,311829,145620,1,Rejected,22:25.0,,,,,,,
18-Jul-22,307086,136700,9,Shipped,22:36.0,,,,,,,
18-Jul-22,316998,60092,8,Rejected,22:43.0,,,,,,,
18-Jul-22,307989,132960,4,Rejected,22:57.0,,,,,,,
18-Jul-22,309051,70472,1,Rejected,23:16.0,,,,,,,
18-Jul-22,299193,50680,9,Shipped,23:34.0,,,,,,,
18-Jul-22,318669,53452,5,Rejected,23:48.0,,,,,,,
18-Jul-22,314247,198976,1,Shipped,23:58.0,,,,,,,
18-Jul-22,303873,221364,8,Rejected,24:11.0,,,,,,,
18-Jul-22,317493,62796,1,Shipped,24:49.0,,,,,,,
18-Jul-22,299091,45140,8,Shipped,24:51.0,,,,,,,
18-Jul-22,302292,58200,1,Rejected,25:05.0,,,,,,,
18-Jul-22,309318,185204,4,Shipped,25:19.0,,,,,,,
18-Jul-22,314532,139028,1,Rejected,25:26.0,,,,,,,
18-Jul-22,315558,195672,8,Rejected,26:27.0,,,,,,,
18-Jul-22,312252,68864,2,Shipped,27:03.0,,,,,,,
18-Jul-22,305514,32496,5,Shipped,27:25.0,,,,,,,
18-Jul-22,298986,74636,3,Rejected,27:45.0,,,,,,,
18-Jul-22,318117,44792,1,Shipped,27:53.0,,,,,,,
18-Jul-22,305814,209048,8,Rejected,28:06.0,,,,,,,
18-Jul-22,301599,214508,2,Shipped,28:45.0,,,,,,,
18-Jul-22,308313,93876,9,Shipped,29:11.0,,,,,,,
18-Jul-22,301521,20936,1,Shipped,29:21.0,,,,,,,
18-Jul-22,303075,216344,2,Rejected,29:55.0,,,,,,,
18-Jul-22,305820,215816,11,Shipped,29:59.0,,,,,,,
18-Jul-22,300888,103880,1,Rejected,30:12.0,,,,,,,
18-Jul-22,309732,28240,1,Shipped,31:04.0,,,,,,,
18-Jul-22,303699,56172,2,Rejected,31:07.0,,,,,,,
18-Jul-22,307809,203272,1,Rejected,31:47.0,,,,,,,
18-Jul-22,317223,35568,1,Shipped,32:25.0,,,,,,,
18-Jul-22,307194,32884,5,Rejected,32:38.0,,,,,,,
18-Jul-22,305535,85552,2,Shipped,32:53.0,,,,,,,
18-Jul-22,303891,49156,1,Rejected,33:01.0,,,,,,,
18-Jul-22,313917,51000,2,Shipped,33:18.0,,,,,,,
18-Jul-22,308568,211252,9,Shipped,33:19.0,,,,,,,
18-Jul-22,298563,208944,8,Rejected,33:41.0,,,,,,,
18-Jul-22,308979,46424,9,Shipped,33:45.0,,,,,,,
18-Jul-22,317691,92600,9,Rejected,33:56.0,,,,,,,
18-Jul-22,311385,62796,1,Shipped,34:14.0,,,,,,,
18-Jul-22,313371,49328,8,Shipped,34:24.0,,,,,,,
18-Jul-22,314115,209660,10,Rejected,34:42.0,,,,,,,
18-Jul-22,315933,85960,9,Shipped,35:01.0,,,,,,,
18-Jul-22,308139,47396,9,Rejected,35:21.0,,,,,,,
18-Jul-22,300531,57464,9,Rejected,35:31.0,,,,,,,
18-Jul-22,311148,222400,8,Rejected,35:32.0,,,,,,,
18-Jul-22,310614,209696,10,Rejected,35:33.0,,,,,,,
18-Jul-22,309888,130528,8,Rejected,36:05.0,,,,,,,
18-Jul-22,317382,182440,2,Shipped,37:22.0,,,,,,,
18-Jul-22,307380,20936,1,Shipped,38:10.0,,,,,,,
18-Jul-22,298683,163000,11,Rejected,38:33.0,,,,,,,
18-Jul-22,301611,156604,11,Rejected,38:37.0,,,,,,,
18-Jul-22,309894,57908,1,Shipped,38:40.0,,,,,,,
18-Jul-22,313086,107464,8,Shipped,39:01.0,,,,,,,
18-Jul-22,301968,79652,8,Rejected,39:03.0,,,,,,,
18-Jul-22,305070,216684,9,Rejected,39:04.0,,,,,,,
18-Jul-22,314034,224428,10,Shipped,39:38.0,,,,,,,
18-Jul-22,315156,118308,9,Shipped,39:53.0,,,,,,,
18-Jul-22,299457,137536,1,Rejected,40:29.0,,,,,,,
18-Jul-22,316179,224816,4,Shipped,40:54.0,,,,,,,
18-Jul-22,313923,21380,1,Shipped,42:09.0,,,,,,,
18-Jul-22,315159,125544,9,Shipped,42:29.0,,,,,,,
18-Jul-22,309636,69848,2,Shipped,42:33.0,,,,,,,
18-Jul-22,317241,225112,8,Rejected,42:36.0,,,,,,,
18-Jul-22,315891,216968,8,Rejected,43:26.0,,,,,,,
18-Jul-22,318693,194996,1,Shipped,44:10.0,,,,,,,
18-Jul-22,304473,48400,5,Rejected,44:18.0,,,,,,,
18-Jul-22,301095,81268,4,Rejected,44:27.0,,,,,,,
18-Jul-22,303099,177112,4,Rejected,44:29.0,,,,,,,
18-Jul-22,315336,156316,1,Rejected,44:55.0,,,,,,,
18-Jul-22,309009,61616,9,Rejected,44:58.0,,,,,,,
18-Jul-22,310767,169120,10,Rejected,45:04.0,,,,,,,
18-Jul-22,305919,180256,5,Rejected,45:06.0,,,,,,,
18-Jul-22,305163,219676,3,Rejected,45:10.0,,,,,,,
18-Jul-22,302745,72132,2,Shipped,45:17.0,,,,,,,
18-Jul-22,299562,36232,1,Rejected,45:46.0,,,,,,,
18-Jul-22,300405,203284,2,Rejected,45:46.0,,,,,,,
18-Jul-22,306933,47412,8,Rejected,45:51.0,,,,,,,
18-Jul-22,306507,19324,1,Shipped,46:01.0,,,,,,,
18-Jul-22,306402,64172,3,Rejected,46:02.0,,,,,,,
18-Jul-22,300462,84396,3,Rejected,46:09.0,,,,,,,
18-Jul-22,317700,28864,1,Shipped,46:25.0,,,,,,,
18-Jul-22,305373,215816,11,Rejected,46:51.0,,,,,,,
18-Jul-22,302415,21428,1,Shipped,47:07.0,,,,,,,
18-Jul-22,300048,122056,9,Shipped,47:16.0,,,,,,,
18-Jul-22,300861,115088,2,Rejected,47:29.0,,,,,,,
18-Jul-22,312306,27188,1,Rejected,47:36.0,,,,,,,
18-Jul-22,304782,63284,3,Rejected,47:47.0,,,,,,,
18-Jul-22,313464,204588,1,Shipped,47:54.0,,,,,,,
18-Jul-22,304200,146856,4,Rejected,48:47.0,,,,,,,
18-Jul-22,306618,77848,4,Shipped,49:01.0,,,,,,,
18-Jul-22,311496,197308,9,Shipped,49:20.0,,,,,,,
18-Jul-22,311409,105272,9,Rejected,49:29.0,,,,,,,
18-Jul-22,313932,30848,5,Rejected,49:32.0,,,,,,,
18-Jul-22,303192,221444,11,Rejected,49:34.0,,,,,,,
18-Jul-22,318492,70488,5,Rejected,49:41.0,,,,,,,
18-Jul-22,302556,148112,1,Rejected,50:05.0,,,,,,,
18-Jul-22,306318,189396,4,Rejected,50:16.0,,,,,,,
18-Jul-22,312312,31800,1,Shipped,50:21.0,,,,,,,
18-Jul-22,316494,38752,1,Shipped,50:26.0,,,,,,,
18-Jul-22,318438,48260,9,Shipped,50:36.0,,,,,,,
18-Jul-22,311298,151392,11,Shipped,51:00.0,,,,,,,
18-Jul-22,315066,223488,9,Rejected,51:24.0,,,,,,,
18-Jul-22,316497,180256,5,Rejected,51:28.0,,,,,,,
18-Jul-22,303051,111348,9,Shipped,51:41.0,,,,,,,
18-Jul-22,317751,72932,5,Rejected,51:54.0,,,,,,,
18-Jul-22,314682,72932,5,Rejected,52:13.0,,,,,,,
18-Jul-22,315342,61940,3,Rejected,52:22.0,,,,,,,
18-Jul-22,318069,75164,10,Rejected,52:28.0,,,,,,,
18-Jul-22,309786,223280,1,Shipped,53:09.0,,,,,,,
18-Jul-22,316593,117116,5,Shipped,53:09.0,,,,,,,
18-Jul-22,314856,222896,8,Shipped,53:13.0,,,,,,,
18-Jul-22,308031,219644,4,Shipped,53:18.0,,,,,,,
18-Jul-22,300660,72496,3,Rejected,53:35.0,,,,,,,
18-Jul-22,304491,23048,1,Shipped,54:03.0,,,,,,,
18-Jul-22,318555,168156,2,Shipped,54:11.0,,,,,,,
18-Jul-22,305649,87824,8,Shipped,54:15.0,,,,,,,
18-Jul-22,306630,119024,2,Shipped,54:26.0,,,,,,,
18-Jul-22,317466,180256,5,Shipped,54:53.0,,,,,,,
18-Jul-22,315069,223488,9,Rejected,55:03.0,,,,,,,
18-Jul-22,306168,125236,1,Rejected,55:32.0,,,,,,,
18-Jul-22,303567,211176,11,Shipped,55:35.0,,,,,,,
18-Jul-22,318072,206284,10,Rejected,55:44.0,,,,,,,
18-Jul-22,302853,123944,2,Shipped,55:56.0,,,,,,,
18-Jul-22,308613,218276,1,Shipped,56:00.0,,,,,,,
18-Jul-22,301338,41772,5,Shipped,56:01.0,,,,,,,
18-Jul-22,304149,186588,4,Shipped,56:04.0,,,,,,,
18-Jul-22,314544,224640,4,Shipped,56:15.0,,,,,,,
18-Jul-22,311220,156896,1,Shipped,56:17.0,,,,,,,
18-Jul-22,302988,112776,3,Rejected,56:31.0,,,,,,,
18-Jul-22,308793,27880,5,Shipped,57:06.0,,,,,,,
18-Jul-22,300483,53720,9,Shipped,57:23.0,,,,,,,
18-Jul-22,311418,202568,10,Shipped,57:27.0,,,,,,,
18-Jul-22,312402,207268,1,Rejected,57:50.0,,,,,,,
18-Jul-22,313023,53764,8,Shipped,58:17.0,,,,,,,
18-Jul-22,302991,51012,8,Shipped,58:47.0,,,,,,,
18-Jul-22,303387,74180,8,Rejected,58:55.0,,,,,,,
18-Jul-22,306651,53688,9,Rejected,59:01.0,,,,,,,
18-Jul-22,302673,125116,10,Rejected,59:16.0,,,,,,,
18-Jul-22,311928,223784,8,Rejected,59:36.0,,,,,,,
19-Jul-22,302349,52032,8,Rejected,00:31.0,,,,,,,
19-Jul-22,312339,89888,1,Rejected,00:56.0,,,,,,,
19-Jul-22,309297,213956,11,Shipped,01:00.0,,,,,,,
19-Jul-22,314754,53424,9,Shipped,01:00.0,,,,,,,
19-Jul-22,317085,108904,9,Rejected,01:24.0,,,,,,,
19-Jul-22,312675,158076,2,Shipped,01:29.0,,,,,,,
19-Jul-22,310704,84596,7,Rejected,01:33.0,,,,,,,
19-Jul-22,306867,55312,11,Rejected,01:43.0,,,,,,,
19-Jul-22,307041,80848,8,Shipped,01:47.0,,,,,,,
19-Jul-22,316110,219036,11,Shipped,02:25.0,,,,,,,
19-Jul-22,316116,209300,10,Rejected,02:39.0,,,,,,,
19-Jul-22,313728,132980,1,Rejected,03:56.0,,,,,,,
19-Jul-22,317400,112280,3,Shipped,03:58.0,,,,,,,
19-Jul-22,315852,46944,8,Shipped,04:17.0,,,,,,,
19-Jul-22,312948,95388,9,Shipped,04:47.0,,,,,,,
19-Jul-22,317658,65780,1,Rejected,05:09.0,,,,,,,
19-Jul-22,312732,189396,4,Shipped,05:42.0,,,,,,,
19-Jul-22,309087,202168,9,Rejected,05:57.0,,,,,,,
19-Jul-22,318570,213864,1,Rejected,05:59.0,,,,,,,
19-Jul-22,316185,190076,9,Rejected,06:47.0,,,,,,,
19-Jul-22,312951,152052,8,Shipped,07:13.0,,,,,,,
19-Jul-22,313893,51432,11,Rejected,07:35.0,,,,,,,
19-Jul-22,301197,59008,8,Rejected,08:28.0,,,,,,,
19-Jul-22,302277,191748,8,Rejected,08:41.0,,,,,,,
19-Jul-22,316122,209300,10,Shipped,08:57.0,,,,,,,
19-Jul-22,305874,11952,1,Shipped,09:12.0,,,,,,,
19-Jul-22,306531,169600,9,Rejected,09:13.0,,,,,,,
19-Jul-22,318510,22836,1,Shipped,09:13.0,,,,,,,
19-Jul-22,314502,224592,3,Shipped,09:45.0,,,,,,,
19-Jul-22,308196,47648,8,Rejected,10:07.0,,,,,,,
19-Jul-22,313695,81092,11,Rejected,10:10.0,,,,,,,
19-Jul-22,318576,194632,8,Rejected,11:33.0,,,,,,,
19-Jul-22,310482,35416,1,Shipped,11:38.0,,,,,,,
19-Jul-22,312009,57808,8,Rejected,11:46.0,,,,,,,
19-Jul-22,302019,98804,11,Rejected,12:29.0,,,,,,,
19-Jul-22,303513,148112,1,Shipped,12:37.0,,,,,,,
19-Jul-22,313698,110056,8,Shipped,12:40.0,,,,,,,
19-Jul-22,310944,83464,10,Rejected,13:00.0,,,,,,,
19-Jul-22,304347,173400,1,Rejected,13:17.0,,,,,,,
19-Jul-22,304161,62796,1,Rejected,13:29.0,,,,,,,
19-Jul-22,301203,73692,8,Shipped,13:48.0,,,,,,,
19-Jul-22,314739,151292,10,Rejected,14:06.0,,,,,,,
19-Jul-22,304440,204460,9,Rejected,14:07.0,,,,,,,
19-Jul-22,308289,136532,1,Shipped,14:07.0,,,,,,,
19-Jul-22,316836,179592,11,Shipped,14:12.0,,,,,,,
19-Jul-22,303669,85148,10,Shipped,14:14.0,,,,,,,
19-Jul-22,316530,29844,5,Shipped,14:52.0,,,,,,,
19-Jul-22,310806,25920,1,Shipped,14:53.0,,,,,,,
19-Jul-22,309390,222196,1,Rejected,15:02.0,,,,,,,
19-Jul-22,318579,75968,7,Shipped,15:14.0,,,,,,,
19-Jul-22,308391,28464,1,Shipped,16:25.0,,,,,,,
19-Jul-22,317790,24980,1,Shipped,16:41.0,,,,,,,
19-Jul-22,315117,31604,5,Shipped,16:56.0,,,,,,,
19-Jul-22,310029,201560,4,Rejected,17:10.0,,,,,,,
19-Jul-22,299841,185184,8,Shipped,17:15.0,,,,,,,
19-Jul-22,316908,207560,9,Shipped,17:35.0,,,,,,,
19-Jul-22,303411,221764,9,Rejected,17:38.0,,,,,,,
19-Jul-22,311559,163632,1,Shipped,17:39.0,,,,,,,
19-Jul-22,308781,186388,4,Rejected,18:00.0,,,,,,,
19-Jul-22,307344,222280,12,Rejected,18:30.0,,,,,,,
19-Jul-22,305898,91828,9,Shipped,18:31.0,,,,,,,
19-Jul-22,317418,19404,1,Shipped,18:48.0,,,,,,,
19-Jul-22,306264,222448,1,Rejected,19:04.0,,,,,,,
19-Jul-22,302028,121424,4,Shipped,19:32.0,,,,,,,
19-Jul-22,316926,189956,9,Shipped,19:36.0,,,,,,,
19-Jul-22,300750,48184,8,Rejected,19:50.0,,,,,,,
19-Jul-22,310734,124968,1,Shipped,20:02.0,,,,,,,
19-Jul-22,314577,113936,1,Rejected,20:02.0,,,,,,,
19-Jul-22,314379,81336,4,Rejected,20:24.0,,,,,,,
19-Jul-22,305505,51200,8,Shipped,20:46.0,,,,,,,
19-Jul-22,314304,89476,10,Rejected,21:21.0,,,,,,,
19-Jul-22,306549,123428,4,Rejected,21:24.0,,,,,,,
19-Jul-22,316461,35316,5,Rejected,21:52.0,,,,,,,
19-Jul-22,299850,132984,4,Rejected,22:21.0,,,,,,,
19-Jul-22,304749,212108,4,Rejected,22:33.0,,,,,,,
19-Jul-22,310956,138412,10,Rejected,22:38.0,,,,,,,
19-Jul-22,302226,213024,1,Rejected,22:41.0,,,,,,,
19-Jul-22,314556,182604,4,Shipped,22:50.0,,,,,,,
19-Jul-22,317001,55240,8,Shipped,22:53.0,,,,,,,
19-Jul-22,305040,70128,4,Shipped,23:06.0,,,,,,,
19-Jul-22,302097,79744,1,Rejected,23:21.0,,,,,,,
19-Jul-22,305043,216684,9,Rejected,23:32.0,,,,,,,
19-Jul-22,299196,62276,3,Shipped,23:45.0,,,,,,,
19-Jul-22,312015,145908,3,Shipped,24:04.0,,,,,,,
19-Jul-22,314580,65740,4,Rejected,24:06.0,,,,,,,
19-Jul-22,309957,161700,3,Rejected,24:08.0,,,,,,,
19-Jul-22,306027,76092,1,Rejected,24:11.0,,,,,,,
19-Jul-22,310050,61036,9,Rejected,24:38.0,,,,,,,
19-Jul-22,307158,69448,9,Shipped,24:45.0,,,,,,,
19-Jul-22,306270,180132,11,Rejected,26:00.0,,,,,,,
19-Jul-22,307356,201188,1,Shipped,26:05.0,,,,,,,
19-Jul-22,305052,65708,4,Shipped,26:12.0,,,,,,,
19-Jul-22,307710,45428,8,Rejected,26:47.0,,,,,,,
19-Jul-22,318162,26040,1,Shipped,27:23.0,,,,,,,
19-Jul-22,300099,57488,8,Shipped,27:46.0,,,,,,,
19-Jul-22,316884,225248,1,Rejected,27:56.0,,,,,,,
19-Jul-22,316401,166324,11,Shipped,28:34.0,,,,,,,
19-Jul-22,305148,88864,3,Shipped,28:41.0,,,,,,,
19-Jul-22,314112,75488,4,Rejected,29:29.0,,,,,,,
19-Jul-22,300522,35348,1,Shipped,29:33.0,,,,,,,
19-Jul-22,307179,135788,5,Pending,29:36.0,,,,,,,
19-Jul-22,313074,184304,4,Shipped,29:44.0,,,,,,,
19-Jul-22,312705,18652,1,Rejected,30:03.0,,,,,,,
19-Jul-22,300636,31604,5,Shipped,30:19.0,,,,,,,
19-Jul-22,313518,39680,1,Shipped,30:20.0,,,,,,,
19-Jul-22,300390,186824,1,Rejected,30:24.0,,,,,,,
19-Jul-22,316641,215252,3,Rejected,30:36.0,,,,,,,
19-Jul-22,313200,89568,9,Shipped,31:07.0,,,,,,,
19-Jul-22,312798,210884,3,Rejected,31:19.0,,,,,,,
19-Jul-22,317499,74676,4,Shipped,31:35.0,,,,,,,
19-Jul-22,304557,98252,11,Shipped,31:52.0,,,,,,,
19-Jul-22,305055,216684,9,Rejected,32:15.0,,,,,,,
19-Jul-22,306489,149288,11,Shipped,32:18.0,,,,,,,
19-Jul-22,299862,125236,1,Rejected,32:59.0,,,,,,,
19-Jul-22,302967,22360,1,Shipped,33:38.0,,,,,,,
19-Jul-22,306378,123428,4,Shipped,33:48.0,,,,,,,
19-Jul-22,312435,216000,1,Shipped,34:17.0,,,,,,,
19-Jul-22,312384,190720,8,Rejected,34:36.0,,,,,,,
19-Jul-22,316083,206936,1,Rejected,34:38.0,,,,,,,
19-Jul-22,309882,37736,1,Shipped,34:42.0,,,,,,,
19-Jul-22,315822,62636,4,Rejected,34:45.0,,,,,,,
19-Jul-22,314922,57952,5,Shipped,34:52.0,,,,,,,
19-Jul-22,308142,206656,1,Rejected,35:26.0,,,,,,,
19-Jul-22,299751,96032,8,Rejected,35:45.0,,,,,,,
19-Jul-22,316086,62796,1,Rejected,35:56.0,,,,,,,
19-Jul-22,309423,48340,9,Rejected,36:12.0,,,,,,,
19-Jul-22,309891,59880,1,Shipped,36:15.0,,,,,,,
19-Jul-22,300846,202196,2,Rejected,36:22.0,,,,,,,
19-Jul-22,303435,53104,2,Rejected,36:31.0,,,,,,,
19-Jul-22,316710,203408,12,Shipped,36:51.0,,,,,,,
19-Jul-22,318957,157140,3,Rejected,36:54.0,,,,,,,
19-Jul-22,309063,114920,9,Rejected,37:06.0,,,,,,,
19-Jul-22,307614,89248,2,Rejected,37:23.0,,,,,,,
19-Jul-22,310674,201948,9,Rejected,37:35.0,,,,,,,
19-Jul-22,307851,174084,10,Rejected,37:50.0,,,,,,,
19-Jul-22,315612,63272,3,Rejected,38:49.0,,,,,,,
19-Jul-22,306699,182356,1,Shipped,39:10.0,,,,,,,
19-Jul-22,302550,65548,9,Shipped,39:17.0,,,,,,,
19-Jul-22,308463,70472,1,Rejected,39:26.0,,,,,,,
19-Jul-22,311478,215792,12,Rejected,40:08.0,,,,,,,
19-Jul-22,301233,52724,1,Shipped,40:11.0,,,,,,,
19-Jul-22,305709,58400,5,Shipped,40:24.0,,,,,,,
19-Jul-22,300396,113348,3,Shipped,40:37.0,,,,,,,
19-Jul-22,299769,219084,3,Rejected,40:41.0,,,,,,,
19-Jul-22,312288,223776,1,Rejected,40:45.0,,,,,,,
19-Jul-22,311403,69448,9,Rejected,41:13.0,,,,,,,
19-Jul-22,317580,119324,9,Shipped,41:21.0,,,,,,,
19-Jul-22,301044,36144,5,Shipped,41:24.0,,,,,,,
19-Jul-22,300906,82996,4,Shipped,41:36.0,,,,,,,
19-Jul-22,306585,180028,11,Shipped,41:36.0,,,,,,,
19-Jul-22,304767,163448,2,Shipped,42:02.0,,,,,,,
19-Jul-22,317583,64392,2,Shipped,42:17.0,,,,,,,
19-Jul-22,303630,208336,1,Shipped,42:24.0,,,,,,,
19-Jul-22,312990,179484,11,Rejected,42:24.0,,,,,,,
19-Jul-22,309756,160072,4,Shipped,43:15.0,,,,,,,
19-Jul-22,312003,117252,3,Rejected,43:47.0,,,,,,,
19-Jul-22,304593,75460,4,Shipped,44:43.0,,,,,,,
19-Jul-22,309441,40988,1,Shipped,44:54.0,,,,,,,
19-Jul-22,311016,216708,10,Shipped,45:02.0,,,,,,,
19-Jul-22,311778,218388,9,Shipped,45:05.0,,,,,,,
19-Jul-22,308586,65144,1,Rejected,45:22.0,,,,,,,
19-Jul-22,311625,33768,1,Rejected,45:38.0,,,,,,,
19-Jul-22,316653,88656,11,Shipped,45:41.0,,,,,,,
19-Jul-22,308589,46816,5,Rejected,45:49.0,,,,,,,
19-Jul-22,310248,180260,4,Shipped,46:31.0,,,,,,,
19-Jul-22,316134,151292,10,Shipped,46:53.0,,,,,,,
19-Jul-22,303210,221648,10,Rejected,47:08.0,,,,,,,
19-Jul-22,305445,199376,3,Rejected,47:15.0,,,,,,,
19-Jul-22,309660,125236,1,Rejected,47:31.0,,,,,,,
19-Jul-22,315483,85432,4,Shipped,47:32.0,,,,,,,
19-Jul-22,303552,204652,9,Rejected,47:39.0,,,,,,,
19-Jul-22,306801,118276,4,Rejected,47:59.0,,,,,,,
19-Jul-22,300993,51032,5,Shipped,48:18.0,,,,,,,
19-Jul-22,310779,136388,1,Rejected,48:22.0,,,,,,,
19-Jul-22,308502,192504,11,Shipped,48:38.0,,,,,,,
19-Jul-22,312456,207268,1,Rejected,48:40.0,,,,,,,
19-Jul-22,306126,47924,1,Shipped,48:52.0,,,,,,,
19-Jul-22,307527,147076,2,Shipped,48:55.0,,,,,,,
19-Jul-22,299571,56740,11,Rejected,49:10.0,,,,,,,
19-Jul-22,304992,83936,2,Shipped,49:13.0,,,,,,,
19-Jul-22,317157,181948,8,Rejected,50:14.0,,,,,,,
19-Jul-22,310848,172128,1,Rejected,50:27.0,,,,,,,
19-Jul-22,298917,170448,1,Rejected,51:11.0,,,,,,,
19-Jul-22,317301,224592,3,Shipped,51:11.0,,,,,,,
19-Jul-22,313002,208916,8,Rejected,51:17.0,,,,,,,
19-Jul-22,314520,105688,8,Shipped,51:58.0,,,,,,,
19-Jul-22,313122,161636,4,Rejected,52:02.0,,,,,,,
19-Jul-22,300819,30500,1,Rejected,52:27.0,,,,,,,
19-Jul-22,307656,25932,1,Shipped,52:46.0,,,,,,,
19-Jul-22,310539,194272,8,Shipped,52:57.0,,,,,,,
19-Jul-22,310146,57396,11,Rejected,53:13.0,,,,,,,
19-Jul-22,298716,150164,2,Rejected,53:16.0,,,,,,,
19-Jul-22,300303,57440,5,Rejected,55:01.0,,,,,,,
19-Jul-22,309288,187692,2,Shipped,55:19.0,,,,,,,
19-Jul-22,308679,35416,1,Shipped,55:39.0,,,,,,,
19-Jul-22,303570,57756,8,Shipped,55:47.0,,,,,,,
19-Jul-22,309351,201644,3,Shipped,56:12.0,,,,,,,
19-Jul-22,314700,150880,2,Rejected,56:20.0,,,,,,,
19-Jul-22,305397,66088,5,Rejected,56:25.0,,,,,,,
19-Jul-22,312489,51672,9,Rejected,56:33.0,,,,,,,
19-Jul-22,309924,43412,9,Shipped,56:39.0,,,,,,,
19-Jul-22,312771,57336,2,Shipped,56:39.0,,,,,,,
19-Jul-22,300918,220928,4,Rejected,57:19.0,,,,,,,
19-Jul-22,308262,132984,4,Shipped,57:24.0,,,,,,,
19-Jul-22,309792,209276,10,Rejected,57:50.0,,,,,,,
19-Jul-22,299049,114748,2,Rejected,57:59.0,,,,,,,
19-Jul-22,306081,54356,8,Rejected,58:13.0,,,,,,,
19-Jul-22,306918,222576,4,Rejected,58:27.0,,,,,,,
19-Jul-22,301788,190500,9,Rejected,58:33.0,,,,,,,
19-Jul-22,315501,165180,10,Rejected,58:40.0,,,,,,,
19-Jul-22,309468,73208,3,Rejected,58:50.0,,,,,,,
19-Jul-22,302061,23648,1,Shipped,59:22.0,,,,,,,
20-Jul-22,316296,44248,8,Rejected,00:13.0,,,,,,,
20-Jul-22,314481,187496,2,Shipped,00:59.0,,,,,,,
20-Jul-22,306177,86668,9,Rejected,01:11.0,,,,,,,
20-Jul-22,313242,112956,1,Shipped,01:45.0,,,,,,,
20-Jul-22,316863,71136,11,Rejected,02:28.0,,,,,,,
20-Jul-22,300570,188468,2,Rejected,02:29.0,,,,,,,
20-Jul-22,316194,45536,1,Rejected,02:31.0,,,,,,,
20-Jul-22,304626,113468,4,Shipped,02:47.0,,,,,,,
20-Jul-22,306429,215084,3,Rejected,03:01.0,,,,,,,
20-Jul-22,298722,22216,1,Rejected,03:02.0,,,,,,,
20-Jul-22,318180,172756,9,Shipped,03:25.0,,,,,,,
20-Jul-22,308049,43412,9,Shipped,03:48.0,,,,,,,
20-Jul-22,310713,96536,11,Shipped,04:01.0,,,,,,,
20-Jul-22,304506,163756,4,Shipped,04:50.0,,,,,,,
20-Jul-22,318744,104712,9,Shipped,05:04.0,,,,,,,
20-Jul-22,307326,218276,1,Rejected,05:58.0,,,,,,,
20-Jul-22,317406,55828,8,Shipped,06:54.0,,,,,,,
20-Jul-22,303231,99264,9,Rejected,06:57.0,,,,,,,
20-Jul-22,315729,179800,10,Shipped,07:41.0,,,,,,,
20-Jul-22,305202,220376,5,Rejected,07:46.0,,,,,,,
20-Jul-22,307677,208000,3,Rejected,07:58.0,,,,,,,
20-Jul-22,301122,2124,1,Shipped,08:05.0,,,,,,,
20-Jul-22,303204,221628,9,Rejected,08:46.0,,,,,,,
20-Jul-22,306663,193904,1,Shipped,09:26.0,,,,,,,
20-Jul-22,309498,67940,1,Shipped,09:26.0,,,,,,,
20-Jul-22,317523,203156,4,Shipped,09:26.0,,,,,,,
20-Jul-22,311862,67352,2,Rejected,09:39.0,,,,,,,
20-Jul-22,317562,51432,11,Rejected,09:45.0,,,,,,,
20-Jul-22,303756,41840,8,Rejected,10:00.0,,,,,,,
20-Jul-22,308370,132960,4,Shipped,10:04.0,,,,,,,
20-Jul-22,300078,83392,10,Rejected,10:22.0,,,,,,,
20-Jul-22,311736,76956,4,Rejected,10:46.0,,,,,,,
20-Jul-22,302490,221444,11,Rejected,11:14.0,,,,,,,
20-Jul-22,309594,197132,4,Shipped,11:26.0,,,,,,,
20-Jul-22,307869,45720,9,Rejected,11:33.0,,,,,,,
20-Jul-22,306354,84284,9,Rejected,11:45.0,,,,,,,
20-Jul-22,310485,222572,11,Shipped,11:45.0,,,,,,,
20-Jul-22,317934,101756,10,Rejected,12:14.0,,,,,,,
20-Jul-22,301068,106420,9,Rejected,12:42.0,,,,,,,
20-Jul-22,307059,65612,8,Shipped,13:28.0,,,,,,,
20-Jul-22,309192,223180,4,Shipped,13:32.0,,,,,,,
20-Jul-22,313263,202768,1,Rejected,13:32.0,,,,,,,
20-Jul-22,306828,213464,9,Rejected,13:40.0,,,,,,,
20-Jul-22,314805,55796,5,Rejected,13:43.0,,,,,,,
20-Jul-22,314808,45616,1,Shipped,13:45.0,,,,,,,
20-Jul-22,302793,84284,9,Rejected,14:08.0,,,,,,,
20-Jul-22,306915,54080,9,Shipped,14:10.0,,,,,,,
20-Jul-22,305895,164852,2,Rejected,14:28.0,,,,,,,
20-Jul-22,316314,115960,9,Rejected,14:38.0,,,,,,,
20-Jul-22,302433,119320,9,Rejected,14:43.0,,,,,,,
20-Jul-22,311361,119324,9,Shipped,14:59.0,,,,,,,
20-Jul-22,309162,213756,9,Shipped,15:07.0,,,,,,,
20-Jul-22,312618,28300,5,Shipped,15:09.0,,,,,,,
20-Jul-22,317109,75600,9,Shipped,15:20.0,,,,,,,
20-Jul-22,309018,71772,5,Rejected,15:26.0,,,,,,,
20-Jul-22,303765,98596,4,Shipped,15:57.0,,,,,,,
20-Jul-22,312081,190076,9,Shipped,16:03.0,,,,,,,
20-Jul-22,313557,138412,10,Rejected,16:08.0,,,,,,,
20-Jul-22,312234,142924,2,Rejected,16:09.0,,,,,,,
20-Jul-22,310386,197880,8,Rejected,16:16.0,,,,,,,
20-Jul-22,304389,137816,2,Shipped,16:19.0,,,,,,,
20-Jul-22,314997,51408,9,Shipped,16:20.0,,,,,,,
20-Jul-22,312621,70176,4,Shipped,16:41.0,,,,,,,
20-Jul-22,311751,212552,10,Rejected,16:48.0,,,,,,,
20-Jul-22,299382,43440,8,Rejected,17:00.0,,,,,,,
20-Jul-22,317049,82308,2,Shipped,17:26.0,,,,,,,
20-Jul-22,315804,67580,2,Rejected,17:36.0,,,,,,,
20-Jul-22,311661,223728,9,Shipped,17:44.0,,,,,,,
20-Jul-22,304164,25772,1,Rejected,17:46.0,,,,,,,
20-Jul-22,307803,89632,2,Rejected,17:57.0,,,,,,,
20-Jul-22,316071,223924,1,Rejected,18:23.0,,,,,,,
20-Jul-22,305901,172128,1,Rejected,18:36.0,,,,,,,
20-Jul-22,309102,219828,11,Rejected,19:06.0,,,,,,,
20-Jul-22,300360,159128,8,Shipped,19:38.0,,,,,,,
20-Jul-22,314898,88460,8,Shipped,19:40.0,,,,,,,
20-Jul-22,298875,183148,10,Rejected,19:55.0,,,,,,,
20-Jul-22,313428,73072,1,Rejected,20:00.0,,,,,,,
20-Jul-22,305247,30004,1,Rejected,20:19.0,,,,,,,
20-Jul-22,307692,37504,5,Rejected,20:34.0,,,,,,,
20-Jul-22,301374,169596,11,Rejected,20:50.0,,,,,,,
20-Jul-22,302886,92552,4,Shipped,20:58.0,,,,,,,
20-Jul-22,312630,128664,4,Shipped,21:10.0,,,,,,,
20-Jul-22,305805,156340,4,Shipped,21:20.0,,,,,,,
20-Jul-22,303774,30500,1,Shipped,21:27.0,,,,,,,
20-Jul-22,311370,114528,10,Shipped,21:27.0,,,,,,,
20-Jul-22,312786,210884,3,Rejected,21:31.0,,,,,,,
20-Jul-22,314469,79652,8,Rejected,22:05.0,,,,,,,
20-Jul-22,298542,55120,1,Rejected,22:10.0,,,,,,,
20-Jul-22,317886,196984,1,Rejected,22:10.0,,,,,,,
20-Jul-22,299190,62276,3,Shipped,22:11.0,,,,,,,
20-Jul-22,299358,112920,9,Shipped,22:17.0,,,,,,,
20-Jul-22,314553,202768,1,Shipped,22:20.0,,,,,,,
20-Jul-22,309261,63108,2,Rejected,23:18.0,,,,,,,
20-Jul-22,312084,223828,3,Rejected,23:31.0,,,,,,,
20-Jul-22,305217,156340,4,Rejected,24:12.0,,,,,,,
20-Jul-22,307281,84104,11,Shipped,24:13.0,,,,,,,
20-Jul-22,317799,96024,4,Shipped,24:37.0,,,,,,,
20-Jul-22,310650,175236,1,Rejected,24:54.0,,,,,,,
20-Jul-22,306093,186264,1,Rejected,25:06.0,,,,,,,
20-Jul-22,315285,43844,9,Rejected,25:35.0,,,,,,,
20-Jul-22,305193,64688,8,Rejected,25:53.0,,,,,,,
20-Jul-22,309054,222104,2,Rejected,25:58.0,,,,,,,
20-Jul-22,304962,134260,9,Shipped,25:59.0,,,,,,,
20-Jul-22,312900,190076,9,Shipped,26:29.0,,,,,,,
20-Jul-22,299484,219052,11,Shipped,27:17.0,,,,,,,
20-Jul-22,304227,217692,10,Shipped,27:24.0,,,,,,,
20-Jul-22,304668,168088,1,Shipped,27:36.0,,,,,,,
20-Jul-22,301947,37488,5,Rejected,27:48.0,,,,,,,
20-Jul-22,318021,111348,9,Rejected,28:07.0,,,,,,,
20-Jul-22,304542,21380,1,Shipped,28:08.0,,,,,,,
20-Jul-22,314256,207584,10,Shipped,28:50.0,,,,,,,
20-Jul-22,307176,55508,1,Rejected,29:06.0,,,,,,,
20-Jul-22,314001,53976,1,Rejected,29:12.0,,,,,,,
20-Jul-22,312795,210884,3,Rejected,29:31.0,,,,,,,
20-Jul-22,301212,57084,8,Shipped,29:32.0,,,,,,,
20-Jul-22,318684,190076,9,Shipped,29:39.0,,,,,,,
20-Jul-22,315465,47168,5,Rejected,29:43.0,,,,,,,
20-Jul-22,309969,185108,8,Shipped,30:02.0,,,,,,,
20-Jul-22,316638,22252,1,Rejected,30:08.0,,,,,,,
20-Jul-22,305355,57508,1,Shipped,30:14.0,,,,,,,
20-Jul-22,306207,73300,8,Rejected,30:21.0,,,,,,,
20-Jul-22,312780,185108,8,Shipped,30:39.0,,,,,,,
20-Jul-22,303882,88760,1,Rejected,30:42.0,,,,,,,
20-Jul-22,308943,209300,10,Rejected,30:48.0,,,,,,,
20-Jul-22,316176,71136,11,Rejected,30:52.0,,,,,,,
20-Jul-22,298992,175044,2,Shipped,31:22.0,,,,,,,
20-Jul-22,304002,174000,1,Shipped,31:22.0,,,,,,,
20-Jul-22,304191,221928,2,Rejected,32:06.0,,,,,,,
20-Jul-22,318948,128084,1,Rejected,32:32.0,,,,,,,
20-Jul-22,311079,192396,5,Rejected,33:13.0,,,,,,,
20-Jul-22,300939,91620,7,Shipped,33:15.0,,,,,,,
20-Jul-22,302820,51828,9,Rejected,33:59.0,,,,,,,
20-Jul-22,313749,151616,2,Rejected,34:07.0,,,,,,,
20-Jul-22,303894,96340,1,Shipped,34:11.0,,,,,,,
20-Jul-22,311388,996,1,Shipped,34:17.0,,,,,,,
20-Jul-22,318786,23060,1,Rejected,34:29.0,,,,,,,
20-Jul-22,317814,63576,10,Shipped,34:32.0,,,,,,,
20-Jul-22,303813,221364,8,Rejected,35:05.0,,,,,,,
20-Jul-22,311394,36016,1,Shipped,35:17.0,,,,,,,
20-Jul-22,302460,194504,9,Shipped,35:28.0,,,,,,,
20-Jul-22,304014,203944,4,Shipped,35:49.0,,,,,,,
20-Jul-22,308670,41208,8,Rejected,35:54.0,,,,,,,
20-Jul-22,299367,78040,1,Rejected,36:23.0,,,,,,,
20-Jul-22,303483,122752,11,Rejected,36:29.0,,,,,,,
20-Jul-22,306216,48620,9,Rejected,36:35.0,,,,,,,
20-Jul-22,317820,218652,9,Shipped,36:55.0,,,,,,,
20-Jul-22,313662,70176,4,Rejected,36:57.0,,,,,,,
20-Jul-22,301407,186824,1,Rejected,37:01.0,,,,,,,
20-Jul-22,300642,113468,4,Shipped,37:20.0,,,,,,,
20-Jul-22,311154,215256,8,Rejected,37:28.0,,,,,,,
20-Jul-22,318207,225528,9,Shipped,37:29.0,,,,,,,
20-Jul-22,318489,85440,9,Shipped,37:32.0,,,,,,,
20-Jul-22,300450,208944,8,Rejected,38:02.0,,,,,,,
20-Jul-22,315039,206936,1,Shipped,38:10.0,,,,,,,
20-Jul-22,316719,99624,11,Shipped,38:23.0,,,,,,,
20-Jul-22,318303,225552,1,Shipped,38:44.0,,,,,,,
20-Jul-22,310062,223308,2,Rejected,39:01.0,,,,,,,
20-Jul-22,316227,222612,3,Rejected,39:05.0,,,,,,,
20-Jul-22,300276,52872,9,Rejected,39:47.0,,,,,,,
20-Jul-22,313455,53976,1,Rejected,40:27.0,,,,,,,
20-Jul-22,304686,221364,8,Rejected,40:53.0,,,,,,,
20-Jul-22,306852,62796,1,Rejected,41:18.0,,,,,,,
20-Jul-22,298896,48836,9,Shipped,41:19.0,,,,,,,
20-Jul-22,306297,44560,1,Rejected,42:06.0,,,,,,,
20-Jul-22,299550,66156,8,Rejected,42:32.0,,,,,,,
20-Jul-22,308250,219528,11,Rejected,42:35.0,,,,,,,
20-Jul-22,314397,182356,1,Rejected,42:42.0,,,,,,,
20-Jul-22,317289,134336,1,Shipped,43:11.0,,,,,,,
20-Jul-22,307518,40988,1,Shipped,43:16.0,,,,,,,
20-Jul-22,315051,184304,4,Shipped,43:17.0,,,,,,,
20-Jul-22,303228,67324,1,Shipped,43:22.0,,,,,,,
20-Jul-22,302976,192832,2,Rejected,43:33.0,,,,,,,
20-Jul-22,307521,190500,9,Rejected,43:36.0,,,,,,,
20-Jul-22,307641,79652,8,Rejected,43:38.0,,,,,,,
20-Jul-22,305838,132980,1,Rejected,44:25.0,,,,,,,
20-Jul-22,298590,86224,9,Rejected,44:36.0,,,,,,,
20-Jul-22,309444,174960,1,Rejected,44:58.0,,,,,,,
20-Jul-22,306606,32444,5,Shipped,45:47.0,,,,,,,
20-Jul-22,314142,217828,2,Rejected,45:51.0,,,,,,,
20-Jul-22,306222,126196,3,Shipped,45:54.0,,,,,,,
20-Jul-22,311289,94600,9,Shipped,45:55.0,,,,,,,
20-Jul-22,315942,132484,1,Rejected,45:55.0,,,,,,,
20-Jul-22,309327,113936,1,Rejected,45:59.0,,,,,,,
20-Jul-22,304887,134260,9,Rejected,46:06.0,,,,,,,
20-Jul-22,298698,216344,2,Rejected,46:52.0,,,,,,,
20-Jul-22,313926,222052,3,Rejected,47:08.0,,,,,,,
20-Jul-22,303921,213464,9,Shipped,47:13.0,,,,,,,
20-Jul-22,308829,167580,11,Shipped,47:36.0,,,,,,,
20-Jul-22,309663,161952,2,Shipped,48:38.0,,,,,,,
20-Jul-22,314619,23048,1,Shipped,48:48.0,,,,,,,
20-Jul-22,318126,157476,2,Rejected,49:04.0,,,,,,,
20-Jul-22,317553,52360,9,Rejected,49:12.0,,,,,,,
20-Jul-22,310782,190840,9,Rejected,49:18.0,,,,,,,
20-Jul-22,303246,219392,1,Rejected,49:19.0,,,,,,,
20-Jul-22,318798,201948,9,Shipped,49:19.0,,,,,,,
20-Jul-22,299391,163620,8,Rejected,49:35.0,,,,,,,
20-Jul-22,306228,55120,1,Shipped,49:36.0,,,,,,,
20-Jul-22,307413,48264,1,Shipped,49:36.0,,,,,,,
20-Jul-22,306972,66464,3,Rejected,49:52.0,,,,,,,
20-Jul-22,307230,212932,4,Shipped,50:00.0,,,,,,,
20-Jul-22,312927,84548,9,Shipped,50:06.0,,,,,,,
20-Jul-22,299577,207672,1,Rejected,50:11.0,,,,,,,
20-Jul-22,314742,37872,1,Rejected,50:18.0,,,,,,,
20-Jul-22,316857,74880,5,Shipped,50:24.0,,,,,,,
20-Jul-22,298710,216344,2,Shipped,50:59.0,,,,,,,
20-Jul-22,300321,35484,1,Shipped,51:25.0,,,,,,,
20-Jul-22,309570,223080,4,Rejected,52:55.0,,,,,,,
20-Jul-22,312576,51408,9,Shipped,53:04.0,,,,,,,
20-Jul-22,316431,223728,9,Shipped,53:12.0,,,,,,,
20-Jul-22,311082,211440,4,Shipped,53:15.0,,,,,,,
20-Jul-22,315426,161952,2,Shipped,53:17.0,,,,,,,
20-Jul-22,318804,210144,4,Rejected,53:20.0,,,,,,,
20-Jul-22,303648,221820,4,Rejected,53:24.0,,,,,,,
20-Jul-22,307533,125236,1,Rejected,53:36.0,,,,,,,
20-Jul-22,314949,148324,4,Rejected,53:56.0,,,,,,,
20-Jul-22,302421,180376,8,Shipped,54:00.0,,,,,,,
20-Jul-22,306417,222324,8,Pending,54:05.0,,,,,,,
20-Jul-22,314952,110824,9,Shipped,54:05.0,,,,,,,
20-Jul-22,298812,211596,3,Rejected,54:19.0,,,,,,,
20-Jul-22,318807,43256,1,Rejected,54:36.0,,,,,,,
20-Jul-22,301104,203128,1,Rejected,54:59.0,,,,,,,
20-Jul-22,313722,137392,8,Rejected,55:24.0,,,,,,,
20-Jul-22,304494,143652,4,Shipped,56:15.0,,,,,,,
20-Jul-22,316515,81940,1,Rejected,56:28.0,,,,,,,
20-Jul-22,299040,154828,4,Rejected,56:31.0,,,,,,,
20-Jul-22,305850,222324,8,Rejected,56:51.0,,,,,,,
20-Jul-22,311166,51576,8,Rejected,57:10.0,,,,,,,
20-Jul-22,312057,180120,8,Rejected,57:12.0,,,,,,,
20-Jul-22,316731,199376,3,Rejected,57:36.0,,,,,,,
20-Jul-22,312936,58192,1,Shipped,57:43.0,,,,,,,
20-Jul-22,307860,190680,8,Rejected,57:50.0,,,,,,,
20-Jul-22,313392,150076,2,Shipped,58:04.0,,,,,,,
20-Jul-22,314358,165468,11,Rejected,58:05.0,,,,,,,
20-Jul-22,315960,132484,1,Shipped,58:12.0,,,,,,,
20-Jul-22,301824,118276,4,Rejected,58:13.0,,,,,,,
20-Jul-22,318441,160080,4,Rejected,58:23.0,,,,,,,
20-Jul-22,318732,164644,2,Shipped,58:40.0,,,,,,,
20-Jul-22,317079,24188,4,Shipped,59:07.0,,,,,,,
20-Jul-22,315723,65740,4,Shipped,59:10.0,,,,,,,
20-Jul-22,300066,218752,8,Rejected,59:21.0,,,,,,,
20-Jul-22,311223,150728,11,Shipped,59:34.0,,,,,,,
20-Jul-22,303171,162736,3,Rejected,59:43.0,,,,,,,
20-Jul-22,307953,186728,2,Shipped,59:50.0,,,,,,,
20-Jul-22,302340,99596,2,Shipped,59:59.0,,,,,,,
21-Jul-22,318138,139888,3,Rejected,00:29.0,,,,,,,
21-Jul-22,307446,43960,1,Shipped,01:25.0,,,,,,,
21-Jul-22,304059,125236,1,Rejected,01:28.0,,,,,,,
21-Jul-22,307449,147760,1,Rejected,02:34.0,,,,,,,
21-Jul-22,306246,196932,8,Shipped,02:57.0,,,,,,,
21-Jul-22,299910,213004,1,Shipped,03:37.0,,,,,,,
21-Jul-22,312345,223916,1,Shipped,03:38.0,,,,,,,
21-Jul-22,315246,88404,1,Shipped,03:54.0,,,,,,,
21-Jul-22,312138,9988,1,Shipped,04:03.0,,,,,,,
21-Jul-22,308193,32444,5,Shipped,04:49.0,,,,,,,
21-Jul-22,307044,54144,5,Rejected,05:07.0,,,,,,,
21-Jul-22,302073,2092,1,Shipped,05:08.0,,,,,,,
21-Jul-22,317328,123916,1,Rejected,05:39.0,,,,,,,
21-Jul-22,304434,51200,8,Shipped,06:14.0,,,,,,,
21-Jul-22,298632,35736,1,Rejected,06:40.0,,,,,,,
21-Jul-22,310302,68300,1,Rejected,07:08.0,,,,,,,
21-Jul-22,318144,109176,4,Rejected,07:10.0,,,,,,,
21-Jul-22,314982,157020,11,Shipped,07:31.0,,,,,,,
21-Jul-22,314499,224596,12,Rejected,08:35.0,,,,,,,
21-Jul-22,310800,221452,3,Rejected,08:46.0,,,,,,,
21-Jul-22,304929,62796,1,Shipped,08:56.0,,,,,,,
21-Jul-22,307476,124000,5,Shipped,09:24.0,,,,,,,
21-Jul-22,307563,216060,9,Rejected,09:31.0,,,,,,,
21-Jul-22,316302,28000,1,Shipped,09:31.0,,,,,,,
21-Jul-22,311115,174936,10,Shipped,09:40.0,,,,,,,
21-Jul-22,301800,162972,3,Rejected,09:41.0,,,,,,,
21-Jul-22,307683,217616,9,Rejected,10:47.0,,,,,,,
21-Jul-22,309096,44392,1,Rejected,11:16.0,,,,,,,
21-Jul-22,306825,213464,9,Shipped,11:26.0,,,,,,,
21-Jul-22,301479,88460,8,Rejected,11:55.0,,,,,,,
21-Jul-22,316953,71136,11,Rejected,12:16.0,,,,,,,
21-Jul-22,318225,133544,8,Shipped,12:27.0,,,,,,,
21-Jul-22,308535,18632,1,Shipped,12:36.0,,,,,,,
21-Jul-22,317532,116980,1,Shipped,12:39.0,,,,,,,
21-Jul-22,303852,98964,1,Rejected,13:14.0,,,,,,,
21-Jul-22,312957,196304,2,Shipped,13:30.0,,,,,,,
21-Jul-22,303588,70668,4,Shipped,13:40.0,,,,,,,
21-Jul-22,305184,92068,3,Rejected,13:47.0,,,,,,,
21-Jul-22,303666,217764,10,Rejected,14:04.0,,,,,,,
21-Jul-22,306258,188776,4,Shipped,14:09.0,,,,,,,
21-Jul-22,314811,201560,4,Shipped,14:15.0,,,,,,,
21-Jul-22,311892,176276,4,Rejected,14:19.0,,,,,,,
21-Jul-22,313170,31604,5,Rejected,14:44.0,,,,,,,
21-Jul-22,308778,161688,5,Shipped,15:19.0,,,,,,,
21-Jul-22,303591,44324,1,Shipped,16:15.0,,,,,,,
21-Jul-22,303597,161176,4,Rejected,17:35.0,,,,,,,
21-Jul-22,306045,55120,1,Rejected,17:36.0,,,,,,,
21-Jul-22,306108,82368,2,Shipped,17:42.0,,,,,,,
21-Jul-22,308718,113468,4,Shipped,17:43.0,,,,,,,
21-Jul-22,307341,30500,1,Shipped,18:12.0,,,,,,,
21-Jul-22,310311,59372,9,Shipped,18:30.0,,,,,,,
21-Jul-22,312159,55508,1,Shipped,19:16.0,,,,,,,
21-Jul-22,308409,25444,1,Shipped,19:31.0,,,,,,,
21-Jul-22,310134,218748,9,Shipped,20:23.0,,,,,,,
21-Jul-22,314238,125684,8,Shipped,20:28.0,,,,,,,
21-Jul-22,316458,56740,11,Rejected,20:42.0,,,,,,,
21-Jul-22,311367,180788,1,Shipped,20:46.0,,,,,,,
21-Jul-22,310317,74448,4,Rejected,20:58.0,,,,,,,
21-Jul-22,303681,208000,3,Rejected,21:02.0,,,,,,,
21-Jul-22,302706,75968,7,Shipped,21:09.0,,,,,,,
21-Jul-22,310041,76468,9,Rejected,21:10.0,,,,,,,
21-Jul-22,302895,89184,1,Rejected,21:33.0,,,,,,,
21-Jul-22,309108,162484,10,Rejected,21:33.0,,,,,,,
21-Jul-22,301869,170208,2,Shipped,21:55.0,,,,,,,
21-Jul-22,318831,128084,1,Shipped,22:29.0,,,,,,,
21-Jul-22,313179,202768,1,Shipped,22:36.0,,,,,,,
21-Jul-22,304851,221880,8,Rejected,22:44.0,,,,,,,
21-Jul-22,306552,123428,4,Shipped,22:46.0,,,,,,,
21-Jul-22,312516,94308,4,Rejected,23:12.0,,,,,,,
21-Jul-22,318018,203272,1,Shipped,23:17.0,,,,,,,
21-Jul-22,313707,65016,2,Rejected,23:54.0,,,,,,,
21-Jul-22,311262,74908,4,Shipped,24:02.0,,,,,,,
21-Jul-22,315750,201316,4,Shipped,24:05.0,,,,,,,
21-Jul-22,316173,158972,9,Rejected,24:12.0,,,,,,,
21-Jul-22,317421,19404,1,Shipped,24:19.0,,,,,,,
21-Jul-22,301761,152540,5,Rejected,24:20.0,,,,,,,
21-Jul-22,305049,168088,1,Shipped,24:20.0,,,,,,,
21-Jul-22,305229,180840,8,Rejected,24:56.0,,,,,,,
21-Jul-22,305976,190500,9,Rejected,24:57.0,,,,,,,
21-Jul-22,308973,94972,3,Rejected,25:03.0,,,,,,,
21-Jul-22,306051,193896,8,Rejected,25:06.0,,,,,,,
21-Jul-22,306075,119328,1,Rejected,25:06.0,,,,,,,
21-Jul-22,309405,61616,9,Shipped,25:06.0,,,,,,,
21-Jul-22,306555,164852,2,Shipped,25:21.0,,,,,,,
21-Jul-22,299385,220672,11,Rejected,25:41.0,,,,,,,
21-Jul-22,314661,224148,9,Shipped,25:43.0,,,,,,,
21-Jul-22,300384,81036,5,Rejected,25:50.0,,,,,,,
21-Jul-22,310887,193904,1,Rejected,25:50.0,,,,,,,
21-Jul-22,310326,222104,2,Rejected,25:52.0,,,,,,,
21-Jul-22,311673,161792,9,Shipped,26:15.0,,,,,,,
21-Jul-22,307092,105888,3,Rejected,26:21.0,,,,,,,
21-Jul-22,302718,83064,4,Shipped,26:39.0,,,,,,,
21-Jul-22,318237,225532,4,Rejected,26:59.0,,,,,,,
21-Jul-22,299937,87352,1,Rejected,27:17.0,,,,,,,
21-Jul-22,304665,157564,4,Shipped,27:23.0,,,,,,,
21-Jul-22,317373,204988,3,Rejected,27:23.0,,,,,,,
21-Jul-22,318531,62592,4,Rejected,27:28.0,,,,,,,
21-Jul-22,309414,61616,9,Rejected,27:50.0,,,,,,,
21-Jul-22,309876,25932,1,Shipped,28:01.0,,,,,,,
21-Jul-22,317268,171492,4,Shipped,28:07.0,,,,,,,
21-Jul-22,305526,30500,1,Shipped,28:26.0,,,,,,,
21-Jul-22,303141,57508,1,Shipped,28:50.0,,,,,,,
21-Jul-22,300024,32940,1,Shipped,29:00.0,,,,,,,
21-Jul-22,303024,221524,10,Rejected,29:24.0,,,,,,,
21-Jul-22,311874,128084,1,Rejected,29:31.0,,,,,,,
21-Jul-22,299490,219052,11,Shipped,29:58.0,,,,,,,
21-Jul-22,313191,132484,1,Rejected,30:02.0,,,,,,,
21-Jul-22,301752,100940,1,Shipped,30:15.0,,,,,,,
21-Jul-22,311847,34328,1,Shipped,31:05.0,,,,,,,
21-Jul-22,305619,133612,8,Rejected,32:02.0,,,,,,,
21-Jul-22,307917,198260,3,Rejected,32:16.0,,,,,,,
21-Jul-22,305058,19256,1,Shipped,32:21.0,,,,,,,
21-Jul-22,317808,171948,9,Shipped,32:38.0,,,,,,,
21-Jul-22,300030,205316,2,Rejected,33:16.0,,,,,,,
21-Jul-22,312981,223776,1,Rejected,33:54.0,,,,,,,
21-Jul-22,302616,217764,10,Rejected,33:55.0,,,,,,,
21-Jul-22,311979,223812,1,Rejected,34:00.0,,,,,,,
21-Jul-22,304569,37084,1,Shipped,34:04.0,,,,,,,
21-Jul-22,315036,215040,4,Rejected,34:24.0,,,,,,,
21-Jul-22,310827,201948,9,Shipped,34:31.0,,,,,,,
21-Jul-22,315690,185912,10,Rejected,35:08.0,,,,,,,
21-Jul-22,301674,78040,1,Rejected,35:31.0,,,,,,,
21-Jul-22,317445,35516,5,Shipped,37:49.0,,,,,,,
21-Jul-22,301155,106420,9,Shipped,38:15.0,,,,,,,
21-Jul-22,299283,206588,5,Rejected,38:21.0,,,,,,,
21-Jul-22,307617,180368,4,Rejected,38:36.0,,,,,,,
21-Jul-22,315675,224976,5,Rejected,38:53.0,,,,,,,
21-Jul-22,316092,175932,1,Shipped,39:04.0,,,,,,,
21-Jul-22,300795,95208,4,Shipped,39:09.0,,,,,,,
21-Jul-22,311604,177112,4,Rejected,39:22.0,,,,,,,
21-Jul-22,306702,72088,5,Shipped,39:42.0,,,,,,,
21-Jul-22,298779,220508,9,Shipped,40:09.0,,,,,,,
21-Jul-22,309549,1392,1,Shipped,40:46.0,,,,,,,
21-Jul-22,301617,156604,11,Rejected,42:23.0,,,,,,,
21-Jul-22,301422,177320,5,Rejected,42:35.0,,,,,,,
21-Jul-22,317709,75740,10,Rejected,42:36.0,,,,,,,
21-Jul-22,304773,118276,4,Shipped,42:58.0,,,,,,,
21-Jul-22,300654,48264,1,Shipped,43:06.0,,,,,,,
21-Jul-22,299463,95624,3,Rejected,43:25.0,,,,,,,
21-Jul-22,302055,205092,9,Shipped,43:26.0,,,,,,,
21-Jul-22,311970,63516,10,Rejected,43:29.0,,,,,,,
21-Jul-22,303636,25772,1,Rejected,43:40.0,,,,,,,
21-Jul-22,313794,215700,12,Rejected,43:47.0,,,,,,,
21-Jul-22,299142,96024,4,Rejected,43:55.0,,,,,,,
21-Jul-22,304281,63912,5,Rejected,43:55.0,,,,,,,
21-Jul-22,301977,77376,4,Shipped,44:29.0,,,,,,,
21-Jul-22,315570,26548,1,Rejected,44:38.0,,,,,,,
21-Jul-22,301242,219944,4,Rejected,45:02.0,,,,,,,
21-Jul-22,303465,41312,1,Rejected,45:12.0,,,,,,,
21-Jul-22,306150,221452,3,Rejected,45:35.0,,,,,,,
21-Jul-22,299559,178228,11,Rejected,45:36.0,,,,,,,
21-Jul-22,312714,223516,9,Rejected,46:03.0,,,,,,,
21-Jul-22,311205,21380,1,Shipped,46:29.0,,,,,,,
21-Jul-22,299877,202196,2,Shipped,46:42.0,,,,,,,
21-Jul-22,306408,112052,4,Rejected,46:43.0,,,,,,,
21-Jul-22,309657,161952,2,Shipped,47:04.0,,,,,,,
21-Jul-22,307113,185368,9,Shipped,47:16.0,,,,,,,
21-Jul-22,307647,73292,5,Shipped,47:37.0,,,,,,,
21-Jul-22,312720,50736,9,Shipped,48:24.0,,,,,,,
21-Jul-22,298602,220480,1,Rejected,48:26.0,,,,,,,
21-Jul-22,307407,106700,8,Shipped,48:34.0,,,,,,,
21-Jul-22,317250,215240,4,Review,48:41.0,,,,,,,
21-Jul-22,318702,30004,1,Rejected,48:51.0,,,,,,,
21-Jul-22,304788,170756,1,Shipped,49:17.0,,,,,,,
21-Jul-22,311160,176276,4,Rejected,49:24.0,,,,,,,
21-Jul-22,313761,100172,8,Rejected,49:31.0,,,,,,,
21-Jul-22,312006,41452,8,Shipped,50:06.0,,,,,,,
21-Jul-22,315207,79652,8,Rejected,50:07.0,,,,,,,
21-Jul-22,305745,83456,9,Rejected,50:13.0,,,,,,,
21-Jul-22,314049,205104,9,Rejected,50:17.0,,,,,,,
21-Jul-22,304995,158716,4,Shipped,50:20.0,,,,,,,
21-Jul-22,312207,218248,1,Rejected,50:21.0,,,,,,,
21-Jul-22,313875,218084,10,Rejected,50:31.0,,,,,,,
21-Jul-22,300411,79328,4,Rejected,50:32.0,,,,,,,
21-Jul-22,303933,9580,1,Rejected,50:34.0,,,,,,,
21-Jul-22,316725,51672,9,Rejected,50:43.0,,,,,,,
21-Jul-22,310353,136388,1,Rejected,51:04.0,,,,,,,
21-Jul-22,314538,96388,9,Rejected,51:51.0,,,,,,,
21-Jul-22,316500,97920,9,Rejected,51:53.0,,,,,,,
21-Jul-22,302847,53048,7,Rejected,52:04.0,,,,,,,
21-Jul-22,317985,181948,8,Rejected,52:06.0,,,,,,,
21-Jul-22,298923,157792,11,Rejected,53:34.0,,,,,,,
21-Jul-22,300564,135512,1,Shipped,53:44.0,,,,,,,
21-Jul-22,305235,222196,1,Rejected,54:01.0,,,,,,,
21-Jul-22,301047,205284,3,Rejected,54:16.0,,,,,,,
21-Jul-22,305097,180840,8,Shipped,54:53.0,,,,,,,
21-Jul-22,305760,156428,5,Shipped,55:28.0,,,,,,,
21-Jul-22,303360,63728,1,Rejected,56:38.0,,,,,,,
21-Jul-22,301548,90192,3,Shipped,57:06.0,,,,,,,
21-Jul-22,306978,165128,3,Rejected,57:30.0,,,,,,,
21-Jul-22,302763,149940,2,Shipped,57:35.0,,,,,,,
21-Jul-22,308037,63584,10,Shipped,57:35.0,,,,,,,
21-Jul-22,314412,51092,8,Rejected,57:39.0,,,,,,,
21-Jul-22,306861,97116,9,Shipped,58:26.0,,,,,,,
21-Jul-22,300672,55284,8,Shipped,58:33.0,,,,,,,
21-Jul-22,304500,72932,5,Rejected,58:39.0,,,,,,,
21-Jul-22,308871,147760,1,Rejected,58:44.0,,,,,,,
21-Jul-22,309012,172824,1,Rejected,59:01.0,,,,,,,
21-Jul-22,303573,214648,2,Shipped,59:09.0,,,,,,,
21-Jul-22,312213,219144,8,Shipped,59:58.0,,,,,,,
22-Jul-22,298947,217140,8,Rejected,00:11.0,,,,,,,
22-Jul-22,318939,146384,2,Rejected,00:12.0,,,,,,,
22-Jul-22,314967,219392,1,Shipped,00:29.0,,,,,,,
22-Jul-22,308517,23048,1,Shipped,00:37.0,,,,,,,
22-Jul-22,304377,222024,1,Rejected,00:47.0,,,,,,,
22-Jul-22,298827,106420,9,Rejected,00:52.0,,,,,,,
22-Jul-22,299997,138724,1,Rejected,01:13.0,,,,,,,
22-Jul-22,303279,164676,5,Rejected,02:28.0,,,,,,,
22-Jul-22,304917,182072,1,Shipped,02:42.0,,,,,,,
22-Jul-22,302358,52032,8,Rejected,03:06.0,,,,,,,
22-Jul-22,305463,65044,8,Rejected,03:07.0,,,,,,,
22-Jul-22,310257,125236,1,Rejected,03:07.0,,,,,,,
22-Jul-22,310365,135096,4,Rejected,03:41.0,,,,,,,
22-Jul-22,317610,36768,1,Shipped,03:47.0,,,,,,,
22-Jul-22,299505,220724,9,Rejected,03:54.0,,,,,,,
22-Jul-22,313773,207560,9,Rejected,04:28.0,,,,,,,
22-Jul-22,300738,220884,4,Shipped,05:29.0,,,,,,,
22-Jul-22,301653,25756,1,Rejected,06:27.0,,,,,,,
22-Jul-22,313629,158132,2,Shipped,06:36.0,,,,,,,
22-Jul-22,308274,212368,4,Rejected,06:42.0,,,,,,,
22-Jul-22,314874,192832,2,Shipped,07:11.0,,,,,,,
22-Jul-22,306948,221444,11,Rejected,07:35.0,,,,,,,
22-Jul-22,318954,54892,7,Rejected,07:39.0,,,,,,,
22-Jul-22,317337,37300,5,Rejected,08:06.0,,,,,,,
22-Jul-22,314880,97920,9,Rejected,08:07.0,,,,,,,
22-Jul-22,301356,23616,1,Shipped,08:09.0,,,,,,,
22-Jul-22,301659,23408,1,Shipped,08:13.0,,,,,,,
22-Jul-22,314709,42140,5,Shipped,10:02.0,,,,,,,
22-Jul-22,311943,194676,1,Rejected,10:05.0,,,,,,,
22-Jul-22,304935,138828,1,Rejected,10:06.0,,,,,,,
22-Jul-22,314994,33128,1,Shipped,10:11.0,,,,,,,
22-Jul-22,314658,215732,8,Shipped,10:26.0,,,,,,,
22-Jul-22,300081,28656,1,Shipped,11:12.0,,,,,,,
22-Jul-22,308199,202548,4,Rejected,11:16.0,,,,,,,
22-Jul-22,310995,69448,9,Shipped,11:38.0,,,,,,,
22-Jul-22,302223,54424,9,Rejected,12:22.0,,,,,,,
22-Jul-22,306357,61080,5,Rejected,12:56.0,,,,,,,
22-Jul-22,305595,132484,1,Shipped,13:05.0,,,,,,,
22-Jul-22,309597,22412,1,Rejected,13:43.0,,,,,,,
22-Jul-22,313644,115960,9,Rejected,13:54.0,,,,,,,
22-Jul-22,316992,81960,8,Rejected,13:55.0,,,,,,,
22-Jul-22,311742,76956,4,Shipped,14:32.0,,,,,,,
22-Jul-22,301584,116316,4,Rejected,14:47.0,,,,,,,
22-Jul-22,318450,23916,1,Rejected,15:04.0,,,,,,,
22-Jul-22,304320,161292,1,Rejected,15:07.0,,,,,,,
22-Jul-22,302085,136088,9,Shipped,15:18.0,,,,,,,
22-Jul-22,305499,158596,11,Shipped,15:35.0,,,,,,,
22-Jul-22,307572,220872,9,Rejected,15:41.0,,,,,,,
22-Jul-22,305208,190500,9,Rejected,16:32.0,,,,,,,
22-Jul-22,308814,162624,4,Rejected,17:49.0,,,,,,,
22-Jul-22,315003,78088,3,Shipped,17:49.0,,,,,,,
22-Jul-22,315378,80460,11,Shipped,18:19.0,,,,,,,
22-Jul-22,312690,177112,4,Rejected,18:26.0,,,,,,,
22-Jul-22,317052,218752,8,Shipped,18:31.0,,,,,,,
22-Jul-22,310392,157568,11,Rejected,18:46.0,,,,,,,
22-Jul-22,313053,135624,10,Shipped,18:49.0,,,,,,,
22-Jul-22,318825,210608,4,Shipped,18:49.0,,,,,,,
22-Jul-22,318231,224876,5,Rejected,19:29.0,,,,,,,
22-Jul-22,305142,75048,3,Rejected,19:45.0,,,,,,,
22-Jul-22,307593,72828,1,Rejected,19:48.0,,,,,,,
22-Jul-22,315972,180840,8,Rejected,19:56.0,,,,,,,
22-Jul-22,314712,216000,1,Rejected,20:00.0,,,,,,,
22-Jul-22,314814,164676,5,Shipped,20:19.0,,,,,,,
22-Jul-22,311133,113936,1,Rejected,20:33.0,,,,,,,
22-Jul-22,318471,47736,1,Rejected,21:43.0,,,,,,,
22-Jul-22,312162,90192,3,Shipped,21:48.0,,,,,,,
22-Jul-22,301728,61064,9,Rejected,21:50.0,,,,,,,
22-Jul-22,303138,217616,9,Rejected,22:03.0,,,,,,,
22-Jul-22,309606,222196,1,Rejected,22:14.0,,,,,,,
22-Jul-22,303870,190028,8,Rejected,22:22.0,,,,,,,
22-Jul-22,312636,144644,1,Shipped,22:50.0,,,,,,,
22-Jul-22,308100,66092,4,Shipped,22:55.0,,,,,,,
22-Jul-22,311451,91728,1,Rejected,24:02.0,,,,,,,
22-Jul-22,315813,145160,12,Shipped,24:07.0,,,,,,,
22-Jul-22,316800,21504,1,Rejected,24:30.0,,,,,,,
22-Jul-22,317367,27468,1,Shipped,24:39.0,,,,,,,
22-Jul-22,309264,53764,8,Shipped,24:50.0,,,,,,,
22-Jul-22,318603,185972,3,Shipped,25:08.0,,,,,,,
22-Jul-22,303996,174000,1,Rejected,25:09.0,,,,,,,
22-Jul-22,304956,134260,9,Rejected,25:12.0,,,,,,,
22-Jul-22,318528,197132,4,Shipped,25:26.0,,,,,,,
22-Jul-22,314253,94932,9,Shipped,25:34.0,,,,,,,
22-Jul-22,316464,167580,11,Shipped,25:46.0,,,,,,,
22-Jul-22,304539,29980,1,Shipped,25:48.0,,,,,,,
22-Jul-22,311577,116296,4,Shipped,25:58.0,,,,,,,
22-Jul-22,302100,79744,1,Shipped,26:07.0,,,,,,,
22-Jul-22,316539,219944,4,Shipped,26:10.0,,,,,,,
22-Jul-22,300243,115108,5,Rejected,26:11.0,,,,,,,
22-Jul-22,315633,118608,1,Rejected,26:14.0,,,,,,,
22-Jul-22,318327,88592,9,Shipped,26:21.0,,,,,,,
22-Jul-22,310659,175236,1,Rejected,26:41.0,,,,,,,
22-Jul-22,303531,146124,4,Shipped,27:06.0,,,,,,,
22-Jul-22,299340,48784,8,Rejected,27:24.0,,,,,,,
22-Jul-22,299106,219288,1,Rejected,28:37.0,,,,,,,
22-Jul-22,305982,165708,1,Rejected,28:44.0,,,,,,,
22-Jul-22,303789,152976,11,Rejected,28:57.0,,,,,,,
22-Jul-22,305817,209048,8,Shipped,29:18.0,,,,,,,
22-Jul-22,299940,54624,2,Shipped,29:43.0,,,,,,,
22-Jul-22,300345,41076,1,Shipped,30:11.0,,,,,,,
22-Jul-22,317436,95816,11,Rejected,30:11.0,,,,,,,
22-Jul-22,305151,222176,8,Shipped,30:33.0,,,,,,,
22-Jul-22,305529,183580,1,Shipped,30:44.0,,,,,,,
22-Jul-22,310746,56452,8,Rejected,31:02.0,,,,,,,
22-Jul-22,299526,82084,10,Rejected,31:13.0,,,,,,,
22-Jul-22,306771,40988,1,Rejected,31:16.0,,,,,,,
22-Jul-22,303270,207124,2,Rejected,31:23.0,,,,,,,
22-Jul-22,316473,145160,12,Rejected,31:42.0,,,,,,,
22-Jul-22,308121,201740,1,Shipped,31:46.0,,,,,,,
22-Jul-22,315186,205092,9,Shipped,32:03.0,,,,,,,
22-Jul-22,314013,41004,1,Rejected,32:06.0,,,,,,,
22-Jul-22,313911,51672,9,Rejected,32:20.0,,,,,,,
22-Jul-22,301953,9332,1,Shipped,32:34.0,,,,,,,
22-Jul-22,309420,120156,9,Shipped,32:44.0,,,,,,,
22-Jul-22,302457,137364,8,Rejected,32:46.0,,,,,,,
22-Jul-22,303702,40988,1,Shipped,32:50.0,,,,,,,
22-Jul-22,317139,208336,1,Rejected,32:53.0,,,,,,,
22-Jul-22,301956,38408,1,Shipped,32:56.0,,,,,,,
22-Jul-22,303201,219308,9,Rejected,33:02.0,,,,,,,
22-Jul-22,311916,79872,3,Shipped,33:27.0,,,,,,,
22-Jul-22,311586,189936,8,Rejected,33:44.0,,,,,,,
22-Jul-22,300720,57464,9,Shipped,33:45.0,,,,,,,
22-Jul-22,317280,183580,1,Shipped,34:04.0,,,,,,,
22-Jul-22,305064,59836,2,Shipped,34:58.0,,,,,,,
22-Jul-22,317622,98488,4,Rejected,35:06.0,,,,,,,
22-Jul-22,304683,126140,10,Rejected,35:32.0,,,,,,,
22-Jul-22,308451,136896,1,Rejected,35:35.0,,,,,,,
22-Jul-22,308757,161792,9,Shipped,35:37.0,,,,,,,
22-Jul-22,317904,137360,1,Rejected,35:51.0,,,,,,,
22-Jul-22,304764,48264,1,Shipped,36:32.0,,,,,,,
22-Jul-22,301152,56740,11,Shipped,36:58.0,,,,,,,
22-Jul-22,312984,179364,9,Shipped,37:06.0,,,,,,,
22-Jul-22,316764,28780,1,Rejected,37:09.0,,,,,,,
22-Jul-22,315825,62636,4,Rejected,37:30.0,,,,,,,
22-Jul-22,298572,44628,9,Shipped,37:48.0,,,,,,,
22-Jul-22,310161,48340,9,Rejected,37:55.0,,,,,,,
22-Jul-22,304125,204996,7,Rejected,38:04.0,,,,,,,
22-Jul-22,308145,79744,1,Shipped,38:04.0,,,,,,,
22-Jul-22,315405,58744,8,Shipped,38:16.0,,,,,,,
22-Jul-22,317964,79256,10,Rejected,38:50.0,,,,,,,
22-Jul-22,299547,157844,2,Rejected,38:58.0,,,,,,,
22-Jul-22,305433,199376,3,Rejected,39:15.0,,,,,,,
22-Jul-22,308946,41420,8,Rejected,39:19.0,,,,,,,
22-Jul-22,314388,224388,1,Rejected,39:28.0,,,,,,,
22-Jul-22,298575,217864,9,Shipped,39:38.0,,,,,,,
22-Jul-22,317385,182440,2,Shipped,39:41.0,,,,,,,
22-Jul-22,318420,213164,4,Shipped,39:48.0,,,,,,,
22-Jul-22,301419,20360,1,Shipped,40:24.0,,,,,,,
22-Jul-22,311013,61460,8,Rejected,40:43.0,,,,,,,
22-Jul-22,317823,186200,4,Shipped,40:49.0,,,,,,,
22-Jul-22,301164,176340,4,Rejected,41:48.0,,,,,,,
22-Jul-22,307866,28864,1,Rejected,41:57.0,,,,,,,
22-Jul-22,304977,125168,11,Shipped,42:08.0,,,,,,,
22-Jul-22,313533,224288,4,Shipped,42:12.0,,,,,,,
22-Jul-22,302307,53048,7,Rejected,42:18.0,,,,,,,
22-Jul-22,299292,58912,8,Rejected,43:08.0,,,,,,,
22-Jul-22,313755,136464,9,Rejected,43:11.0,,,,,,,
22-Jul-22,300402,113348,3,Shipped,43:54.0,,,,,,,
22-Jul-22,303399,45616,1,Shipped,44:06.0,,,,,,,
22-Jul-22,311703,180932,8,Rejected,45:26.0,,,,,,,
22-Jul-22,310350,136388,1,Rejected,45:57.0,,,,,,,
22-Jul-22,308490,53388,8,Rejected,46:02.0,,,,,,,
22-Jul-22,303918,25932,1,Shipped,46:09.0,,,,,,,
22-Jul-22,302190,182040,3,Rejected,46:14.0,,,,,,,
22-Jul-22,316281,225136,9,Rejected,46:15.0,,,,,,,
22-Jul-22,302319,166932,1,Shipped,46:29.0,,,,,,,
22-Jul-22,301428,167412,1,Rejected,46:30.0,,,,,,,
22-Jul-22,318258,225532,4,Shipped,46:34.0,,,,,,,
22-Jul-22,306159,147508,8,Shipped,46:36.0,,,,,,,
22-Jul-22,298902,147112,10,Rejected,46:38.0,,,,,,,
22-Jul-22,310533,27120,5,Rejected,46:45.0,,,,,,,
22-Jul-22,299784,66616,2,Shipped,46:55.0,,,,,,,
22-Jul-22,305304,157596,9,Shipped,47:48.0,,,,,,,
22-Jul-22,318699,41372,5,Rejected,48:13.0,,,,,,,
22-Jul-22,317916,75740,10,Rejected,48:34.0,,,,,,,
22-Jul-22,307926,222860,9,Rejected,48:53.0,,,,,,,
22-Jul-22,307737,189956,9,Shipped,49:41.0,,,,,,,
22-Jul-22,309213,122424,8,Rejected,49:53.0,,,,,,,
22-Jul-22,312825,161700,3,Rejected,50:04.0,,,,,,,
22-Jul-22,303558,204652,9,Shipped,50:43.0,,,,,,,
22-Jul-22,312465,18632,1,Shipped,50:49.0,,,,,,,
22-Jul-22,315210,79652,8,Rejected,50:56.0,,,,,,,
22-Jul-22,300987,156964,10,Rejected,51:07.0,,,,,,,
22-Jul-22,315951,77668,2,Shipped,51:16.0,,,,,,,
22-Jul-22,316287,185272,1,Shipped,51:30.0,,,,,,,
22-Jul-22,314652,32808,1,Shipped,51:36.0,,,,,,,
22-Jul-22,310788,163440,4,Rejected,52:05.0,,,,,,,
22-Jul-22,305646,117648,8,Rejected,52:06.0,,,,,,,
22-Jul-22,306234,55240,8,Shipped,52:28.0,,,,,,,
22-Jul-22,318552,150660,11,Rejected,52:29.0,,,,,,,
22-Jul-22,306627,101600,2,Shipped,53:27.0,,,,,,,
22-Jul-22,306330,147452,1,Shipped,53:30.0,,,,,,,
22-Jul-22,308604,158900,5,Rejected,53:38.0,,,,,,,
22-Jul-22,303831,221864,2,Rejected,53:52.0,,,,,,,
22-Jul-22,304908,217408,2,Rejected,54:14.0,,,,,,,
22-Jul-22,306165,49612,1,Rejected,54:56.0,,,,,,,
22-Jul-22,318810,225664,9,Shipped,55:09.0,,,,,,,
22-Jul-22,309291,148616,2,Shipped,55:29.0,,,,,,,
22-Jul-22,315900,81080,11,Shipped,55:35.0,,,,,,,
22-Jul-22,303492,199844,9,Shipped,55:51.0,,,,,,,
22-Jul-22,299169,73436,3,Shipped,55:54.0,,,,,,,
22-Jul-22,316596,217764,10,Rejected,56:03.0,,,,,,,
22-Jul-22,303063,192832,2,Shipped,56:10.0,,,,,,,
22-Jul-22,307032,122056,9,Shipped,56:31.0,,,,,,,
22-Jul-22,318561,219456,5,Shipped,56:58.0,,,,,,,
22-Jul-22,304707,210812,2,Shipped,57:19.0,,,,,,,
22-Jul-22,302271,47956,1,Shipped,57:33.0,,,,,,,
22-Jul-22,311319,221588,10,Rejected,57:39.0,,,,,,,
22-Jul-22,308619,79744,1,Shipped,57:46.0,,,,,,,
22-Jul-22,316107,180256,5,Shipped,57:56.0,,,,,,,
22-Jul-22,304620,24980,1,Shipped,58:03.0,,,,,,,
22-Jul-22,301272,130984,1,Rejected,58:37.0,,,,,,,
22-Jul-22,312939,198640,3,Rejected,59:32.0,,,,,,,
22-Jul-22,309675,41420,8,Shipped,59:39.0,,,,,,,
22-Jul-22,310701,223488,9,Shipped,59:40.0,,,,,,,
23-Jul-22,304809,205720,4,Rejected,00:12.0,,,,,,,
23-Jul-22,301344,57508,1,Shipped,00:26.0,,,,,,,
23-Jul-22,313035,79516,1,Shipped,01:18.0,,,,,,,
23-Jul-22,299172,217656,8,Rejected,01:43.0,,,,,,,
23-Jul-22,316200,49168,1,Rejected,01:45.0,,,,,,,
23-Jul-22,306426,44560,1,Rejected,01:48.0,,,,,,,
23-Jul-22,309810,172252,1,Rejected,01:51.0,,,,,,,
23-Jul-22,304503,136664,4,Shipped,02:14.0,,,,,,,
23-Jul-22,308046,216060,9,Rejected,03:11.0,,,,,,,
23-Jul-22,317766,181736,11,Shipped,03:13.0,,,,,,,
23-Jul-22,310557,9988,1,Shipped,03:36.0,,,,,,,
23-Jul-22,310710,165212,5,Rejected,03:40.0,,,,,,,
23-Jul-22,299472,147576,8,Shipped,03:58.0,,,,,,,
23-Jul-22,307128,44352,9,Shipped,04:08.0,,,,,,,
23-Jul-22,307452,105888,3,Shipped,04:16.0,,,,,,,
23-Jul-22,304152,221928,2,Rejected,04:18.0,,,,,,,
23-Jul-22,299244,89660,9,Shipped,04:25.0,,,,,,,
23-Jul-22,307557,38448,1,Shipped,04:30.0,,,,,,,
23-Jul-22,317853,76956,4,Rejected,04:45.0,,,,,,,
23-Jul-22,306738,190500,9,Rejected,04:56.0,,,,,,,
23-Jul-22,308052,126420,4,Shipped,05:27.0,,,,,,,
23-Jul-22,317856,156404,2,Rejected,05:53.0,,,,,,,
23-Jul-22,299061,94288,10,Shipped,06:09.0,,,,,,,
23-Jul-22,301578,116316,4,Rejected,06:34.0,,,,,,,
23-Jul-22,308061,222476,8,Shipped,07:24.0,,,,,,,
23-Jul-22,307674,206688,10,Rejected,07:37.0,,,,,,,
23-Jul-22,316899,223776,1,Rejected,07:47.0,,,,,,,
23-Jul-22,314985,20360,1,Shipped,08:03.0,,,,,,,
23-Jul-22,309090,29888,1,Rejected,08:05.0,,,,,,,
23-Jul-22,311034,223600,12,Rejected,08:19.0,,,,,,,
23-Jul-22,303222,194924,4,Rejected,08:20.0,,,,,,,
23-Jul-22,311349,66092,4,Shipped,08:24.0,,,,,,,
23-Jul-22,300147,128656,9,Shipped,08:52.0,,,,,,,
23-Jul-22,308529,35416,1,Shipped,08:56.0,,,,,,,
23-Jul-22,312885,158200,1,Shipped,08:56.0,,,,,,,
23-Jul-22,318645,19468,1,Rejected,09:07.0,,,,,,,
23-Jul-22,314457,67160,11,Shipped,09:29.0,,,,,,,
23-Jul-22,314883,88460,8,Shipped,09:36.0,,,,,,,
23-Jul-22,309591,204724,10,Rejected,10:03.0,,,,,,,
23-Jul-22,310266,117804,9,Rejected,10:23.0,,,,,,,
23-Jul-22,316311,71136,11,Rejected,10:25.0,,,,,,,
23-Jul-22,308532,179984,5,Shipped,10:37.0,,,,,,,
23-Jul-22,315555,190076,9,Rejected,10:41.0,,,,,,,
23-Jul-22,317565,57412,9,Shipped,10:41.0,,,,,,,
23-Jul-22,306747,214976,8,Shipped,10:42.0,,,,,,,
23-Jul-22,299253,165060,1,Rejected,11:06.0,,,,,,,
23-Jul-22,306540,144164,2,Shipped,11:25.0,,,,,,,
23-Jul-22,304638,77548,4,Shipped,11:27.0,,,,,,,
23-Jul-22,301359,62908,2,Rejected,11:37.0,,,,,,,
23-Jul-22,317043,104712,9,Shipped,11:51.0,,,,,,,
23-Jul-22,301032,66216,10,Rejected,12:33.0,,,,,,,
23-Jul-22,302601,221352,1,Shipped,13:10.0,,,,,,,
23-Jul-22,318228,168088,1,Shipped,13:22.0,,,,,,,
23-Jul-22,305790,80068,3,Rejected,13:30.0,,,,,,,
23-Jul-22,312888,223776,1,Rejected,13:55.0,,,,,,,
23-Jul-22,299184,220580,2,Rejected,14:45.0,,,,,,,
23-Jul-22,318186,12828,2,Shipped,14:59.0,,,,,,,
23-Jul-22,308904,47448,8,Rejected,15:25.0,,,,,,,
23-Jul-22,307893,218048,9,Rejected,15:29.0,,,,,,,
23-Jul-22,305034,112644,2,Rejected,16:17.0,,,,,,,
23-Jul-22,303975,44336,9,Shipped,16:52.0,,,,,,,
23-Jul-22,315669,208924,10,Rejected,17:53.0,,,,,,,
23-Jul-22,313050,162624,4,Shipped,18:04.0,,,,,,,
23-Jul-22,305340,127792,8,Shipped,18:35.0,,,,,,,
23-Jul-22,316380,29280,1,Shipped,18:42.0,,,,,,,
23-Jul-22,312963,224188,4,Rejected,19:00.0,,,,,,,
23-Jul-22,310038,201560,4,Rejected,19:18.0,,,,,,,
23-Jul-22,314301,224468,1,Rejected,19:18.0,,,,,,,
23-Jul-22,315270,147088,9,Shipped,19:24.0,,,,,,,
23-Jul-22,304221,220952,5,Shipped,19:43.0,,,,,,,
23-Jul-22,306546,47396,9,Shipped,20:01.0,,,,,,,
23-Jul-22,300234,181292,1,Shipped,20:15.0,,,,,,,
23-Jul-22,313269,140520,2,Shipped,20:21.0,,,,,,,
23-Jul-22,303771,75284,3,Shipped,20:26.0,,,,,,,
23-Jul-22,302958,214016,1,Rejected,20:38.0,,,,,,,
23-Jul-22,311565,25672,1,Rejected,20:50.0,,,,,,,
23-Jul-22,310398,130528,8,Shipped,20:58.0,,,,,,,
23-Jul-22,310404,32668,5,Shipped,21:34.0,,,,,,,
23-Jul-22,318276,202432,10,Rejected,21:38.0,,,,,,,
23-Jul-22,315747,224824,1,Rejected,22:07.0,,,,,,,
23-Jul-22,314241,204588,1,Shipped,22:13.0,,,,,,,
23-Jul-22,313851,96496,11,Rejected,22:29.0,,,,,,,
23-Jul-22,308817,162624,4,Rejected,22:38.0,,,,,,,
23-Jul-22,298878,65180,5,Shipped,22:42.0,,,,,,,
23-Jul-22,307149,70960,1,Rejected,22:43.0,,,,,,,
23-Jul-22,307152,32884,5,Shipped,22:46.0,,,,,,,
23-Jul-22,310197,169120,10,Rejected,23:04.0,,,,,,,
23-Jul-22,315672,71136,11,Rejected,23:05.0,,,,,,,
23-Jul-22,315018,173820,9,Rejected,23:11.0,,,,,,,
23-Jul-22,317124,148392,11,Rejected,23:19.0,,,,,,,
23-Jul-22,313431,73812,4,Rejected,23:29.0,,,,,,,
23-Jul-22,310647,74676,4,Rejected,23:30.0,,,,,,,
23-Jul-22,315279,57084,8,Shipped,23:51.0,,,,,,,
23-Jul-22,305973,185368,9,Rejected,23:55.0,,,,,,,
23-Jul-22,314385,136388,1,Rejected,24:14.0,,,,,,,
23-Jul-22,311139,125684,8,Rejected,24:31.0,,,,,,,
23-Jul-22,315981,79016,4,Shipped,24:36.0,,,,,,,
23-Jul-22,312639,204600,10,Rejected,25:58.0,,,,,,,
23-Jul-22,308433,214016,1,Rejected,26:06.0,,,,,,,
23-Jul-22,311676,61460,8,Rejected,26:18.0,,,,,,,
23-Jul-22,300165,138900,9,Shipped,26:44.0,,,,,,,
23-Jul-22,308226,92804,5,Shipped,27:17.0,,,,,,,
23-Jul-22,316542,214088,5,Shipped,27:24.0,,,,,,,
23-Jul-22,304857,147624,1,Shipped,28:00.0,,,,,,,
23-Jul-22,299667,82084,10,Shipped,29:07.0,,,,,,,
23-Jul-22,314004,43844,9,Shipped,29:19.0,,,,,,,
23-Jul-22,313443,147104,5,Rejected,29:37.0,,,,,,,
23-Jul-22,306198,118816,1,Shipped,29:43.0,,,,,,,
23-Jul-22,310059,43204,1,Shipped,29:45.0,,,,,,,
23-Jul-22,307806,138656,4,Shipped,29:58.0,,,,,,,
23-Jul-22,315303,198248,3,Rejected,30:32.0,,,,,,,
23-Jul-22,304869,168088,1,Shipped,30:44.0,,,,,,,
23-Jul-22,317136,206412,11,Shipped,30:57.0,,,,,,,
23-Jul-22,311583,51092,8,Shipped,31:06.0,,,,,,,
23-Jul-22,304467,75400,4,Shipped,31:10.0,,,,,,,
23-Jul-22,306774,98152,1,Rejected,31:42.0,,,,,,,
23-Jul-22,310896,85772,8,Shipped,31:43.0,,,,,,,
23-Jul-22,312528,223956,2,Rejected,31:48.0,,,,,,,
23-Jul-22,307773,154932,2,Shipped,31:58.0,,,,,,,
23-Jul-22,313446,85132,1,Shipped,32:07.0,,,,,,,
23-Jul-22,308445,60960,5,Shipped,32:11.0,,,,,,,
23-Jul-22,298668,22836,1,Shipped,32:18.0,,,,,,,
23-Jul-22,303807,221444,11,Rejected,32:32.0,,,,,,,
23-Jul-22,298767,154088,11,Shipped,32:40.0,,,,,,,
23-Jul-22,306567,62796,1,Shipped,32:53.0,,,,,,,
23-Jul-22,309177,99904,8,Rejected,33:27.0,,,,,,,
23-Jul-22,316560,181516,8,Shipped,33:38.0,,,,,,,
23-Jul-22,310413,220608,9,Pending,33:58.0,,,,,,,
23-Jul-22,307371,179868,11,Rejected,34:01.0,,,,,,,
23-Jul-22,303291,47156,5,Shipped,34:05.0,,,,,,,
23-Jul-22,302049,43180,4,Rejected,34:15.0,,,,,,,
23-Jul-22,312381,38752,1,Shipped,34:33.0,,,,,,,
23-Jul-22,300447,104712,9,Shipped,34:47.0,,,,,,,
23-Jul-22,315693,142948,10,Rejected,35:09.0,,,,,,,
23-Jul-22,303429,53104,2,Rejected,35:28.0,,,,,,,
23-Jul-22,312834,79516,1,Rejected,35:31.0,,,,,,,
23-Jul-22,309972,62600,4,Rejected,35:37.0,,,,,,,
23-Jul-22,301734,61064,9,Rejected,35:51.0,,,,,,,
23-Jul-22,303624,174372,2,Shipped,35:56.0,,,,,,,
23-Jul-22,314925,64460,9,Rejected,36:02.0,,,,,,,
23-Jul-22,309429,32444,5,Shipped,36:34.0,,,,,,,
23-Jul-22,304470,221764,9,Rejected,36:42.0,,,,,,,
23-Jul-22,317604,108212,9,Shipped,36:47.0,,,,,,,
23-Jul-22,310833,212368,4,Shipped,36:51.0,,,,,,,
23-Jul-22,300639,215472,4,Rejected,37:02.0,,,,,,,
23-Jul-22,301089,221000,5,Shipped,37:13.0,,,,,,,
23-Jul-22,302733,98596,4,Shipped,37:53.0,,,,,,,
23-Jul-22,309006,218124,7,Rejected,38:06.0,,,,,,,
23-Jul-22,314775,68896,11,Shipped,38:10.0,,,,,,,
23-Jul-22,316350,96808,4,Shipped,38:12.0,,,,,,,
23-Jul-22,315996,151884,11,Rejected,38:39.0,,,,,,,
23-Jul-22,311277,25284,1,Shipped,39:01.0,,,,,,,
23-Jul-22,298581,208944,8,Rejected,41:08.0,,,,,,,
23-Jul-22,305073,175236,1,Shipped,41:28.0,,,,,,,
23-Jul-22,304689,199404,2,Shipped,41:58.0,,,,,,,
23-Jul-22,302904,55732,1,Rejected,42:21.0,,,,,,,
23-Jul-22,308154,111348,9,Rejected,42:37.0,,,,,,,
23-Jul-22,307389,89256,9,Shipped,42:56.0,,,,,,,
23-Jul-22,305916,156896,1,Shipped,43:21.0,,,,,,,
23-Jul-22,311406,135332,4,Rejected,43:24.0,,,,,,,
23-Jul-22,304023,52080,9,Shipped,43:28.0,,,,,,,
23-Jul-22,307392,221644,10,Rejected,43:58.0,,,,,,,
23-Jul-22,310443,182536,1,Shipped,44:13.0,,,,,,,
23-Jul-22,298695,93412,4,Shipped,44:38.0,,,,,,,
23-Jul-22,302118,43488,1,Shipped,44:42.0,,,,,,,
23-Jul-22,315834,168832,2,Shipped,44:54.0,,,,,,,
23-Jul-22,309906,44260,8,Shipped,45:42.0,,,,,,,
23-Jul-22,314778,121588,1,Rejected,45:50.0,,,,,,,
23-Jul-22,303549,64324,2,Shipped,46:13.0,,,,,,,
23-Jul-22,302658,218864,1,Pending,46:16.0,,,,,,,
23-Jul-22,309762,86296,1,Rejected,46:17.0,,,,,,,
23-Jul-22,311709,176276,4,Rejected,46:22.0,,,,,,,
23-Jul-22,315945,105528,9,Shipped,46:26.0,,,,,,,
23-Jul-22,301815,70916,1,Shipped,47:26.0,,,,,,,
23-Jul-22,302982,113032,9,Shipped,47:39.0,,,,,,,
23-Jul-22,316569,42244,8,Shipped,47:47.0,,,,,,,
23-Jul-22,309210,143700,1,Rejected,48:03.0,,,,,,,
23-Jul-22,300186,137536,1,Shipped,48:15.0,,,,,,,
23-Jul-22,312201,19256,1,Shipped,48:27.0,,,,,,,
23-Jul-22,314562,74636,3,Rejected,49:08.0,,,,,,,
23-Jul-22,301821,219600,4,Rejected,49:56.0,,,,,,,
23-Jul-22,308505,28656,1,Shipped,50:12.0,,,,,,,
23-Jul-22,308856,32852,1,Rejected,50:23.0,,,,,,,
23-Jul-22,318066,25420,1,Shipped,50:45.0,,,,,,,
23-Jul-22,301632,79016,4,Shipped,50:56.0,,,,,,,
23-Jul-22,318855,71136,11,Shipped,52:03.0,,,,,,,
23-Jul-22,309345,121424,4,Shipped,52:27.0,,,,,,,
23-Jul-22,308910,58192,1,Rejected,53:12.0,,,,,,,
23-Jul-22,309348,136388,1,Rejected,53:52.0,,,,,,,
23-Jul-22,312759,178468,1,Rejected,54:05.0,,,,,,,
23-Jul-22,311883,70472,1,Rejected,54:40.0,,,,,,,
23-Jul-22,318723,26132,1,Shipped,55:10.0,,,,,,,
23-Jul-22,318726,222352,1,Rejected,55:11.0,,,,,,,
23-Jul-22,315573,72212,1,Rejected,55:37.0,,,,,,,
23-Jul-22,298815,54456,8,Shipped,55:38.0,,,,,,,
23-Jul-22,299424,182504,1,Rejected,55:55.0,,,,,,,
23-Jul-22,303357,118440,3,Rejected,56:36.0,,,,,,,
23-Jul-22,303954,207672,1,Shipped,56:42.0,,,,,,,
23-Jul-22,303363,221732,2,Rejected,57:46.0,,,,,,,
23-Jul-22,312492,53008,8,Shipped,57:49.0,,,,,,,
23-Jul-22,298941,24660,1,Rejected,58:10.0,,,,,,,
23-Jul-22,305313,222176,8,Rejected,58:39.0,,,,,,,
23-Jul-22,306423,37356,1,Rejected,58:50.0,,,,,,,
23-Jul-22,301110,28192,5,Rejected,58:57.0,,,,,,,
23-Jul-22,299802,204132,8,Shipped,59:10.0,,,,,,,
23-Jul-22,318264,45100,1,Rejected,59:11.0,,,,,,,
23-Jul-22,306240,131352,1,Shipped,59:31.0,,,,,,,
23-Jul-22,318504,80840,2,Rejected,59:43.0,,,,,,,
23-Jul-22,309294,222452,8,Shipped,59:59.0,,,,,,,
24-Jul-22,301857,57488,8,Rejected,00:06.0,,,,,,,
24-Jul-22,305007,44980,1,Shipped,00:08.0,,,,,,,
24-Jul-22,305577,212536,4,Shipped,01:05.0,,,,,,,
24-Jul-22,305286,153032,1,Rejected,01:36.0,,,,,,,
24-Jul-22,302355,52032,8,Shipped,02:40.0,,,,,,,
24-Jul-22,298725,211596,3,Rejected,03:21.0,,,,,,,
24-Jul-22,308361,95388,9,Shipped,03:31.0,,,,,,,
24-Jul-22,315243,85132,1,Rejected,03:36.0,,,,,,,
24-Jul-22,301791,175500,8,Rejected,03:47.0,,,,,,,
24-Jul-22,316242,79792,2,Shipped,03:50.0,,,,,,,
24-Jul-22,303426,221644,10,Rejected,03:54.0,,,,,,,
24-Jul-22,305580,151716,10,Rejected,04:04.0,,,,,,,
24-Jul-22,313038,164708,10,Rejected,04:05.0,,,,,,,
24-Jul-22,303069,117024,2,Shipped,04:17.0,,,,,,,
24-Jul-22,307554,185108,8,Shipped,04:21.0,,,,,,,
24-Jul-22,315252,64372,2,Shipped,04:31.0,,,,,,,
24-Jul-22,300828,67116,10,Shipped,05:09.0,,,,,,,
24-Jul-22,317775,210884,3,Rejected,05:19.0,,,,,,,
24-Jul-22,305475,222252,10,Rejected,05:20.0,,,,,,,
24-Jul-22,312879,147072,2,Shipped,05:31.0,,,,,,,
24-Jul-22,306435,209276,10,Rejected,05:39.0,,,,,,,
24-Jul-22,301572,184228,5,Shipped,05:50.0,,,,,,,
24-Jul-22,301284,218748,9,Rejected,07:08.0,,,,,,,
24-Jul-22,306525,218272,1,Rejected,07:28.0,,,,,,,
24-Jul-22,316209,147592,1,Shipped,07:41.0,,,,,,,
24-Jul-22,308895,42848,8,Rejected,07:53.0,,,,,,,
24-Jul-22,300072,57488,8,Rejected,07:58.0,,,,,,,
24-Jul-22,310926,165128,3,Rejected,08:09.0,,,,,,,
24-Jul-22,315444,150972,10,Rejected,08:52.0,,,,,,,
24-Jul-22,317037,119324,9,Rejected,08:59.0,,,,,,,
24-Jul-22,305124,2124,1,Shipped,09:05.0,,,,,,,
24-Jul-22,305952,85432,4,Shipped,09:25.0,,,,,,,
24-Jul-22,305877,180256,5,Rejected,09:50.0,,,,,,,
24-Jul-22,304209,162032,1,Shipped,10:04.0,,,,,,,
24-Jul-22,303585,53008,8,Shipped,10:15.0,,,,,,,
24-Jul-22,305673,50656,1,Rejected,10:23.0,,,,,,,
24-Jul-22,310938,145620,1,Rejected,10:37.0,,,,,,,
24-Jul-22,316065,82256,3,Rejected,10:49.0,,,,,,,
24-Jul-22,318273,177760,5,Rejected,10:50.0,,,,,,,
24-Jul-22,317412,19404,1,Shipped,10:53.0,,,,,,,
24-Jul-22,308646,9988,1,Rejected,11:41.0,,,,,,,
24-Jul-22,304212,162032,1,Shipped,11:49.0,,,,,,,
24-Jul-22,305205,156340,4,Rejected,11:55.0,,,,,,,
24-Jul-22,299628,71616,10,Shipped,12:21.0,,,,,,,
24-Jul-22,299721,117648,8,Rejected,12:23.0,,,,,,,
24-Jul-22,315798,69448,9,Shipped,12:34.0,,,,,,,
24-Jul-22,309045,165404,11,Rejected,12:49.0,,,,,,,
24-Jul-22,312069,180120,8,Rejected,12:57.0,,,,,,,
24-Jul-22,314292,209300,10,Rejected,13:03.0,,,,,,,
24-Jul-22,308076,209048,8,Rejected,13:53.0,,,,,,,
24-Jul-22,301866,104008,11,Rejected,14:08.0,,,,,,,
24-Jul-22,298647,195004,2,Shipped,14:20.0,,,,,,,
24-Jul-22,304734,106360,9,Rejected,14:23.0,,,,,,,
24-Jul-22,300741,48184,8,Rejected,14:37.0,,,,,,,
24-Jul-22,307062,61120,8,Rejected,14:49.0,,,,,,,
24-Jul-22,303006,88860,8,Shipped,14:52.0,,,,,,,
24-Jul-22,304524,93988,3,Shipped,15:12.0,,,,,,,
24-Jul-22,310635,199844,9,Shipped,15:35.0,,,,,,,
24-Jul-22,312960,83652,7,Shipped,16:04.0,,,,,,,
24-Jul-22,315801,147744,1,Shipped,16:39.0,,,,,,,
24-Jul-22,308709,18652,1,Rejected,17:16.0,,,,,,,
24-Jul-22,310809,21884,1,Shipped,18:01.0,,,,,,,
24-Jul-22,306684,79584,8,Shipped,18:02.0,,,,,,,
24-Jul-22,304326,195988,9,Rejected,18:21.0,,,,,,,
24-Jul-22,316317,115960,9,Shipped,18:24.0,,,,,,,
24-Jul-22,310584,145980,4,Rejected,18:31.0,,,,,,,
24-Jul-22,316152,79652,8,Rejected,18:35.0,,,,,,,
24-Jul-22,318759,70124,5,Rejected,19:56.0,,,,,,,
24-Jul-22,317685,217844,11,Shipped,20:09.0,,,,,,,
24-Jul-22,310881,223532,4,Rejected,20:21.0,,,,,,,
24-Jul-22,306996,73832,9,Shipped,20:37.0,,,,,,,
24-Jul-22,316329,205104,9,Shipped,21:12.0,,,,,,,
24-Jul-22,302037,31260,1,Shipped,22:13.0,,,,,,,
24-Jul-22,317571,59012,9,Shipped,22:31.0,,,,,,,
24-Jul-22,302514,19324,1,Shipped,22:50.0,,,,,,,
24-Jul-22,317361,125212,9,Shipped,22:54.0,,,,,,,
24-Jul-22,310815,65548,9,Rejected,23:03.0,,,,,,,
24-Jul-22,302709,221436,8,Rejected,23:25.0,,,,,,,
24-Jul-22,300951,62132,2,Rejected,23:30.0,,,,,,,
24-Jul-22,307764,190500,9,Rejected,23:32.0,,,,,,,
24-Jul-22,300156,218536,3,Rejected,23:40.0,,,,,,,
24-Jul-22,318309,225552,1,Rejected,24:00.0,,,,,,,
24-Jul-22,314907,196852,10,Rejected,24:17.0,,,,,,,
24-Jul-22,318771,221848,4,Shipped,24:18.0,,,,,,,
24-Jul-22,308739,221592,9,Rejected,24:40.0,,,,,,,
24-Jul-22,316839,213452,10,Rejected,25:10.0,,,,,,,
24-Jul-22,302589,217040,10,Rejected,25:18.0,,,,,,,
24-Jul-22,314250,37872,1,Shipped,25:32.0,,,,,,,
24-Jul-22,311265,153048,4,Shipped,25:39.0,,,,,,,
24-Jul-22,299733,123972,9,Shipped,25:56.0,,,,,,,
24-Jul-22,306057,56204,9,Rejected,26:40.0,,,,,,,
24-Jul-22,306273,80780,9,Shipped,26:42.0,,,,,,,
24-Jul-22,303609,216572,1,Rejected,26:53.0,,,,,,,
24-Jul-22,312372,76500,8,Shipped,26:54.0,,,,,,,
24-Jul-22,313065,103928,10,Shipped,27:12.0,,,,,,,
24-Jul-22,313068,125236,1,Rejected,27:22.0,,,,,,,
24-Jul-22,305145,222176,8,Rejected,27:48.0,,,,,,,
24-Jul-22,313353,206852,3,Rejected,27:57.0,,,,,,,
24-Jul-22,302109,220128,1,Rejected,28:24.0,,,,,,,
24-Jul-22,308310,55508,1,Rejected,28:45.0,,,,,,,
24-Jul-22,310743,51092,8,Rejected,28:50.0,,,,,,,
24-Jul-22,302229,184304,4,Shipped,28:58.0,,,,,,,
24-Jul-22,310611,120312,1,Shipped,29:45.0,,,,,,,
24-Jul-22,304758,138068,1,Shipped,30:10.0,,,,,,,
24-Jul-22,315297,224876,5,Rejected,30:18.0,,,,,,,
24-Jul-22,314010,223112,9,Rejected,31:19.0,,,,,,,
24-Jul-22,316554,217832,5,Shipped,31:21.0,,,,,,,
24-Jul-22,310665,131352,1,Rejected,31:29.0,,,,,,,
24-Jul-22,304188,18808,1,Shipped,31:53.0,,,,,,,
24-Jul-22,316080,34284,1,Shipped,31:53.0,,,,,,,
24-Jul-22,316557,222612,3,Shipped,32:00.0,,,,,,,
24-Jul-22,311850,147072,2,Rejected,32:15.0,,,,,,,
24-Jul-22,306282,218388,9,Shipped,32:36.0,,,,,,,
24-Jul-22,302649,62908,2,Shipped,33:25.0,,,,,,,
24-Jul-22,312753,101400,1,Rejected,33:25.0,,,,,,,
24-Jul-22,318783,181516,8,Shipped,33:58.0,,,,,,,
24-Jul-22,318615,101892,5,Shipped,34:23.0,,,,,,,
24-Jul-22,318366,43272,8,Rejected,34:41.0,,,,,,,
24-Jul-22,308136,90940,11,Rejected,35:12.0,,,,,,,
24-Jul-22,313212,206336,2,Shipped,36:17.0,,,,,,,
24-Jul-22,318687,212804,2,Shipped,36:22.0,,,,,,,
24-Jul-22,316713,45616,1,Shipped,37:30.0,,,,,,,
24-Jul-22,298569,57032,5,Shipped,37:39.0,,,,,,,
24-Jul-22,304581,145832,11,Shipped,38:16.0,,,,,,,
24-Jul-22,318039,178744,8,Rejected,38:36.0,,,,,,,
24-Jul-22,308460,116772,4,Shipped,38:43.0,,,,,,,
24-Jul-22,314838,76524,8,Rejected,38:49.0,,,,,,,
24-Jul-22,298776,202196,2,Rejected,39:07.0,,,,,,,
24-Jul-22,300849,59676,2,Shipped,39:30.0,,,,,,,
24-Jul-22,312555,189936,8,Shipped,39:31.0,,,,,,,
24-Jul-22,308001,110056,8,Shipped,40:22.0,,,,,,,
24-Jul-22,317058,155136,11,Shipped,40:24.0,,,,,,,
24-Jul-22,316851,199376,3,Shipped,40:40.0,,,,,,,
24-Jul-22,309984,185108,8,Shipped,40:44.0,,,,,,,
24-Jul-22,299010,57508,1,Shipped,42:12.0,,,,,,,
24-Jul-22,300804,206960,3,Rejected,42:31.0,,,,,,,
24-Jul-22,311199,46872,1,Rejected,42:54.0,,,,,,,
24-Jul-22,301167,106420,9,Rejected,43:02.0,,,,,,,
24-Jul-22,302409,180840,8,Rejected,43:25.0,,,,,,,
24-Jul-22,307017,52248,8,Rejected,43:27.0,,,,,,,
24-Jul-22,305442,202368,2,Shipped,43:40.0,,,,,,,
24-Jul-22,298587,153056,11,Rejected,43:59.0,,,,,,,
24-Jul-22,307734,216968,8,Shipped,44:23.0,,,,,,,
24-Jul-22,313674,151092,5,Rejected,44:27.0,,,,,,,
24-Jul-22,313098,184356,1,Shipped,44:50.0,,,,,,,
24-Jul-22,314940,175044,2,Shipped,44:50.0,,,,,,,
24-Jul-22,303447,127792,8,Rejected,45:15.0,,,,,,,
24-Jul-22,314847,152044,2,Shipped,45:28.0,,,,,,,
24-Jul-22,310242,218288,2,Rejected,45:40.0,,,,,,,
24-Jul-22,304029,51432,11,Rejected,46:04.0,,,,,,,
24-Jul-22,318546,28732,1,Shipped,46:06.0,,,,,,,
24-Jul-22,299781,219084,3,Shipped,46:14.0,,,,,,,
24-Jul-22,307218,88760,1,Shipped,46:14.0,,,,,,,
24-Jul-22,306156,71960,4,Shipped,46:27.0,,,,,,,
24-Jul-22,308493,216060,9,Rejected,46:28.0,,,,,,,
24-Jul-22,310773,133960,5,Shipped,46:30.0,,,,,,,
24-Jul-22,313758,222052,3,Rejected,46:45.0,,,,,,,
24-Jul-22,310623,73072,1,Shipped,46:51.0,,,,,,,
24-Jul-22,306969,66464,3,Rejected,47:07.0,,,,,,,
24-Jul-22,299217,68864,2,Rejected,47:45.0,,,,,,,
24-Jul-22,310983,217832,5,Rejected,48:00.0,,,,,,,
24-Jul-22,300594,149240,1,Rejected,48:58.0,,,,,,,
24-Jul-22,300729,77916,3,Shipped,49:05.0,,,,,,,
24-Jul-22,301248,217576,2,Shipped,49:09.0,,,,,,,
24-Jul-22,317154,208504,2,Rejected,49:16.0,,,,,,,
24-Jul-22,318435,186388,4,Rejected,50:14.0,,,,,,,
24-Jul-22,301176,57668,5,Rejected,50:27.0,,,,,,,
24-Jul-22,306327,147028,9,Rejected,50:40.0,,,,,,,
24-Jul-22,317922,79072,4,Shipped,50:58.0,,,,,,,
24-Jul-22,312666,207536,10,Rejected,51:09.0,,,,,,,
24-Jul-22,313596,79536,2,Rejected,51:19.0,,,,,,,
24-Jul-22,303561,140520,2,Rejected,51:23.0,,,,,,,
24-Jul-22,303828,221364,8,Rejected,51:34.0,,,,,,,
24-Jul-22,300465,162980,3,Shipped,51:48.0,,,,,,,
24-Jul-22,310194,169120,10,Rejected,51:50.0,,,,,,,
24-Jul-22,309150,149728,9,Rejected,52:25.0,,,,,,,
24-Jul-22,305283,221044,10,Rejected,52:54.0,,,,,,,
24-Jul-22,314946,27204,1,Rejected,53:07.0,,,,,,,
24-Jul-22,299976,220788,4,Shipped,53:34.0,,,,,,,
24-Jul-22,306078,54356,8,Rejected,54:18.0,,,,,,,
24-Jul-22,305094,80156,4,Rejected,54:31.0,,,,,,,
24-Jul-22,302268,8424,5,Rejected,54:33.0,,,,,,,
24-Jul-22,311796,202996,9,Rejected,54:48.0,,,,,,,
24-Jul-22,310698,131352,1,Shipped,54:49.0,,,,,,,
24-Jul-22,299232,67144,2,Shipped,55:17.0,,,,,,,
24-Jul-22,314478,190136,1,Rejected,55:38.0,,,,,,,
24-Jul-22,317754,145496,9,Shipped,55:41.0,,,,,,,
24-Jul-22,301710,105984,9,Shipped,55:44.0,,,,,,,
24-Jul-22,312672,175900,10,Rejected,55:47.0,,,,,,,
24-Jul-22,314859,71188,11,Shipped,55:50.0,,,,,,,
24-Jul-22,315576,222196,1,Rejected,55:50.0,,,,,,,
24-Jul-22,318174,156404,2,Shipped,56:23.0,,,,,,,
24-Jul-22,315231,31812,5,Shipped,56:53.0,,,,,,,
24-Jul-22,310086,39500,1,Shipped,57:01.0,,,,,,,
24-Jul-22,314523,77408,3,Rejected,57:15.0,,,,,,,
24-Jul-22,316665,201948,9,Shipped,57:24.0,,,,,,,
24-Jul-22,311316,212552,10,Rejected,57:33.0,,,,,,,
24-Jul-22,306003,132980,1,Rejected,57:41.0,,,,,,,
24-Jul-22,306522,219676,3,Rejected,57:44.0,,,,,,,
24-Jul-22,305307,86888,9,Shipped,57:53.0,,,,,,,
24-Jul-22,306642,53688,9,Rejected,57:56.0,,,,,,,
24-Jul-22,314157,105788,4,Rejected,58:12.0,,,,,,,
24-Jul-22,307125,170484,4,Shipped,58:43.0,,,,,,,
24-Jul-22,300306,57440,5,Rejected,58:59.0,,,,,,,
24-Jul-22,301647,43532,8,Shipped,59:00.0,,,,,,,
24-Jul-22,312591,58400,5,Rejected,59:03.0,,,,,,,
24-Jul-22,312030,18632,1,Shipped,59:30.0,,,,,,,
24-Jul-22,313140,161636,4,Rejected,59:39.0,,,,,,,
25-Jul-22,313803,224360,8,Rejected,00:02.0,,,,,,,
25-Jul-22,314787,61276,9,Rejected,00:22.0,,,,,,,
25-Jul-22,316026,217824,9,Rejected,00:30.0,,,,,,,
25-Jul-22,300348,169384,5,Rejected,00:39.0,,,,,,,
25-Jul-22,299895,57464,9,Rejected,00:57.0,,,,,,,
25-Jul-22,318177,160576,2,Rejected,01:01.0,,,,,,,
25-Jul-22,307548,190500,9,Shipped,01:49.0,,,,,,,
25-Jul-22,304380,85576,4,Rejected,01:55.0,,,,,,,
25-Jul-22,306735,62908,2,Rejected,01:55.0,,,,,,,
25-Jul-22,305664,141684,4,Rejected,02:01.0,,,,,,,
25-Jul-22,309582,108736,7,Shipped,02:02.0,,,,,,,
25-Jul-22,313248,212572,11,Shipped,02:37.0,,,,,,,
25-Jul-22,299373,62796,1,Shipped,02:51.0,,,,,,,
25-Jul-22,317325,194632,8,Rejected,02:59.0,,,,,,,
25-Jul-22,300984,101756,10,Rejected,03:41.0,,,,,,,
25-Jul-22,309372,105528,9,Shipped,03:52.0,,,,,,,
25-Jul-22,302067,135672,4,Rejected,04:19.0,,,,,,,
25-Jul-22,318003,86608,2,Shipped,04:33.0,,,,,,,
25-Jul-22,315615,39500,1,Shipped,04:40.0,,,,,,,
25-Jul-22,310215,78132,2,Shipped,05:13.0,,,,,,,
25-Jul-22,315858,65796,4,Rejected,05:34.0,,,,,,,
25-Jul-22,311811,218672,8,Rejected,05:57.0,,,,,,,
25-Jul-22,312681,70272,10,Rejected,06:02.0,,,,,,,
25-Jul-22,312141,57756,8,Shipped,06:07.0,,,,,,,
25-Jul-22,312222,223896,1,Shipped,06:26.0,,,,,,,
25-Jul-22,300834,25920,1,Shipped,06:36.0,,,,,,,
25-Jul-22,302013,95944,8,Shipped,06:50.0,,,,,,,
25-Jul-22,311520,157372,5,Shipped,07:20.0,,,,,,,
25-Jul-22,312144,171124,10,Rejected,07:51.0,,,,,,,
25-Jul-22,315087,79652,8,Rejected,07:59.0,,,,,,,
25-Jul-22,302217,22916,1,Shipped,08:23.0,,,,,,,
25-Jul-22,301125,70176,4,Shipped,08:26.0,,,,,,,
25-Jul-22,301797,96576,9,Rejected,08:42.0,,,,,,,
25-Jul-22,309690,223280,1,Rejected,08:42.0,,,,,,,
25-Jul-22,302220,221372,2,Shipped,08:46.0,,,,,,,
25-Jul-22,307257,32808,1,Shipped,08:58.0,,,,,,,
25-Jul-22,315171,153164,11,Rejected,09:00.0,,,,,,,
25-Jul-22,302781,187044,1,Rejected,09:01.0,,,,,,,
25-Jul-22,301470,218084,10,Rejected,09:06.0,,,,,,,
25-Jul-22,307047,74332,2,Shipped,09:16.0,,,,,,,
25-Jul-22,315732,161072,2,Shipped,09:23.0,,,,,,,
25-Jul-22,314163,105788,4,Rejected,10:00.0,,,,,,,
25-Jul-22,298533,219472,9,Shipped,10:01.0,,,,,,,
25-Jul-22,317526,91952,4,Shipped,10:04.0,,,,,,,
25-Jul-22,305880,85576,4,Rejected,10:20.0,,,,,,,
25-Jul-22,307260,207632,8,Shipped,10:21.0,,,,,,,
25-Jul-22,305589,65180,5,Shipped,10:53.0,,,,,,,
25-Jul-22,305130,161292,1,Shipped,10:56.0,,,,,,,
25-Jul-22,304635,221360,9,Shipped,11:00.0,,,,,,,
25-Jul-22,318390,104712,9,Shipped,11:20.0,,,,,,,
25-Jul-22,314289,135804,12,Rejected,11:39.0,,,,,,,
25-Jul-22,308925,81684,2,Rejected,11:42.0,,,,,,,
25-Jul-22,309696,25932,1,Shipped,11:45.0,,,,,,,
25-Jul-22,317349,18916,1,Shipped,12:18.0,,,,,,,
25-Jul-22,316623,167412,1,Rejected,12:20.0,,,,,,,
25-Jul-22,303663,29980,1,Shipped,12:21.0,,,,,,,
25-Jul-22,305028,47956,1,Rejected,12:21.0,,,,,,,
25-Jul-22,304644,192944,8,Shipped,13:33.0,,,,,,,
25-Jul-22,305892,160048,9,Shipped,13:59.0,,,,,,,
25-Jul-22,307332,69052,2,Shipped,14:54.0,,,,,,,
25-Jul-22,312078,208200,8,Rejected,14:58.0,,,,,,,
25-Jul-22,306462,37356,1,Rejected,15:05.0,,,,,,,
25-Jul-22,311904,46872,1,Shipped,15:31.0,,,,,,,
25-Jul-22,318300,225552,1,Rejected,15:47.0,,,,,,,
25-Jul-22,305187,88864,3,Rejected,16:15.0,,,,,,,
25-Jul-22,307689,62908,2,Shipped,16:46.0,,,,,,,
25-Jul-22,313173,29844,5,Pending,16:49.0,,,,,,,
25-Jul-22,302160,18944,1,Shipped,16:50.0,,,,,,,
25-Jul-22,302283,47956,1,Shipped,16:53.0,,,,,,,
25-Jul-22,317193,168088,1,Rejected,16:56.0,,,,,,,
25-Jul-22,311448,223684,4,Shipped,17:06.0,,,,,,,
25-Jul-22,308292,212368,4,Rejected,17:17.0,,,,,,,
25-Jul-22,318663,80848,8,Rejected,17:17.0,,,,,,,
25-Jul-22,307587,111872,4,Rejected,17:26.0,,,,,,,
25-Jul-22,304272,161288,4,Rejected,17:33.0,,,,,,,
25-Jul-22,310503,214776,11,Shipped,17:45.0,,,,,,,
25-Jul-22,303213,109220,3,Rejected,18:08.0,,,,,,,
25-Jul-22,301746,180376,8,Shipped,19:04.0,,,,,,,
25-Jul-22,305799,134336,1,Shipped,19:10.0,,,,,,,
25-Jul-22,316323,205104,9,Rejected,19:10.0,,,,,,,
25-Jul-22,304296,27036,1,Rejected,20:10.0,,,,,,,
25-Jul-22,309948,202548,4,Rejected,20:20.0,,,,,,,
25-Jul-22,309135,180156,11,Shipped,20:34.0,,,,,,,
25-Jul-22,309048,137264,9,Rejected,20:50.0,,,,,,,
25-Jul-22,308727,18652,1,Shipped,20:56.0,,,,,,,
25-Jul-22,300015,149940,2,Shipped,21:12.0,,,,,,,
25-Jul-22,313647,81368,3,Rejected,21:54.0,,,,,,,
25-Jul-22,310320,222452,8,Rejected,21:59.0,,,,,,,
25-Jul-22,308421,142592,3,Shipped,22:29.0,,,,,,,
25-Jul-22,305241,220632,5,Rejected,22:43.0,,,,,,,
25-Jul-22,303330,60172,3,Rejected,23:22.0,,,,,,,
25-Jul-22,302541,30500,1,Shipped,23:23.0,,,,,,,
25-Jul-22,308877,218404,9,Rejected,23:23.0,,,,,,,
25-Jul-22,313185,84000,9,Shipped,23:38.0,,,,,,,
25-Jul-22,306690,23048,1,Rejected,23:52.0,,,,,,,
25-Jul-22,311040,223264,2,Rejected,24:10.0,,,,,,,
25-Jul-22,302898,55120,1,Shipped,24:20.0,,,,,,,
25-Jul-22,306192,178744,8,Rejected,24:30.0,,,,,,,
25-Jul-22,300438,218324,9,Shipped,24:41.0,,,,,,,
25-Jul-22,307353,78588,4,Shipped,24:55.0,,,,,,,
25-Jul-22,299094,105728,8,Shipped,24:59.0,,,,,,,
25-Jul-22,308820,195112,1,Rejected,25:12.0,,,,,,,
25-Jul-22,308427,89864,9,Rejected,25:18.0,,,,,,,
25-Jul-22,301383,61460,8,Shipped,25:26.0,,,,,,,
25-Jul-22,315132,74572,4,Rejected,25:46.0,,,,,,,
25-Jul-22,316635,164332,1,Shipped,26:00.0,,,,,,,
25-Jul-22,300705,57464,9,Rejected,26:13.0,,,,,,,
25-Jul-22,315753,210488,4,Shipped,26:29.0,,,,,,,
25-Jul-22,314913,75600,9,Shipped,26:32.0,,,,,,,
25-Jul-22,299853,1032,1,Shipped,27:18.0,,,,,,,
25-Jul-22,307713,100940,1,Rejected,27:37.0,,,,,,,
25-Jul-22,300324,220872,9,Rejected,27:45.0,,,,,,,
25-Jul-22,301731,47808,5,Shipped,28:34.0,,,,,,,
25-Jul-22,310176,182448,11,Rejected,28:49.0,,,,,,,
25-Jul-22,314823,79652,8,Rejected,29:04.0,,,,,,,
25-Jul-22,315873,207160,8,Rejected,29:04.0,,,,,,,
25-Jul-22,317127,88640,4,Shipped,29:11.0,,,,,,,
25-Jul-22,310335,151184,2,Shipped,29:30.0,,,,,,,
25-Jul-22,300840,167952,9,Rejected,30:01.0,,,,,,,
25-Jul-22,308841,222628,11,Rejected,30:30.0,,,,,,,
25-Jul-22,298665,46212,8,Rejected,30:53.0,,,,,,,
25-Jul-22,309027,33068,5,Rejected,31:17.0,,,,,,,
25-Jul-22,318243,87776,8,Rejected,31:26.0,,,,,,,
25-Jul-22,307770,172252,1,Rejected,31:30.0,,,,,,,
25-Jul-22,316704,219552,7,Rejected,31:39.0,,,,,,,
25-Jul-22,313710,30848,5,Shipped,31:41.0,,,,,,,
25-Jul-22,302724,187044,1,Shipped,31:45.0,,,,,,,
25-Jul-22,316644,143252,5,Shipped,31:58.0,,,,,,,
25-Jul-22,307365,216060,9,Rejected,31:59.0,,,,,,,
25-Jul-22,307728,98152,1,Shipped,32:26.0,,,,,,,
25-Jul-22,305532,132484,1,Shipped,32:43.0,,,,,,,
25-Jul-22,307368,73876,3,Shipped,32:52.0,,,,,,,
25-Jul-22,310899,92908,1,Rejected,33:07.0,,,,,,,
25-Jul-22,312261,223688,11,Shipped,33:12.0,,,,,,,
25-Jul-22,308127,28300,5,Rejected,33:19.0,,,,,,,
25-Jul-22,305835,85576,4,Shipped,33:22.0,,,,,,,
25-Jul-22,316344,144164,2,Shipped,33:24.0,,,,,,,
25-Jul-22,313275,208068,3,Rejected,34:01.0,,,,,,,
25-Jul-22,307776,60264,3,Rejected,34:09.0,,,,,,,
25-Jul-22,302238,193904,1,Shipped,34:38.0,,,,,,,
25-Jul-22,318369,219440,3,Rejected,34:46.0,,,,,,,
25-Jul-22,318483,193052,4,Shipped,34:46.0,,,,,,,
25-Jul-22,303621,217764,10,Rejected,34:55.0,,,,,,,
25-Jul-22,307377,92476,4,Shipped,34:55.0,,,,,,,
25-Jul-22,311391,18632,1,Shipped,34:58.0,,,,,,,
25-Jul-22,309120,157448,11,Rejected,35:27.0,,,,,,,
25-Jul-22,316563,221164,1,Rejected,35:37.0,,,,,,,
25-Jul-22,316476,225160,11,Rejected,35:39.0,,,,,,,
25-Jul-22,306384,83388,9,Shipped,35:42.0,,,,,,,
25-Jul-22,318252,218324,9,Shipped,36:00.0,,,,,,,
25-Jul-22,304872,123916,1,Rejected,36:06.0,,,,,,,
25-Jul-22,310425,148264,5,Rejected,36:11.0,,,,,,,
25-Jul-22,315147,128856,11,Shipped,36:25.0,,,,,,,
25-Jul-22,314442,98504,9,Rejected,37:04.0,,,,,,,
25-Jul-22,314526,136272,1,Shipped,37:32.0,,,,,,,
25-Jul-22,313665,103548,8,Rejected,37:46.0,,,,,,,
25-Jul-22,310755,107324,9,Shipped,37:50.0,,,,,,,
25-Jul-22,300954,191220,3,Rejected,38:02.0,,,,,,,
25-Jul-22,300792,57776,11,Rejected,38:04.0,,,,,,,
25-Jul-22,310428,1572,1,Shipped,38:35.0,,,,,,,
25-Jul-22,311055,91728,1,Shipped,39:00.0,,,,,,,
25-Jul-22,313287,20936,1,Shipped,39:11.0,,,,,,,
25-Jul-22,304584,106360,9,Shipped,39:37.0,,,,,,,
25-Jul-22,311610,48564,1,Shipped,40:22.0,,,,,,,
25-Jul-22,311010,86344,10,Rejected,40:29.0,,,,,,,
25-Jul-22,316356,145496,9,Shipped,41:04.0,,,,,,,
25-Jul-22,303093,46576,5,Shipped,41:13.0,,,,,,,
25-Jul-22,300399,166404,2,Shipped,41:29.0,,,,,,,
25-Jul-22,314631,78632,10,Rejected,41:52.0,,,,,,,
25-Jul-22,299400,117648,8,Rejected,41:59.0,,,,,,,
25-Jul-22,307632,79652,8,Rejected,42:16.0,,,,,,,
25-Jul-22,318690,158412,1,Shipped,42:48.0,,,,,,,
25-Jul-22,308016,222892,9,Rejected,43:11.0,,,,,,,
25-Jul-22,302184,196032,4,Shipped,43:17.0,,,,,,,
25-Jul-22,309759,223228,9,Rejected,44:00.0,,,,,,,
25-Jul-22,310167,172292,10,Rejected,44:05.0,,,,,,,
25-Jul-22,307644,180256,5,Shipped,44:14.0,,,,,,,
25-Jul-22,302313,67792,11,Shipped,44:53.0,,,,,,,
25-Jul-22,315714,223924,1,Rejected,45:59.0,,,,,,,
25-Jul-22,315420,31604,5,Shipped,46:09.0,,,,,,,
25-Jul-22,300807,30500,1,Shipped,46:13.0,,,,,,,
25-Jul-22,313590,47592,8,Shipped,46:20.0,,,,,,,
25-Jul-22,314046,195592,1,Rejected,46:34.0,,,,,,,
25-Jul-22,314202,123916,1,Shipped,46:36.0,,,,,,,
25-Jul-22,302838,23188,1,Shipped,47:22.0,,,,,,,
25-Jul-22,309453,180324,2,Shipped,47:28.0,,,,,,,
25-Jul-22,313110,219456,5,Shipped,47:46.0,,,,,,,
25-Jul-22,300264,162484,10,Rejected,47:55.0,,,,,,,
25-Jul-22,314346,108772,10,Shipped,47:57.0,,,,,,,
25-Jul-22,299790,90920,4,Shipped,48:02.0,,,,,,,
25-Jul-22,300657,169384,5,Rejected,48:03.0,,,,,,,
25-Jul-22,304035,74812,4,Rejected,48:37.0,,,,,,,
25-Jul-22,314403,94528,5,Shipped,48:48.0,,,,,,,
25-Jul-22,318057,57148,9,Rejected,49:00.0,,,,,,,
25-Jul-22,310074,223308,2,Rejected,49:01.0,,,,,,,
25-Jul-22,299301,139592,8,Rejected,49:03.0,,,,,,,
25-Jul-22,307818,191852,4,Rejected,49:17.0,,,,,,,
25-Jul-22,318711,54956,2,Shipped,49:43.0,,,,,,,
25-Jul-22,303108,142548,9,Rejected,49:57.0,,,,,,,
25-Jul-22,299796,146596,11,Shipped,50:21.0,,,,,,,
25-Jul-22,303384,12828,2,Rejected,50:39.0,,,,,,,
25-Jul-22,313467,211680,1,Rejected,50:52.0,,,,,,,
25-Jul-22,313719,43844,9,Rejected,51:07.0,,,,,,,
25-Jul-22,301437,46988,8,Rejected,51:12.0,,,,,,,
25-Jul-22,317655,222912,1,Rejected,51:21.0,,,,,,,
25-Jul-22,300189,160212,1,Rejected,52:00.0,,,,,,,
25-Jul-22,311217,18652,1,Shipped,52:07.0,,,,,,,
25-Jul-22,307530,202168,9,Rejected,52:10.0,,,,,,,
25-Jul-22,311787,214508,2,Rejected,52:24.0,,,,,,,
25-Jul-22,300558,55896,9,Shipped,52:40.0,,,,,,,
25-Jul-22,314277,50804,9,Shipped,53:08.0,,,,,,,
25-Jul-22,299163,79652,8,Rejected,53:22.0,,,,,,,
25-Jul-22,308346,221624,2,Rejected,53:24.0,,,,,,,
25-Jul-22,305238,222164,8,Shipped,54:10.0,,,,,,,
25-Jul-22,299028,157556,11,Rejected,54:15.0,,,,,,,
25-Jul-22,303945,20592,1,Shipped,54:21.0,,,,,,,
25-Jul-22,308892,136272,1,Shipped,54:30.0,,,,,,,
25-Jul-22,304248,220788,4,Shipped,54:43.0,,,,,,,
25-Jul-22,303564,84596,7,Rejected,54:54.0,,,,,,,
25-Jul-22,299034,89176,2,Rejected,55:01.0,,,,,,,
25-Jul-22,318558,219456,5,Rejected,55:04.0,,,,,,,
25-Jul-22,299403,218804,8,Rejected,55:06.0,,,,,,,
25-Jul-22,309075,199332,10,Rejected,55:21.0,,,,,,,
25-Jul-22,313605,211948,4,Shipped,55:21.0,,,,,,,
25-Jul-22,316512,113132,10,Rejected,55:30.0,,,,,,,
25-Jul-22,298818,189460,4,Rejected,56:02.0,,,,,,,
25-Jul-22,301785,100940,1,Rejected,56:08.0,,,,,,,
25-Jul-22,304047,174936,10,Shipped,56:36.0,,,,,,,
25-Jul-22,307431,28656,1,Shipped,56:40.0,,,,,,,
25-Jul-22,316014,27204,1,Shipped,57:11.0,,,,,,,
25-Jul-22,315606,160404,11,Rejected,57:30.0,,,,,,,
25-Jul-22,299502,74828,2,Rejected,58:08.0,,,,,,,
25-Jul-22,306645,119312,8,Shipped,58:28.0,,,,,,,
25-Jul-22,298614,38448,1,Shipped,58:33.0,,,,,,,
25-Jul-22,308766,198932,3,Shipped,59:08.0,,,,,,,
25-Jul-22,307746,172252,1,Rejected,59:15.0,,,,,,,
25-Jul-22,298623,219084,3,Shipped,59:32.0,,,,,,,
25-Jul-22,303738,125116,10,Rejected,59:36.0,,,,,,,
25-Jul-22,305658,70964,8,Shipped,59:50.0,,,,,,,
26-Jul-22,302343,207632,8,Shipped,00:08.0,,,,,,,
26-Jul-22,318735,164644,2,Shipped,00:09.0,,,,,,,
26-Jul-22,316434,37872,1,Shipped,00:25.0,,,,,,,
26-Jul-22,313689,151092,5,Rejected,00:30.0,,,,,,,
26-Jul-22,310092,55068,1,Rejected,00:39.0,,,,,,,
26-Jul-22,311721,188312,2,Shipped,00:40.0,,,,,,,
26-Jul-22,313404,43280,1,Shipped,00:56.0,,,,,,,
26-Jul-22,305460,32264,5,Shipped,01:48.0,,,,,,,
26-Jul-22,299904,96032,8,Shipped,02:20.0,,,,,,,
26-Jul-22,304206,172052,1,Shipped,02:30.0,,,,,,,
26-Jul-22,299811,18864,1,Shipped,02:39.0,,,,,,,
26-Jul-22,316203,81940,1,Rejected,03:09.0,,,,,,,
26-Jul-22,309813,211156,2,Rejected,03:15.0,,,,,,,
26-Jul-22,303744,192388,10,Rejected,04:00.0,,,,,,,
26-Jul-22,306657,53688,9,Shipped,04:02.0,,,,,,,
26-Jul-22,305472,193972,1,Rejected,04:13.0,,,,,,,
26-Jul-22,304713,170756,1,Rejected,04:24.0,,,,,,,
26-Jul-22,299616,151184,2,Rejected,04:33.0,,,,,,,
26-Jul-22,315585,203560,10,Rejected,05:03.0,,,,,,,
26-Jul-22,310866,144164,2,Shipped,05:19.0,,,,,,,
26-Jul-22,314433,223488,9,Rejected,05:29.0,,,,,,,
26-Jul-22,303843,147508,8,Shipped,05:32.0,,,,,,,
26-Jul-22,300210,22212,1,Shipped,05:55.0,,,,,,,
26-Jul-22,302679,125160,9,Rejected,06:16.0,,,,,,,
26-Jul-22,298839,209388,11,Rejected,06:27.0,,,,,,,
26-Jul-22,310479,63192,2,Shipped,07:31.0,,,,,,,
26-Jul-22,302694,218084,10,Rejected,07:41.0,,,,,,,
26-Jul-22,309825,93168,1,Shipped,07:49.0,,,,,,,
26-Jul-22,311733,115108,5,Shipped,08:02.0,,,,,,,
26-Jul-22,308526,179984,5,Rejected,08:23.0,,,,,,,
26-Jul-22,305670,79652,8,Rejected,08:39.0,,,,,,,
26-Jul-22,302784,38752,1,Shipped,09:23.0,,,,,,,
26-Jul-22,317187,118816,1,Rejected,09:23.0,,,,,,,
26-Jul-22,317703,209048,8,Shipped,09:32.0,,,,,,,
26-Jul-22,301062,32668,5,Rejected,09:52.0,,,,,,,
26-Jul-22,304080,51520,8,Shipped,10:14.0,,,,,,,
26-Jul-22,303132,209924,1,Rejected,10:15.0,,,,,,,
26-Jul-22,308958,136340,2,Shipped,10:18.0,,,,,,,
26-Jul-22,309381,19080,1,Rejected,10:27.0,,,,,,,
26-Jul-22,304083,34284,1,Shipped,10:46.0,,,,,,,
26-Jul-22,318927,211948,4,Shipped,10:57.0,,,,,,,
26-Jul-22,305133,211440,4,Rejected,11:32.0,,,,,,,
26-Jul-22,303306,74056,2,Rejected,11:36.0,,,,,,,
26-Jul-22,298638,111340,9,Rejected,12:11.0,,,,,,,
26-Jul-22,303510,173268,2,Rejected,12:29.0,,,,,,,
26-Jul-22,313500,1264,1,Shipped,13:45.0,,,,,,,
26-Jul-22,317733,60092,8,Rejected,13:46.0,,,,,,,
26-Jul-22,305601,193972,1,Shipped,13:50.0,,,,,,,
26-Jul-22,308898,186792,4,Rejected,13:51.0,,,,,,,
26-Jul-22,303366,63728,1,Shipped,14:30.0,,,,,,,
26-Jul-22,308703,190260,9,Rejected,15:15.0,,,,,,,
26-Jul-22,305607,193972,1,Shipped,15:55.0,,,,,,,
26-Jul-22,313266,66812,4,Rejected,16:06.0,,,,,,,
26-Jul-22,306132,88864,3,Rejected,16:08.0,,,,,,,
26-Jul-22,307581,180368,4,Rejected,16:11.0,,,,,,,
26-Jul-22,317112,85260,9,Rejected,16:28.0,,,,,,,
26-Jul-22,298860,21704,1,Shipped,16:54.0,,,,,,,
26-Jul-22,309024,71772,5,Rejected,17:40.0,,,,,,,
26-Jul-22,308298,20936,1,Shipped,18:03.0,,,,,,,
26-Jul-22,309225,223180,4,Rejected,18:14.0,,,,,,,
26-Jul-22,299076,153700,9,Rejected,18:15.0,,,,,,,
26-Jul-22,304947,74544,2,Rejected,18:23.0,,,,,,,
26-Jul-22,313743,219144,8,Shipped,18:30.0,,,,,,,
26-Jul-22,307896,218048,9,Shipped,18:40.0,,,,,,,
26-Jul-22,304650,218172,1,Rejected,18:55.0,,,,,,,
26-Jul-22,315384,31604,5,Rejected,20:15.0,,,,,,,
26-Jul-22,318009,51520,8,Rejected,20:23.0,,,,,,,
26-Jul-22,311562,117092,1,Shipped,20:42.0,,,,,,,
26-Jul-22,318945,33276,5,Rejected,20:43.0,,,,,,,
26-Jul-22,303015,133960,5,Shipped,20:48.0,,,,,,,
26-Jul-22,314088,209660,10,Rejected,20:52.0,,,,,,,
26-Jul-22,309858,212012,1,Rejected,21:16.0,,,,,,,
26-Jul-22,308415,221164,1,Shipped,21:26.0,,,,,,,
26-Jul-22,304845,67940,1,Rejected,21:28.0,,,,,,,
26-Jul-22,304173,87352,1,Shipped,22:12.0,,,,,,,
26-Jul-22,308556,28332,5,Rejected,22:49.0,,,,,,,
26-Jul-22,302517,80416,5,Shipped,22:58.0,,,,,,,
26-Jul-22,302166,221300,10,Rejected,23:23.0,,,,,,,
26-Jul-22,299199,214996,3,Rejected,24:01.0,,,,,,,
26-Jul-22,310740,204652,9,Rejected,24:06.0,,,,,,,
26-Jul-22,314724,175832,5,Shipped,24:35.0,,,,,,,
26-Jul-22,299202,35416,1,Shipped,24:40.0,,,,,,,
26-Jul-22,316392,81940,1,Shipped,25:12.0,,,,,,,
26-Jul-22,302592,96576,9,Rejected,25:38.0,,,,,,,
26-Jul-22,318675,190640,9,Shipped,25:45.0,,,,,,,
26-Jul-22,300876,36144,5,Rejected,25:54.0,,,,,,,
26-Jul-22,309525,194380,1,Shipped,26:01.0,,,,,,,
26-Jul-22,316077,202168,9,Rejected,26:02.0,,,,,,,
26-Jul-22,312897,179364,9,Rejected,26:14.0,,,,,,,
26-Jul-22,316881,62696,8,Shipped,26:19.0,,,,,,,
26-Jul-22,316842,67160,11,Shipped,26:46.0,,,,,,,
26-Jul-22,317427,95816,11,Rejected,26:56.0,,,,,,,
26-Jul-22,314100,205104,9,Shipped,27:06.0,,,,,,,
26-Jul-22,313581,223960,4,Rejected,27:16.0,,,,,,,
26-Jul-22,315135,49816,8,Rejected,27:21.0,,,,,,,
26-Jul-22,313440,19404,1,Shipped,27:31.0,,,,,,,
26-Jul-22,310329,136388,1,Rejected,27:36.0,,,,,,,
26-Jul-22,315399,174936,10,Shipped,27:53.0,,,,,,,
26-Jul-22,312168,163632,1,Rejected,27:59.0,,,,,,,
26-Jul-22,303534,178636,4,Shipped,28:00.0,,,,,,,
26-Jul-22,316398,196932,8,Shipped,28:21.0,,,,,,,
26-Jul-22,307605,160840,1,Shipped,28:23.0,,,,,,,
26-Jul-22,306195,160076,4,Rejected,28:47.0,,,,,,,
26-Jul-22,307914,49932,9,Rejected,29:01.0,,,,,,,
26-Jul-22,313362,117888,11,Shipped,29:03.0,,,,,,,
26-Jul-22,310890,37276,4,Rejected,30:50.0,,,,,,,
26-Jul-22,300027,135512,1,Rejected,30:52.0,,,,,,,
26-Jul-22,318408,48260,9,Rejected,31:11.0,,,,,,,
26-Jul-22,313521,221940,4,Rejected,31:36.0,,,,,,,
26-Jul-22,304554,196848,8,Rejected,31:38.0,,,,,,,
26-Jul-22,308562,91076,8,Shipped,31:52.0,,,,,,,
26-Jul-22,307290,218272,1,Rejected,32:13.0,,,,,,,
26-Jul-22,316125,78988,1,Shipped,32:22.0,,,,,,,
26-Jul-22,304005,169384,5,Rejected,33:02.0,,,,,,,
26-Jul-22,313854,39136,1,Rejected,33:05.0,,,,,,,
26-Jul-22,299532,213164,4,Rejected,33:06.0,,,,,,,
26-Jul-22,301395,121424,4,Shipped,33:06.0,,,,,,,
26-Jul-22,314916,120312,1,Shipped,33:07.0,,,,,,,
26-Jul-22,300297,133960,5,Rejected,33:14.0,,,,,,,
26-Jul-22,304011,221640,3,Rejected,33:31.0,,,,,,,
26-Jul-22,313920,125672,1,Rejected,34:08.0,,,,,,,
26-Jul-22,301401,179364,9,Shipped,34:09.0,,,,,,,
26-Jul-22,301959,9332,1,Shipped,34:22.0,,,,,,,
26-Jul-22,313374,177640,2,Shipped,34:35.0,,,,,,,
26-Jul-22,310671,107324,9,Shipped,34:43.0,,,,,,,
26-Jul-22,308316,189956,9,Shipped,35:14.0,,,,,,,
26-Jul-22,311472,51576,8,Shipped,35:46.0,,,,,,,
26-Jul-22,313278,63108,2,Shipped,36:16.0,,,,,,,
26-Jul-22,299754,179364,9,Shipped,36:39.0,,,,,,,
26-Jul-22,315936,59112,11,Shipped,37:01.0,,,,,,,
26-Jul-22,317283,201184,4,Shipped,37:09.0,,,,,,,
26-Jul-22,306285,148616,2,Shipped,37:23.0,,,,,,,
26-Jul-22,309066,18632,1,Rejected,38:25.0,,,,,,,
26-Jul-22,305220,43216,5,Rejected,38:32.0,,,,,,,
26-Jul-22,300651,169384,5,Rejected,38:37.0,,,,,,,
26-Jul-22,299127,65536,3,Rejected,38:54.0,,,,,,,
26-Jul-22,312816,211744,8,Rejected,38:55.0,,,,,,,
26-Jul-22,305994,158876,4,Shipped,39:25.0,,,,,,,
26-Jul-22,313089,141684,4,Rejected,39:25.0,,,,,,,
26-Jul-22,299760,219180,1,Shipped,39:35.0,,,,,,,
26-Jul-22,300456,91876,2,Shipped,39:37.0,,,,,,,
26-Jul-22,307014,218272,1,Rejected,39:57.0,,,,,,,
26-Jul-22,310761,107324,9,Shipped,39:59.0,,,,,,,
26-Jul-22,301614,107060,8,Shipped,40:21.0,,,,,,,
26-Jul-22,315198,74676,4,Shipped,40:22.0,,,,,,,
26-Jul-22,311859,46896,1,Rejected,41:06.0,,,,,,,
26-Jul-22,312294,202840,1,Rejected,41:29.0,,,,,,,
26-Jul-22,298692,184900,4,Shipped,41:33.0,,,,,,,
26-Jul-22,314340,71552,5,Shipped,41:40.0,,,,,,,
26-Jul-22,310764,190840,9,Rejected,41:43.0,,,,,,,
26-Jul-22,317238,215240,4,Rejected,41:48.0,,,,,,,
26-Jul-22,315888,83868,9,Shipped,42:03.0,,,,,,,
26-Jul-22,308583,154112,1,Shipped,42:28.0,,,,,,,
26-Jul-22,315048,65180,5,Shipped,42:40.0,,,,,,,
26-Jul-22,305223,202916,11,Rejected,42:57.0,,,,,,,
26-Jul-22,316263,94168,10,Rejected,43:03.0,,,,,,,
26-Jul-22,303909,220884,4,Shipped,43:10.0,,,,,,,
26-Jul-22,311286,204600,10,Rejected,43:37.0,,,,,,,
26-Jul-22,313587,191468,2,Rejected,43:51.0,,,,,,,
26-Jul-22,311613,152880,2,Shipped,43:58.0,,,,,,,
26-Jul-22,311616,120312,1,Shipped,44:03.0,,,,,,,
26-Jul-22,315054,216000,1,Rejected,44:04.0,,,,,,,
26-Jul-22,310188,37504,5,Shipped,44:25.0,,,,,,,
26-Jul-22,309903,26276,1,Shipped,44:33.0,,,,,,,
26-Jul-22,303294,49636,1,Shipped,44:39.0,,,,,,,
26-Jul-22,299148,162552,3,Shipped,44:49.0,,,,,,,
26-Jul-22,305628,74056,2,Rejected,44:51.0,,,,,,,
26-Jul-22,312111,56172,2,Shipped,44:57.0,,,,,,,
26-Jul-22,303348,129708,8,Rejected,45:01.0,,,,,,,
26-Jul-22,306399,37864,1,Rejected,45:12.0,,,,,,,
26-Jul-22,306123,47924,1,Shipped,45:48.0,,,,,,,
26-Jul-22,304356,28464,1,Rejected,46:14.0,,,,,,,
26-Jul-22,310290,77364,2,Shipped,46:19.0,,,,,,,
26-Jul-22,307401,218276,1,Shipped,46:22.0,,,,,,,
26-Jul-22,299880,154440,2,Rejected,46:42.0,,,,,,,
26-Jul-22,310068,189992,2,Shipped,46:53.0,,,,,,,
26-Jul-22,298599,208944,8,Rejected,47:16.0,,,,,,,
26-Jul-22,311208,35800,1,Rejected,47:18.0,,,,,,,
26-Jul-22,301170,217860,4,Rejected,47:32.0,,,,,,,
26-Jul-22,316284,192396,5,Shipped,47:33.0,,,,,,,
26-Jul-22,308496,89864,9,Shipped,47:35.0,,,,,,,
26-Jul-22,304245,205720,4,Shipped,47:49.0,,,,,,,
26-Jul-22,302685,125528,2,Rejected,47:51.0,,,,,,,
26-Jul-22,304482,47132,8,Rejected,48:31.0,,,,,,,
26-Jul-22,312996,208916,8,Rejected,48:33.0,,,,,,,
26-Jul-22,301770,202168,9,Rejected,48:39.0,,,,,,,
26-Jul-22,299964,220744,2,Rejected,48:54.0,,,,,,,
26-Jul-22,301881,112620,9,Shipped,49:01.0,,,,,,,
26-Jul-22,316854,213756,9,Shipped,49:05.0,,,,,,,
26-Jul-22,310182,37504,5,Rejected,49:08.0,,,,,,,
26-Jul-22,300597,29624,1,Shipped,49:24.0,,,,,,,
26-Jul-22,317025,82308,2,Rejected,49:46.0,,,,,,,
26-Jul-22,304362,28464,1,Rejected,49:51.0,,,,,,,
26-Jul-22,298914,85068,8,Rejected,50:18.0,,,,,,,
26-Jul-22,310128,101884,9,Shipped,50:19.0,,,,,,,
26-Jul-22,302688,125528,2,Shipped,50:48.0,,,,,,,
26-Jul-22,298713,93492,2,Rejected,51:04.0,,,,,,,
26-Jul-22,311163,51576,8,Shipped,51:34.0,,,,,,,
26-Jul-22,313944,180260,4,Shipped,51:58.0,,,,,,,
26-Jul-22,314406,217944,10,Rejected,52:23.0,,,,,,,
26-Jul-22,300285,220752,4,Rejected,52:29.0,,,,,,,
26-Jul-22,309573,154112,1,Shipped,53:08.0,,,,,,,
26-Jul-22,302559,66644,10,Shipped,53:24.0,,,,,,,
26-Jul-22,299025,37488,5,Rejected,54:07.0,,,,,,,
26-Jul-22,312483,50656,1,Shipped,54:41.0,,,,,,,
26-Jul-22,310542,23688,1,Shipped,55:11.0,,,,,,,
26-Jul-22,314781,176224,9,Rejected,55:23.0,,,,,,,
26-Jul-22,301854,45508,8,Rejected,55:24.0,,,,,,,
26-Jul-22,314280,32940,1,Shipped,55:25.0,,,,,,,
26-Jul-22,305175,169088,2,Rejected,55:46.0,,,,,,,
26-Jul-22,302331,64628,12,Shipped,55:48.0,,,,,,,
26-Jul-22,307425,189936,8,Shipped,55:51.0,,,,,,,
26-Jul-22,300474,77548,4,Shipped,55:54.0,,,,,,,
26-Jul-22,298929,24660,1,Rejected,55:55.0,,,,,,,
26-Jul-22,313812,126392,2,Rejected,55:56.0,,,,,,,
26-Jul-22,299988,104452,2,Shipped,56:04.0,,,,,,,
26-Jul-22,303060,202092,1,Rejected,56:04.0,,,,,,,
26-Jul-22,316293,95388,9,Shipped,57:05.0,,,,,,,
26-Jul-22,303456,112648,5,Shipped,57:10.0,,,,,,,
26-Jul-22,302535,57492,9,Shipped,57:14.0,,,,,,,
26-Jul-22,312867,220040,1,Rejected,57:20.0,,,,,,,
26-Jul-22,316980,225112,8,Rejected,57:52.0,,,,,,,
26-Jul-22,305310,57488,8,Shipped,58:16.0,,,,,,,
26-Jul-22,309360,36144,5,Shipped,58:29.0,,,,,,,
26-Jul-22,313482,67936,3,Shipped,58:44.0,,,,,,,
26-Jul-22,305652,47132,8,Shipped,58:50.0,,,,,,,
26-Jul-22,300822,220988,9,Shipped,59:20.0,,,,,,,
27-Jul-22,308043,222316,4,Shipped,00:20.0,,,,,,,
27-Jul-22,309366,222196,1,Rejected,00:36.0,,,,,,,
27-Jul-22,307035,80848,8,Shipped,00:40.0,,,,,,,
27-Jul-22,309369,61616,9,Rejected,00:47.0,,,,,,,
27-Jul-22,315909,150164,2,Shipped,00:52.0,,,,,,,
27-Jul-22,311727,40164,1,Rejected,01:03.0,,,,,,,
27-Jul-22,312600,44388,8,Rejected,01:18.0,,,,,,,
27-Jul-22,311229,79652,8,Rejected,02:24.0,,,,,,,
27-Jul-22,314496,113044,8,Rejected,02:30.0,,,,,,,
27-Jul-22,305112,80156,4,Rejected,02:33.0,,,,,,,
27-Jul-22,313806,224364,7,Rejected,02:59.0,,,,,,,
27-Jul-22,318741,44388,8,Rejected,03:19.0,,,,,,,
27-Jul-22,302865,46576,5,Rejected,03:20.0,,,,,,,
27-Jul-22,310362,91172,9,Shipped,03:30.0,,,,,,,
27-Jul-22,316443,186656,10,Shipped,03:35.0,,,,,,,
27-Jul-22,316611,125236,1,Shipped,04:17.0,,,,,,,
27-Jul-22,309375,61584,5,Rejected,04:21.0,,,,,,,
27-Jul-22,298737,22216,1,Shipped,05:15.0,,,,,,,
27-Jul-22,301722,182536,1,Rejected,06:15.0,,,,,,,
27-Jul-22,298836,34284,1,Rejected,06:23.0,,,,,,,
27-Jul-22,299622,151184,2,Shipped,06:41.0,,,,,,,
27-Jul-22,317778,207672,1,Shipped,07:09.0,,,,,,,
27-Jul-22,310476,149028,3,Rejected,07:14.0,,,,,,,
27-Jul-22,304509,44424,9,Shipped,07:16.0,,,,,,,
27-Jul-22,300144,128656,9,Rejected,07:27.0,,,,,,,
27-Jul-22,299322,77508,2,Shipped,07:46.0,,,,,,,
27-Jul-22,313332,77548,4,Shipped,07:59.0,,,,,,,
27-Jul-22,298848,162980,3,Rejected,08:12.0,,,,,,,
27-Jul-22,300006,176240,2,Shipped,08:24.0,,,,,,,
27-Jul-22,300075,157372,5,Rejected,08:38.0,,,,,,,
27-Jul-22,313554,167748,3,Rejected,09:01.0,,,,,,,
27-Jul-22,315090,69872,9,Shipped,09:05.0,,,,,,,
27-Jul-22,300330,213164,4,Rejected,09:17.0,,,,,,,
27-Jul-22,306450,83388,9,Rejected,10:03.0,,,,,,,
27-Jul-22,314415,68240,3,Rejected,10:19.0,,,,,,,
27-Jul-22,309384,222576,4,Rejected,10:30.0,,,,,,,
27-Jul-22,305883,180256,5,Shipped,10:34.0,,,,,,,
27-Jul-22,318924,87352,1,Shipped,10:35.0,,,,,,,
27-Jul-22,307902,222864,8,Rejected,10:44.0,,,,,,,
27-Jul-22,305886,30796,1,Rejected,10:48.0,,,,,,,
27-Jul-22,299250,55828,8,Shipped,10:50.0,,,,,,,
27-Jul-22,304632,86296,1,Rejected,10:59.0,,,,,,,
27-Jul-22,315588,224940,4,Rejected,11:48.0,,,,,,,
27-Jul-22,309831,89888,1,Rejected,11:53.0,,,,,,,
27-Jul-22,302943,112776,3,Shipped,11:54.0,,,,,,,
27-Jul-22,300225,117648,8,Rejected,12:05.0,,,,,,,
27-Jul-22,299832,132984,4,Shipped,12:10.0,,,,,,,
27-Jul-22,299631,73784,10,Rejected,12:22.0,,,,,,,
27-Jul-22,298971,217656,8,Shipped,13:06.0,,,,,,,
27-Jul-22,306666,121424,4,Shipped,13:13.0,,,,,,,
27-Jul-22,317781,171948,9,Rejected,13:19.0,,,,,,,
27-Jul-22,311121,219476,9,Shipped,13:39.0,,,,,,,
27-Jul-22,303762,53676,5,Shipped,13:51.0,,,,,,,
27-Jul-22,313419,179868,11,Rejected,13:52.0,,,,,,,
27-Jul-22,302604,117648,8,Rejected,14:00.0,,,,,,,
27-Jul-22,307980,81684,2,Shipped,14:14.0,,,,,,,
27-Jul-22,306669,48308,5,Shipped,14:22.0,,,,,,,
27-Jul-22,317355,163724,9,Shipped,14:42.0,,,,,,,
27-Jul-22,304737,113816,2,Rejected,14:49.0,,,,,,,
27-Jul-22,305493,77420,2,Shipped,14:53.0,,,,,,,
27-Jul-22,310950,83464,10,Rejected,14:59.0,,,,,,,
27-Jul-22,316449,68436,1,Shipped,15:17.0,,,,,,,
27-Jul-22,317478,179984,5,Shipped,15:54.0,,,,,,,
27-Jul-22,315264,122552,2,Shipped,16:40.0,,,,,,,
27-Jul-22,308394,95388,9,Rejected,16:41.0,,,,,,,
27-Jul-22,300504,135864,1,Rejected,16:58.0,,,,,,,
27-Jul-22,318972,190076,9,Shipped,17:49.0,,,,,,,
27-Jul-22,301668,25756,1,Rejected,18:36.0,,,,,,,
27-Jul-22,313797,224356,8,Rejected,18:51.0,,,,,,,
27-Jul-22,305502,90920,4,Shipped,18:59.0,,,,,,,
27-Jul-22,316383,81940,1,Rejected,19:06.0,,,,,,,
27-Jul-22,302502,35416,1,Shipped,19:12.0,,,,,,,
27-Jul-22,315969,56352,1,Shipped,19:12.0,,,,,,,
27-Jul-22,317484,71960,4,Shipped,20:11.0,,,,,,,
27-Jul-22,317487,118668,9,Rejected,20:30.0,,,,,,,
27-Jul-22,302505,57440,5,Shipped,20:48.0,,,,,,,
27-Jul-22,316155,24048,1,Shipped,20:49.0,,,,,,,
27-Jul-22,308658,156868,8,Rejected,20:57.0,,,,,,,
27-Jul-22,315654,189960,9,Rejected,21:11.0,,,,,,,
27-Jul-22,300585,134600,1,Rejected,21:13.0,,,,,,,
27-Jul-22,313272,224244,10,Rejected,21:14.0,,,,,,,
27-Jul-22,306960,57560,2,Rejected,21:15.0,,,,,,,
27-Jul-22,314091,50656,1,Shipped,21:29.0,,,,,,,
27-Jul-22,308865,160596,10,Shipped,21:49.0,,,,,,,
27-Jul-22,304098,216028,4,Shipped,21:56.0,,,,,,,
27-Jul-22,307083,156964,10,Shipped,22:15.0,,,,,,,
27-Jul-22,299727,219084,3,Rejected,22:51.0,,,,,,,
27-Jul-22,312966,224188,4,Rejected,23:04.0,,,,,,,
27-Jul-22,303780,207672,1,Rejected,23:17.0,,,,,,,
27-Jul-22,316752,28780,1,Rejected,23:18.0,,,,,,,
27-Jul-22,310152,174372,2,Shipped,23:21.0,,,,,,,
27-Jul-22,312243,212132,10,Rejected,23:36.0,,,,,,,
27-Jul-22,299661,22332,1,Rejected,24:20.0,,,,,,,
27-Jul-22,318474,47736,1,Shipped,25:01.0,,,,,,,
27-Jul-22,309522,185272,1,Shipped,25:10.0,,,,,,,
27-Jul-22,312777,52324,8,Rejected,25:13.0,,,,,,,
27-Jul-22,306957,214016,1,Rejected,25:57.0,,,,,,,
27-Jul-22,306480,190296,11,Shipped,26:02.0,,,,,,,
27-Jul-22,302715,180216,4,Rejected,26:29.0,,,,,,,
27-Jul-22,299931,185092,11,Rejected,26:33.0,,,,,,,
27-Jul-22,313809,178468,1,Rejected,26:33.0,,,,,,,
27-Jul-22,298662,64372,2,Shipped,27:53.0,,,,,,,
27-Jul-22,306033,216684,9,Rejected,29:05.0,,,,,,,
27-Jul-22,311145,88144,9,Shipped,29:27.0,,,,,,,
27-Jul-22,314592,217692,10,Shipped,29:51.0,,,,,,,
27-Jul-22,309729,215160,4,Shipped,30:16.0,,,,,,,
27-Jul-22,316551,71788,5,Shipped,30:52.0,,,,,,,
27-Jul-22,303885,133612,8,Rejected,31:11.0,,,,,,,
27-Jul-22,308442,95388,9,Rejected,31:39.0,,,,,,,
27-Jul-22,299412,130984,1,Rejected,32:19.0,,,,,,,
27-Jul-22,298671,51828,9,Rejected,32:21.0,,,,,,,
27-Jul-22,315537,206220,10,Shipped,32:35.0,,,,,,,
27-Jul-22,311682,223728,9,Shipped,32:40.0,,,,,,,
27-Jul-22,314919,74676,4,Shipped,33:33.0,,,,,,,
27-Jul-22,308571,70960,1,Shipped,33:44.0,,,,,,,
27-Jul-22,303810,173804,4,Shipped,33:46.0,,,,,,,
27-Jul-22,299118,169048,10,Rejected,34:17.0,,,,,,,
27-Jul-22,317811,18588,1,Shipped,34:23.0,,,,,,,
27-Jul-22,312042,223096,1,Rejected,34:42.0,,,,,,,
27-Jul-22,309114,219828,11,Shipped,34:49.0,,,,,,,
27-Jul-22,315315,65524,2,Rejected,35:09.0,,,,,,,
27-Jul-22,307296,71632,5,Shipped,37:10.0,,,,,,,
27-Jul-22,303156,149940,2,Shipped,37:39.0,,,,,,,
27-Jul-22,313281,202768,1,Rejected,38:10.0,,,,,,,
27-Jul-22,312915,67580,2,Shipped,38:21.0,,,,,,,
27-Jul-22,310842,216028,4,Rejected,38:32.0,,,,,,,
27-Jul-22,314124,204652,9,Shipped,38:35.0,,,,,,,
27-Jul-22,307779,60264,3,Shipped,38:47.0,,,,,,,
27-Jul-22,314931,209240,1,Rejected,38:50.0,,,,,,,
27-Jul-22,302553,66644,10,Rejected,39:22.0,,,,,,,
27-Jul-22,299130,40988,1,Shipped,39:32.0,,,,,,,
27-Jul-22,314691,68436,1,Rejected,39:41.0,,,,,,,
27-Jul-22,317508,157352,9,Shipped,39:45.0,,,,,,,
27-Jul-22,313452,189936,8,Shipped,40:05.0,,,,,,,
27-Jul-22,313092,141684,4,Shipped,41:08.0,,,,,,,
27-Jul-22,299286,101600,2,Rejected,41:28.0,,,,,,,
27-Jul-22,314136,62240,2,Rejected,41:44.0,,,,,,,
27-Jul-22,317628,172252,1,Rejected,42:07.0,,,,,,,
27-Jul-22,303186,216708,10,Shipped,42:48.0,,,,,,,
27-Jul-22,304692,218752,8,Rejected,43:08.0,,,,,,,
27-Jul-22,303189,182424,8,Rejected,43:15.0,,,,,,,
27-Jul-22,310620,125684,8,Shipped,43:40.0,,,,,,,
27-Jul-22,307785,221764,9,Shipped,43:41.0,,,,,,,
27-Jul-22,308160,49044,1,Shipped,44:11.0,,,,,,,
27-Jul-22,314844,165024,4,Rejected,44:25.0,,,,,,,
27-Jul-22,318123,225504,9,Shipped,44:26.0,,,,,,,
27-Jul-22,307215,215924,1,Rejected,44:31.0,,,,,,,
27-Jul-22,309555,57004,9,Pending,44:54.0,,,,,,,
27-Jul-22,316650,123428,4,Rejected,45:06.0,,,,,,,
27-Jul-22,307833,43412,9,Rejected,45:19.0,,,,,,,
27-Jul-22,312303,31800,1,Rejected,45:30.0,,,,,,,
27-Jul-22,301698,83540,7,Shipped,45:37.0,,,,,,,
27-Jul-22,299298,204864,3,Rejected,45:52.0,,,,,,,
27-Jul-22,305370,140520,2,Rejected,46:10.0,,,,,,,
27-Jul-22,310452,207632,8,Rejected,46:39.0,,,,,,,
27-Jul-22,300726,996,1,Shipped,46:40.0,,,,,,,
27-Jul-22,309273,152016,9,Rejected,46:50.0,,,,,,,
27-Jul-22,308838,28464,1,Rejected,47:17.0,,,,,,,
27-Jul-22,307119,70508,4,Shipped,47:27.0,,,,,,,
27-Jul-22,318696,30004,1,Rejected,47:37.0,,,,,,,
27-Jul-22,306714,206936,1,Shipped,48:21.0,,,,,,,
27-Jul-22,303255,32940,1,Rejected,48:27.0,,,,,,,
27-Jul-22,304038,51432,11,Rejected,48:48.0,,,,,,,
27-Jul-22,315204,79652,8,Rejected,49:07.0,,,,,,,
27-Jul-22,312045,30096,1,Shipped,49:27.0,,,,,,,
27-Jul-22,314271,67612,1,Shipped,49:31.0,,,,,,,
27-Jul-22,302916,150148,1,Shipped,49:32.0,,,,,,,
27-Jul-22,310455,63192,2,Shipped,49:52.0,,,,,,,
27-Jul-22,301020,43824,9,Rejected,50:39.0,,,,,,,
27-Jul-22,315948,132484,1,Shipped,50:51.0,,,,,,,
27-Jul-22,300810,111788,9,Shipped,51:08.0,,,,,,,
27-Jul-22,305643,70964,8,Shipped,51:34.0,,,,,,,
27-Jul-22,304368,28464,1,Rejected,51:45.0,,,,,,,
27-Jul-22,304140,24796,1,Rejected,51:55.0,,,,,,,
27-Jul-22,298794,164676,5,Rejected,52:11.0,,,,,,,
27-Jul-22,314943,93336,7,Shipped,52:43.0,,,,,,,
27-Jul-22,314718,220672,11,Rejected,52:53.0,,,,,,,
27-Jul-22,306519,100240,9,Rejected,53:38.0,,,,,,,
27-Jul-22,303408,218272,1,Rejected,53:54.0,,,,,,,
27-Jul-22,306855,202768,1,Shipped,53:56.0,,,,,,,
27-Jul-22,318381,197132,4,Shipped,54:49.0,,,,,,,
27-Jul-22,311799,35416,1,Shipped,55:12.0,,,,,,,
27-Jul-22,311802,214508,2,Shipped,55:30.0,,,,,,,
27-Jul-22,318216,1008,1,Shipped,55:31.0,,,,,,,
27-Jul-22,302199,109068,9,Rejected,56:02.0,,,,,,,
27-Jul-22,316782,64460,9,Rejected,56:09.0,,,,,,,
27-Jul-22,318075,145160,12,Rejected,56:18.0,,,,,,,
27-Jul-22,312054,219544,1,Rejected,56:54.0,,,,,,,
27-Jul-22,318501,223924,1,Shipped,57:04.0,,,,,,,
27-Jul-22,301005,202196,2,Rejected,57:46.0,,,,,,,
27-Jul-22,311886,204588,1,Shipped,58:01.0,,,,,,,
27-Jul-22,299238,68864,2,Rejected,58:48.0,,,,,,,
27-Jul-22,305106,49776,9,Shipped,58:59.0,,,,,,,
28-Jul-22,300204,97316,8,Shipped,00:00.0,,,,,,,
28-Jul-22,308991,210768,4,Rejected,00:02.0,,,,,,,
28-Jul-22,315507,136136,5,Rejected,00:19.0,,,,,,,
28-Jul-22,317259,70472,1,Rejected,00:23.0,,,,,,,
28-Jul-22,318084,97940,3,Shipped,00:48.0,,,,,,,
28-Jul-22,304056,96040,3,Shipped,00:49.0,,,,,,,
28-Jul-22,300735,218476,2,Shipped,00:53.0,,,,,,,
28-Jul-22,299805,163336,10,Rejected,00:59.0,,,,,,,
28-Jul-22,309231,157568,11,Rejected,01:04.0,,,,,,,
28-Jul-22,305010,147592,1,Rejected,01:06.0,,,,,,,
28-Jul-22,301716,148832,2,Rejected,01:43.0,,,,,,,
28-Jul-22,318387,90676,3,Rejected,02:22.0,,,,,,,
28-Jul-22,312216,155112,2,Shipped,02:23.0,,,,,,,
28-Jul-22,305109,100940,1,Shipped,02:24.0,,,,,,,
28-Jul-22,301281,203128,1,Rejected,02:30.0,,,,,,,
28-Jul-22,306009,156396,11,Rejected,02:33.0,,,,,,,
28-Jul-22,309585,26224,1,Rejected,02:33.0,,,,,,,
28-Jul-22,315582,72212,1,Rejected,03:11.0,,,,,,,
28-Jul-22,312060,192124,11,Shipped,03:12.0,,,,,,,
28-Jul-22,316986,220920,2,Shipped,03:18.0,,,,,,,
28-Jul-22,302481,25756,1,Shipped,03:19.0,,,,,,,
28-Jul-22,298728,181636,3,Rejected,03:26.0,,,,,,,
28-Jul-22,300339,117720,1,Rejected,03:26.0,,,,,,,
28-Jul-22,305325,126196,3,Rejected,03:29.0,,,,,,,
28-Jul-22,316029,225044,4,Rejected,04:06.0,,,,,,,
28-Jul-22,306819,83820,1,Shipped,04:13.0,,,,,,,
28-Jul-22,308775,183908,4,Shipped,04:17.0,,,,,,,
28-Jul-22,299715,194096,2,Rejected,04:23.0,,,,,,,
28-Jul-22,301053,146512,2,Rejected,04:24.0,,,,,,,
28-Jul-22,310101,139708,8,Shipped,04:50.0,,,,,,,
28-Jul-22,306042,221296,9,Shipped,05:09.0,,,,,,,
28-Jul-22,316896,186240,11,Rejected,05:27.0,,,,,,,
28-Jul-22,311331,89256,9,Shipped,05:58.0,,,,,,,
28-Jul-22,301353,147368,4,Shipped,06:00.0,,,,,,,
28-Jul-22,316911,149384,3,Rejected,06:20.0,,,,,,,
28-Jul-22,304344,183484,5,Rejected,06:24.0,,,,,,,
28-Jul-22,316524,3484,1,Shipped,06:27.0,,,,,,,
28-Jul-22,305118,180788,1,Shipped,06:36.0,,,,,,,
28-Jul-22,309129,88760,1,Rejected,06:36.0,,,,,,,
28-Jul-22,305199,207268,1,Rejected,06:38.0,,,,,,,
28-Jul-22,304926,125236,1,Shipped,06:46.0,,,,,,,
28-Jul-22,306822,36232,1,Shipped,07:01.0,,,,,,,
28-Jul-22,301464,191132,5,Rejected,07:14.0,,,,,,,
28-Jul-22,301467,88460,8,Rejected,07:30.0,,,,,,,
28-Jul-22,316692,67160,11,Rejected,07:40.0,,,,,,,
28-Jul-22,299064,136844,9,Shipped,07:54.0,,,,,,,
28-Jul-22,310992,69448,9,Rejected,08:14.0,,,,,,,
28-Jul-22,304329,219144,8,Shipped,08:39.0,,,,,,,
28-Jul-22,309042,76564,9,Rejected,09:30.0,,,,,,,
28-Jul-22,316620,61720,8,Shipped,09:33.0,,,,,,,
28-Jul-22,301662,85804,9,Shipped,09:39.0,,,,,,,
28-Jul-22,316308,91172,9,Rejected,10:08.0,,,,,,,
28-Jul-22,317727,86668,9,Rejected,10:28.0,,,,,,,
28-Jul-22,305127,161688,5,Rejected,10:29.0,,,,,,,
28-Jul-22,301665,23408,1,Shipped,10:48.0,,,,,,,
28-Jul-22,307569,204484,10,Rejected,11:00.0,,,,,,,
28-Jul-22,307821,164852,2,Rejected,11:05.0,,,,,,,
28-Jul-22,318573,205244,9,Rejected,11:20.0,,,,,,,
28-Jul-22,301065,48176,9,Shipped,11:30.0,,,,,,,
28-Jul-22,310872,37276,4,Rejected,11:35.0,,,,,,,
28-Jul-22,303396,67144,2,Rejected,11:42.0,,,,,,,
28-Jul-22,298536,110056,8,Shipped,12:14.0,,,,,,,
28-Jul-22,301293,135580,1,Shipped,12:31.0,,,,,,,
28-Jul-22,317106,18652,1,Shipped,13:09.0,,,,,,,
28-Jul-22,300375,211456,2,Shipped,13:32.0,,,,,,,
28-Jul-22,308961,165404,11,Shipped,13:36.0,,,,,,,
28-Jul-22,312417,213756,9,Shipped,13:41.0,,,,,,,
28-Jul-22,317784,220720,3,Rejected,13:41.0,,,,,,,
28-Jul-22,302790,221532,10,Rejected,13:43.0,,,,,,,
28-Jul-22,308697,86668,9,Rejected,13:44.0,,,,,,,
28-Jul-22,311547,180260,4,Shipped,14:12.0,,,,,,,
28-Jul-22,304383,127792,8,Rejected,14:14.0,,,,,,,
28-Jul-22,309099,144164,2,Shipped,14:23.0,,,,,,,
28-Jul-22,307269,57560,2,Shipped,15:24.0,,,,,,,
28-Jul-22,317787,118816,1,Rejected,15:42.0,,,,,,,
28-Jul-22,301836,198584,3,Rejected,15:43.0,,,,,,,
28-Jul-22,309222,177072,9,Rejected,16:00.0,,,,,,,
28-Jul-22,306681,189396,4,Rejected,16:01.0,,,,,,,
28-Jul-22,301206,117280,8,Rejected,16:09.0,,,,,,,
28-Jul-22,316746,21884,1,Shipped,16:19.0,,,,,,,
28-Jul-22,303519,221296,9,Shipped,17:01.0,,,,,,,
28-Jul-22,310224,147112,10,Rejected,17:16.0,,,,,,,
28-Jul-22,316536,225168,5,Rejected,18:19.0,,,,,,,
28-Jul-22,317871,41116,1,Rejected,19:08.0,,,,,,,
28-Jul-22,318828,210768,4,Shipped,19:28.0,,,,,,,
28-Jul-22,299082,145496,9,Shipped,19:59.0,,,,,,,
28-Jul-22,318306,49168,1,Shipped,20:03.0,,,,,,,
28-Jul-22,304089,161572,11,Shipped,20:12.0,,,,,,,
28-Jul-22,314616,205112,4,Shipped,20:33.0,,,,,,,
28-Jul-22,300378,205104,9,Rejected,20:34.0,,,,,,,
28-Jul-22,316074,72088,5,Shipped,20:45.0,,,,,,,
28-Jul-22,306843,59676,2,Rejected,20:50.0,,,,,,,
28-Jul-22,301506,162292,11,Shipped,21:06.0,,,,,,,
28-Jul-22,307872,92100,9,Rejected,21:15.0,,,,,,,
28-Jul-22,315741,214700,10,Shipped,21:37.0,,,,,,,
28-Jul-22,310407,21176,1,Shipped,21:44.0,,,,,,,
28-Jul-22,303777,207672,1,Rejected,22:17.0,,,,,,,
28-Jul-22,315630,222196,1,Rejected,22:24.0,,,,,,,
28-Jul-22,309240,94548,9,Rejected,23:22.0,,,,,,,
28-Jul-22,306138,144636,8,Rejected,23:38.0,,,,,,,
28-Jul-22,304458,190500,9,Shipped,23:58.0,,,,,,,
28-Jul-22,307278,212592,1,Shipped,24:10.0,,,,,,,
28-Jul-22,310155,98504,9,Shipped,24:19.0,,,,,,,
28-Jul-22,303690,133672,1,Shipped,24:58.0,,,,,,,
28-Jul-22,310053,76468,9,Shipped,25:58.0,,,,,,,
28-Jul-22,312696,167084,10,Shipped,26:14.0,,,,,,,
28-Jul-22,302451,204108,4,Rejected,27:30.0,,,,,,,
28-Jul-22,302295,185100,8,Rejected,27:35.0,,,,,,,
28-Jul-22,313515,51672,9,Shipped,27:53.0,,,,,,,
28-Jul-22,306693,61728,1,Shipped,28:41.0,,,,,,,
28-Jul-22,311841,159972,1,Rejected,29:15.0,,,,,,,
28-Jul-22,300519,188468,2,Rejected,29:19.0,,,,,,,
28-Jul-22,311466,209352,10,Shipped,29:20.0,,,,,,,
28-Jul-22,303798,23648,1,Shipped,29:38.0,,,,,,,
28-Jul-22,314511,224148,9,Rejected,29:54.0,,,,,,,
28-Jul-22,304548,122368,8,Shipped,31:01.0,,,,,,,
28-Jul-22,300444,214700,10,Shipped,31:08.0,,,,,,,
28-Jul-22,302388,216028,4,Shipped,31:13.0,,,,,,,
28-Jul-22,316845,38536,1,Shipped,31:18.0,,,,,,,
28-Jul-22,307500,179468,4,Shipped,31:36.0,,,,,,,
28-Jul-22,312255,117116,5,Shipped,31:45.0,,,,,,,
28-Jul-22,312258,77420,2,Shipped,31:47.0,,,,,,,
28-Jul-22,315879,68436,1,Rejected,31:57.0,,,,,,,
28-Jul-22,315987,91760,2,Rejected,32:03.0,,,,,,,
28-Jul-22,301524,76756,3,Shipped,32:13.0,,,,,,,
28-Jul-22,312708,155460,2,Shipped,32:40.0,,,,,,,
28-Jul-22,301080,221000,5,Rejected,32:50.0,,,,,,,
28-Jul-22,313368,196904,4,Shipped,32:51.0,,,,,,,
28-Jul-22,304410,28864,1,Rejected,33:43.0,,,,,,,
28-Jul-22,307608,107296,9,Rejected,33:50.0,,,,,,,
28-Jul-22,301221,147592,1,Rejected,34:36.0,,,,,,,
28-Jul-22,315609,165788,10,Rejected,35:05.0,,,,,,,
28-Jul-22,306696,206936,1,Rejected,35:17.0,,,,,,,
28-Jul-22,314118,217844,11,Shipped,35:49.0,,,,,,,
28-Jul-22,307731,205224,2,Shipped,35:57.0,,,,,,,
28-Jul-22,301224,125236,1,Shipped,36:29.0,,,,,,,
28-Jul-22,303027,115276,5,Rejected,36:51.0,,,,,,,
28-Jul-22,306492,172252,1,Shipped,37:04.0,,,,,,,
28-Jul-22,312546,205092,9,Shipped,37:10.0,,,,,,,
28-Jul-22,318792,116580,9,Shipped,37:26.0,,,,,,,
28-Jul-22,302466,119320,9,Shipped,37:31.0,,,,,,,
28-Jul-22,316848,213756,9,Rejected,38:09.0,,,,,,,
28-Jul-22,308148,58400,5,Shipped,38:27.0,,,,,,,
28-Jul-22,305157,220328,5,Rejected,38:54.0,,,,,,,
28-Jul-22,304233,94160,4,Rejected,38:59.0,,,,,,,
28-Jul-22,315042,215040,4,Shipped,39:06.0,,,,,,,
28-Jul-22,305361,73300,8,Rejected,39:31.0,,,,,,,
28-Jul-22,303537,204652,9,Rejected,40:17.0,,,,,,,
28-Jul-22,301416,152544,2,Rejected,40:22.0,,,,,,,
28-Jul-22,314676,186728,2,Rejected,40:22.0,,,,,,,
28-Jul-22,308151,178400,2,Shipped,40:26.0,,,,,,,
28-Jul-22,299955,209072,3,Rejected,40:29.0,,,,,,,
28-Jul-22,304278,108752,1,Rejected,40:34.0,,,,,,,
28-Jul-22,311481,211660,12,Rejected,40:43.0,,,,,,,
28-Jul-22,317511,98372,4,Shipped,41:01.0,,,,,,,
28-Jul-22,312186,223884,1,Rejected,41:07.0,,,,,,,
28-Jul-22,315480,182036,5,Shipped,41:17.0,,,,,,,
28-Jul-22,304590,106360,9,Rejected,41:26.0,,,,,,,
28-Jul-22,300549,220608,9,Rejected,41:33.0,,,,,,,
28-Jul-22,301689,116316,4,Rejected,42:01.0,,,,,,,
28-Jul-22,310116,88640,4,Shipped,42:06.0,,,,,,,
28-Jul-22,312453,20936,1,Shipped,42:15.0,,,,,,,
28-Jul-22,318045,167412,1,Shipped,42:17.0,,,,,,,
28-Jul-22,318852,128760,1,Rejected,42:54.0,,,,,,,
28-Jul-22,315831,194996,1,Rejected,43:29.0,,,,,,,
28-Jul-22,307815,202168,9,Shipped,44:15.0,,,,,,,
28-Jul-22,316566,134440,2,Rejected,44:20.0,,,,,,,
28-Jul-22,301239,130984,1,Rejected,44:21.0,,,,,,,
28-Jul-22,305364,73300,8,Rejected,44:28.0,,,,,,,
28-Jul-22,301848,79652,8,Rejected,44:56.0,,,,,,,
28-Jul-22,311775,190244,3,Rejected,44:56.0,,,,,,,
28-Jul-22,301851,79652,8,Rejected,45:32.0,,,,,,,
28-Jul-22,313296,99620,2,Shipped,45:39.0,,,,,,,
28-Jul-22,317457,223460,2,Shipped,45:55.0,,,,,,,
28-Jul-22,302187,47336,8,Shipped,46:10.0,,,,,,,
28-Jul-22,304890,134260,9,Rejected,46:16.0,,,,,,,
28-Jul-22,313299,99620,2,Rejected,47:13.0,,,,,,,
28-Jul-22,303039,146520,2,Shipped,47:19.0,,,,,,,
28-Jul-22,313107,161636,4,Rejected,47:28.0,,,,,,,
28-Jul-22,301245,102328,2,Shipped,47:35.0,,,,,,,
28-Jul-22,306612,55080,8,Shipped,47:37.0,,,,,,,
28-Jul-22,305376,65048,3,Rejected,47:44.0,,,,,,,
28-Jul-22,309768,86296,1,Shipped,47:53.0,,,,,,,
28-Jul-22,304893,221928,2,Shipped,48:28.0,,,,,,,
28-Jul-22,316578,45100,1,Rejected,48:48.0,,,,,,,
28-Jul-22,304605,221360,9,Rejected,49:53.0,,,,,,,
28-Jul-22,315063,223488,9,Rejected,49:56.0,,,,,,,
28-Jul-22,314208,91728,1,Shipped,50:11.0,,,,,,,
28-Jul-22,309249,202368,2,Shipped,50:18.0,,,,,,,
28-Jul-22,318714,211440,4,Shipped,50:20.0,,,,,,,
28-Jul-22,316779,32288,1,Shipped,50:39.0,,,,,,,
28-Jul-22,309456,113580,1,Shipped,50:43.0,,,,,,,
28-Jul-22,312117,180120,8,Shipped,50:46.0,,,,,,,
28-Jul-22,315648,178744,8,Rejected,50:50.0,,,,,,,
28-Jul-22,317295,223372,9,Rejected,50:54.0,,,,,,,
28-Jul-22,306621,94152,9,Rejected,50:58.0,,,,,,,
28-Jul-22,312318,173804,4,Shipped,51:00.0,,,,,,,
28-Jul-22,299421,57440,5,Rejected,51:03.0,,,,,,,
28-Jul-22,305751,88592,9,Shipped,51:38.0,,,,,,,
28-Jul-22,310692,95112,4,Shipped,51:43.0,,,,,,,
28-Jul-22,312474,154112,1,Rejected,51:55.0,,,,,,,
28-Jul-22,299970,159612,2,Shipped,51:59.0,,,,,,,
28-Jul-22,306891,123916,1,Rejected,52:01.0,,,,,,,
28-Jul-22,310626,179748,4,Rejected,52:06.0,,,,,,,
28-Jul-22,303114,177112,4,Shipped,52:16.0,,,,,,,
28-Jul-22,301443,152544,2,Shipped,52:38.0,,,,,,,
28-Jul-22,304422,38748,1,Rejected,52:44.0,,,,,,,
28-Jul-22,300192,178072,2,Rejected,52:50.0,,,,,,,
28-Jul-22,313680,151092,5,Rejected,52:59.0,,,,,,,
28-Jul-22,299022,185848,11,Rejected,53:08.0,,,,,,,
28-Jul-22,304425,214508,2,Shipped,53:20.0,,,,,,,
28-Jul-22,310080,99656,8,Shipped,53:24.0,,,,,,,
28-Jul-22,301101,185092,11,Shipped,53:47.0,,,,,,,
28-Jul-22,298806,215828,11,Shipped,53:55.0,,,,,,,
28-Jul-22,302664,207124,2,Rejected,53:58.0,,,,,,,
28-Jul-22,299223,211596,3,Rejected,54:17.0,,,,,,,
28-Jul-22,298926,157792,11,Shipped,54:21.0,,,,,,,
28-Jul-22,311307,197724,4,Rejected,54:28.0,,,,,,,
28-Jul-22,313011,61460,8,Shipped,54:31.0,,,,,,,
28-Jul-22,313131,88640,4,Shipped,54:34.0,,,,,,,
28-Jul-22,314736,111336,9,Rejected,54:37.0,,,,,,,
28-Jul-22,310083,55068,1,Rejected,54:39.0,,,,,,,
28-Jul-22,302562,170296,2,Rejected,54:40.0,,,,,,,
28-Jul-22,314151,42248,8,Rejected,55:07.0,,,,,,,
28-Jul-22,308352,25444,1,Shipped,55:30.0,,,,,,,
28-Jul-22,307428,95092,9,Rejected,56:13.0,,,,,,,
28-Jul-22,308616,9988,1,Shipped,56:57.0,,,,,,,
28-Jul-22,312840,60388,8,Rejected,57:04.0,,,,,,,
28-Jul-22,316890,60968,2,Shipped,57:32.0,,,,,,,
28-Jul-22,299601,65612,8,Rejected,57:41.0,,,,,,,
28-Jul-22,304914,21164,1,Rejected,58:11.0,,,,,,,
28-Jul-22,318321,97940,3,Shipped,58:48.0,,,,,,,
28-Jul-22,316602,116980,1,Shipped,58:58.0,,,,,,,
28-Jul-22,307440,95092,9,Rejected,59:03.0,,,,,,,
28-Jul-22,299889,82436,3,Rejected,59:20.0,,,,,,,
28-Jul-22,306243,77084,2,Shipped,59:32.0,,,,,,,
28-Jul-22,306729,221864,2,Shipped,59:38.0,,,,,,,
28-Jul-22,310002,89488,2,Shipped,59:40.0,,,,,,,
28-Jul-22,312762,171948,9,Rejected,59:43.0,,,,,,,
28-Jul-22,300363,217656,8,Rejected,59:54.0,,,,,,,
29-Jul-22,303957,213464,9,Shipped,00:07.0,,,,,,,
29-Jul-22,317661,204376,2,Rejected,00:17.0,,,,,,,
29-Jul-22,311646,217384,10,Rejected,00:20.0,,,,,,,
29-Jul-22,316299,97632,3,Rejected,01:20.0,,,,,,,
29-Jul-22,311088,212804,2,Rejected,01:24.0,,,,,,,
29-Jul-22,301740,137104,9,Rejected,01:40.0,,,,,,,
29-Jul-22,300270,59676,2,Rejected,01:44.0,,,,,,,
29-Jul-22,300207,198932,3,Shipped,02:05.0,,,,,,,
29-Jul-22,307551,151324,8,Rejected,02:09.0,,,,,,,
29-Jul-22,309681,43256,1,Rejected,02:25.0,,,,,,,
29-Jul-22,309189,217832,5,Rejected,02:31.0,,,,,,,
29-Jul-22,312612,207268,1,Shipped,02:39.0,,,,,,,
29-Jul-22,314973,219180,1,Shipped,02:48.0,,,,,,,
29-Jul-22,318960,63380,10,Rejected,02:58.0,,,,,,,
29-Jul-22,306873,55312,11,Rejected,03:36.0,,,,,,,
29-Jul-22,307251,78588,4,Rejected,03:40.0,,,,,,,
29-Jul-22,317673,216512,8,Rejected,03:43.0,,,,,,,
29-Jul-22,308634,211452,3,Shipped,04:19.0,,,,,,,
29-Jul-22,308190,110308,2,Shipped,04:36.0,,,,,,,
29-Jul-22,305868,156340,4,Rejected,04:58.0,,,,,,,
29-Jul-22,301461,191852,4,Rejected,05:01.0,,,,,,,
29-Jul-22,303579,221436,8,Shipped,05:02.0,,,,,,,
29-Jul-22,309165,71960,4,Shipped,05:07.0,,,,,,,
29-Jul-22,301056,32668,5,Rejected,05:09.0,,,,,,,
29-Jul-22,315618,39500,1,Shipped,05:11.0,,,,,,,
29-Jul-22,313041,224196,1,Rejected,05:19.0,,,,,,,
29-Jul-22,300573,152588,4,Shipped,05:39.0,,,,,,,
29-Jul-22,305943,66328,8,Rejected,05:41.0,,,,,,,
29-Jul-22,307254,104224,2,Rejected,05:57.0,,,,,,,
29-Jul-22,298833,79652,8,Rejected,06:06.0,,,,,,,
29-Jul-22,303504,221568,1,Rejected,06:16.0,,,,,,,
29-Jul-22,313626,79536,2,Rejected,06:16.0,,,,,,,
29-Jul-22,308796,202196,2,Rejected,06:37.0,,,,,,,
29-Jul-22,316224,41840,8,Rejected,06:44.0,,,,,,,
29-Jul-22,309258,147760,1,Rejected,07:38.0,,,,,,,
29-Jul-22,306066,114192,9,Shipped,08:40.0,,,,,,,
29-Jul-22,301059,196532,3,Shipped,09:29.0,,,,,,,
29-Jul-22,299718,217656,8,Rejected,09:37.0,,,,,,,
29-Jul-22,310017,78928,3,Rejected,09:41.0,,,,,,,
29-Jul-22,307800,222800,8,Shipped,09:47.0,,,,,,,
29-Jul-22,314505,189228,1,Rejected,09:54.0,,,,,,,
29-Jul-22,303285,210844,4,Rejected,10:14.0,,,,,,,
29-Jul-22,311538,132960,4,Shipped,10:32.0,,,,,,,
29-Jul-22,300222,180788,1,Shipped,11:42.0,,,,,,,
29-Jul-22,313497,54204,9,Shipped,11:43.0,,,,,,,
29-Jul-22,309312,183488,7,Shipped,11:52.0,,,,,,,
29-Jul-22,311820,185844,10,Rejected,12:01.0,,,,,,,
29-Jul-22,316878,219304,9,Rejected,12:07.0,,,,,,,
29-Jul-22,304725,219508,9,Rejected,12:14.0,,,,,,,
29-Jul-22,303342,186588,4,Rejected,12:40.0,,,,,,,
29-Jul-22,305961,203404,1,Rejected,12:44.0,,,,,,,
29-Jul-22,303759,98596,4,Rejected,12:49.0,,,,,,,
29-Jul-22,304728,71772,5,Rejected,13:28.0,,,,,,,
29-Jul-22,316248,198976,1,Shipped,13:36.0,,,,,,,
29-Jul-22,303003,114744,11,Shipped,13:58.0,,,,,,,
29-Jul-22,304731,98176,8,Shipped,14:10.0,,,,,,,
29-Jul-22,313341,79516,1,Shipped,14:13.0,,,,,,,
29-Jul-22,301008,213164,4,Shipped,14:14.0,,,,,,,
29-Jul-22,308079,218704,2,Rejected,14:14.0,,,,,,,
29-Jul-22,308652,191852,4,Rejected,14:33.0,,,,,,,
29-Jul-22,300087,196484,1,Rejected,14:35.0,,,,,,,
29-Jul-22,316932,207560,9,Shipped,14:35.0,,,,,,,
29-Jul-22,300579,202196,2,Rejected,14:43.0,,,,,,,
29-Jul-22,317415,207632,8,Rejected,14:46.0,,,,,,,
29-Jul-22,306678,185616,4,Rejected,15:39.0,,,,,,,
29-Jul-22,309711,179748,4,Rejected,15:57.0,,,,,,,
29-Jul-22,307686,117472,1,Shipped,16:07.0,,,,,,,
29-Jul-22,315372,224868,3,Rejected,16:36.0,,,,,,,
29-Jul-22,310575,145980,4,Rejected,17:10.0,,,,,,,
29-Jul-22,309942,42748,5,Shipped,17:32.0,,,,,,,
29-Jul-22,311127,218516,8,Shipped,17:42.0,,,,,,,
29-Jul-22,299649,86512,9,Rejected,17:52.0,,,,,,,
29-Jul-22,310644,220960,10,Rejected,18:02.0,,,,,,,
29-Jul-22,308931,223080,4,Rejected,18:45.0,,,,,,,
29-Jul-22,317598,118816,1,Rejected,19:15.0,,,,,,,
29-Jul-22,298872,217140,8,Rejected,19:26.0,,,,,,,
29-Jul-22,307590,222768,7,Rejected,19:40.0,,,,,,,
29-Jul-22,313905,123328,5,Shipped,19:42.0,,,,,,,
29-Jul-22,313701,209128,4,Shipped,19:54.0,,,,,,,
29-Jul-22,301929,80416,5,Rejected,20:07.0,,,,,,,
29-Jul-22,310509,39680,1,Shipped,20:16.0,,,,,,,
29-Jul-22,306024,85432,4,Rejected,20:17.0,,,,,,,
29-Jul-22,314382,165468,11,Shipped,20:30.0,,,,,,,
29-Jul-22,315975,21104,1,Rejected,20:30.0,,,,,,,
29-Jul-22,299448,175940,9,Rejected,21:08.0,,,,,,,
29-Jul-22,310596,9988,1,Shipped,21:34.0,,,,,,,
29-Jul-22,307695,194380,1,Shipped,22:02.0,,,,,,,
29-Jul-22,304335,221736,8,Shipped,22:09.0,,,,,,,
29-Jul-22,318888,1284,1,Shipped,22:43.0,,,,,,,
29-Jul-22,315276,206324,8,Shipped,22:45.0,,,,,,,
29-Jul-22,302379,37872,1,Shipped,22:59.0,,,,,,,
29-Jul-22,304752,81036,5,Shipped,23:04.0,,,,,,,
29-Jul-22,304656,152276,11,Shipped,23:32.0,,,,,,,
29-Jul-22,308103,70176,4,Shipped,23:59.0,,,,,,,
29-Jul-22,312039,103928,10,Rejected,24:31.0,,,,,,,
29-Jul-22,304662,170796,1,Shipped,25:16.0,,,,,,,
29-Jul-22,315924,85960,9,Rejected,25:48.0,,,,,,,
29-Jul-22,302382,214408,4,Rejected,25:52.0,,,,,,,
29-Jul-22,316215,28464,1,Rejected,25:52.0,,,,,,,
29-Jul-22,315288,43844,9,Rejected,26:33.0,,,,,,,
29-Jul-22,307359,91728,1,Rejected,26:46.0,,,,,,,
29-Jul-22,317949,48564,1,Shipped,26:48.0,,,,,,,
29-Jul-22,301806,216708,10,Shipped,26:57.0,,,,,,,
29-Jul-22,312090,184356,1,Rejected,27:10.0,,,,,,,
29-Jul-22,304398,164896,2,Rejected,27:25.0,,,,,,,
29-Jul-22,315138,61464,2,Shipped,27:41.0,,,,,,,
29-Jul-22,307095,179364,9,Shipped,29:10.0,,,,,,,
29-Jul-22,314649,47036,5,Shipped,29:39.0,,,,,,,
29-Jul-22,317958,203272,1,Rejected,29:43.0,,,,,,,
29-Jul-22,314826,224776,4,Rejected,30:41.0,,,,,,,
29-Jul-22,315876,135912,1,Shipped,31:42.0,,,,,,,
29-Jul-22,317439,130984,1,Shipped,31:52.0,,,,,,,
29-Jul-22,313365,85432,4,Shipped,31:55.0,,,,,,,
29-Jul-22,311955,126244,8,Rejected,32:09.0,,,,,,,
29-Jul-22,316938,64460,9,Rejected,32:15.0,,,,,,,
29-Jul-22,302730,67352,2,Rejected,32:25.0,,,,,,,
29-Jul-22,301896,122976,1,Rejected,33:07.0,,,,,,,
29-Jul-22,309144,66816,11,Rejected,33:10.0,,,,,,,
29-Jul-22,305832,215816,11,Shipped,33:11.0,,,,,,,
29-Jul-22,299346,164132,2,Rejected,33:41.0,,,,,,,
29-Jul-22,308847,204588,1,Rejected,34:37.0,,,,,,,
29-Jul-22,310233,118652,9,Shipped,35:02.0,,,,,,,
29-Jul-22,313206,213064,5,Rejected,35:32.0,,,,,,,
29-Jul-22,302052,203284,2,Shipped,35:51.0,,,,,,,
29-Jul-22,309885,112780,10,Rejected,36:02.0,,,,,,,
29-Jul-22,315594,113076,3,Rejected,36:32.0,,,,,,,
29-Jul-22,317232,215832,11,Rejected,36:32.0,,,,,,,
29-Jul-22,318789,18724,1,Shipped,36:39.0,,,,,,,
29-Jul-22,318840,144432,10,Shipped,36:50.0,,,,,,,
29-Jul-22,312540,117116,5,Shipped,36:55.0,,,,,,,
29-Jul-22,314604,224676,10,Rejected,37:36.0,,,,,,,
29-Jul-22,311937,142896,4,Rejected,37:39.0,,,,,,,
29-Jul-22,309540,221864,2,Rejected,37:40.0,,,,,,,
29-Jul-22,316716,203408,12,Rejected,37:51.0,,,,,,,
29-Jul-22,309747,64620,2,Shipped,37:58.0,,,,,,,
29-Jul-22,298890,36948,1,Shipped,38:12.0,,,,,,,
29-Jul-22,299757,220728,1,Rejected,38:19.0,,,,,,,
29-Jul-22,306141,119328,1,Rejected,38:20.0,,,,,,,
29-Jul-22,311964,63516,10,Rejected,38:28.0,,,,,,,
29-Jul-22,299673,120156,9,Shipped,38:58.0,,,,,,,
29-Jul-22,300261,151392,11,Rejected,39:04.0,,,,,,,
29-Jul-22,313782,70916,1,Shipped,39:07.0,,,,,,,
29-Jul-22,300453,73876,3,Rejected,39:11.0,,,,,,,
29-Jul-22,314130,181052,1,Shipped,39:27.0,,,,,,,
29-Jul-22,308469,49168,1,Rejected,39:54.0,,,,,,,
29-Jul-22,312282,35016,1,Rejected,40:15.0,,,,,,,
29-Jul-22,307212,42164,8,Rejected,40:22.0,,,,,,,
29-Jul-22,305436,219084,3,Shipped,40:42.0,,,,,,,
29-Jul-22,298893,113616,11,Rejected,41:02.0,,,,,,,
29-Jul-22,312189,212560,4,Shipped,41:09.0,,,,,,,
29-Jul-22,316413,184616,2,Shipped,41:30.0,,,,,,,
29-Jul-22,310347,111340,9,Shipped,41:43.0,,,,,,,
29-Jul-22,310440,135788,5,Shipped,41:58.0,,,,,,,
29-Jul-22,315705,204656,4,Shipped,42:42.0,,,,,,,
29-Jul-22,302907,23060,1,Shipped,42:44.0,,,,,,,
29-Jul-22,313458,222292,4,Shipped,42:45.0,,,,,,,
29-Jul-22,302250,212804,2,Shipped,43:21.0,,,,,,,
29-Jul-22,299772,99416,10,Shipped,43:31.0,,,,,,,
29-Jul-22,300858,202416,11,Shipped,43:37.0,,,,,,,
29-Jul-22,305721,20936,1,Shipped,43:51.0,,,,,,,
29-Jul-22,309246,108212,9,Shipped,44:05.0,,,,,,,
29-Jul-22,314517,162980,3,Shipped,44:24.0,,,,,,,
29-Jul-22,315057,212960,11,Rejected,44:43.0,,,,,,,
29-Jul-22,310911,209388,11,Shipped,45:10.0,,,,,,,
29-Jul-22,311202,21380,1,Rejected,45:27.0,,,,,,,
29-Jul-22,318906,24384,1,Shipped,45:31.0,,,,,,,
29-Jul-22,307020,52248,8,Shipped,45:38.0,,,,,,,
29-Jul-22,299688,52832,8,Shipped,45:53.0,,,,,,,
29-Jul-22,298593,86212,2,Shipped,46:02.0,,,,,,,
29-Jul-22,315201,64372,2,Rejected,46:29.0,,,,,,,
29-Jul-22,304284,208756,4,Shipped,46:44.0,,,,,,,
29-Jul-22,301983,113580,1,Shipped,46:49.0,,,,,,,
29-Jul-22,317463,189960,9,Rejected,47:22.0,,,,,,,
29-Jul-22,309147,222940,3,Rejected,47:31.0,,,,,,,
29-Jul-22,309765,71364,2,Shipped,47:33.0,,,,,,,
29-Jul-22,305559,214776,11,Shipped,47:56.0,,,,,,,
29-Jul-22,307023,179364,9,Rejected,48:32.0,,,,,,,
29-Jul-22,311922,109768,9,Shipped,48:32.0,,,,,,,
29-Jul-22,312723,178468,1,Rejected,48:48.0,,,,,,,
29-Jul-22,314205,32548,5,Rejected,48:54.0,,,,,,,
29-Jul-22,310296,24832,1,Shipped,49:08.0,,,,,,,
29-Jul-22,305085,32064,1,Rejected,49:11.0,,,,,,,
29-Jul-22,318129,53628,9,Shipped,49:49.0,,,,,,,
29-Jul-22,302631,43824,9,Shipped,49:54.0,,,,,,,
29-Jul-22,306321,199856,4,Shipped,50:22.0,,,,,,,
29-Jul-22,312120,44100,9,Shipped,50:50.0,,,,,,,
29-Jul-22,299583,207672,1,Shipped,50:56.0,,,,,,,
29-Jul-22,302751,215924,1,Rejected,51:23.0,,,,,,,
29-Jul-22,317256,81960,8,Rejected,51:23.0,,,,,,,
29-Jul-22,314211,74448,4,Shipped,51:44.0,,,,,,,
29-Jul-22,308790,197424,4,Shipped,51:57.0,,,,,,,
29-Jul-22,310986,189956,9,Rejected,52:21.0,,,,,,,
29-Jul-22,314475,204988,3,Rejected,52:30.0,,,,,,,
29-Jul-22,300126,158848,5,Rejected,52:35.0,,,,,,,
29-Jul-22,308805,58952,2,Rejected,52:44.0,,,,,,,
29-Jul-22,308868,191860,1,Rejected,52:48.0,,,,,,,
29-Jul-22,313677,224312,5,Rejected,52:52.0,,,,,,,
29-Jul-22,316008,111348,9,Rejected,52:56.0,,,,,,,
29-Jul-22,313473,57756,8,Shipped,53:07.0,,,,,,,
29-Jul-22,300600,215732,8,Shipped,53:36.0,,,,,,,
29-Jul-22,301638,213048,4,Shipped,53:37.0,,,,,,,
29-Jul-22,306414,197724,4,Shipped,53:59.0,,,,,,,
29-Jul-22,311637,40988,1,Shipped,54:11.0,,,,,,,
29-Jul-22,309993,32548,5,Rejected,55:15.0,,,,,,,
29-Jul-22,315495,70176,4,Rejected,55:17.0,,,,,,,
29-Jul-22,315432,98452,10,Shipped,55:32.0,,,,,,,
29-Jul-22,301254,175140,3,Shipped,55:34.0,,,,,,,
29-Jul-22,304146,152052,8,Shipped,55:42.0,,,,,,,
29-Jul-22,305847,214836,2,Shipped,55:56.0,,,,,,,
29-Jul-22,305763,45140,8,Rejected,56:08.0,,,,,,,
29-Jul-22,317316,210884,3,Rejected,56:45.0,,,,,,,
29-Jul-22,309000,51672,9,Rejected,56:58.0,,,,,,,
29-Jul-22,304911,219084,3,Rejected,57:36.0,,,,,,,
29-Jul-22,306333,47412,8,Rejected,58:18.0,,,,,,,
29-Jul-22,303840,138760,10,Rejected,58:23.0,,,,,,,
29-Jul-22,306237,196872,4,Shipped,58:31.0,,,,,,,
29-Jul-22,309363,61616,9,Rejected,59:12.0,,,,,,,
29-Jul-22,315237,68884,8,Rejected,59:12.0,,,,,,,
29-Jul-22,300609,197072,4,Pending,59:28.0,,,,,,,
29-Jul-22,301713,166660,1,Rejected,59:46.0,,,,,,,
29-Jul-22,318867,53524,5,Shipped,59:47.0,,,,,,,
30-Jul-22,311505,134456,1,Rejected,00:22.0,,,,,,,
30-Jul-22,303576,92068,3,Shipped,00:59.0,,,,,,,
30-Jul-22,311724,223700,1,Shipped,01:01.0,,,,,,,
30-Jul-22,313542,118440,3,Rejected,01:06.0,,,,,,,
30-Jul-22,313545,118440,3,Rejected,01:44.0,,,,,,,
30-Jul-22,300960,207748,8,Shipped,02:59.0,,,,,,,
30-Jul-22,308955,143768,5,Rejected,03:02.0,,,,,,,
30-Jul-22,298953,217140,8,Rejected,03:22.0,,,,,,,
30-Jul-22,314790,85068,8,Rejected,03:24.0,,,,,,,
30-Jul-22,312135,94308,4,Shipped,03:25.0,,,,,,,
30-Jul-22,316683,84596,7,Rejected,03:32.0,,,,,,,
30-Jul-22,309300,64324,2,Shipped,03:37.0,,,,,,,
30-Jul-22,299913,164104,9,Rejected,03:41.0,,,,,,,
30-Jul-22,314793,108540,2,Rejected,03:57.0,,,,,,,
30-Jul-22,306015,23816,8,Rejected,03:58.0,,,,,,,
30-Jul-22,303129,51200,8,Rejected,04:07.0,,,,,,,
30-Jul-22,311730,204316,1,Rejected,04:41.0,,,,,,,
30-Jul-22,315726,87252,3,Shipped,04:43.0,,,,,,,
30-Jul-22,299619,1364,1,Shipped,05:04.0,,,,,,,
30-Jul-22,308055,70508,4,Rejected,05:30.0,,,,,,,
30-Jul-22,305115,71388,1,Shipped,05:39.0,,,,,,,
30-Jul-22,311247,154372,5,Shipped,06:19.0,,,,,,,
30-Jul-22,313779,177612,2,Rejected,07:03.0,,,,,,,
30-Jul-22,314871,202196,2,Rejected,07:03.0,,,,,,,
30-Jul-22,317184,62908,2,Shipped,07:22.0,,,,,,,
30-Jul-22,307467,222476,8,Rejected,07:26.0,,,,,,,
30-Jul-22,312501,223880,1,Rejected,07:27.0,,,,,,,
30-Jul-22,309822,2712,1,Shipped,07:30.0,,,,,,,
30-Jul-22,303849,147508,8,Shipped,07:42.0,,,,,,,
30-Jul-22,307842,32668,5,Shipped,07:42.0,,,,,,,
30-Jul-22,317520,216352,9,Shipped,08:02.0,,,,,,,
30-Jul-22,313800,66732,9,Rejected,08:19.0,,,,,,,
30-Jul-22,310725,218324,9,Shipped,08:33.0,,,,,,,
30-Jul-22,309039,43940,9,Rejected,09:14.0,,,,,,,
30-Jul-22,310566,194996,1,Shipped,09:55.0,,,,,,,
30-Jul-22,312357,26380,1,Shipped,10:20.0,,,,,,,
30-Jul-22,310272,30312,1,Shipped,10:43.0,,,,,,,
30-Jul-22,298635,35736,1,Shipped,11:42.0,,,,,,,
30-Jul-22,300312,186264,1,Rejected,12:12.0,,,,,,,
30-Jul-22,304830,202368,2,Rejected,12:19.0,,,,,,,
30-Jul-22,305271,57488,8,Rejected,12:23.0,,,,,,,
30-Jul-22,318750,62920,8,Rejected,12:50.0,,,,,,,
30-Jul-22,317568,37948,1,Rejected,12:54.0,,,,,,,
30-Jul-22,309699,204724,10,Rejected,12:57.0,,,,,,,
30-Jul-22,301362,82640,4,Rejected,13:11.0,,,,,,,
30-Jul-22,305964,144416,10,Shipped,13:11.0,,,,,,,
30-Jul-22,318879,84976,9,Rejected,14:22.0,,,,,,,
30-Jul-22,311985,171948,9,Rejected,14:27.0,,,,,,,
30-Jul-22,312420,25312,1,Shipped,14:43.0,,,,,,,
30-Jul-22,315735,214700,10,Rejected,15:22.0,,,,,,,
30-Jul-22,306675,103360,1,Rejected,15:36.0,,,,,,,
30-Jul-22,300357,202832,5,Rejected,15:59.0,,,,,,,
30-Jul-22,304305,96340,1,Rejected,16:29.0,,,,,,,
30-Jul-22,300744,48184,8,Rejected,16:31.0,,,,,,,
30-Jul-22,305610,201184,4,Shipped,16:34.0,,,,,,,
30-Jul-22,318582,152976,11,Shipped,16:49.0,,,,,,,
30-Jul-22,304452,204460,9,Rejected,16:56.0,,,,,,,
30-Jul-22,308544,197712,3,Shipped,17:13.0,,,,,,,
30-Jul-22,318150,223728,9,Shipped,17:20.0,,,,,,,
30-Jul-22,316533,146532,1,Shipped,17:36.0,,,,,,,
30-Jul-22,301494,44512,9,Rejected,17:38.0,,,,,,,
30-Jul-22,313176,188716,4,Rejected,17:57.0,,,,,,,
30-Jul-22,310878,220032,3,Rejected,17:58.0,,,,,,,
30-Jul-22,307134,55508,1,Rejected,19:00.0,,,,,,,
30-Jul-22,314772,150784,2,Shipped,19:03.0,,,,,,,
30-Jul-22,308934,161392,4,Rejected,19:05.0,,,,,,,
30-Jul-22,298653,60000,9,Rejected,19:07.0,,,,,,,
30-Jul-22,303522,183064,10,Shipped,19:10.0,,,,,,,
30-Jul-22,318882,57084,8,Rejected,19:10.0,,,,,,,
30-Jul-22,303600,88084,3,Rejected,19:39.0,,,,,,,
30-Jul-22,308094,47396,9,Rejected,19:51.0,,,,,,,
30-Jul-22,316326,179644,4,Shipped,20:01.0,,,,,,,
30-Jul-22,300237,25444,1,Rejected,20:22.0,,,,,,,
30-Jul-22,312426,197724,4,Rejected,20:41.0,,,,,,,
30-Jul-22,314466,79652,8,Rejected,20:45.0,,,,,,,
30-Jul-22,306069,123916,1,Rejected,21:03.0,,,,,,,
30-Jul-22,301509,193464,1,Rejected,21:13.0,,,,,,,
30-Jul-22,313824,51420,1,Shipped,21:21.0,,,,,,,
30-Jul-22,306189,179364,9,Shipped,22:06.0,,,,,,,
30-Jul-22,316335,116980,1,Rejected,22:33.0,,,,,,,
30-Jul-22,300432,170208,2,Shipped,23:38.0,,,,,,,
30-Jul-22,314904,212796,10,Rejected,24:10.0,,,,,,,
30-Jul-22,307704,208068,3,Rejected,24:31.0,,,,,,,
30-Jul-22,318774,194196,1,Rejected,24:34.0,,,,,,,
30-Jul-22,318108,152976,11,Shipped,25:38.0,,,,,,,
30-Jul-22,304182,18808,1,Shipped,25:52.0,,,,,,,
30-Jul-22,307767,81080,11,Shipped,25:55.0,,,,,,,
30-Jul-22,300879,41768,1,Rejected,25:56.0,,,,,,,
30-Jul-22,310515,67940,1,Shipped,26:37.0,,,,,,,
30-Jul-22,312702,162484,10,Rejected,26:40.0,,,,,,,
30-Jul-22,307599,147592,1,Rejected,27:41.0,,,,,,,
30-Jul-22,308742,21380,1,Shipped,27:57.0,,,,,,,
30-Jul-22,308115,85212,4,Rejected,28:00.0,,,,,,,
30-Jul-22,309960,66732,9,Rejected,28:00.0,,,,,,,
30-Jul-22,300342,209820,1,Rejected,28:15.0,,,,,,,
30-Jul-22,300516,208944,8,Rejected,28:17.0,,,,,,,
30-Jul-22,317496,118668,9,Shipped,28:26.0,,,,,,,
30-Jul-22,315927,65796,4,Shipped,28:31.0,,,,,,,
30-Jul-22,303879,41156,8,Rejected,28:54.0,,,,,,,
30-Jul-22,302808,156428,5,Shipped,29:00.0,,,,,,,
30-Jul-22,316548,214776,11,Shipped,29:00.0,,,,,,,
30-Jul-22,298884,104832,5,Rejected,29:06.0,,,,,,,
30-Jul-22,307182,53720,9,Shipped,29:42.0,,,,,,,
30-Jul-22,308118,28300,5,Rejected,29:58.0,,,,,,,
30-Jul-22,304113,152052,8,Rejected,30:14.0,,,,,,,
30-Jul-22,300768,95208,4,Rejected,30:20.0,,,,,,,
30-Jul-22,318360,128084,1,Rejected,30:21.0,,,,,,,
30-Jul-22,316929,55528,8,Shipped,30:31.0,,,,,,,
30-Jul-22,301842,187252,3,Rejected,30:43.0,,,,,,,
30-Jul-22,308436,25284,1,Shipped,30:45.0,,,,,,,
30-Jul-22,312651,88632,11,Rejected,30:47.0,,,,,,,
30-Jul-22,308439,58200,1,Shipped,30:58.0,,,,,,,
30-Jul-22,310749,199844,9,Shipped,31:04.0,,,,,,,
30-Jul-22,309141,31944,1,Rejected,32:33.0,,,,,,,
30-Jul-22,301014,218388,9,Shipped,33:12.0,,,,,,,
30-Jul-22,305427,219084,3,Rejected,33:46.0,,,,,,,
30-Jul-22,308448,157236,3,Rejected,34:01.0,,,,,,,
30-Jul-22,312267,93168,1,Rejected,34:02.0,,,,,,,
30-Jul-22,316761,28780,1,Rejected,34:36.0,,,,,,,
30-Jul-22,316707,136388,1,Shipped,34:53.0,,,,,,,
30-Jul-22,299748,79652,8,Rejected,34:57.0,,,,,,,
30-Jul-22,303897,100336,1,Rejected,34:57.0,,,,,,,
30-Jul-22,317736,72820,10,Shipped,35:56.0,,,,,,,
30-Jul-22,311898,217656,8,Shipped,36:08.0,,,,,,,
30-Jul-22,304878,98452,10,Rejected,36:35.0,,,,,,,
30-Jul-22,311598,221280,12,Rejected,37:07.0,,,,,,,
30-Jul-22,314121,40448,1,Rejected,37:50.0,,,,,,,
30-Jul-22,311853,136572,9,Shipped,39:00.0,,,,,,,
30-Jul-22,317910,214088,5,Shipped,39:06.0,,,,,,,
30-Jul-22,311193,158876,4,Shipped,39:07.0,,,,,,,
30-Jul-22,298686,202196,2,Rejected,39:14.0,,,,,,,
30-Jul-22,314181,55068,1,Rejected,39:17.0,,,,,,,
30-Jul-22,307503,202168,9,Rejected,39:24.0,,,,,,,
30-Jul-22,316917,147592,1,Rejected,39:47.0,,,,,,,
30-Jul-22,306000,26844,1,Shipped,40:00.0,,,,,,,
30-Jul-22,317697,70176,4,Rejected,40:17.0,,,,,,,
30-Jul-22,307512,9988,1,Rejected,40:31.0,,,,,,,
30-Jul-22,301017,149292,10,Shipped,41:11.0,,,,,,,
30-Jul-22,310968,217832,5,Rejected,41:30.0,,,,,,,
30-Jul-22,314559,188716,4,Rejected,41:39.0,,,,,,,
30-Jul-22,299370,79652,8,Rejected,42:01.0,,,,,,,
30-Jul-22,317454,79004,1,Shipped,42:53.0,,,,,,,
30-Jul-22,304239,183908,4,Shipped,43:34.0,,,,,,,
30-Jul-22,317016,214016,1,Shipped,44:12.0,,,,,,,
30-Jul-22,316722,203408,12,Rejected,44:14.0,,,,,,,
30-Jul-22,306396,32264,5,Shipped,44:24.0,,,,,,,
30-Jul-22,314196,123916,1,Shipped,44:46.0,,,,,,,
30-Jul-22,305280,54376,8,Shipped,44:57.0,,,,,,,
30-Jul-22,303543,221752,1,Rejected,45:06.0,,,,,,,
30-Jul-22,308163,75608,9,Shipped,45:40.0,,,,,,,
30-Jul-22,309651,211176,11,Shipped,45:52.0,,,,,,,
30-Jul-22,318936,225684,1,Rejected,46:33.0,,,,,,,
30-Jul-22,299694,27060,1,Shipped,46:40.0,,,,,,,
30-Jul-22,312396,170448,1,Shipped,46:48.0,,,,,,,
30-Jul-22,318054,179364,9,Shipped,47:17.0,,,,,,,
30-Jul-22,306615,212248,8,Shipped,47:41.0,,,,,,,
30-Jul-22,305082,214776,11,Rejected,48:26.0,,,,,,,
30-Jul-22,317919,80608,11,Rejected,48:35.0,,,,,,,
30-Jul-22,318795,225664,9,Rejected,48:40.0,,,,,,,
30-Jul-22,307122,147028,9,Shipped,49:00.0,,,,,,,
30-Jul-22,298707,79744,1,Shipped,50:08.0,,,,,,,
30-Jul-22,299580,36232,1,Shipped,50:17.0,,,,,,,
30-Jul-22,314472,178468,1,Rejected,50:20.0,,,,,,,
30-Jul-22,308175,194792,9,Rejected,50:40.0,,,,,,,
30-Jul-22,303642,57952,5,Rejected,51:09.0,,,,,,,
30-Jul-22,308340,222940,3,Shipped,51:11.0,,,,,,,
30-Jul-22,315543,46424,9,Shipped,51:21.0,,,,,,,
30-Jul-22,317028,222920,10,Rejected,51:21.0,,,,,,,
30-Jul-22,312471,217140,8,Shipped,51:41.0,,,,,,,
30-Jul-22,301707,152912,1,Shipped,51:42.0,,,,,,,
30-Jul-22,317682,92600,9,Rejected,51:55.0,,,,,,,
30-Jul-22,309342,104068,2,Shipped,52:06.0,,,,,,,
30-Jul-22,299220,44400,9,Shipped,52:07.0,,,,,,,
30-Jul-22,309186,153484,2,Rejected,52:35.0,,,,,,,
30-Jul-22,299589,207672,1,Shipped,52:42.0,,,,,,,
30-Jul-22,298803,84888,9,Rejected,53:46.0,,,,,,,
30-Jul-22,305754,83456,9,Shipped,53:46.0,,,,,,,
30-Jul-22,314352,185244,5,Shipped,53:52.0,,,,,,,
30-Jul-22,310629,179748,4,Shipped,53:54.0,,,,,,,
30-Jul-22,303939,9580,1,Shipped,53:56.0,,,,,,,
30-Jul-22,312327,201756,1,Rejected,53:58.0,,,,,,,
30-Jul-22,298809,25868,1,Shipped,53:59.0,,,,,,,
30-Jul-22,311793,35416,1,Rejected,54:09.0,,,,,,,
30-Jul-22,300666,204132,8,Rejected,54:16.0,,,,,,,
30-Jul-22,300669,218804,8,Rejected,54:18.0,,,,,,,
30-Jul-22,315492,89308,7,Shipped,54:27.0,,,,,,,
30-Jul-22,314565,74636,3,Rejected,54:37.0,,,,,,,
30-Jul-22,314598,54532,9,Rejected,55:29.0,,,,,,,
30-Jul-22,303723,183580,1,Rejected,55:35.0,,,,,,,
30-Jul-22,301995,213064,5,Shipped,55:39.0,,,,,,,
30-Jul-22,310854,79004,1,Shipped,56:06.0,,,,,,,
30-Jul-22,307536,167416,9,Shipped,56:07.0,,,,,,,
30-Jul-22,304374,85576,4,Rejected,56:19.0,,,,,,,
30-Jul-22,298932,35416,1,Shipped,56:57.0,,,,,,,
30-Jul-22,312864,209048,8,Rejected,57:05.0,,,,,,,
30-Jul-22,298821,21704,1,Rejected,57:09.0,,,,,,,
30-Jul-22,306639,81860,4,Shipped,57:18.0,,,,,,,
30-Jul-22,316668,172252,1,Rejected,57:25.0,,,,,,,
30-Jul-22,305856,109268,4,Rejected,57:50.0,,,,,,,
30-Jul-22,311715,78960,1,Rejected,58:14.0,,,,,,,
30-Jul-22,298719,219180,1,Shipped,58:33.0,,,,,,,
30-Jul-22,312585,212536,4,Shipped,58:33.0,,,,,,,
30-Jul-22,318294,222912,1,Rejected,58:40.0,,,,,,,
30-Jul-22,318354,192832,2,Shipped,58:41.0,,,,,,,
30-Jul-22,308355,62448,8,Shipped,58:43.0,,,,,,,
30-Jul-22,310794,190840,9,Shipped,58:57.0,,,,,,,
30-Jul-22,309927,191592,9,Rejected,58:58.0,,,,,,,
30-Jul-22,300063,9988,1,Shipped,59:10.0,,,,,,,
30-Jul-22,314547,32668,5,Rejected,59:29.0,,,,,,,
30-Jul-22,316788,111152,4,Rejected,59:29.0,,,,,,,
30-Jul-22,299709,24780,1,Shipped,59:43.0,,,,,,,
30-Jul-22,318078,29624,1,Shipped,59:57.0,,,,,,,
30-Jul-22,316983,174372,2,Shipped,59:58.0,,,,,,,
31-Jul-22,313884,125116,10,Rejected,00:06.0,,,,,,,
31-Jul-22,302478,115720,9,Shipped,00:08.0,,,,,,,
31-Jul-22,301275,23688,1,Shipped,00:39.0,,,,,,,
31-Jul-22,312336,122056,9,Shipped,00:53.0,,,,,,,
31-Jul-22,303963,219944,4,Shipped,01:12.0,,,,,,,
31-Jul-22,317847,196984,1,Rejected,01:21.0,,,,,,,
31-Jul-22,312603,70508,4,Rejected,01:22.0,,,,,,,
31-Jul-22,300675,218804,8,Rejected,01:34.0,,,,,,,
31-Jul-22,318816,45800,5,Shipped,01:55.0,,,,,,,
31-Jul-22,305178,178788,4,Shipped,02:22.0,,,,,,,
31-Jul-22,305466,67940,1,Shipped,03:17.0,,,,,,,
31-Jul-22,315912,225036,2,Rejected,03:17.0,,,,,,,
31-Jul-22,316182,158972,9,Shipped,03:32.0,,,,,,,
31-Jul-22,311511,98332,9,Shipped,03:42.0,,,,,,,
31-Jul-22,318639,147144,1,Shipped,03:46.0,,,,,,,
31-Jul-22,314706,216000,1,Shipped,04:06.0,,,,,,,
31-Jul-22,317769,28300,5,Rejected,04:10.0,,,,,,,
31-Jul-22,299919,5188,1,Shipped,04:31.0,,,,,,,
31-Jul-22,306945,213172,2,Rejected,04:35.0,,,,,,,
31-Jul-22,299319,156976,2,Rejected,04:43.0,,,,,,,
31-Jul-22,300831,220772,9,Rejected,05:30.0,,,,,,,
31-Jul-22,313152,27880,5,Shipped,05:40.0,,,,,,,
31-Jul-22,309168,84272,11,Shipped,05:44.0,,,,,,,
31-Jul-22,311244,51192,5,Rejected,05:50.0,,,,,,,
31-Jul-22,310014,214508,2,Shipped,05:56.0,,,,,,,
31-Jul-22,310470,111788,9,Rejected,06:04.0,,,,,,,
31-Jul-22,317931,57776,11,Shipped,06:32.0,,,,,,,
31-Jul-22,317859,101884,9,Rejected,06:36.0,,,,,,,
31-Jul-22,308688,172756,9,Shipped,06:43.0,,,,,,,
31-Jul-22,305586,48780,8,Rejected,07:03.0,,,,,,,
31-Jul-22,308064,47396,9,Rejected,07:25.0,,,,,,,
31-Jul-22,299178,108672,11,Rejected,07:33.0,,,,,,,
31-Jul-22,299511,210764,2,Shipped,07:33.0,,,,,,,
31-Jul-22,302697,104452,2,Shipped,07:43.0,,,,,,,
31-Jul-22,313413,27120,5,Shipped,08:18.0,,,,,,,
31-Jul-22,312147,81036,5,Shipped,08:23.0,,,,,,,
31-Jul-22,299352,128240,2,Rejected,08:40.0,,,,,,,
31-Jul-22,307680,218572,11,Shipped,09:06.0,,,,,,,
31-Jul-22,299355,128240,2,Rejected,09:19.0,,,,,,,
31-Jul-22,313638,84936,2,Shipped,10:34.0,,,,,,,
31-Jul-22,306453,182036,5,Shipped,11:07.0,,,,,,,
31-Jul-22,302880,71388,1,Shipped,11:48.0,,,,,,,
31-Jul-22,316035,39500,1,Shipped,12:07.0,,,,,,,
31-Jul-22,311976,66464,3,Rejected,12:37.0,,,,,,,
31-Jul-22,317103,108904,9,Shipped,12:37.0,,,,,,,
31-Jul-22,313983,39500,1,Shipped,12:44.0,,,,,,,
31-Jul-22,306105,28464,1,Rejected,13:05.0,,,,,,,
31-Jul-22,316146,224312,5,Shipped,13:16.0,,,,,,,
31-Jul-22,302946,71684,1,Shipped,13:40.0,,,,,,,
31-Jul-22,315684,185272,1,Shipped,14:00.0,,,,,,,
31-Jul-22,312075,212804,2,Shipped,14:14.0,,,,,,,
31-Jul-22,304386,46216,8,Shipped,14:23.0,,,,,,,
31-Jul-22,308901,47796,8,Rejected,14:35.0,,,,,,,
31-Jul-22,307266,30776,5,Shipped,14:45.0,,,,,,,
31-Jul-22,318147,225508,9,Shipped,15:38.0,,,,,,,
31-Jul-22,314487,166660,1,Rejected,15:42.0,,,,,,,
31-Jul-22,305688,124968,1,Shipped,17:31.0,,,,,,,
31-Jul-22,313740,213220,1,Rejected,17:38.0,,,,,,,
31-Jul-22,315918,9856,1,Shipped,17:42.0,,,,,,,
31-Jul-22,314376,165468,11,Rejected,18:15.0,,,,,,,
31-Jul-22,316044,172124,9,Shipped,18:20.0,,,,,,,
31-Jul-22,318585,164644,2,Rejected,18:49.0,,,,,,,
31-Jul-22,309852,20936,1,Rejected,19:05.0,,,,,,,
31-Jul-22,300948,137392,8,Rejected,19:33.0,,,,,,,
31-Jul-22,301503,217968,8,Rejected,19:58.0,,,,,,,
31-Jul-22,300315,50000,9,Rejected,20:00.0,,,,,,,
31-Jul-22,300426,219084,3,Shipped,20:59.0,,,,,,,
31-Jul-22,313986,208000,3,Rejected,21:03.0,,,,,,,
31-Jul-22,305970,182356,1,Rejected,21:05.0,,,,,,,
31-Jul-22,299847,185096,4,Shipped,21:15.0,,,,,,,
31-Jul-22,314418,55828,8,Shipped,21:29.0,,,,,,,
31-Jul-22,308301,86924,2,Rejected,21:30.0,,,,,,,
31-Jul-22,314760,223908,3,Rejected,21:46.0,,,,,,,
31-Jul-22,315978,28200,5,Shipped,22:19.0,,,,,,,
31-Jul-22,301071,214476,2,Shipped,22:26.0,,,,,,,
31-Jul-22,308733,221592,9,Shipped,22:30.0,,,,,,,
31-Jul-22,305511,143652,4,Rejected,23:19.0,,,,,,,
31-Jul-22,307701,181736,11,Shipped,23:41.0,,,,,,,
31-Jul-22,310998,61460,8,Shipped,24:05.0,,,,,,,
31-Jul-22,315390,170056,1,Shipped,25:41.0,,,,,,,
31-Jul-22,307164,53196,8,Shipped,26:24.0,,,,,,,
31-Jul-22,318606,188776,4,Shipped,26:26.0,,,,,,,
31-Jul-22,303876,142548,9,Rejected,27:39.0,,,,,,,
31-Jul-22,316545,95816,11,Rejected,27:49.0,,,,,,,
31-Jul-22,314109,139592,8,Shipped,27:53.0,,,,,,,
31-Jul-22,311031,223552,3,Rejected,28:43.0,,,,,,,
31-Jul-22,304863,25444,1,Shipped,28:47.0,,,,,,,
31-Jul-22,312096,48888,8,Shipped,28:58.0,,,,,,,
31-Jul-22,313359,183404,9,Rejected,28:59.0,,,,,,,
31-Jul-22,317214,168088,1,Shipped,29:17.0,,,,,,,
31-Jul-22,317433,19404,1,Shipped,29:17.0,,,,,,,
31-Jul-22,302721,180216,4,Rejected,29:27.0,,,,,,,
31-Jul-22,315816,186472,2,Shipped,30:07.0,,,,,,,
31-Jul-22,301215,220744,2,Rejected,30:21.0,,,,,,,
31-Jul-22,314331,161772,11,Rejected,30:32.0,,,,,,,
31-Jul-22,311067,218848,8,Rejected,30:33.0,,,,,,,
31-Jul-22,308751,21380,1,Rejected,30:41.0,,,,,,,
31-Jul-22,300105,157372,5,Shipped,31:15.0,,,,,,,
31-Jul-22,315030,222104,2,Shipped,31:15.0,,,,,,,
31-Jul-22,301149,218688,10,Rejected,31:21.0,,,,,,,
31-Jul-22,304551,113032,9,Rejected,31:24.0,,,,,,,
31-Jul-22,307002,220872,9,Shipped,31:38.0,,,,,,,
31-Jul-22,300777,64424,1,Rejected,31:39.0,,,,,,,
31-Jul-22,318288,194196,1,Rejected,31:57.0,,,,,,,
31-Jul-22,316647,94168,10,Rejected,32:27.0,,,,,,,
31-Jul-22,309630,220180,9,Rejected,32:53.0,,,,,,,
31-Jul-22,311049,101884,9,Rejected,33:03.0,,,,,,,
31-Jul-22,315819,38752,1,Rejected,33:32.0,,,,,,,
31-Jul-22,300783,67116,10,Rejected,33:36.0,,,,,,,
31-Jul-22,302112,116296,4,Shipped,33:40.0,,,,,,,
31-Jul-22,311052,220040,1,Rejected,33:59.0,,,,,,,
31-Jul-22,302544,106360,9,Rejected,34:26.0,,,,,,,
31-Jul-22,316128,172124,9,Shipped,34:35.0,,,,,,,
31-Jul-22,302397,183064,10,Rejected,34:50.0,,,,,,,
31-Jul-22,317142,141764,4,Shipped,34:52.0,,,,,,,
31-Jul-22,305913,36232,1,Rejected,34:53.0,,,,,,,
31-Jul-22,302547,55308,1,Shipped,34:56.0,,,,,,,
31-Jul-22,303078,180216,4,Rejected,35:01.0,,,,,,,
31-Jul-22,306381,123428,4,Shipped,35:17.0,,,,,,,
31-Jul-22,318036,205156,10,Shipped,36:10.0,,,,,,,
31-Jul-22,317577,132980,1,Rejected,36:26.0,,,,,,,
31-Jul-22,306783,120276,7,Shipped,36:32.0,,,,,,,
31-Jul-22,311400,25304,1,Shipped,37:51.0,,,,,,,
31-Jul-22,314670,224708,1,Rejected,37:55.0,,,,,,,
31-Jul-22,317961,43256,1,Shipped,38:04.0,,,,,,,
31-Jul-22,302829,115772,2,Shipped,38:13.0,,,,,,,
31-Jul-22,313752,136464,9,Rejected,38:27.0,,,,,,,
31-Jul-22,299124,88404,1,Rejected,38:42.0,,,,,,,
31-Jul-22,302400,146124,4,Shipped,38:51.0,,,,,,,
31-Jul-22,318843,57084,8,Rejected,39:15.0,,,,,,,
31-Jul-22,317286,189460,4,Shipped,39:24.0,,,,,,,
31-Jul-22,300852,218388,9,Rejected,39:31.0,,,,,,,
31-Jul-22,308466,192504,11,Shipped,39:35.0,,,,,,,
31-Jul-22,310344,221056,9,Rejected,39:42.0,,,,,,,
31-Jul-22,299952,37864,1,Rejected,39:44.0,,,,,,,
31-Jul-22,307623,69820,5,Rejected,39:46.0,,,,,,,
31-Jul-22,314445,98504,9,Rejected,39:53.0,,,,,,,
31-Jul-22,307509,74448,4,Rejected,39:55.0,,,,,,,
31-Jul-22,309030,99904,8,Rejected,39:57.0,,,,,,,
31-Jul-22,301161,180228,4,Shipped,41:22.0,,,,,,,
31-Jul-22,302901,25932,1,Shipped,42:17.0,,,,,,,
31-Jul-22,313380,72828,1,Shipped,42:19.0,,,,,,,
31-Jul-22,307635,78960,1,Shipped,42:21.0,,,,,,,
31-Jul-22,303825,1480,1,Shipped,42:32.0,,,,,,,
31-Jul-22,299775,219084,3,Rejected,43:35.0,,,,,,,
31-Jul-22,314193,118308,9,Rejected,44:33.0,,,,,,,
31-Jul-22,303453,27756,1,Rejected,44:36.0,,,,,,,
31-Jul-22,312393,209240,1,Shipped,44:57.0,,,,,,,
31-Jul-22,302526,116356,1,Shipped,45:44.0,,,,,,,
31-Jul-22,311940,142896,4,Shipped,45:49.0,,,,,,,
31-Jul-22,307404,18916,1,Shipped,46:25.0,,,,,,,
31-Jul-22,316971,78244,2,Rejected,47:09.0,,,,,,,
31-Jul-22,304599,106360,9,Rejected,47:35.0,,,,,,,
31-Jul-22,306510,61136,1,Rejected,47:51.0,,,,,,,
31-Jul-22,300864,98452,10,Rejected,47:57.0,,,,,,,
31-Jul-22,317067,78244,2,Shipped,47:58.0,,,,,,,
31-Jul-22,305379,188776,4,Rejected,47:59.0,,,,,,,
31-Jul-22,299787,96032,8,Rejected,48:00.0,,,,,,,
31-Jul-22,312204,93168,1,Rejected,48:28.0,,,,,,,
31-Jul-22,311211,35800,1,Shipped,48:46.0,,,,,,,
31-Jul-22,309987,89488,2,Rejected,48:59.0,,,,,,,
31-Jul-22,300912,162980,3,Shipped,50:30.0,,,,,,,
31-Jul-22,311982,82424,3,Rejected,50:43.0,,,,,,,
31-Jul-22,317748,200104,1,Shipped,50:58.0,,,,,,,
31-Jul-22,304041,29608,5,Rejected,51:37.0,,,,,,,
31-Jul-22,318168,151092,5,Shipped,51:56.0,,,,,,,
31-Jul-22,315957,55068,1,Rejected,51:57.0,,,,,,,
31-Jul-22,313119,94284,4,Shipped,52:00.0,,,,,,,
31-Jul-22,298800,213624,11,Rejected,52:51.0,,,,,,,
31-Jul-22,312726,178468,1,Rejected,52:56.0,,,,,,,
31-Jul-22,309462,113580,1,Shipped,53:33.0,,,,,,,
31-Jul-22,300468,38056,1,Shipped,53:34.0,,,,,,,
31-Jul-22,303117,177320,5,Rejected,53:39.0,,,,,,,
31-Jul-22,314541,32668,5,Rejected,54:12.0,,,,,,,
31-Jul-22,315429,216000,1,Shipped,54:12.0,,,,,,,
31-Jul-22,314355,40408,1,Shipped,54:17.0,,,,,,,
31-Jul-22,304803,106360,9,Shipped,54:40.0,,,,,,,
31-Jul-22,302322,21176,1,Shipped,54:45.0,,,,,,,
31-Jul-22,307422,91728,1,Shipped,54:51.0,,,,,,,
31-Jul-22,300057,79652,8,Rejected,55:34.0,,,,,,,
31-Jul-22,304617,61940,3,Shipped,55:49.0,,,,,,,
31-Jul-22,314862,215700,12,Rejected,55:55.0,,,,,,,
31-Jul-22,315843,225012,9,Rejected,56:08.0,,,,,,,
31-Jul-22,300981,71724,1,Rejected,56:15.0,,,,,,,
31-Jul-22,305001,67528,2,Rejected,56:27.0,,,,,,,
31-Jul-22,300060,196484,1,Rejected,57:04.0,,,,,,,
31-Jul-22,317757,210884,3,Rejected,57:06.0,,,,,,,
31-Jul-22,315846,42140,5,Shipped,57:26.0,,,,,,,
31-Jul-22,301341,23616,1,Rejected,57:31.0,,,,,,,
31-Jul-22,309036,70428,4,Rejected,57:43.0,,,,,,,
31-Jul-22,313137,45460,9,Rejected,58:52.0,,,,,,,
31-Jul-22,313395,147624,1,Shipped,58:54.0,,,,,,,
31-Jul-22,310254,118652,9,Rejected,59:38.0,,,,,,,
31-Jul-22,298824,170040,1,Shipped,59:52.0,,,,,,,
31-Jul-22,308913,216028,4,Rejected,59:54.0,,,,,,,
